lesson_id,course_id,grade,band,source_lineage,generator_family,unit_number,day_in_unit,phase,audit_type,work_type,focus,question_count,question_kinds,science_brief_rows,structured_vocabulary_field,worked_example_payload,brief_duplicates_evidence,data_bearing,primary_route_kind,model_data_rows,graph_interpretation_requested,engineering_focus,engineering_language,remediation_route_count,mastery_rule_present,expected_reasoning_present,student_visible_safety,hazard_count,safe_order_steps,stop_condition_count,supervision_level,correctness_authority_present,correctness_adult_only,adult_key_heading_on_learner_sheet,learner_sheet_words,safety_section_words,analysis_section_words,science_payload_hash,model_payload_hash,phase_direction,tutor_structured_fields_present
ma-g3-science-u01-l01,ma-g3-science,3,elementary,g34-committed,g34-k8-elementary,1,1,Launch and diagnostic,concept,STUDENT_WORK_SHEET,careful observations,7,ACTIVATE_PRIOR|COMMUNICATE_REPRESENTATION|CHECK_REVISE|ESSENTIAL_QUESTION|EVIDENCE_QUALITY|LIMITATION|PROVENANCE,3,False,False,True,False,BOUND_REFERENCE_EVIDENCE_TASK,0,False,False,True,6,True,True,True,0,0,8,none,True,True,False,2862,1008,252,dca08d1eeac96be8c4cc7f3b7cf43987394dc3d95d24f5b2a953dba6594b70ed,,"Write an initial explanation, then mark which evidence item would most strongly change it.",0
ma-g3-science-u01-l02,ma-g3-science,3,elementary,g34-committed,g34-k8-elementary,1,2,Concept model A,concept,STUDENT_WORK_SHEET,testable questions,7,MODEL_BUILD|COMMUNICATE_REPRESENTATION|CHECK_REVISE|ESSENTIAL_QUESTION|EVIDENCE_QUALITY|LIMITATION|PROVENANCE,3,False,False,True,False,BOUND_REFERENCE_EVIDENCE_TASK,0,False,False,True,6,True,True,True,0,0,8,none,True,True,False,2851,1008,248,613cf522b81414e6e23929836a7990c2d79960fe0d57a97b5e8d71fcd74551ff,,Build a labelled model that includes every accepted relationship in the science brief and test it against the case claim.,0
ma-g3-science-u01-l03,ma-g3-science,3,elementary,g34-committed,g34-k8-elementary,1,3,Guided practice A,concept,STUDENT_WORK_SHEET,models and drawings,7,GUIDED_PRACTICE|COMMUNICATE_REPRESENTATION|CHECK_REVISE|ESSENTIAL_QUESTION|EVIDENCE_QUALITY|LIMITATION|PROVENANCE,3,False,False,True,False,BOUND_REFERENCE_EVIDENCE_TASK,0,False,False,True,6,True,True,True,0,0,8,none,True,True,False,2870,1008,250,40d9c2f65a71673f495d9bf94957ff928a4198ff4a667879dad70ee96db8608c,,Use E1 with E2 first; then add E3 and revise any conclusion that no longer fits.,0
ma-g3-science-u01-l04,ma-g3-science,3,elementary,g34-committed,g34-k8-elementary,1,4,Independent application A,mastery,STUDENT_WORK_SHEET,fair tests,7,APPLY_INDEPENDENT|COMMUNICATE_REPRESENTATION|CHECK_REVISE|ESSENTIAL_QUESTION|EVIDENCE_QUALITY|LIMITATION|PROVENANCE,4,False,False,True,False,BOUND_REFERENCE_EVIDENCE_TASK,0,False,False,True,6,True,True,True,0,0,8,none,True,True,False,2880,1008,264,8b1df3fc6c4187748b58336cebf01a1a9e0844ee7708e74ceceeda331bf0d6ed,,Evaluate the case claim independently using at least two evidence codes and one stated limitation.,0
ma-g3-science-u01-l05,ma-g3-science,3,elementary,g34-committed,g34-k8-elementary,1,5,Concept model B,concept,STUDENT_WORK_SHEET,measuring and recording data,7,MODEL_BUILD|COMMUNICATE_REPRESENTATION|CHECK_REVISE|ESSENTIAL_QUESTION|EVIDENCE_QUALITY|LIMITATION|PROVENANCE,4,False,False,True,False,BOUND_REFERENCE_EVIDENCE_TASK,0,False,False,True,6,True,True,True,0,0,8,none,True,True,False,2910,1008,262,a62c52988ecbea56fef025e4d3c15927830b0ebf10a15867a221da6e093dcef2,,Build a second representation of the same evidence and identify one feature the first model hid.,0
ma-g3-science-u01-l06,ma-g3-science,3,elementary,g34-committed,g34-k8-elementary,1,6,Guided practice B,concept,STUDENT_WORK_SHEET,criteria and constraints,7,GUIDED_PRACTICE|COMMUNICATE_REPRESENTATION|CHECK_REVISE|ESSENTIAL_QUESTION|EVIDENCE_QUALITY|LIMITATION|PROVENANCE,3,False,False,True,False,BOUND_REFERENCE_EVIDENCE_TASK,0,False,True,True,6,True,True,True,0,0,8,none,True,True,False,2846,1008,250,a6581b71e46108f5af6e1aa8279f7681213cabe921aad78cc3b1f4d063303a87,,"Sort all evidence as supports, challenges, or does not decide, and justify every placement.",0
ma-g3-science-u01-l07,ma-g3-science,3,elementary,g34-committed,g34-k8-elementary,1,7,Investigation or close reading,inquiry/investigation,INVESTIGATION_DATA_SHEET,careful observations,7,ANALYZE_EVIDENCE|COMMUNICATE_REPRESENTATION|CHECK_REVISE|ESSENTIAL_QUESTION|EVIDENCE_QUALITY|LIMITATION|PROVENANCE,3,False,False,True,True,DOCUMENT_INVESTIGATION,0,False,False,True,6,True,True,True,0,0,8,direct-adult,True,True,False,3307,1006,241,dca08d1eeac96be8c4cc7f3b7cf43987394dc3d95d24f5b2a953dba6594b70ed,,Carry out the document investigation in the stated order and record the evidence tally before writing a conclusion.,0
ma-g3-science-u01-l08,ma-g3-science,3,elementary,g34-committed,g34-k8-elementary,1,8,Reteach and varied practice,remediation,STUDENT_WORK_SHEET,testable questions,7,ERROR_ANALYSIS|COMMUNICATE_REPRESENTATION|CHECK_REVISE|ESSENTIAL_QUESTION|EVIDENCE_QUALITY|LIMITATION|PROVENANCE,3,False,False,True,False,BOUND_REFERENCE_EVIDENCE_TASK,0,False,False,True,6,True,True,True,0,0,8,none,True,True,False,2846,1008,244,613cf522b81414e6e23929836a7990c2d79960fe0d57a97b5e8d71fcd74551ff,,"Correct the candidate claim, explain the exact evidence that makes the correction necessary, and create one fresh example.",0
ma-g3-science-u01-l09,ma-g3-science,3,elementary,g34-committed,g34-k8-elementary,1,9,Performance task build,assessment/project,INVESTIGATION_DATA_SHEET,models and drawings,7,BUILD_PRODUCT|COMMUNICATE_REPRESENTATION|CHECK_REVISE|ESSENTIAL_QUESTION|EVIDENCE_QUALITY|LIMITATION|PROVENANCE,3,False,False,True,True,DOCUMENT_INVESTIGATION,0,False,False,True,6,True,True,True,0,0,8,direct-adult,True,True,False,3344,1006,258,40d9c2f65a71673f495d9bf94957ff928a4198ff4a667879dad70ee96db8608c,,Use the supplied record to build a claim-evidence-reasoning product that another reader can check line by line.,0
ma-g3-science-u01-l10,ma-g3-science,3,elementary,g34-committed,g34-k8-elementary,1,10,Synthesis and review,review,STUDENT_WORK_SHEET,fair tests,7,CONNECT_UNIT|COMMUNICATE_REPRESENTATION|CHECK_REVISE|ESSENTIAL_QUESTION|EVIDENCE_QUALITY|LIMITATION|PROVENANCE,4,False,False,True,False,BOUND_REFERENCE_EVIDENCE_TASK,0,False,False,True,6,True,True,True,0,0,8,none,True,True,False,2885,1008,264,8b1df3fc6c4187748b58336cebf01a1a9e0844ee7708e74ceceeda331bf0d6ed,,"Connect at least three evidence items, state the boundary of the conclusion, and answer the unit question.",0
ma-g3-science-u01-l11,ma-g3-science,3,elementary,g34-committed,g34-k8-elementary,1,11,Unit assessment,assessment/project,STUDENT_WORK_SHEET,measuring and recording data,7,DEMONSTRATE_MASTERY|COMMUNICATE_REPRESENTATION|CHECK_REVISE|ESSENTIAL_QUESTION|EVIDENCE_QUALITY|LIMITATION|PROVENANCE,4,False,False,True,False,BOUND_REFERENCE_EVIDENCE_TASK,0,False,False,True,6,True,True,True,0,0,8,none,True,True,False,2919,1008,271,a62c52988ecbea56fef025e4d3c15927830b0ebf10a15867a221da6e093dcef2,,"Without copying the brief, evaluate the candidate claim, interpret the evidence table, and apply the idea to a new example you create.",0
ma-g3-science-u01-l12,ma-g3-science,3,elementary,g34-committed,g34-k8-elementary,1,12,Correction and reflection,remediation,STUDENT_WORK_SHEET,criteria and constraints,7,ERROR_ANALYSIS|COMMUNICATE_REPRESENTATION|CHECK_REVISE|ESSENTIAL_QUESTION|EVIDENCE_QUALITY|LIMITATION|PROVENANCE,3,False,False,True,False,BOUND_REFERENCE_EVIDENCE_TASK,0,False,True,True,6,True,True,True,0,0,8,none,True,True,False,2860,1008,251,a6581b71e46108f5af6e1aa8279f7681213cabe921aad78cc3b1f4d063303a87,,"Locate one weakness in an earlier response, revise it with a named evidence code, and state what the revision fixes.",0
ma-g3-science-u02-l01,ma-g3-science,3,elementary,g34-committed,g34-k8-elementary,2,1,Launch and diagnostic,concept,STUDENT_WORK_SHEET,pushes and pulls,7,ACTIVATE_PRIOR|COMMUNICATE_REPRESENTATION|CHECK_REVISE|ESSENTIAL_QUESTION|EVIDENCE_QUALITY|LIMITATION|PROVENANCE,4,False,False,True,False,BOUND_REFERENCE_EVIDENCE_TASK,0,False,False,False,6,True,True,True,0,0,8,none,True,True,False,2872,1008,259,2f978e5f814c19c53f86b330a2ce9bdffe467bf1fa850a0c326b0d4e3510c552,,"Write an initial explanation, then mark which evidence item would most strongly change it.",0
ma-g3-science-u02-l02,ma-g3-science,3,elementary,g34-committed,g34-k8-elementary,2,2,Concept model A,concept,STUDENT_WORK_SHEET,balanced and unbalanced forces,7,MODEL_BUILD|COMMUNICATE_REPRESENTATION|CHECK_REVISE|ESSENTIAL_QUESTION|EVIDENCE_QUALITY|LIMITATION|PROVENANCE,4,False,False,True,False,BOUND_REFERENCE_EVIDENCE_TASK,0,False,False,False,6,True,True,True,0,0,8,none,True,True,False,2918,1008,262,709fdb7ae416892a85af21e9d1d05a89abae4a68cf944f7c044dd2c374545a11,,Build a labelled model that includes every accepted relationship in the science brief and test it against the case claim.,0
ma-g3-science-u02-l03,ma-g3-science,3,elementary,g34-committed,g34-k8-elementary,2,3,Guided practice A,concept,STUDENT_WORK_SHEET,patterns in motion,7,GUIDED_PRACTICE|COMMUNICATE_REPRESENTATION|CHECK_REVISE|ESSENTIAL_QUESTION|EVIDENCE_QUALITY|LIMITATION|PROVENANCE,3,False,False,True,False,BOUND_REFERENCE_EVIDENCE_TASK,0,False,False,False,6,True,True,True,0,0,8,none,True,True,False,2864,1008,250,9d6ed58566042ab35f84cf751c2f7d6f9efec7835fd7e75c7a6dc6a35f75b3ce,,Use E1 with E2 first; then add E3 and revise any conclusion that no longer fits.,0
ma-g3-science-u02-l04,ma-g3-science,3,elementary,g34-committed,g34-k8-elementary,2,4,Independent application A,mastery,STUDENT_WORK_SHEET,predicting motion,7,APPLY_INDEPENDENT|COMMUNICATE_REPRESENTATION|CHECK_REVISE|ESSENTIAL_QUESTION|EVIDENCE_QUALITY|LIMITATION|PROVENANCE,3,False,False,True,False,BOUND_REFERENCE_EVIDENCE_TASK,0,False,False,False,6,True,True,True,0,0,8,none,True,True,False,2846,1008,256,f00840cdb4048ef8235f76fedb017b52edc13b99af457d000cf534aa3861a33a,,Evaluate the case claim independently using at least two evidence codes and one stated limitation.,0
ma-g3-science-u02-l05,ma-g3-science,3,elementary,g34-committed,g34-k8-elementary,2,5,Concept model B,concept,STUDENT_WORK_SHEET,measuring distance and time,7,MODEL_BUILD|COMMUNICATE_REPRESENTATION|CHECK_REVISE|ESSENTIAL_QUESTION|EVIDENCE_QUALITY|LIMITATION|PROVENANCE,3,False,False,True,False,BOUND_REFERENCE_EVIDENCE_TASK,0,False,False,False,6,True,True,True,0,0,8,none,True,True,False,2899,1008,262,7620fb5f3cd29291921f1bbe2940592698c550a2ab6deece8f6d21e3d1ca3cf9,,Build a second representation of the same evidence and identify one feature the first model hid.,0
ma-g3-science-u02-l06,ma-g3-science,3,elementary,g34-committed,g34-k8-elementary,2,6,Guided practice B,concept,STUDENT_WORK_SHEET,friction and surfaces,7,GUIDED_PRACTICE|COMMUNICATE_REPRESENTATION|CHECK_REVISE|ESSENTIAL_QUESTION|EVIDENCE_QUALITY|LIMITATION|PROVENANCE,4,False,False,True,False,BOUND_REFERENCE_EVIDENCE_TASK,0,False,False,False,6,True,True,True,0,0,8,none,True,True,False,2860,1008,250,72737c89b7be8106654b98d9e48089b575bf0036303d85307f05be892c997508,,"Sort all evidence as supports, challenges, or does not decide, and justify every placement.",0
ma-g3-science-u02-l07,ma-g3-science,3,elementary,g34-committed,g34-k8-elementary,2,7,Investigation or close reading,inquiry/investigation,INVESTIGATION_DATA_SHEET,pushes and pulls,7,ANALYZE_EVIDENCE|COMMUNICATE_REPRESENTATION|CHECK_REVISE|ESSENTIAL_QUESTION|EVIDENCE_QUALITY|LIMITATION|PROVENANCE,4,False,False,True,True,DOCUMENT_INVESTIGATION,0,False,False,False,6,True,True,True,0,0,8,direct-adult,True,True,False,3314,1006,248,2f978e5f814c19c53f86b330a2ce9bdffe467bf1fa850a0c326b0d4e3510c552,,Carry out the document investigation in the stated order and record the evidence tally before writing a conclusion.,0
ma-g3-science-u02-l08,ma-g3-science,3,elementary,g34-committed,g34-k8-elementary,2,8,Reteach and varied practice,remediation,STUDENT_WORK_SHEET,balanced and unbalanced forces,7,ERROR_ANALYSIS|COMMUNICATE_REPRESENTATION|CHECK_REVISE|ESSENTIAL_QUESTION|EVIDENCE_QUALITY|LIMITATION|PROVENANCE,4,False,False,True,False,BOUND_REFERENCE_EVIDENCE_TASK,0,False,False,False,6,True,True,True,0,0,8,none,True,True,False,2913,1008,258,709fdb7ae416892a85af21e9d1d05a89abae4a68cf944f7c044dd2c374545a11,,"Correct the candidate claim, explain the exact evidence that makes the correction necessary, and create one fresh example.",0
ma-g3-science-u02-l09,ma-g3-science,3,elementary,g34-committed,g34-k8-elementary,2,9,Performance task build,assessment/project,INVESTIGATION_DATA_SHEET,patterns in motion,7,BUILD_PRODUCT|COMMUNICATE_REPRESENTATION|CHECK_REVISE|ESSENTIAL_QUESTION|EVIDENCE_QUALITY|LIMITATION|PROVENANCE,3,False,False,True,True,DOCUMENT_INVESTIGATION,0,False,False,False,6,True,True,True,0,0,8,direct-adult,True,True,False,3334,1006,258,9d6ed58566042ab35f84cf751c2f7d6f9efec7835fd7e75c7a6dc6a35f75b3ce,,Use the supplied record to build a claim-evidence-reasoning product that another reader can check line by line.,0
ma-g3-science-u02-l10,ma-g3-science,3,elementary,g34-committed,g34-k8-elementary,2,10,Synthesis and review,review,STUDENT_WORK_SHEET,predicting motion,7,CONNECT_UNIT|COMMUNICATE_REPRESENTATION|CHECK_REVISE|ESSENTIAL_QUESTION|EVIDENCE_QUALITY|LIMITATION|PROVENANCE,3,False,False,True,False,BOUND_REFERENCE_EVIDENCE_TASK,0,False,False,False,6,True,True,True,0,0,8,none,True,True,False,2862,1008,267,f00840cdb4048ef8235f76fedb017b52edc13b99af457d000cf534aa3861a33a,,"Connect at least three evidence items, state the boundary of the conclusion, and answer the unit question.",0
ma-g3-science-u02-l11,ma-g3-science,3,elementary,g34-committed,g34-k8-elementary,2,11,Unit assessment,assessment/project,STUDENT_WORK_SHEET,measuring distance and time,7,DEMONSTRATE_MASTERY|COMMUNICATE_REPRESENTATION|CHECK_REVISE|ESSENTIAL_QUESTION|EVIDENCE_QUALITY|LIMITATION|PROVENANCE,3,False,False,True,False,BOUND_REFERENCE_EVIDENCE_TASK,0,False,False,False,6,True,True,True,0,0,8,none,True,True,False,2908,1008,271,7620fb5f3cd29291921f1bbe2940592698c550a2ab6deece8f6d21e3d1ca3cf9,,"Without copying the brief, evaluate the candidate claim, interpret the evidence table, and apply the idea to a new example you create.",0
ma-g3-science-u02-l12,ma-g3-science,3,elementary,g34-committed,g34-k8-elementary,2,12,Correction and reflection,remediation,STUDENT_WORK_SHEET,friction and surfaces,7,ERROR_ANALYSIS|COMMUNICATE_REPRESENTATION|CHECK_REVISE|ESSENTIAL_QUESTION|EVIDENCE_QUALITY|LIMITATION|PROVENANCE,4,False,False,True,False,BOUND_REFERENCE_EVIDENCE_TASK,0,False,False,False,6,True,True,True,0,0,8,none,True,True,False,2874,1008,251,72737c89b7be8106654b98d9e48089b575bf0036303d85307f05be892c997508,,"Locate one weakness in an earlier response, revise it with a named evidence code, and state what the revision fixes.",0
ma-g3-science-u03-l01,ma-g3-science,3,elementary,g34-committed,g34-k8-elementary,3,1,Launch and diagnostic,concept,STUDENT_WORK_SHEET,magnetic attraction and repulsion,7,ACTIVATE_PRIOR|COMMUNICATE_REPRESENTATION|CHECK_REVISE|ESSENTIAL_QUESTION|EVIDENCE_QUALITY|LIMITATION|PROVENANCE,4,False,False,True,False,BOUND_REFERENCE_EVIDENCE_TASK,0,False,False,False,6,True,True,True,0,0,8,none,True,True,False,2903,1008,266,319c9c2f266d312a2bf5736df70ac785a11bbb41d281155658fd698bac2cee57,,"Write an initial explanation, then mark which evidence item would most strongly change it.",0
ma-g3-science-u03-l02,ma-g3-science,3,elementary,g34-committed,g34-k8-elementary,3,2,Concept model A,concept,STUDENT_WORK_SHEET,magnet poles,7,MODEL_BUILD|COMMUNICATE_REPRESENTATION|CHECK_REVISE|ESSENTIAL_QUESTION|EVIDENCE_QUALITY|LIMITATION|PROVENANCE,4,False,False,True,False,BOUND_REFERENCE_EVIDENCE_TASK,0,False,False,False,6,True,True,True,0,0,8,none,True,True,False,2819,1008,248,ee608244e7506ffc42ac4c23c661014b63072a94b7677665f2aa70ba825fb111,,Build a labelled model that includes every accepted relationship in the science brief and test it against the case claim.,0
ma-g3-science-u03-l03,ma-g3-science,3,elementary,g34-committed,g34-k8-elementary,3,3,Guided practice A,concept,STUDENT_WORK_SHEET,forces without contact,7,GUIDED_PRACTICE|COMMUNICATE_REPRESENTATION|CHECK_REVISE|ESSENTIAL_QUESTION|EVIDENCE_QUALITY|LIMITATION|PROVENANCE,3,False,False,True,False,BOUND_REFERENCE_EVIDENCE_TASK,0,False,False,False,6,True,True,True,0,0,8,none,True,True,False,2816,1008,250,5af01c80ed13a95edbadcc67e2297f63695b2d369e6435d7631d4ae07444d827,,Use E1 with E2 first; then add E3 and revise any conclusion that no longer fits.,0
ma-g3-science-u03-l04,ma-g3-science,3,elementary,g34-committed,g34-k8-elementary,3,4,Independent application A,mastery,STUDENT_WORK_SHEET,static electric interactions,7,APPLY_INDEPENDENT|COMMUNICATE_REPRESENTATION|CHECK_REVISE|ESSENTIAL_QUESTION|EVIDENCE_QUALITY|LIMITATION|PROVENANCE,4,False,False,True,False,BOUND_REFERENCE_EVIDENCE_TASK,0,False,False,False,6,True,True,True,0,0,8,none,True,True,False,2898,1008,272,59abed6ec9d77372483ad1a2e57255680315c00cb72988144a6950d600860683,,Evaluate the case claim independently using at least two evidence codes and one stated limitation.,0
ma-g3-science-u03-l05,ma-g3-science,3,elementary,g34-committed,g34-k8-elementary,3,5,Concept model B,concept,STUDENT_WORK_SHEET,cause and effect,7,MODEL_BUILD|COMMUNICATE_REPRESENTATION|CHECK_REVISE|ESSENTIAL_QUESTION|EVIDENCE_QUALITY|LIMITATION|PROVENANCE,3,False,False,True,False,BOUND_REFERENCE_EVIDENCE_TASK,0,False,False,False,6,True,True,True,0,0,8,none,True,True,False,2849,1008,255,0c4eac2cef0088d8c42f08eaeb0fd4e78a0d1253884211f8d669fbd6697633ff,,Build a second representation of the same evidence and identify one feature the first model hid.,0
ma-g3-science-u03-l06,ma-g3-science,3,elementary,g34-committed,g34-k8-elementary,3,6,Guided practice B,concept,STUDENT_WORK_SHEET,solving a problem with magnets,7,GUIDED_PRACTICE|COMMUNICATE_REPRESENTATION|CHECK_REVISE|ESSENTIAL_QUESTION|EVIDENCE_QUALITY|LIMITATION|PROVENANCE,3,False,False,True,False,BOUND_REFERENCE_EVIDENCE_TASK,0,False,False,False,6,True,True,True,0,0,8,none,True,True,False,2893,1008,264,96321b14c03ec5ecdffac146a56b08c13d1eb2b1890a65eac6edfe32779a4759,,"Sort all evidence as supports, challenges, or does not decide, and justify every placement.",0
ma-g3-science-u03-l07,ma-g3-science,3,elementary,g34-committed,g34-k8-elementary,3,7,Investigation or close reading,inquiry/investigation,INVESTIGATION_DATA_SHEET,magnetic attraction and repulsion,7,ANALYZE_EVIDENCE|COMMUNICATE_REPRESENTATION|CHECK_REVISE|ESSENTIAL_QUESTION|EVIDENCE_QUALITY|LIMITATION|PROVENANCE,4,False,False,True,True,DOCUMENT_INVESTIGATION,0,False,False,False,6,True,True,True,0,0,8,direct-adult,True,True,False,3359,1006,255,319c9c2f266d312a2bf5736df70ac785a11bbb41d281155658fd698bac2cee57,,Carry out the document investigation in the stated order and record the evidence tally before writing a conclusion.,0
ma-g3-science-u03-l08,ma-g3-science,3,elementary,g34-committed,g34-k8-elementary,3,8,Reteach and varied practice,remediation,STUDENT_WORK_SHEET,magnet poles,7,ERROR_ANALYSIS|COMMUNICATE_REPRESENTATION|CHECK_REVISE|ESSENTIAL_QUESTION|EVIDENCE_QUALITY|LIMITATION|PROVENANCE,4,False,False,True,False,BOUND_REFERENCE_EVIDENCE_TASK,0,False,False,False,6,True,True,True,0,0,8,none,True,True,False,2814,1008,244,ee608244e7506ffc42ac4c23c661014b63072a94b7677665f2aa70ba825fb111,,"Correct the candidate claim, explain the exact evidence that makes the correction necessary, and create one fresh example.",0
ma-g3-science-u03-l09,ma-g3-science,3,elementary,g34-committed,g34-k8-elementary,3,9,Performance task build,assessment/project,INVESTIGATION_DATA_SHEET,forces without contact,7,BUILD_PRODUCT|COMMUNICATE_REPRESENTATION|CHECK_REVISE|ESSENTIAL_QUESTION|EVIDENCE_QUALITY|LIMITATION|PROVENANCE,3,False,False,True,True,DOCUMENT_INVESTIGATION,0,False,False,False,6,True,True,True,0,0,8,direct-adult,True,True,False,3262,1006,258,5af01c80ed13a95edbadcc67e2297f63695b2d369e6435d7631d4ae07444d827,,Use the supplied record to build a claim-evidence-reasoning product that another reader can check line by line.,0
ma-g3-science-u03-l10,ma-g3-science,3,elementary,g34-committed,g34-k8-elementary,3,10,Synthesis and review,review,STUDENT_WORK_SHEET,static electric interactions,7,CONNECT_UNIT|COMMUNICATE_REPRESENTATION|CHECK_REVISE|ESSENTIAL_QUESTION|EVIDENCE_QUALITY|LIMITATION|PROVENANCE,4,False,False,True,False,BOUND_REFERENCE_EVIDENCE_TASK,0,False,False,False,6,True,True,True,0,0,8,none,True,True,False,2906,1008,275,59abed6ec9d77372483ad1a2e57255680315c00cb72988144a6950d600860683,,"Connect at least three evidence items, state the boundary of the conclusion, and answer the unit question.",0
ma-g3-science-u03-l11,ma-g3-science,3,elementary,g34-committed,g34-k8-elementary,3,11,Unit assessment,assessment/project,STUDENT_WORK_SHEET,cause and effect,7,DEMONSTRATE_MASTERY|COMMUNICATE_REPRESENTATION|CHECK_REVISE|ESSENTIAL_QUESTION|EVIDENCE_QUALITY|LIMITATION|PROVENANCE,3,False,False,True,False,BOUND_REFERENCE_EVIDENCE_TASK,0,False,False,False,6,True,True,True,0,0,8,none,True,True,False,2858,1008,264,0c4eac2cef0088d8c42f08eaeb0fd4e78a0d1253884211f8d669fbd6697633ff,,"Without copying the brief, evaluate the candidate claim, interpret the evidence table, and apply the idea to a new example you create.",0
ma-g3-science-u03-l12,ma-g3-science,3,elementary,g34-committed,g34-k8-elementary,3,12,Correction and reflection,remediation,STUDENT_WORK_SHEET,solving a problem with magnets,7,ERROR_ANALYSIS|COMMUNICATE_REPRESENTATION|CHECK_REVISE|ESSENTIAL_QUESTION|EVIDENCE_QUALITY|LIMITATION|PROVENANCE,3,False,False,True,False,BOUND_REFERENCE_EVIDENCE_TASK,0,False,False,False,6,True,True,True,0,0,8,none,True,True,False,2907,1008,265,96321b14c03ec5ecdffac146a56b08c13d1eb2b1890a65eac6edfe32779a4759,,"Locate one weakness in an earlier response, revise it with a named evidence code, and state what the revision fixes.",0
ma-g3-science-u04-l01,ma-g3-science,3,elementary,g34-committed,g34-k8-elementary,4,1,Launch and diagnostic,concept,STUDENT_WORK_SHEET,"birth, growth, reproduction, and death",7,ACTIVATE_PRIOR|COMMUNICATE_REPRESENTATION|CHECK_REVISE|ESSENTIAL_QUESTION|EVIDENCE_QUALITY|LIMITATION|PROVENANCE,4,False,False,True,False,BOUND_REFERENCE_EVIDENCE_TASK,0,False,False,False,6,True,True,True,0,0,8,none,True,True,False,2924,1008,273,cc6e7cc686adf2bcbde87d8c3ba9c94db751fcf217076a20f8369b9da73f0ac2,,"Write an initial explanation, then mark which evidence item would most strongly change it.",0
ma-g3-science-u04-l02,ma-g3-science,3,elementary,g34-committed,g34-k8-elementary,4,2,Concept model A,concept,STUDENT_WORK_SHEET,plant life cycles,7,MODEL_BUILD|COMMUNICATE_REPRESENTATION|CHECK_REVISE|ESSENTIAL_QUESTION|EVIDENCE_QUALITY|LIMITATION|PROVENANCE,4,False,False,True,False,BOUND_REFERENCE_EVIDENCE_TASK,0,False,False,False,6,True,True,True,0,0,8,none,True,True,False,2908,1008,255,121dfa5a4075d23580d6c5e87be8a8cf1513ce7d373217141608d860b5a761ce,,Build a labelled model that includes every accepted relationship in the science brief and test it against the case claim.,0
ma-g3-science-u04-l03,ma-g3-science,3,elementary,g34-committed,g34-k8-elementary,4,3,Guided practice A,concept,STUDENT_WORK_SHEET,insect life cycles,7,GUIDED_PRACTICE|COMMUNICATE_REPRESENTATION|CHECK_REVISE|ESSENTIAL_QUESTION|EVIDENCE_QUALITY|LIMITATION|PROVENANCE,4,False,False,True,False,BOUND_REFERENCE_EVIDENCE_TASK,0,False,False,False,6,True,True,True,0,0,8,none,True,True,False,2832,1008,250,5a7f576f484e2e89ca925f6df9055f3fdd2fec333d44d867fa1344db425c9fef,,Use E1 with E2 first; then add E3 and revise any conclusion that no longer fits.,0
ma-g3-science-u04-l04,ma-g3-science,3,elementary,g34-committed,g34-k8-elementary,4,4,Independent application A,mastery,STUDENT_WORK_SHEET,comparing life cycles,7,APPLY_INDEPENDENT|COMMUNICATE_REPRESENTATION|CHECK_REVISE|ESSENTIAL_QUESTION|EVIDENCE_QUALITY|LIMITATION|PROVENANCE,3,False,False,True,False,BOUND_REFERENCE_EVIDENCE_TASK,0,False,False,False,6,True,True,True,0,0,8,none,True,True,False,2869,1008,269,9576491320767a448bbf0626a91e78ffd82b01f2c456f61b5f32bdbf2b3bd0f8,,Evaluate the case claim independently using at least two evidence codes and one stated limitation.,0
ma-g3-science-u04-l05,ma-g3-science,3,elementary,g34-committed,g34-k8-elementary,4,5,Concept model B,concept,STUDENT_WORK_SHEET,modeling a life cycle,7,MODEL_BUILD|COMMUNICATE_REPRESENTATION|CHECK_REVISE|ESSENTIAL_QUESTION|EVIDENCE_QUALITY|LIMITATION|PROVENANCE,3,False,False,True,False,BOUND_REFERENCE_EVIDENCE_TASK,0,False,False,False,6,True,True,True,0,0,8,none,True,True,False,2874,1008,262,fec14dc1d1b7b006872a7af2ed17f80ff9753930c963297f53b95d68596df0c1,,Build a second representation of the same evidence and identify one feature the first model hid.,0
ma-g3-science-u04-l06,ma-g3-science,3,elementary,g34-committed,g34-k8-elementary,4,6,Guided practice B,concept,STUDENT_WORK_SHEET,diverse but shared patterns,7,GUIDED_PRACTICE|COMMUNICATE_REPRESENTATION|CHECK_REVISE|ESSENTIAL_QUESTION|EVIDENCE_QUALITY|LIMITATION|PROVENANCE,3,False,False,True,False,BOUND_REFERENCE_EVIDENCE_TASK,0,False,False,False,6,True,True,True,0,0,8,none,True,True,False,2867,1008,257,6b2e0613ce522bf6b965066abfe1c3c79b90075c557b12b0a7cafe8ce1e2abdd,,"Sort all evidence as supports, challenges, or does not decide, and justify every placement.",0
ma-g3-science-u04-l07,ma-g3-science,3,elementary,g34-committed,g34-k8-elementary,4,7,Investigation or close reading,inquiry/investigation,INVESTIGATION_DATA_SHEET,"birth, growth, reproduction, and death",7,ANALYZE_EVIDENCE|COMMUNICATE_REPRESENTATION|CHECK_REVISE|ESSENTIAL_QUESTION|EVIDENCE_QUALITY|LIMITATION|PROVENANCE,4,False,False,True,True,DOCUMENT_INVESTIGATION,0,False,False,False,6,True,True,True,0,0,8,direct-adult,True,True,False,3383,1006,262,cc6e7cc686adf2bcbde87d8c3ba9c94db751fcf217076a20f8369b9da73f0ac2,,Carry out the document investigation in the stated order and record the evidence tally before writing a conclusion.,0
ma-g3-science-u04-l08,ma-g3-science,3,elementary,g34-committed,g34-k8-elementary,4,8,Reteach and varied practice,remediation,STUDENT_WORK_SHEET,plant life cycles,7,ERROR_ANALYSIS|COMMUNICATE_REPRESENTATION|CHECK_REVISE|ESSENTIAL_QUESTION|EVIDENCE_QUALITY|LIMITATION|PROVENANCE,4,False,False,True,False,BOUND_REFERENCE_EVIDENCE_TASK,0,False,False,False,6,True,True,True,0,0,8,none,True,True,False,2903,1008,251,121dfa5a4075d23580d6c5e87be8a8cf1513ce7d373217141608d860b5a761ce,,"Correct the candidate claim, explain the exact evidence that makes the correction necessary, and create one fresh example.",0
ma-g3-science-u04-l09,ma-g3-science,3,elementary,g34-committed,g34-k8-elementary,4,9,Performance task build,assessment/project,INVESTIGATION_DATA_SHEET,insect life cycles,7,BUILD_PRODUCT|COMMUNICATE_REPRESENTATION|CHECK_REVISE|ESSENTIAL_QUESTION|EVIDENCE_QUALITY|LIMITATION|PROVENANCE,4,False,False,True,True,DOCUMENT_INVESTIGATION,0,False,False,False,6,True,True,True,0,0,8,direct-adult,True,True,False,3286,1006,258,5a7f576f484e2e89ca925f6df9055f3fdd2fec333d44d867fa1344db425c9fef,,Use the supplied record to build a claim-evidence-reasoning product that another reader can check line by line.,0
ma-g3-science-u04-l10,ma-g3-science,3,elementary,g34-committed,g34-k8-elementary,4,10,Synthesis and review,review,STUDENT_WORK_SHEET,comparing life cycles,7,CONNECT_UNIT|COMMUNICATE_REPRESENTATION|CHECK_REVISE|ESSENTIAL_QUESTION|EVIDENCE_QUALITY|LIMITATION|PROVENANCE,3,False,False,True,False,BOUND_REFERENCE_EVIDENCE_TASK,0,False,False,False,6,True,True,True,0,0,8,none,True,True,False,2882,1008,277,9576491320767a448bbf0626a91e78ffd82b01f2c456f61b5f32bdbf2b3bd0f8,,"Connect at least three evidence items, state the boundary of the conclusion, and answer the unit question.",0
ma-g3-science-u04-l11,ma-g3-science,3,elementary,g34-committed,g34-k8-elementary,4,11,Unit assessment,assessment/project,STUDENT_WORK_SHEET,modeling a life cycle,7,DEMONSTRATE_MASTERY|COMMUNICATE_REPRESENTATION|CHECK_REVISE|ESSENTIAL_QUESTION|EVIDENCE_QUALITY|LIMITATION|PROVENANCE,3,False,False,True,False,BOUND_REFERENCE_EVIDENCE_TASK,0,False,False,False,6,True,True,True,0,0,8,none,True,True,False,2883,1008,271,fec14dc1d1b7b006872a7af2ed17f80ff9753930c963297f53b95d68596df0c1,,"Without copying the brief, evaluate the candidate claim, interpret the evidence table, and apply the idea to a new example you create.",0
ma-g3-science-u04-l12,ma-g3-science,3,elementary,g34-committed,g34-k8-elementary,4,12,Correction and reflection,remediation,STUDENT_WORK_SHEET,diverse but shared patterns,7,ERROR_ANALYSIS|COMMUNICATE_REPRESENTATION|CHECK_REVISE|ESSENTIAL_QUESTION|EVIDENCE_QUALITY|LIMITATION|PROVENANCE,3,False,False,True,False,BOUND_REFERENCE_EVIDENCE_TASK,0,False,False,False,6,True,True,True,0,0,8,none,True,True,False,2881,1008,258,6b2e0613ce522bf6b965066abfe1c3c79b90075c557b12b0a7cafe8ce1e2abdd,,"Locate one weakness in an earlier response, revise it with a named evidence code, and state what the revision fixes.",0
ma-g3-science-u05-l01,ma-g3-science,3,elementary,g34-committed,g34-k8-elementary,5,1,Launch and diagnostic,concept,STUDENT_WORK_SHEET,inherited traits,7,ACTIVATE_PRIOR|COMMUNICATE_REPRESENTATION|CHECK_REVISE|ESSENTIAL_QUESTION|EVIDENCE_QUALITY|LIMITATION|PROVENANCE,3,False,False,True,False,BOUND_REFERENCE_EVIDENCE_TASK,0,False,False,False,6,True,True,True,0,0,8,none,True,True,False,2817,1008,252,103f930ad3cd6f08ee73d25f5139048c4560ecdfb7dc65a69c3d654ffbde483d,,"Write an initial explanation, then mark which evidence item would most strongly change it.",0
ma-g3-science-u05-l02,ma-g3-science,3,elementary,g34-committed,g34-k8-elementary,5,2,Concept model A,concept,STUDENT_WORK_SHEET,variation within a group,7,MODEL_BUILD|COMMUNICATE_REPRESENTATION|CHECK_REVISE|ESSENTIAL_QUESTION|EVIDENCE_QUALITY|LIMITATION|PROVENANCE,3,False,False,True,False,BOUND_REFERENCE_EVIDENCE_TASK,0,False,False,False,6,True,True,True,0,0,8,none,True,True,False,2860,1008,262,e21fc275d24bfdecb0597400cf56526e0d224136abe4c3d291f1530f05a8494a,,Build a labelled model that includes every accepted relationship in the science brief and test it against the case claim.,0
ma-g3-science-u05-l03,ma-g3-science,3,elementary,g34-committed,g34-k8-elementary,5,3,Guided practice A,concept,STUDENT_WORK_SHEET,comparing parents and offspring,7,GUIDED_PRACTICE|COMMUNICATE_REPRESENTATION|CHECK_REVISE|ESSENTIAL_QUESTION|EVIDENCE_QUALITY|LIMITATION|PROVENANCE,3,False,False,True,False,BOUND_REFERENCE_EVIDENCE_TASK,0,False,False,False,6,True,True,True,0,0,8,none,True,True,False,2859,1008,257,444d880feba00c58820e273ac682752fa69688083d2725dd5e9724f04932e38d,,Use E1 with E2 first; then add E3 and revise any conclusion that no longer fits.,0
ma-g3-science-u05-l04,ma-g3-science,3,elementary,g34-committed,g34-k8-elementary,5,4,Independent application A,mastery,STUDENT_WORK_SHEET,traits influenced by environment,7,APPLY_INDEPENDENT|COMMUNICATE_REPRESENTATION|CHECK_REVISE|ESSENTIAL_QUESTION|EVIDENCE_QUALITY|LIMITATION|PROVENANCE,3,False,False,True,False,BOUND_REFERENCE_EVIDENCE_TASK,0,False,False,False,6,True,True,True,0,0,8,none,True,True,False,2864,1008,270,a69759f0f069ed8494c88e7d6f9076c9fe2007fce30d39611d433c32c886dafb,,Evaluate the case claim independently using at least two evidence codes and one stated limitation.,0
ma-g3-science-u05-l05,ma-g3-science,3,elementary,g34-committed,g34-k8-elementary,5,5,Concept model B,concept,STUDENT_WORK_SHEET,reading trait data,7,MODEL_BUILD|COMMUNICATE_REPRESENTATION|CHECK_REVISE|ESSENTIAL_QUESTION|EVIDENCE_QUALITY|LIMITATION|PROVENANCE,3,False,False,True,False,BOUND_REFERENCE_EVIDENCE_TASK,0,False,False,False,6,True,True,True,0,0,8,none,True,True,False,2870,1008,255,9f6c738e26411520dcfaeb8c2acb3d3638bfdb1c3303d5290491cfd5d87eb48f,,Build a second representation of the same evidence and identify one feature the first model hid.,0
ma-g3-science-u05-l06,ma-g3-science,3,elementary,g34-committed,g34-k8-elementary,5,6,Guided practice B,concept,STUDENT_WORK_SHEET,evidence from observation,7,GUIDED_PRACTICE|COMMUNICATE_REPRESENTATION|CHECK_REVISE|ESSENTIAL_QUESTION|EVIDENCE_QUALITY|LIMITATION|PROVENANCE,3,False,False,True,False,BOUND_REFERENCE_EVIDENCE_TASK,0,False,False,False,6,True,True,True,0,0,8,none,True,True,False,2847,1008,250,37f40eb157bce3b6edb670be3d134f98d0b16d85b0f4163defccb1b4d1aeef86,,"Sort all evidence as supports, challenges, or does not decide, and justify every placement.",0
ma-g3-science-u05-l07,ma-g3-science,3,elementary,g34-committed,g34-k8-elementary,5,7,Investigation or close reading,inquiry/investigation,INVESTIGATION_DATA_SHEET,inherited traits,7,ANALYZE_EVIDENCE|COMMUNICATE_REPRESENTATION|CHECK_REVISE|ESSENTIAL_QUESTION|EVIDENCE_QUALITY|LIMITATION|PROVENANCE,3,False,False,True,True,DOCUMENT_INVESTIGATION,0,False,False,False,6,True,True,True,0,0,8,direct-adult,True,True,False,3240,1006,241,103f930ad3cd6f08ee73d25f5139048c4560ecdfb7dc65a69c3d654ffbde483d,,Carry out the document investigation in the stated order and record the evidence tally before writing a conclusion.,0
ma-g3-science-u05-l08,ma-g3-science,3,elementary,g34-committed,g34-k8-elementary,5,8,Reteach and varied practice,remediation,STUDENT_WORK_SHEET,variation within a group,7,ERROR_ANALYSIS|COMMUNICATE_REPRESENTATION|CHECK_REVISE|ESSENTIAL_QUESTION|EVIDENCE_QUALITY|LIMITATION|PROVENANCE,3,False,False,True,False,BOUND_REFERENCE_EVIDENCE_TASK,0,False,False,False,6,True,True,True,0,0,8,none,True,True,False,2855,1008,258,e21fc275d24bfdecb0597400cf56526e0d224136abe4c3d291f1530f05a8494a,,"Correct the candidate claim, explain the exact evidence that makes the correction necessary, and create one fresh example.",0
ma-g3-science-u05-l09,ma-g3-science,3,elementary,g34-committed,g34-k8-elementary,5,9,Performance task build,assessment/project,INVESTIGATION_DATA_SHEET,comparing parents and offspring,7,BUILD_PRODUCT|COMMUNICATE_REPRESENTATION|CHECK_REVISE|ESSENTIAL_QUESTION|EVIDENCE_QUALITY|LIMITATION|PROVENANCE,3,False,False,True,True,DOCUMENT_INVESTIGATION,0,False,False,False,6,True,True,True,0,0,8,direct-adult,True,True,False,3318,1006,265,444d880feba00c58820e273ac682752fa69688083d2725dd5e9724f04932e38d,,Use the supplied record to build a claim-evidence-reasoning product that another reader can check line by line.,0
ma-g3-science-u05-l10,ma-g3-science,3,elementary,g34-committed,g34-k8-elementary,5,10,Synthesis and review,review,STUDENT_WORK_SHEET,traits influenced by environment,7,CONNECT_UNIT|COMMUNICATE_REPRESENTATION|CHECK_REVISE|ESSENTIAL_QUESTION|EVIDENCE_QUALITY|LIMITATION|PROVENANCE,3,False,False,True,False,BOUND_REFERENCE_EVIDENCE_TASK,0,False,False,False,6,True,True,True,0,0,8,none,True,True,False,2881,1008,282,a69759f0f069ed8494c88e7d6f9076c9fe2007fce30d39611d433c32c886dafb,,"Connect at least three evidence items, state the boundary of the conclusion, and answer the unit question.",0
ma-g3-science-u05-l11,ma-g3-science,3,elementary,g34-committed,g34-k8-elementary,5,11,Unit assessment,assessment/project,STUDENT_WORK_SHEET,reading trait data,7,DEMONSTRATE_MASTERY|COMMUNICATE_REPRESENTATION|CHECK_REVISE|ESSENTIAL_QUESTION|EVIDENCE_QUALITY|LIMITATION|PROVENANCE,3,False,False,True,False,BOUND_REFERENCE_EVIDENCE_TASK,0,False,False,False,6,True,True,True,0,0,8,none,True,True,False,2879,1008,264,9f6c738e26411520dcfaeb8c2acb3d3638bfdb1c3303d5290491cfd5d87eb48f,,"Without copying the brief, evaluate the candidate claim, interpret the evidence table, and apply the idea to a new example you create.",0
ma-g3-science-u05-l12,ma-g3-science,3,elementary,g34-committed,g34-k8-elementary,5,12,Correction and reflection,remediation,STUDENT_WORK_SHEET,evidence from observation,7,ERROR_ANALYSIS|COMMUNICATE_REPRESENTATION|CHECK_REVISE|ESSENTIAL_QUESTION|EVIDENCE_QUALITY|LIMITATION|PROVENANCE,3,False,False,True,False,BOUND_REFERENCE_EVIDENCE_TASK,0,False,False,False,6,True,True,True,0,0,8,none,True,True,False,2861,1008,251,37f40eb157bce3b6edb670be3d134f98d0b16d85b0f4163defccb1b4d1aeef86,,"Locate one weakness in an earlier response, revise it with a named evidence code, and state what the revision fixes.",0
ma-g3-science-u06-l01,ma-g3-science,3,elementary,g34-committed,g34-k8-elementary,6,1,Launch and diagnostic,concept,STUDENT_WORK_SHEET,animal groups,7,ACTIVATE_PRIOR|COMMUNICATE_REPRESENTATION|CHECK_REVISE|ESSENTIAL_QUESTION|EVIDENCE_QUALITY|LIMITATION|PROVENANCE,3,False,False,True,False,BOUND_REFERENCE_EVIDENCE_TASK,0,False,False,False,6,True,True,True,0,0,8,none,True,True,False,2848,1008,252,52177d2a81c0a8ab46fa4d38fc27050a4f46097d655991c6cacd548ce094bdd2,,"Write an initial explanation, then mark which evidence item would most strongly change it.",0
ma-g3-science-u06-l02,ma-g3-science,3,elementary,g34-committed,g34-k8-elementary,6,2,Concept model A,concept,STUDENT_WORK_SHEET,benefits of living in groups,7,MODEL_BUILD|COMMUNICATE_REPRESENTATION|CHECK_REVISE|ESSENTIAL_QUESTION|EVIDENCE_QUALITY|LIMITATION|PROVENANCE,3,False,False,True,False,BOUND_REFERENCE_EVIDENCE_TASK,0,False,False,False,6,True,True,True,0,0,8,none,True,True,False,2909,1008,269,05b187bd784d69ebdd2ba1c5ba3884dc3d2e16a131b347602e548cebd45ee93f,,Build a labelled model that includes every accepted relationship in the science brief and test it against the case claim.,0
ma-g3-science-u06-l03,ma-g3-science,3,elementary,g34-committed,g34-k8-elementary,6,3,Guided practice A,concept,STUDENT_WORK_SHEET,habitat needs,7,GUIDED_PRACTICE|COMMUNICATE_REPRESENTATION|CHECK_REVISE|ESSENTIAL_QUESTION|EVIDENCE_QUALITY|LIMITATION|PROVENANCE,3,False,False,True,False,BOUND_REFERENCE_EVIDENCE_TASK,0,False,False,False,6,True,True,True,0,0,8,none,True,True,False,2830,1008,243,f7751047887314cb198ecc03099304aa8d4c9e1eea24b30882e73832e6a7b097,,Use E1 with E2 first; then add E3 and revise any conclusion that no longer fits.,0
ma-g3-science-u06-l04,ma-g3-science,3,elementary,g34-committed,g34-k8-elementary,6,4,Independent application A,mastery,STUDENT_WORK_SHEET,surviving well or less well,7,APPLY_INDEPENDENT|COMMUNICATE_REPRESENTATION|CHECK_REVISE|ESSENTIAL_QUESTION|EVIDENCE_QUALITY|LIMITATION|PROVENANCE,3,False,False,True,False,BOUND_REFERENCE_EVIDENCE_TASK,0,False,False,False,6,True,True,True,0,0,8,none,True,True,False,2916,1008,282,f9b82ed1de9f0c82725f80a7643bc592ac7c24e7e6a74b77a214282c8f8f58b9,,Evaluate the case claim independently using at least two evidence codes and one stated limitation.,0
ma-g3-science-u06-l05,ma-g3-science,3,elementary,g34-committed,g34-k8-elementary,6,5,Concept model B,concept,STUDENT_WORK_SHEET,constructing an argument,7,MODEL_BUILD|COMMUNICATE_REPRESENTATION|CHECK_REVISE|ESSENTIAL_QUESTION|EVIDENCE_QUALITY|LIMITATION|PROVENANCE,3,False,False,True,False,BOUND_REFERENCE_EVIDENCE_TASK,0,False,False,False,6,True,True,True,0,0,8,none,True,True,False,2882,1008,255,25d6a9c5ecc03eca73205797b10cb497411a4fc2481aef36bf769a5d897a2829,,Build a second representation of the same evidence and identify one feature the first model hid.,0
ma-g3-science-u06-l06,ma-g3-science,3,elementary,g34-committed,g34-k8-elementary,6,6,Guided practice B,concept,STUDENT_WORK_SHEET,evidence for a survival claim,7,GUIDED_PRACTICE|COMMUNICATE_REPRESENTATION|CHECK_REVISE|ESSENTIAL_QUESTION|EVIDENCE_QUALITY|LIMITATION|PROVENANCE,3,False,False,True,False,BOUND_REFERENCE_EVIDENCE_TASK,0,False,False,False,6,True,True,True,0,0,8,none,True,True,False,2900,1008,264,7ce3109f42462821006e7cc3a5e66d6a938bc66940f5d47a916168d47a563394,,"Sort all evidence as supports, challenges, or does not decide, and justify every placement.",0
ma-g3-science-u06-l07,ma-g3-science,3,elementary,g34-committed,g34-k8-elementary,6,7,Investigation or close reading,inquiry/investigation,INVESTIGATION_DATA_SHEET,animal groups,7,ANALYZE_EVIDENCE|COMMUNICATE_REPRESENTATION|CHECK_REVISE|ESSENTIAL_QUESTION|EVIDENCE_QUALITY|LIMITATION|PROVENANCE,3,False,False,True,True,DOCUMENT_INVESTIGATION,0,False,False,False,6,True,True,True,0,0,8,direct-adult,True,True,False,3280,1006,241,52177d2a81c0a8ab46fa4d38fc27050a4f46097d655991c6cacd548ce094bdd2,,Carry out the document investigation in the stated order and record the evidence tally before writing a conclusion.,0
ma-g3-science-u06-l08,ma-g3-science,3,elementary,g34-committed,g34-k8-elementary,6,8,Reteach and varied practice,remediation,STUDENT_WORK_SHEET,benefits of living in groups,7,ERROR_ANALYSIS|COMMUNICATE_REPRESENTATION|CHECK_REVISE|ESSENTIAL_QUESTION|EVIDENCE_QUALITY|LIMITATION|PROVENANCE,3,False,False,True,False,BOUND_REFERENCE_EVIDENCE_TASK,0,False,False,False,6,True,True,True,0,0,8,none,True,True,False,2904,1008,265,05b187bd784d69ebdd2ba1c5ba3884dc3d2e16a131b347602e548cebd45ee93f,,"Correct the candidate claim, explain the exact evidence that makes the correction necessary, and create one fresh example.",0
ma-g3-science-u06-l09,ma-g3-science,3,elementary,g34-committed,g34-k8-elementary,6,9,Performance task build,assessment/project,INVESTIGATION_DATA_SHEET,habitat needs,7,BUILD_PRODUCT|COMMUNICATE_REPRESENTATION|CHECK_REVISE|ESSENTIAL_QUESTION|EVIDENCE_QUALITY|LIMITATION|PROVENANCE,3,False,False,True,True,DOCUMENT_INVESTIGATION,0,False,False,False,6,True,True,True,0,0,8,direct-adult,True,True,False,3283,1006,251,f7751047887314cb198ecc03099304aa8d4c9e1eea24b30882e73832e6a7b097,,Use the supplied record to build a claim-evidence-reasoning product that another reader can check line by line.,0
ma-g3-science-u06-l10,ma-g3-science,3,elementary,g34-committed,g34-k8-elementary,6,10,Synthesis and review,review,STUDENT_WORK_SHEET,surviving well or less well,7,CONNECT_UNIT|COMMUNICATE_REPRESENTATION|CHECK_REVISE|ESSENTIAL_QUESTION|EVIDENCE_QUALITY|LIMITATION|PROVENANCE,3,False,False,True,False,BOUND_REFERENCE_EVIDENCE_TASK,0,False,False,False,6,True,True,True,0,0,8,none,True,True,False,2930,1008,291,f9b82ed1de9f0c82725f80a7643bc592ac7c24e7e6a74b77a214282c8f8f58b9,,"Connect at least three evidence items, state the boundary of the conclusion, and answer the unit question.",0
ma-g3-science-u06-l11,ma-g3-science,3,elementary,g34-committed,g34-k8-elementary,6,11,Unit assessment,assessment/project,STUDENT_WORK_SHEET,constructing an argument,7,DEMONSTRATE_MASTERY|COMMUNICATE_REPRESENTATION|CHECK_REVISE|ESSENTIAL_QUESTION|EVIDENCE_QUALITY|LIMITATION|PROVENANCE,3,False,False,True,False,BOUND_REFERENCE_EVIDENCE_TASK,0,False,False,False,6,True,True,True,0,0,8,none,True,True,False,2891,1008,264,25d6a9c5ecc03eca73205797b10cb497411a4fc2481aef36bf769a5d897a2829,,"Without copying the brief, evaluate the candidate claim, interpret the evidence table, and apply the idea to a new example you create.",0
ma-g3-science-u06-l12,ma-g3-science,3,elementary,g34-committed,g34-k8-elementary,6,12,Correction and reflection,remediation,STUDENT_WORK_SHEET,evidence for a survival claim,7,ERROR_ANALYSIS|COMMUNICATE_REPRESENTATION|CHECK_REVISE|ESSENTIAL_QUESTION|EVIDENCE_QUALITY|LIMITATION|PROVENANCE,3,False,False,True,False,BOUND_REFERENCE_EVIDENCE_TASK,0,False,False,False,6,True,True,True,0,0,8,none,True,True,False,2914,1008,265,7ce3109f42462821006e7cc3a5e66d6a938bc66940f5d47a916168d47a563394,,"Locate one weakness in an earlier response, revise it with a named evidence code, and state what the revision fixes.",0
ma-g3-science-u07-l01,ma-g3-science,3,elementary,g34-committed,g34-k8-elementary,7,1,Launch and diagnostic,concept,STUDENT_WORK_SHEET,what fossils are,7,ACTIVATE_PRIOR|COMMUNICATE_REPRESENTATION|CHECK_REVISE|ESSENTIAL_QUESTION|EVIDENCE_QUALITY|LIMITATION|PROVENANCE,4,False,False,True,False,BOUND_REFERENCE_EVIDENCE_TASK,0,False,False,False,6,True,True,True,0,0,8,none,True,True,False,2908,1008,259,9eaf73ea7f09728f89a070401fa6ff65a8fff0c4b764da1b459d1c5f62009845,,"Write an initial explanation, then mark which evidence item would most strongly change it.",0
ma-g3-science-u07-l02,ma-g3-science,3,elementary,g34-committed,g34-k8-elementary,7,2,Concept model A,concept,STUDENT_WORK_SHEET,reading rock layers,7,MODEL_BUILD|COMMUNICATE_REPRESENTATION|CHECK_REVISE|ESSENTIAL_QUESTION|EVIDENCE_QUALITY|LIMITATION|PROVENANCE,4,False,False,True,False,BOUND_REFERENCE_EVIDENCE_TASK,0,False,False,False,6,True,True,True,0,0,8,none,True,True,False,2893,1008,255,e87772d85141d97d74125ff6da606322a82882013923965e32b70318ec0aa981,,Build a labelled model that includes every accepted relationship in the science brief and test it against the case claim.,0
ma-g3-science-u07-l03,ma-g3-science,3,elementary,g34-committed,g34-k8-elementary,7,3,Guided practice A,concept,STUDENT_WORK_SHEET,fossil evidence,7,GUIDED_PRACTICE|COMMUNICATE_REPRESENTATION|CHECK_REVISE|ESSENTIAL_QUESTION|EVIDENCE_QUALITY|LIMITATION|PROVENANCE,3,False,False,True,False,BOUND_REFERENCE_EVIDENCE_TASK,0,False,False,False,6,True,True,True,0,0,8,none,True,True,False,2832,1008,243,1439fbe9f5b255a10336268526f46ee93cf8cb8a87b2d0f7e917e090c2afc28b,,Use E1 with E2 first; then add E3 and revise any conclusion that no longer fits.,0
ma-g3-science-u07-l04,ma-g3-science,3,elementary,g34-committed,g34-k8-elementary,7,4,Independent application A,mastery,STUDENT_WORK_SHEET,environments long ago,7,APPLY_INDEPENDENT|COMMUNICATE_REPRESENTATION|CHECK_REVISE|ESSENTIAL_QUESTION|EVIDENCE_QUALITY|LIMITATION|PROVENANCE,4,False,False,True,False,BOUND_REFERENCE_EVIDENCE_TASK,0,False,False,False,6,True,True,True,0,0,8,none,True,True,False,2899,1008,270,1e72b21bd73d47f8f848a3921b79c48a10746d630fc036b3c414079296618e82,,Evaluate the case claim independently using at least two evidence codes and one stated limitation.,0
ma-g3-science-u07-l05,ma-g3-science,3,elementary,g34-committed,g34-k8-elementary,7,5,Concept model B,concept,STUDENT_WORK_SHEET,comparing past and present,7,MODEL_BUILD|COMMUNICATE_REPRESENTATION|CHECK_REVISE|ESSENTIAL_QUESTION|EVIDENCE_QUALITY|LIMITATION|PROVENANCE,4,False,False,True,False,BOUND_REFERENCE_EVIDENCE_TASK,0,False,False,False,6,True,True,True,0,0,8,none,True,True,False,2878,1008,262,952598dfd2c474071be1ea234e0d4b84dd2ba06ca1a9926330bd079c586d1539,,Build a second representation of the same evidence and identify one feature the first model hid.,0
ma-g3-science-u07-l06,ma-g3-science,3,elementary,g34-committed,g34-k8-elementary,7,6,Guided practice B,concept,STUDENT_WORK_SHEET,variation and advantage,7,GUIDED_PRACTICE|COMMUNICATE_REPRESENTATION|CHECK_REVISE|ESSENTIAL_QUESTION|EVIDENCE_QUALITY|LIMITATION|PROVENANCE,3,False,False,True,False,BOUND_REFERENCE_EVIDENCE_TASK,0,False,False,False,6,True,True,True,0,0,8,none,True,True,False,2832,1008,250,9889731078c2092a97e18f91cb5732e8e8ae74d115e673691abcc05cd6bd11b5,,"Sort all evidence as supports, challenges, or does not decide, and justify every placement.",0
ma-g3-science-u07-l07,ma-g3-science,3,elementary,g34-committed,g34-k8-elementary,7,7,Investigation or close reading,inquiry/investigation,INVESTIGATION_DATA_SHEET,what fossils are,7,ANALYZE_EVIDENCE|COMMUNICATE_REPRESENTATION|CHECK_REVISE|ESSENTIAL_QUESTION|EVIDENCE_QUALITY|LIMITATION|PROVENANCE,4,False,False,True,True,DOCUMENT_INVESTIGATION,0,False,False,False,6,True,True,True,0,0,8,direct-adult,True,True,False,3373,1006,248,9eaf73ea7f09728f89a070401fa6ff65a8fff0c4b764da1b459d1c5f62009845,,Carry out the document investigation in the stated order and record the evidence tally before writing a conclusion.,0
ma-g3-science-u07-l08,ma-g3-science,3,elementary,g34-committed,g34-k8-elementary,7,8,Reteach and varied practice,remediation,STUDENT_WORK_SHEET,reading rock layers,7,ERROR_ANALYSIS|COMMUNICATE_REPRESENTATION|CHECK_REVISE|ESSENTIAL_QUESTION|EVIDENCE_QUALITY|LIMITATION|PROVENANCE,4,False,False,True,False,BOUND_REFERENCE_EVIDENCE_TASK,0,False,False,False,6,True,True,True,0,0,8,none,True,True,False,2888,1008,251,e87772d85141d97d74125ff6da606322a82882013923965e32b70318ec0aa981,,"Correct the candidate claim, explain the exact evidence that makes the correction necessary, and create one fresh example.",0
ma-g3-science-u07-l09,ma-g3-science,3,elementary,g34-committed,g34-k8-elementary,7,9,Performance task build,assessment/project,INVESTIGATION_DATA_SHEET,fossil evidence,7,BUILD_PRODUCT|COMMUNICATE_REPRESENTATION|CHECK_REVISE|ESSENTIAL_QUESTION|EVIDENCE_QUALITY|LIMITATION|PROVENANCE,3,False,False,True,True,DOCUMENT_INVESTIGATION,0,False,False,False,6,True,True,True,0,0,8,direct-adult,True,True,False,3291,1006,251,1439fbe9f5b255a10336268526f46ee93cf8cb8a87b2d0f7e917e090c2afc28b,,Use the supplied record to build a claim-evidence-reasoning product that another reader can check line by line.,0
ma-g3-science-u07-l10,ma-g3-science,3,elementary,g34-committed,g34-k8-elementary,7,10,Synthesis and review,review,STUDENT_WORK_SHEET,environments long ago,7,CONNECT_UNIT|COMMUNICATE_REPRESENTATION|CHECK_REVISE|ESSENTIAL_QUESTION|EVIDENCE_QUALITY|LIMITATION|PROVENANCE,4,False,False,True,False,BOUND_REFERENCE_EVIDENCE_TASK,0,False,False,False,6,True,True,True,0,0,8,none,True,True,False,2907,1008,273,1e72b21bd73d47f8f848a3921b79c48a10746d630fc036b3c414079296618e82,,"Connect at least three evidence items, state the boundary of the conclusion, and answer the unit question.",0
ma-g3-science-u07-l11,ma-g3-science,3,elementary,g34-committed,g34-k8-elementary,7,11,Unit assessment,assessment/project,STUDENT_WORK_SHEET,comparing past and present,7,DEMONSTRATE_MASTERY|COMMUNICATE_REPRESENTATION|CHECK_REVISE|ESSENTIAL_QUESTION|EVIDENCE_QUALITY|LIMITATION|PROVENANCE,4,False,False,True,False,BOUND_REFERENCE_EVIDENCE_TASK,0,False,False,False,6,True,True,True,0,0,8,none,True,True,False,2887,1008,271,952598dfd2c474071be1ea234e0d4b84dd2ba06ca1a9926330bd079c586d1539,,"Without copying the brief, evaluate the candidate claim, interpret the evidence table, and apply the idea to a new example you create.",0
ma-g3-science-u07-l12,ma-g3-science,3,elementary,g34-committed,g34-k8-elementary,7,12,Correction and reflection,remediation,STUDENT_WORK_SHEET,variation and advantage,7,ERROR_ANALYSIS|COMMUNICATE_REPRESENTATION|CHECK_REVISE|ESSENTIAL_QUESTION|EVIDENCE_QUALITY|LIMITATION|PROVENANCE,3,False,False,True,False,BOUND_REFERENCE_EVIDENCE_TASK,0,False,False,False,6,True,True,True,0,0,8,none,True,True,False,2846,1008,251,9889731078c2092a97e18f91cb5732e8e8ae74d115e673691abcc05cd6bd11b5,,"Locate one weakness in an earlier response, revise it with a named evidence code, and state what the revision fixes.",0
ma-g3-science-u08-l01,ma-g3-science,3,elementary,g34-committed,g34-k8-elementary,8,1,Launch and diagnostic,concept,STUDENT_WORK_SHEET,daily weather data,7,ACTIVATE_PRIOR|COMMUNICATE_REPRESENTATION|CHECK_REVISE|ESSENTIAL_QUESTION|EVIDENCE_QUALITY|LIMITATION|PROVENANCE,3,False,False,True,False,BOUND_REFERENCE_EVIDENCE_TASK,0,False,False,False,6,True,True,True,0,0,8,none,True,True,False,2853,1008,259,22e8ea9f150f40fabee2727f985b64d7104e93b0f144f2051183de77a0d5d10d,,"Write an initial explanation, then mark which evidence item would most strongly change it.",0
ma-g3-science-u08-l02,ma-g3-science,3,elementary,g34-committed,g34-k8-elementary,8,2,Concept model A,concept,STUDENT_WORK_SHEET,tables and graphs,7,MODEL_BUILD|COMMUNICATE_REPRESENTATION|CHECK_REVISE|ESSENTIAL_QUESTION|EVIDENCE_QUALITY|LIMITATION|PROVENANCE,3,False,False,True,False,BOUND_REFERENCE_EVIDENCE_TASK,0,True,False,False,6,True,True,True,0,0,8,none,True,True,False,2859,1008,255,0534bfdcd8bc30c541cd6dc9cc5b5a201043c965b7bb5dce52a0103935041c47,,Build a labelled model that includes every accepted relationship in the science brief and test it against the case claim.,0
ma-g3-science-u08-l03,ma-g3-science,3,elementary,g34-committed,g34-k8-elementary,8,3,Guided practice A,concept,STUDENT_WORK_SHEET,seasonal patterns,7,GUIDED_PRACTICE|COMMUNICATE_REPRESENTATION|CHECK_REVISE|ESSENTIAL_QUESTION|EVIDENCE_QUALITY|LIMITATION|PROVENANCE,4,False,False,True,False,BOUND_REFERENCE_EVIDENCE_TASK,0,False,False,False,6,True,True,True,0,0,8,none,True,True,False,2857,1008,243,d820961fcecc03c1e3e86db53469bc4cf0bf77c12074ce98aa86a888d64e58c3,,Use E1 with E2 first; then add E3 and revise any conclusion that no longer fits.,0
ma-g3-science-u08-l04,ma-g3-science,3,elementary,g34-committed,g34-k8-elementary,8,4,Independent application A,mastery,STUDENT_WORK_SHEET,weather compared with climate,7,APPLY_INDEPENDENT|COMMUNICATE_REPRESENTATION|CHECK_REVISE|ESSENTIAL_QUESTION|EVIDENCE_QUALITY|LIMITATION|PROVENANCE,4,False,False,True,False,BOUND_REFERENCE_EVIDENCE_TASK,0,False,False,False,6,True,True,True,0,0,8,none,True,True,False,2914,1008,272,825c3948387028e20b6b0208f1daee3617cc8dfaebe79766e643c437864dcc12,,Evaluate the case claim independently using at least two evidence codes and one stated limitation.,0
ma-g3-science-u08-l05,ma-g3-science,3,elementary,g34-committed,g34-k8-elementary,8,5,Concept model B,concept,STUDENT_WORK_SHEET,climates in different regions,7,MODEL_BUILD|COMMUNICATE_REPRESENTATION|CHECK_REVISE|ESSENTIAL_QUESTION|EVIDENCE_QUALITY|LIMITATION|PROVENANCE,3,False,False,True,False,BOUND_REFERENCE_EVIDENCE_TASK,0,False,False,False,6,True,True,True,0,0,8,none,True,True,False,2865,1008,262,48767ee3d18de6e68af38d21ab1f553440bc9e8c57de7d897356216a69e69112,,Build a second representation of the same evidence and identify one feature the first model hid.,0
ma-g3-science-u08-l06,ma-g3-science,3,elementary,g34-committed,g34-k8-elementary,8,6,Guided practice B,concept,STUDENT_WORK_SHEET,combining information sources,7,GUIDED_PRACTICE|COMMUNICATE_REPRESENTATION|CHECK_REVISE|ESSENTIAL_QUESTION|EVIDENCE_QUALITY|LIMITATION|PROVENANCE,3,False,False,True,False,BOUND_REFERENCE_EVIDENCE_TASK,0,False,False,False,6,True,True,True,0,0,8,none,True,True,False,2826,1008,250,02618f3438f9855c7946f595757b22bcdd4eba0d15a01cdcc76549abf263b24f,,"Sort all evidence as supports, challenges, or does not decide, and justify every placement.",0
ma-g3-science-u08-l07,ma-g3-science,3,elementary,g34-committed,g34-k8-elementary,8,7,Investigation or close reading,inquiry/investigation,INVESTIGATION_DATA_SHEET,daily weather data,7,ANALYZE_EVIDENCE|COMMUNICATE_REPRESENTATION|CHECK_REVISE|ESSENTIAL_QUESTION|EVIDENCE_QUALITY|LIMITATION|PROVENANCE,3,False,False,True,True,DOCUMENT_INVESTIGATION,0,False,False,False,6,True,True,True,0,0,8,direct-adult,True,True,False,3286,1006,248,22e8ea9f150f40fabee2727f985b64d7104e93b0f144f2051183de77a0d5d10d,,Carry out the document investigation in the stated order and record the evidence tally before writing a conclusion.,0
ma-g3-science-u08-l08,ma-g3-science,3,elementary,g34-committed,g34-k8-elementary,8,8,Reteach and varied practice,remediation,STUDENT_WORK_SHEET,tables and graphs,7,ERROR_ANALYSIS|COMMUNICATE_REPRESENTATION|CHECK_REVISE|ESSENTIAL_QUESTION|EVIDENCE_QUALITY|LIMITATION|PROVENANCE,3,False,False,True,False,BOUND_REFERENCE_EVIDENCE_TASK,0,True,False,False,6,True,True,True,0,0,8,none,True,True,False,2854,1008,251,0534bfdcd8bc30c541cd6dc9cc5b5a201043c965b7bb5dce52a0103935041c47,,"Correct the candidate claim, explain the exact evidence that makes the correction necessary, and create one fresh example.",0
ma-g3-science-u08-l09,ma-g3-science,3,elementary,g34-committed,g34-k8-elementary,8,9,Performance task build,assessment/project,INVESTIGATION_DATA_SHEET,seasonal patterns,7,BUILD_PRODUCT|COMMUNICATE_REPRESENTATION|CHECK_REVISE|ESSENTIAL_QUESTION|EVIDENCE_QUALITY|LIMITATION|PROVENANCE,4,False,False,True,True,DOCUMENT_INVESTIGATION,0,False,False,False,6,True,True,True,0,0,8,direct-adult,True,True,False,3330,1006,251,d820961fcecc03c1e3e86db53469bc4cf0bf77c12074ce98aa86a888d64e58c3,,Use the supplied record to build a claim-evidence-reasoning product that another reader can check line by line.,0
ma-g3-science-u08-l10,ma-g3-science,3,elementary,g34-committed,g34-k8-elementary,8,10,Synthesis and review,review,STUDENT_WORK_SHEET,weather compared with climate,7,CONNECT_UNIT|COMMUNICATE_REPRESENTATION|CHECK_REVISE|ESSENTIAL_QUESTION|EVIDENCE_QUALITY|LIMITATION|PROVENANCE,4,False,False,True,False,BOUND_REFERENCE_EVIDENCE_TASK,0,True,False,False,6,True,True,True,0,0,8,none,True,True,False,2928,1008,281,825c3948387028e20b6b0208f1daee3617cc8dfaebe79766e643c437864dcc12,,"Connect at least three evidence items, state the boundary of the conclusion, and answer the unit question.",0
ma-g3-science-u08-l11,ma-g3-science,3,elementary,g34-committed,g34-k8-elementary,8,11,Unit assessment,assessment/project,STUDENT_WORK_SHEET,climates in different regions,7,DEMONSTRATE_MASTERY|COMMUNICATE_REPRESENTATION|CHECK_REVISE|ESSENTIAL_QUESTION|EVIDENCE_QUALITY|LIMITATION|PROVENANCE,3,False,False,True,False,BOUND_REFERENCE_EVIDENCE_TASK,0,False,False,False,6,True,True,True,0,0,8,none,True,True,False,2874,1008,271,48767ee3d18de6e68af38d21ab1f553440bc9e8c57de7d897356216a69e69112,,"Without copying the brief, evaluate the candidate claim, interpret the evidence table, and apply the idea to a new example you create.",0
ma-g3-science-u08-l12,ma-g3-science,3,elementary,g34-committed,g34-k8-elementary,8,12,Correction and reflection,remediation,STUDENT_WORK_SHEET,combining information sources,7,ERROR_ANALYSIS|COMMUNICATE_REPRESENTATION|CHECK_REVISE|ESSENTIAL_QUESTION|EVIDENCE_QUALITY|LIMITATION|PROVENANCE,3,False,False,True,False,BOUND_REFERENCE_EVIDENCE_TASK,0,False,False,False,6,True,True,True,0,0,8,none,True,True,False,2840,1008,251,02618f3438f9855c7946f595757b22bcdd4eba0d15a01cdcc76549abf263b24f,,"Locate one weakness in an earlier response, revise it with a named evidence code, and state what the revision fixes.",0
ma-g3-science-u09-l01,ma-g3-science,3,elementary,g34-committed,g34-k8-elementary,9,1,Launch and diagnostic,concept,STUDENT_WORK_SHEET,weather-related hazards,7,ACTIVATE_PRIOR|COMMUNICATE_REPRESENTATION|CHECK_REVISE|ESSENTIAL_QUESTION|EVIDENCE_QUALITY|LIMITATION|PROVENANCE,3,False,False,True,False,BOUND_REFERENCE_EVIDENCE_TASK,0,False,False,True,6,True,True,True,0,0,8,none,True,True,False,2833,1008,252,5882e993903893c10d6ea096007f5e030e122142c5627b8712caccb68cd5e88a,,"Write an initial explanation, then mark which evidence item would most strongly change it.",0
ma-g3-science-u09-l02,ma-g3-science,3,elementary,g34-committed,g34-k8-elementary,9,2,Concept model A,concept,STUDENT_WORK_SHEET,habitat change,7,MODEL_BUILD|COMMUNICATE_REPRESENTATION|CHECK_REVISE|ESSENTIAL_QUESTION|EVIDENCE_QUALITY|LIMITATION|PROVENANCE,3,False,False,True,False,BOUND_REFERENCE_EVIDENCE_TASK,0,False,False,True,6,True,True,True,0,0,8,none,True,True,False,2828,1008,248,8a704a2db4cbf23564a0de77d330642743e79c48cbd837744bfce2f766d1ccd0,,Build a labelled model that includes every accepted relationship in the science brief and test it against the case claim.,0
ma-g3-science-u09-l03,ma-g3-science,3,elementary,g34-committed,g34-k8-elementary,9,3,Guided practice A,concept,STUDENT_WORK_SHEET,design criteria and constraints,7,GUIDED_PRACTICE|COMMUNICATE_REPRESENTATION|CHECK_REVISE|ESSENTIAL_QUESTION|EVIDENCE_QUALITY|LIMITATION|PROVENANCE,3,False,False,True,False,BOUND_REFERENCE_EVIDENCE_TASK,0,False,True,True,6,True,True,True,0,0,8,none,True,True,False,2874,1008,257,06d8791ced6798be5d5677bf5fb6ec42e0f4858fd80dc97b342ba7c7b2b1e248,,Use E1 with E2 first; then add E3 and revise any conclusion that no longer fits.,0
ma-g3-science-u09-l04,ma-g3-science,3,elementary,g34-committed,g34-k8-elementary,9,4,Independent application A,mastery,STUDENT_WORK_SHEET,comparing solutions,7,APPLY_INDEPENDENT|COMMUNICATE_REPRESENTATION|CHECK_REVISE|ESSENTIAL_QUESTION|EVIDENCE_QUALITY|LIMITATION|PROVENANCE,3,False,False,True,False,BOUND_REFERENCE_EVIDENCE_TASK,0,False,True,True,6,True,True,True,0,0,8,none,True,True,False,2824,1008,258,7b3f45a5bbd5d3ffcf383025aa6a3046445753fba62b83ec40005396743ae086,,Evaluate the case claim independently using at least two evidence codes and one stated limitation.,0
ma-g3-science-u09-l05,ma-g3-science,3,elementary,g34-committed,g34-k8-elementary,9,5,Concept model B,concept,STUDENT_WORK_SHEET,fair-testing a design,7,MODEL_BUILD|COMMUNICATE_REPRESENTATION|CHECK_REVISE|ESSENTIAL_QUESTION|EVIDENCE_QUALITY|LIMITATION|PROVENANCE,3,False,False,True,False,BOUND_REFERENCE_EVIDENCE_TASK,0,False,True,True,6,True,True,True,0,0,8,none,True,True,False,2872,1008,255,7f458f1643c81a52fee8d77eb6b5f4d4033d29d118e39a5f46fed52ee4e38a4c,,Build a second representation of the same evidence and identify one feature the first model hid.,0
ma-g3-science-u09-l06,ma-g3-science,3,elementary,g34-committed,g34-k8-elementary,9,6,Guided practice B,concept,STUDENT_WORK_SHEET,evidence-based claims,7,GUIDED_PRACTICE|COMMUNICATE_REPRESENTATION|CHECK_REVISE|ESSENTIAL_QUESTION|EVIDENCE_QUALITY|LIMITATION|PROVENANCE,3,False,False,True,False,BOUND_REFERENCE_EVIDENCE_TASK,0,False,False,True,6,True,True,True,0,0,8,none,True,True,False,2817,1008,243,c32dffbe1ae273fe080fd5b48e26e364ba0a40deecd54b200099894547dbaebf,,"Sort all evidence as supports, challenges, or does not decide, and justify every placement.",0
ma-g3-science-u09-l07,ma-g3-science,3,elementary,g34-committed,g34-k8-elementary,9,7,Investigation or close reading,inquiry/investigation,INVESTIGATION_DATA_SHEET,weather-related hazards,7,ANALYZE_EVIDENCE|COMMUNICATE_REPRESENTATION|CHECK_REVISE|ESSENTIAL_QUESTION|EVIDENCE_QUALITY|LIMITATION|PROVENANCE,3,False,False,True,True,DOCUMENT_INVESTIGATION,0,False,False,True,6,True,True,True,0,0,8,direct-adult,True,True,False,3263,1006,241,5882e993903893c10d6ea096007f5e030e122142c5627b8712caccb68cd5e88a,,Carry out the document investigation in the stated order and record the evidence tally before writing a conclusion.,0
ma-g3-science-u09-l08,ma-g3-science,3,elementary,g34-committed,g34-k8-elementary,9,8,Reteach and varied practice,remediation,STUDENT_WORK_SHEET,habitat change,7,ERROR_ANALYSIS|COMMUNICATE_REPRESENTATION|CHECK_REVISE|ESSENTIAL_QUESTION|EVIDENCE_QUALITY|LIMITATION|PROVENANCE,3,False,False,True,False,BOUND_REFERENCE_EVIDENCE_TASK,0,False,False,True,6,True,True,True,0,0,8,none,True,True,False,2823,1008,244,8a704a2db4cbf23564a0de77d330642743e79c48cbd837744bfce2f766d1ccd0,,"Correct the candidate claim, explain the exact evidence that makes the correction necessary, and create one fresh example.",0
ma-g3-science-u09-l09,ma-g3-science,3,elementary,g34-committed,g34-k8-elementary,9,9,Performance task build,assessment/project,INVESTIGATION_DATA_SHEET,design criteria and constraints,7,BUILD_PRODUCT|COMMUNICATE_REPRESENTATION|CHECK_REVISE|ESSENTIAL_QUESTION|EVIDENCE_QUALITY|LIMITATION|PROVENANCE,3,False,False,True,True,DOCUMENT_INVESTIGATION,0,False,True,True,6,True,True,True,0,0,8,direct-adult,True,True,False,3339,1006,265,06d8791ced6798be5d5677bf5fb6ec42e0f4858fd80dc97b342ba7c7b2b1e248,,Use the supplied record to build a claim-evidence-reasoning product that another reader can check line by line.,0
ma-g3-science-u09-l10,ma-g3-science,3,elementary,g34-committed,g34-k8-elementary,9,10,Synthesis and review,review,STUDENT_WORK_SHEET,comparing solutions,7,CONNECT_UNIT|COMMUNICATE_REPRESENTATION|CHECK_REVISE|ESSENTIAL_QUESTION|EVIDENCE_QUALITY|LIMITATION|PROVENANCE,3,False,False,True,False,BOUND_REFERENCE_EVIDENCE_TASK,0,False,True,True,6,True,True,True,0,0,8,none,True,True,False,2834,1008,263,7b3f45a5bbd5d3ffcf383025aa6a3046445753fba62b83ec40005396743ae086,,"Connect at least three evidence items, state the boundary of the conclusion, and answer the unit question.",0
ma-g3-science-u09-l11,ma-g3-science,3,elementary,g34-committed,g34-k8-elementary,9,11,Unit assessment,assessment/project,STUDENT_WORK_SHEET,fair-testing a design,7,DEMONSTRATE_MASTERY|COMMUNICATE_REPRESENTATION|CHECK_REVISE|ESSENTIAL_QUESTION|EVIDENCE_QUALITY|LIMITATION|PROVENANCE,3,False,False,True,False,BOUND_REFERENCE_EVIDENCE_TASK,0,False,True,True,6,True,True,True,0,0,8,none,True,True,False,2881,1008,264,7f458f1643c81a52fee8d77eb6b5f4d4033d29d118e39a5f46fed52ee4e38a4c,,"Without copying the brief, evaluate the candidate claim, interpret the evidence table, and apply the idea to a new example you create.",0
ma-g3-science-u09-l12,ma-g3-science,3,elementary,g34-committed,g34-k8-elementary,9,12,Correction and reflection,remediation,STUDENT_WORK_SHEET,evidence-based claims,7,ERROR_ANALYSIS|COMMUNICATE_REPRESENTATION|CHECK_REVISE|ESSENTIAL_QUESTION|EVIDENCE_QUALITY|LIMITATION|PROVENANCE,3,False,False,True,False,BOUND_REFERENCE_EVIDENCE_TASK,0,False,False,True,6,True,True,True,0,0,8,none,True,True,False,2831,1008,244,c32dffbe1ae273fe080fd5b48e26e364ba0a40deecd54b200099894547dbaebf,,"Locate one weakness in an earlier response, revise it with a named evidence code, and state what the revision fixes.",0
ma-g4-science-u01-l01,ma-g4-science,4,elementary,g34-committed,g34-k8-elementary,1,1,Launch and diagnostic,concept,STUDENT_WORK_SHEET,careful observations,7,ACTIVATE_PRIOR|COMMUNICATE_REPRESENTATION|CHECK_REVISE|ESSENTIAL_QUESTION|EVIDENCE_QUALITY|LIMITATION|PROVENANCE,3,False,False,True,False,BOUND_REFERENCE_EVIDENCE_TASK,0,False,False,True,6,True,True,True,0,0,8,none,True,True,False,2846,1008,252,bc47b481517d394fcc8b2e2af6b8598e3dd0a3a075b5240119267d5705359f91,,"Write an initial explanation, then mark which evidence item would most strongly change it.",0
ma-g4-science-u01-l02,ma-g4-science,4,elementary,g34-committed,g34-k8-elementary,1,2,Concept model A,concept,STUDENT_WORK_SHEET,testable questions,7,MODEL_BUILD|COMMUNICATE_REPRESENTATION|CHECK_REVISE|ESSENTIAL_QUESTION|EVIDENCE_QUALITY|LIMITATION|PROVENANCE,3,False,False,True,False,BOUND_REFERENCE_EVIDENCE_TASK,0,False,False,True,6,True,True,True,0,0,8,none,True,True,False,2834,1008,248,7feb1739111de23932370f2eb29a149efaa0f03ff6bb76876303ed7ef8bb950f,,Build a labelled model that includes every accepted relationship in the science brief and test it against the case claim.,0
ma-g4-science-u01-l03,ma-g4-science,4,elementary,g34-committed,g34-k8-elementary,1,3,Guided practice A,concept,STUDENT_WORK_SHEET,models and diagrams,7,GUIDED_PRACTICE|COMMUNICATE_REPRESENTATION|CHECK_REVISE|ESSENTIAL_QUESTION|EVIDENCE_QUALITY|LIMITATION|PROVENANCE,3,False,False,True,False,BOUND_REFERENCE_EVIDENCE_TASK,0,False,False,True,6,True,True,True,0,0,8,none,True,True,False,2836,1008,250,728a015b57d0bf02563e8db56a659e5089cb67842edcfca8beb1adcef16e6742,,Use E1 with E2 first; then add E3 and revise any conclusion that no longer fits.,0
ma-g4-science-u01-l04,ma-g4-science,4,elementary,g34-committed,g34-k8-elementary,1,4,Independent application A,mastery,STUDENT_WORK_SHEET,fair tests,7,APPLY_INDEPENDENT|COMMUNICATE_REPRESENTATION|CHECK_REVISE|ESSENTIAL_QUESTION|EVIDENCE_QUALITY|LIMITATION|PROVENANCE,4,False,False,True,False,BOUND_REFERENCE_EVIDENCE_TASK,0,False,False,True,6,True,True,True,0,0,8,none,True,True,False,2896,1008,260,13b5c84a3cc2003e315704197d456a260cb13c89ec9aefc79ce5ab7eb298d507,,Evaluate the case claim independently using at least two evidence codes and one stated limitation.,0
ma-g4-science-u01-l05,ma-g4-science,4,elementary,g34-committed,g34-k8-elementary,1,5,Concept model B,concept,STUDENT_WORK_SHEET,measuring and recording data,7,MODEL_BUILD|COMMUNICATE_REPRESENTATION|CHECK_REVISE|ESSENTIAL_QUESTION|EVIDENCE_QUALITY|LIMITATION|PROVENANCE,4,False,False,True,False,BOUND_REFERENCE_EVIDENCE_TASK,0,False,False,True,6,True,True,True,0,0,8,none,True,True,False,2897,1008,262,24ab0cf7041d4adce6a42fd36cabdb42717a86c00e8dacfee76fa88141c57dd6,,Build a second representation of the same evidence and identify one feature the first model hid.,0
ma-g4-science-u01-l06,ma-g4-science,4,elementary,g34-committed,g34-k8-elementary,1,6,Guided practice B,concept,STUDENT_WORK_SHEET,criteria and constraints,7,GUIDED_PRACTICE|COMMUNICATE_REPRESENTATION|CHECK_REVISE|ESSENTIAL_QUESTION|EVIDENCE_QUALITY|LIMITATION|PROVENANCE,3,False,False,True,False,BOUND_REFERENCE_EVIDENCE_TASK,0,False,True,True,6,True,True,True,0,0,8,none,True,True,False,2852,1008,250,6b36ff80bfee64c03a198481315f2c0e070a143f8d0680f0b7b29d4683c2def6,,"Sort all evidence as supports, challenges, or does not decide, and justify every placement.",0
ma-g4-science-u01-l07,ma-g4-science,4,elementary,g34-committed,g34-k8-elementary,1,7,Investigation or close reading,inquiry/investigation,INVESTIGATION_DATA_SHEET,careful observations,7,ANALYZE_EVIDENCE|COMMUNICATE_REPRESENTATION|CHECK_REVISE|ESSENTIAL_QUESTION|EVIDENCE_QUALITY|LIMITATION|PROVENANCE,3,False,False,True,True,DOCUMENT_INVESTIGATION,0,False,False,True,6,True,True,True,0,0,8,direct-adult,True,True,False,3282,1006,241,bc47b481517d394fcc8b2e2af6b8598e3dd0a3a075b5240119267d5705359f91,,Carry out the document investigation in the stated order and record the evidence tally before writing a conclusion.,0
ma-g4-science-u01-l08,ma-g4-science,4,elementary,g34-committed,g34-k8-elementary,1,8,Reteach and varied practice,remediation,STUDENT_WORK_SHEET,testable questions,7,ERROR_ANALYSIS|COMMUNICATE_REPRESENTATION|CHECK_REVISE|ESSENTIAL_QUESTION|EVIDENCE_QUALITY|LIMITATION|PROVENANCE,3,False,False,True,False,BOUND_REFERENCE_EVIDENCE_TASK,0,False,False,True,6,True,True,True,0,0,8,none,True,True,False,2829,1008,244,7feb1739111de23932370f2eb29a149efaa0f03ff6bb76876303ed7ef8bb950f,,"Correct the candidate claim, explain the exact evidence that makes the correction necessary, and create one fresh example.",0
ma-g4-science-u01-l09,ma-g4-science,4,elementary,g34-committed,g34-k8-elementary,1,9,Performance task build,assessment/project,INVESTIGATION_DATA_SHEET,models and diagrams,7,BUILD_PRODUCT|COMMUNICATE_REPRESENTATION|CHECK_REVISE|ESSENTIAL_QUESTION|EVIDENCE_QUALITY|LIMITATION|PROVENANCE,3,False,False,True,True,DOCUMENT_INVESTIGATION,0,False,False,True,6,True,True,True,0,0,8,direct-adult,True,True,False,3293,1006,258,728a015b57d0bf02563e8db56a659e5089cb67842edcfca8beb1adcef16e6742,,Use the supplied record to build a claim-evidence-reasoning product that another reader can check line by line.,0
ma-g4-science-u01-l10,ma-g4-science,4,elementary,g34-committed,g34-k8-elementary,1,10,Synthesis and review,review,STUDENT_WORK_SHEET,fair tests,7,CONNECT_UNIT|COMMUNICATE_REPRESENTATION|CHECK_REVISE|ESSENTIAL_QUESTION|EVIDENCE_QUALITY|LIMITATION|PROVENANCE,4,False,False,True,False,BOUND_REFERENCE_EVIDENCE_TASK,0,False,False,True,6,True,True,True,0,0,8,none,True,True,False,2905,1008,264,13b5c84a3cc2003e315704197d456a260cb13c89ec9aefc79ce5ab7eb298d507,,"Connect at least three evidence items, state the boundary of the conclusion, and answer the unit question.",0
ma-g4-science-u01-l11,ma-g4-science,4,elementary,g34-committed,g34-k8-elementary,1,11,Unit assessment,assessment/project,STUDENT_WORK_SHEET,measuring and recording data,7,DEMONSTRATE_MASTERY|COMMUNICATE_REPRESENTATION|CHECK_REVISE|ESSENTIAL_QUESTION|EVIDENCE_QUALITY|LIMITATION|PROVENANCE,4,False,False,True,False,BOUND_REFERENCE_EVIDENCE_TASK,0,False,False,True,6,True,True,True,0,0,8,none,True,True,False,2906,1008,271,24ab0cf7041d4adce6a42fd36cabdb42717a86c00e8dacfee76fa88141c57dd6,,"Without copying the brief, evaluate the candidate claim, interpret the evidence table, and apply the idea to a new example you create.",0
ma-g4-science-u01-l12,ma-g4-science,4,elementary,g34-committed,g34-k8-elementary,1,12,Correction and reflection,remediation,STUDENT_WORK_SHEET,criteria and constraints,7,ERROR_ANALYSIS|COMMUNICATE_REPRESENTATION|CHECK_REVISE|ESSENTIAL_QUESTION|EVIDENCE_QUALITY|LIMITATION|PROVENANCE,3,False,False,True,False,BOUND_REFERENCE_EVIDENCE_TASK,0,False,True,True,6,True,True,True,0,0,8,none,True,True,False,2866,1008,251,6b36ff80bfee64c03a198481315f2c0e070a143f8d0680f0b7b29d4683c2def6,,"Locate one weakness in an earlier response, revise it with a named evidence code, and state what the revision fixes.",0
ma-g4-science-u02-l01,ma-g4-science,4,elementary,g34-committed,g34-k8-elementary,2,1,Launch and diagnostic,concept,STUDENT_WORK_SHEET,energy of motion,7,ACTIVATE_PRIOR|COMMUNICATE_REPRESENTATION|CHECK_REVISE|ESSENTIAL_QUESTION|EVIDENCE_QUALITY|LIMITATION|PROVENANCE,4,False,False,True,False,BOUND_REFERENCE_EVIDENCE_TASK,0,False,False,False,6,True,True,True,0,0,8,none,True,True,False,2877,1008,259,c478ddcbe1c576c5210c8cd9a5b3f4310b267a884c943757248ac5a0e008ad9d,,"Write an initial explanation, then mark which evidence item would most strongly change it.",0
ma-g4-science-u02-l02,ma-g4-science,4,elementary,g34-committed,g34-k8-elementary,2,2,Concept model A,concept,STUDENT_WORK_SHEET,speed and energy,7,MODEL_BUILD|COMMUNICATE_REPRESENTATION|CHECK_REVISE|ESSENTIAL_QUESTION|EVIDENCE_QUALITY|LIMITATION|PROVENANCE,3,False,False,True,False,BOUND_REFERENCE_EVIDENCE_TASK,0,False,False,False,6,True,True,True,0,0,8,none,True,True,False,2839,1008,255,90296c6ee6db56ed5480917fc1b6fb8a4e7aee5ecc77b1d1fadaf46c17160002,,Build a labelled model that includes every accepted relationship in the science brief and test it against the case claim.,0
ma-g4-science-u02-l03,ma-g4-science,4,elementary,g34-committed,g34-k8-elementary,2,3,Guided practice A,concept,STUDENT_WORK_SHEET,evidence and explanation,7,GUIDED_PRACTICE|COMMUNICATE_REPRESENTATION|CHECK_REVISE|ESSENTIAL_QUESTION|EVIDENCE_QUALITY|LIMITATION|PROVENANCE,3,False,False,True,False,BOUND_REFERENCE_EVIDENCE_TASK,0,False,False,False,6,True,True,True,0,0,8,none,True,True,False,2837,1008,250,a5a7ccac896c61b88031b57e78622866a8b0e960436ae3a18ce2d8232e3d16ee,,Use E1 with E2 first; then add E3 and revise any conclusion that no longer fits.,0
ma-g4-science-u02-l04,ma-g4-science,4,elementary,g34-committed,g34-k8-elementary,2,4,Independent application A,mastery,STUDENT_WORK_SHEET,collisions,7,APPLY_INDEPENDENT|COMMUNICATE_REPRESENTATION|CHECK_REVISE|ESSENTIAL_QUESTION|EVIDENCE_QUALITY|LIMITATION|PROVENANCE,4,False,False,True,False,BOUND_REFERENCE_EVIDENCE_TASK,0,False,False,False,6,True,True,True,0,0,8,none,True,True,False,2844,1008,247,c451519762f30e5b61ac005ba250967e57becfdfa4ed8c1f453522091a1c6877,,Evaluate the case claim independently using at least two evidence codes and one stated limitation.,0
ma-g4-science-u02-l05,ma-g4-science,4,elementary,g34-committed,g34-k8-elementary,2,5,Concept model B,concept,STUDENT_WORK_SHEET,predicting outcomes,7,MODEL_BUILD|COMMUNICATE_REPRESENTATION|CHECK_REVISE|ESSENTIAL_QUESTION|EVIDENCE_QUALITY|LIMITATION|PROVENANCE,3,False,False,True,False,BOUND_REFERENCE_EVIDENCE_TASK,0,False,False,False,6,True,True,True,0,0,8,none,True,True,False,2828,1008,248,1699ce258f08d874487b1eb4b8f2d1557a20345daf94689bc02910b521691fcd,,Build a second representation of the same evidence and identify one feature the first model hid.,0
ma-g4-science-u02-l06,ma-g4-science,4,elementary,g34-committed,g34-k8-elementary,2,6,Guided practice B,concept,STUDENT_WORK_SHEET,asking scientific questions,7,GUIDED_PRACTICE|COMMUNICATE_REPRESENTATION|CHECK_REVISE|ESSENTIAL_QUESTION|EVIDENCE_QUALITY|LIMITATION|PROVENANCE,3,False,False,True,False,BOUND_REFERENCE_EVIDENCE_TASK,0,False,False,False,6,True,True,True,0,0,8,none,True,True,False,2837,1008,250,7704e49e967cba0d71ddec0cdfdf3161e58e1d1c7f95b82632434b19d8c34d88,,"Sort all evidence as supports, challenges, or does not decide, and justify every placement.",0
ma-g4-science-u02-l07,ma-g4-science,4,elementary,g34-committed,g34-k8-elementary,2,7,Investigation or close reading,inquiry/investigation,INVESTIGATION_DATA_SHEET,energy of motion,7,ANALYZE_EVIDENCE|COMMUNICATE_REPRESENTATION|CHECK_REVISE|ESSENTIAL_QUESTION|EVIDENCE_QUALITY|LIMITATION|PROVENANCE,4,False,False,True,True,DOCUMENT_INVESTIGATION,0,False,False,False,6,True,True,True,0,0,8,direct-adult,True,True,False,3327,1006,248,c478ddcbe1c576c5210c8cd9a5b3f4310b267a884c943757248ac5a0e008ad9d,,Carry out the document investigation in the stated order and record the evidence tally before writing a conclusion.,0
ma-g4-science-u02-l08,ma-g4-science,4,elementary,g34-committed,g34-k8-elementary,2,8,Reteach and varied practice,remediation,STUDENT_WORK_SHEET,speed and energy,7,ERROR_ANALYSIS|COMMUNICATE_REPRESENTATION|CHECK_REVISE|ESSENTIAL_QUESTION|EVIDENCE_QUALITY|LIMITATION|PROVENANCE,3,False,False,True,False,BOUND_REFERENCE_EVIDENCE_TASK,0,False,False,False,6,True,True,True,0,0,8,none,True,True,False,2834,1008,251,90296c6ee6db56ed5480917fc1b6fb8a4e7aee5ecc77b1d1fadaf46c17160002,,"Correct the candidate claim, explain the exact evidence that makes the correction necessary, and create one fresh example.",0
ma-g4-science-u02-l09,ma-g4-science,4,elementary,g34-committed,g34-k8-elementary,2,9,Performance task build,assessment/project,INVESTIGATION_DATA_SHEET,evidence and explanation,7,BUILD_PRODUCT|COMMUNICATE_REPRESENTATION|CHECK_REVISE|ESSENTIAL_QUESTION|EVIDENCE_QUALITY|LIMITATION|PROVENANCE,3,False,False,True,True,DOCUMENT_INVESTIGATION,0,False,False,False,6,True,True,True,0,0,8,direct-adult,True,True,False,3294,1006,258,a5a7ccac896c61b88031b57e78622866a8b0e960436ae3a18ce2d8232e3d16ee,,Use the supplied record to build a claim-evidence-reasoning product that another reader can check line by line.,0
ma-g4-science-u02-l10,ma-g4-science,4,elementary,g34-committed,g34-k8-elementary,2,10,Synthesis and review,review,STUDENT_WORK_SHEET,collisions,7,CONNECT_UNIT|COMMUNICATE_REPRESENTATION|CHECK_REVISE|ESSENTIAL_QUESTION|EVIDENCE_QUALITY|LIMITATION|PROVENANCE,4,False,False,True,False,BOUND_REFERENCE_EVIDENCE_TASK,0,False,False,False,6,True,True,True,0,0,8,none,True,True,False,2858,1008,256,c451519762f30e5b61ac005ba250967e57becfdfa4ed8c1f453522091a1c6877,,"Connect at least three evidence items, state the boundary of the conclusion, and answer the unit question.",0
ma-g4-science-u02-l11,ma-g4-science,4,elementary,g34-committed,g34-k8-elementary,2,11,Unit assessment,assessment/project,STUDENT_WORK_SHEET,predicting outcomes,7,DEMONSTRATE_MASTERY|COMMUNICATE_REPRESENTATION|CHECK_REVISE|ESSENTIAL_QUESTION|EVIDENCE_QUALITY|LIMITATION|PROVENANCE,3,False,False,True,False,BOUND_REFERENCE_EVIDENCE_TASK,0,False,False,False,6,True,True,True,0,0,8,none,True,True,False,2837,1008,257,1699ce258f08d874487b1eb4b8f2d1557a20345daf94689bc02910b521691fcd,,"Without copying the brief, evaluate the candidate claim, interpret the evidence table, and apply the idea to a new example you create.",0
ma-g4-science-u02-l12,ma-g4-science,4,elementary,g34-committed,g34-k8-elementary,2,12,Correction and reflection,remediation,STUDENT_WORK_SHEET,asking scientific questions,7,ERROR_ANALYSIS|COMMUNICATE_REPRESENTATION|CHECK_REVISE|ESSENTIAL_QUESTION|EVIDENCE_QUALITY|LIMITATION|PROVENANCE,3,False,False,True,False,BOUND_REFERENCE_EVIDENCE_TASK,0,False,False,False,6,True,True,True,0,0,8,none,True,True,False,2851,1008,251,7704e49e967cba0d71ddec0cdfdf3161e58e1d1c7f95b82632434b19d8c34d88,,"Locate one weakness in an earlier response, revise it with a named evidence code, and state what the revision fixes.",0
ma-g4-science-u03-l01,ma-g4-science,4,elementary,g34-committed,g34-k8-elementary,3,1,Launch and diagnostic,concept,STUDENT_WORK_SHEET,sound energy,7,ACTIVATE_PRIOR|COMMUNICATE_REPRESENTATION|CHECK_REVISE|ESSENTIAL_QUESTION|EVIDENCE_QUALITY|LIMITATION|PROVENANCE,4,False,False,True,False,BOUND_REFERENCE_EVIDENCE_TASK,0,False,False,False,6,True,True,True,0,0,8,none,True,True,False,2833,1008,252,f16a6f17b6f0b716565cb8cf1e62d311ab6b3b026dbd4841b631e9269879b713,,"Write an initial explanation, then mark which evidence item would most strongly change it.",0
ma-g4-science-u03-l02,ma-g4-science,4,elementary,g34-committed,g34-k8-elementary,3,2,Concept model A,concept,STUDENT_WORK_SHEET,light energy,7,MODEL_BUILD|COMMUNICATE_REPRESENTATION|CHECK_REVISE|ESSENTIAL_QUESTION|EVIDENCE_QUALITY|LIMITATION|PROVENANCE,4,False,False,True,False,BOUND_REFERENCE_EVIDENCE_TASK,0,False,False,False,6,True,True,True,0,0,8,none,True,True,False,2869,1008,248,142514d6b07d61677770671ef8debd88ccc2c8449951c292429c568dc547f73e,,Build a labelled model that includes every accepted relationship in the science brief and test it against the case claim.,0
ma-g4-science-u03-l03,ma-g4-science,4,elementary,g34-committed,g34-k8-elementary,3,3,Guided practice A,concept,STUDENT_WORK_SHEET,heat transfer,7,GUIDED_PRACTICE|COMMUNICATE_REPRESENTATION|CHECK_REVISE|ESSENTIAL_QUESTION|EVIDENCE_QUALITY|LIMITATION|PROVENANCE,4,False,False,True,False,BOUND_REFERENCE_EVIDENCE_TASK,0,False,False,False,6,True,True,True,0,0,8,none,True,True,False,2841,1008,243,97b77ccf6443783c6b93477e311d3afbf17e54c4b5094fbabf89c3d97ca4e99b,,Use E1 with E2 first; then add E3 and revise any conclusion that no longer fits.,0
ma-g4-science-u03-l04,ma-g4-science,4,elementary,g34-committed,g34-k8-elementary,3,4,Independent application A,mastery,STUDENT_WORK_SHEET,electric currents,7,APPLY_INDEPENDENT|COMMUNICATE_REPRESENTATION|CHECK_REVISE|ESSENTIAL_QUESTION|EVIDENCE_QUALITY|LIMITATION|PROVENANCE,4,False,False,True,False,BOUND_REFERENCE_EVIDENCE_TASK,0,False,False,False,6,True,True,True,0,0,8,none,True,True,False,2877,1008,262,c0bad96678d975aa1e6e78768f1e19e65c6d3ea67f11d9b4166828d4243d9a94,,Evaluate the case claim independently using at least two evidence codes and one stated limitation.,0
ma-g4-science-u03-l05,ma-g4-science,4,elementary,g34-committed,g34-k8-elementary,3,5,Concept model B,concept,STUDENT_WORK_SHEET,observing transfer,7,MODEL_BUILD|COMMUNICATE_REPRESENTATION|CHECK_REVISE|ESSENTIAL_QUESTION|EVIDENCE_QUALITY|LIMITATION|PROVENANCE,3,False,False,True,False,BOUND_REFERENCE_EVIDENCE_TASK,0,False,False,False,6,True,True,True,0,0,8,none,True,True,False,2825,1008,248,1df8db41976a0d4883bfb38ab85a8c5fc0fabdf42b731f249cafc2cf40ac87c8,,Build a second representation of the same evidence and identify one feature the first model hid.,0
ma-g4-science-u03-l06,ma-g4-science,4,elementary,g34-committed,g34-k8-elementary,3,6,Guided practice B,concept,STUDENT_WORK_SHEET,tracing energy paths,7,GUIDED_PRACTICE|COMMUNICATE_REPRESENTATION|CHECK_REVISE|ESSENTIAL_QUESTION|EVIDENCE_QUALITY|LIMITATION|PROVENANCE,3,False,False,True,False,BOUND_REFERENCE_EVIDENCE_TASK,0,False,False,False,6,True,True,True,0,0,8,none,True,True,False,2821,1008,250,a4825730d029d0e0b9d90be6ae442a205c849dee09866b5303216150b3d6c614,,"Sort all evidence as supports, challenges, or does not decide, and justify every placement.",0
ma-g4-science-u03-l07,ma-g4-science,4,elementary,g34-committed,g34-k8-elementary,3,7,Investigation or close reading,inquiry/investigation,INVESTIGATION_DATA_SHEET,sound energy,7,ANALYZE_EVIDENCE|COMMUNICATE_REPRESENTATION|CHECK_REVISE|ESSENTIAL_QUESTION|EVIDENCE_QUALITY|LIMITATION|PROVENANCE,4,False,False,True,True,DOCUMENT_INVESTIGATION,0,False,False,False,6,True,True,True,0,0,8,direct-adult,True,True,False,3276,1006,241,f16a6f17b6f0b716565cb8cf1e62d311ab6b3b026dbd4841b631e9269879b713,,Carry out the document investigation in the stated order and record the evidence tally before writing a conclusion.,0
ma-g4-science-u03-l08,ma-g4-science,4,elementary,g34-committed,g34-k8-elementary,3,8,Reteach and varied practice,remediation,STUDENT_WORK_SHEET,light energy,7,ERROR_ANALYSIS|COMMUNICATE_REPRESENTATION|CHECK_REVISE|ESSENTIAL_QUESTION|EVIDENCE_QUALITY|LIMITATION|PROVENANCE,4,False,False,True,False,BOUND_REFERENCE_EVIDENCE_TASK,0,False,False,False,6,True,True,True,0,0,8,none,True,True,False,2864,1008,244,142514d6b07d61677770671ef8debd88ccc2c8449951c292429c568dc547f73e,,"Correct the candidate claim, explain the exact evidence that makes the correction necessary, and create one fresh example.",0
ma-g4-science-u03-l09,ma-g4-science,4,elementary,g34-committed,g34-k8-elementary,3,9,Performance task build,assessment/project,INVESTIGATION_DATA_SHEET,heat transfer,7,BUILD_PRODUCT|COMMUNICATE_REPRESENTATION|CHECK_REVISE|ESSENTIAL_QUESTION|EVIDENCE_QUALITY|LIMITATION|PROVENANCE,4,False,False,True,True,DOCUMENT_INVESTIGATION,0,False,False,False,6,True,True,True,0,0,8,direct-adult,True,True,False,3312,1006,251,97b77ccf6443783c6b93477e311d3afbf17e54c4b5094fbabf89c3d97ca4e99b,,Use the supplied record to build a claim-evidence-reasoning product that another reader can check line by line.,0
ma-g4-science-u03-l10,ma-g4-science,4,elementary,g34-committed,g34-k8-elementary,3,10,Synthesis and review,review,STUDENT_WORK_SHEET,electric currents,7,CONNECT_UNIT|COMMUNICATE_REPRESENTATION|CHECK_REVISE|ESSENTIAL_QUESTION|EVIDENCE_QUALITY|LIMITATION|PROVENANCE,4,False,False,True,False,BOUND_REFERENCE_EVIDENCE_TASK,0,False,False,False,6,True,True,True,0,0,8,none,True,True,False,2881,1008,261,c0bad96678d975aa1e6e78768f1e19e65c6d3ea67f11d9b4166828d4243d9a94,,"Connect at least three evidence items, state the boundary of the conclusion, and answer the unit question.",0
ma-g4-science-u03-l11,ma-g4-science,4,elementary,g34-committed,g34-k8-elementary,3,11,Unit assessment,assessment/project,STUDENT_WORK_SHEET,observing transfer,7,DEMONSTRATE_MASTERY|COMMUNICATE_REPRESENTATION|CHECK_REVISE|ESSENTIAL_QUESTION|EVIDENCE_QUALITY|LIMITATION|PROVENANCE,3,False,False,True,False,BOUND_REFERENCE_EVIDENCE_TASK,0,False,False,False,6,True,True,True,0,0,8,none,True,True,False,2834,1008,257,1df8db41976a0d4883bfb38ab85a8c5fc0fabdf42b731f249cafc2cf40ac87c8,,"Without copying the brief, evaluate the candidate claim, interpret the evidence table, and apply the idea to a new example you create.",0
ma-g4-science-u03-l12,ma-g4-science,4,elementary,g34-committed,g34-k8-elementary,3,12,Correction and reflection,remediation,STUDENT_WORK_SHEET,tracing energy paths,7,ERROR_ANALYSIS|COMMUNICATE_REPRESENTATION|CHECK_REVISE|ESSENTIAL_QUESTION|EVIDENCE_QUALITY|LIMITATION|PROVENANCE,3,False,False,True,False,BOUND_REFERENCE_EVIDENCE_TASK,0,False,False,False,6,True,True,True,0,0,8,none,True,True,False,2835,1008,251,a4825730d029d0e0b9d90be6ae442a205c849dee09866b5303216150b3d6c614,,"Locate one weakness in an earlier response, revise it with a named evidence code, and state what the revision fixes.",0
ma-g4-science-u04-l01,ma-g4-science,4,elementary,g34-committed,g34-k8-elementary,4,1,Launch and diagnostic,concept,STUDENT_WORK_SHEET,energy conversion,7,ACTIVATE_PRIOR|COMMUNICATE_REPRESENTATION|CHECK_REVISE|ESSENTIAL_QUESTION|EVIDENCE_QUALITY|LIMITATION|PROVENANCE,4,False,False,True,False,BOUND_REFERENCE_EVIDENCE_TASK,0,False,False,True,6,True,True,True,0,0,8,none,True,True,False,2875,1008,252,87016124fee1438c76884d14e27d5202cd74d97b98f465d055e6e725bb1b0398,,"Write an initial explanation, then mark which evidence item would most strongly change it.",0
ma-g4-science-u04-l02,ma-g4-science,4,elementary,g34-committed,g34-k8-elementary,4,2,Concept model A,concept,STUDENT_WORK_SHEET,design criteria,7,MODEL_BUILD|COMMUNICATE_REPRESENTATION|CHECK_REVISE|ESSENTIAL_QUESTION|EVIDENCE_QUALITY|LIMITATION|PROVENANCE,3,False,False,True,False,BOUND_REFERENCE_EVIDENCE_TASK,0,False,True,True,6,True,True,True,0,0,8,none,True,True,False,2824,1008,248,e6ef190b81811e0677c73b1bac4b7de6b5a8b5748724cdce5134b8ed7f1c262c,,Build a labelled model that includes every accepted relationship in the science brief and test it against the case claim.,0
ma-g4-science-u04-l03,ma-g4-science,4,elementary,g34-committed,g34-k8-elementary,4,3,Guided practice A,concept,STUDENT_WORK_SHEET,generating solutions,7,GUIDED_PRACTICE|COMMUNICATE_REPRESENTATION|CHECK_REVISE|ESSENTIAL_QUESTION|EVIDENCE_QUALITY|LIMITATION|PROVENANCE,3,False,False,True,False,BOUND_REFERENCE_EVIDENCE_TASK,0,False,True,True,6,True,True,True,0,0,8,none,True,True,False,2822,1008,243,152d7273a9620d6c721317bb143d01ac9e3e5e0c80cea85992e0a0ad8b5c2da0,,Use E1 with E2 first; then add E3 and revise any conclusion that no longer fits.,0
ma-g4-science-u04-l04,ma-g4-science,4,elementary,g34-committed,g34-k8-elementary,4,4,Independent application A,mastery,STUDENT_WORK_SHEET,building a device,7,APPLY_INDEPENDENT|COMMUNICATE_REPRESENTATION|CHECK_REVISE|ESSENTIAL_QUESTION|EVIDENCE_QUALITY|LIMITATION|PROVENANCE,3,False,False,True,False,BOUND_REFERENCE_EVIDENCE_TASK,0,False,False,True,6,True,True,True,0,0,8,none,True,True,False,2860,1008,266,bbc1bb743b20b69782526bcc9829c832d70cbd7c012f57cb338981bae6b7b617,,Evaluate the case claim independently using at least two evidence codes and one stated limitation.,0
ma-g4-science-u04-l05,ma-g4-science,4,elementary,g34-committed,g34-k8-elementary,4,5,Concept model B,concept,STUDENT_WORK_SHEET,testing and refining,7,MODEL_BUILD|COMMUNICATE_REPRESENTATION|CHECK_REVISE|ESSENTIAL_QUESTION|EVIDENCE_QUALITY|LIMITATION|PROVENANCE,3,False,False,True,False,BOUND_REFERENCE_EVIDENCE_TASK,0,False,False,True,6,True,True,True,0,0,8,none,True,True,False,2855,1008,255,69a40f6a44485ca4d55b81c7f80b7a14a6e8515931bd0982d7c9bd8ef966fc36,,Build a second representation of the same evidence and identify one feature the first model hid.,0
ma-g4-science-u04-l06,ma-g4-science,4,elementary,g34-committed,g34-k8-elementary,4,6,Guided practice B,concept,STUDENT_WORK_SHEET,comparing designs,7,GUIDED_PRACTICE|COMMUNICATE_REPRESENTATION|CHECK_REVISE|ESSENTIAL_QUESTION|EVIDENCE_QUALITY|LIMITATION|PROVENANCE,3,False,False,True,False,BOUND_REFERENCE_EVIDENCE_TASK,0,False,True,True,6,True,True,True,0,0,8,none,True,True,False,2801,1008,243,840ab8785b6f930f2d89538b27d0bbbe5845efbcac197fd9231d2c3a365ec7dd,,"Sort all evidence as supports, challenges, or does not decide, and justify every placement.",0
ma-g4-science-u04-l07,ma-g4-science,4,elementary,g34-committed,g34-k8-elementary,4,7,Investigation or close reading,inquiry/investigation,INVESTIGATION_DATA_SHEET,energy conversion,7,ANALYZE_EVIDENCE|COMMUNICATE_REPRESENTATION|CHECK_REVISE|ESSENTIAL_QUESTION|EVIDENCE_QUALITY|LIMITATION|PROVENANCE,4,False,False,True,True,DOCUMENT_INVESTIGATION,0,False,False,True,6,True,True,True,0,0,8,direct-adult,True,True,False,3335,1006,241,87016124fee1438c76884d14e27d5202cd74d97b98f465d055e6e725bb1b0398,,Carry out the document investigation in the stated order and record the evidence tally before writing a conclusion.,0
ma-g4-science-u04-l08,ma-g4-science,4,elementary,g34-committed,g34-k8-elementary,4,8,Reteach and varied practice,remediation,STUDENT_WORK_SHEET,design criteria,7,ERROR_ANALYSIS|COMMUNICATE_REPRESENTATION|CHECK_REVISE|ESSENTIAL_QUESTION|EVIDENCE_QUALITY|LIMITATION|PROVENANCE,3,False,False,True,False,BOUND_REFERENCE_EVIDENCE_TASK,0,False,True,True,6,True,True,True,0,0,8,none,True,True,False,2819,1008,244,e6ef190b81811e0677c73b1bac4b7de6b5a8b5748724cdce5134b8ed7f1c262c,,"Correct the candidate claim, explain the exact evidence that makes the correction necessary, and create one fresh example.",0
ma-g4-science-u04-l09,ma-g4-science,4,elementary,g34-committed,g34-k8-elementary,4,9,Performance task build,assessment/project,INVESTIGATION_DATA_SHEET,generating solutions,7,BUILD_PRODUCT|COMMUNICATE_REPRESENTATION|CHECK_REVISE|ESSENTIAL_QUESTION|EVIDENCE_QUALITY|LIMITATION|PROVENANCE,3,False,False,True,True,DOCUMENT_INVESTIGATION,0,False,True,True,6,True,True,True,0,0,8,direct-adult,True,True,False,3280,1006,251,152d7273a9620d6c721317bb143d01ac9e3e5e0c80cea85992e0a0ad8b5c2da0,,Use the supplied record to build a claim-evidence-reasoning product that another reader can check line by line.,0
ma-g4-science-u04-l10,ma-g4-science,4,elementary,g34-committed,g34-k8-elementary,4,10,Synthesis and review,review,STUDENT_WORK_SHEET,building a device,7,CONNECT_UNIT|COMMUNICATE_REPRESENTATION|CHECK_REVISE|ESSENTIAL_QUESTION|EVIDENCE_QUALITY|LIMITATION|PROVENANCE,3,False,False,True,False,BOUND_REFERENCE_EVIDENCE_TASK,0,False,False,True,6,True,True,True,0,0,8,none,True,True,False,2868,1008,269,bbc1bb743b20b69782526bcc9829c832d70cbd7c012f57cb338981bae6b7b617,,"Connect at least three evidence items, state the boundary of the conclusion, and answer the unit question.",0
ma-g4-science-u04-l11,ma-g4-science,4,elementary,g34-committed,g34-k8-elementary,4,11,Unit assessment,assessment/project,STUDENT_WORK_SHEET,testing and refining,7,DEMONSTRATE_MASTERY|COMMUNICATE_REPRESENTATION|CHECK_REVISE|ESSENTIAL_QUESTION|EVIDENCE_QUALITY|LIMITATION|PROVENANCE,3,False,False,True,False,BOUND_REFERENCE_EVIDENCE_TASK,0,False,False,True,6,True,True,True,0,0,8,none,True,True,False,2864,1008,264,69a40f6a44485ca4d55b81c7f80b7a14a6e8515931bd0982d7c9bd8ef966fc36,,"Without copying the brief, evaluate the candidate claim, interpret the evidence table, and apply the idea to a new example you create.",0
ma-g4-science-u04-l12,ma-g4-science,4,elementary,g34-committed,g34-k8-elementary,4,12,Correction and reflection,remediation,STUDENT_WORK_SHEET,comparing designs,7,ERROR_ANALYSIS|COMMUNICATE_REPRESENTATION|CHECK_REVISE|ESSENTIAL_QUESTION|EVIDENCE_QUALITY|LIMITATION|PROVENANCE,3,False,False,True,False,BOUND_REFERENCE_EVIDENCE_TASK,0,False,True,True,6,True,True,True,0,0,8,none,True,True,False,2815,1008,244,840ab8785b6f930f2d89538b27d0bbbe5845efbcac197fd9231d2c3a365ec7dd,,"Locate one weakness in an earlier response, revise it with a named evidence code, and state what the revision fixes.",0
ma-g4-science-u05-l01,ma-g4-science,4,elementary,g34-committed,g34-k8-elementary,5,1,Launch and diagnostic,concept,STUDENT_WORK_SHEET,wave patterns,7,ACTIVATE_PRIOR|COMMUNICATE_REPRESENTATION|CHECK_REVISE|ESSENTIAL_QUESTION|EVIDENCE_QUALITY|LIMITATION|PROVENANCE,4,False,False,True,False,BOUND_REFERENCE_EVIDENCE_TASK,0,False,False,True,6,True,True,True,0,0,8,none,True,True,False,2859,1008,252,98cfd28e892c506298258e5a87a9215761658609d683c778524b0d42f1e2ecba,,"Write an initial explanation, then mark which evidence item would most strongly change it.",0
ma-g4-science-u05-l02,ma-g4-science,4,elementary,g34-committed,g34-k8-elementary,5,2,Concept model A,concept,STUDENT_WORK_SHEET,amplitude,7,MODEL_BUILD|COMMUNICATE_REPRESENTATION|CHECK_REVISE|ESSENTIAL_QUESTION|EVIDENCE_QUALITY|LIMITATION|PROVENANCE,4,False,False,True,False,BOUND_REFERENCE_EVIDENCE_TASK,0,False,False,True,6,True,True,True,0,0,8,none,True,True,False,2842,1008,241,04bd3d994eef4e7245d0a0258fe3dd424f332fecc7f7743caade9df7449d1467,,Build a labelled model that includes every accepted relationship in the science brief and test it against the case claim.,0
ma-g4-science-u05-l03,ma-g4-science,4,elementary,g34-committed,g34-k8-elementary,5,3,Guided practice A,concept,STUDENT_WORK_SHEET,wavelength,7,GUIDED_PRACTICE|COMMUNICATE_REPRESENTATION|CHECK_REVISE|ESSENTIAL_QUESTION|EVIDENCE_QUALITY|LIMITATION|PROVENANCE,4,False,False,True,False,BOUND_REFERENCE_EVIDENCE_TASK,0,False,False,True,6,True,True,True,0,0,8,none,True,True,False,2826,1008,236,0e6893d897c2e492f709e4acf63c695f5677fa464c3476f327e04100806b8c0b,,Use E1 with E2 first; then add E3 and revise any conclusion that no longer fits.,0
ma-g4-science-u05-l04,ma-g4-science,4,elementary,g34-committed,g34-k8-elementary,5,4,Independent application A,mastery,STUDENT_WORK_SHEET,waves and motion,7,APPLY_INDEPENDENT|COMMUNICATE_REPRESENTATION|CHECK_REVISE|ESSENTIAL_QUESTION|EVIDENCE_QUALITY|LIMITATION|PROVENANCE,3,False,False,True,False,BOUND_REFERENCE_EVIDENCE_TASK,0,False,False,True,6,True,True,True,0,0,8,none,True,True,False,2852,1008,266,466c4ad19d4b1760f3d661dfccb2ca623f4a845c913d09106ce09811dc25cb11,,Evaluate the case claim independently using at least two evidence codes and one stated limitation.,0
ma-g4-science-u05-l05,ma-g4-science,4,elementary,g34-committed,g34-k8-elementary,5,5,Concept model B,concept,STUDENT_WORK_SHEET,patterns that carry information,7,MODEL_BUILD|COMMUNICATE_REPRESENTATION|CHECK_REVISE|ESSENTIAL_QUESTION|EVIDENCE_QUALITY|LIMITATION|PROVENANCE,3,False,False,True,False,BOUND_REFERENCE_EVIDENCE_TASK,0,False,False,True,6,True,True,True,0,0,8,none,True,True,False,2882,1008,262,919a3e2b841504fbca235f4c8c3523f00b4083a1f87614926dfa68ba0513fc9c,,Build a second representation of the same evidence and identify one feature the first model hid.,0
ma-g4-science-u05-l06,ma-g4-science,4,elementary,g34-committed,g34-k8-elementary,5,6,Guided practice B,concept,STUDENT_WORK_SHEET,comparing communication solutions,7,GUIDED_PRACTICE|COMMUNICATE_REPRESENTATION|CHECK_REVISE|ESSENTIAL_QUESTION|EVIDENCE_QUALITY|LIMITATION|PROVENANCE,3,False,False,True,False,BOUND_REFERENCE_EVIDENCE_TASK,0,False,True,True,6,True,True,True,0,0,8,none,True,True,False,2837,1008,250,3c9b9473da24bd19e63eb825406892684144c233072234310cae2f5ba1fa46e2,,"Sort all evidence as supports, challenges, or does not decide, and justify every placement.",0
ma-g4-science-u05-l07,ma-g4-science,4,elementary,g34-committed,g34-k8-elementary,5,7,Investigation or close reading,inquiry/investigation,INVESTIGATION_DATA_SHEET,wave patterns,7,ANALYZE_EVIDENCE|COMMUNICATE_REPRESENTATION|CHECK_REVISE|ESSENTIAL_QUESTION|EVIDENCE_QUALITY|LIMITATION|PROVENANCE,4,False,False,True,True,DOCUMENT_INVESTIGATION,0,False,False,True,6,True,True,True,0,0,8,direct-adult,True,True,False,3311,1006,241,98cfd28e892c506298258e5a87a9215761658609d683c778524b0d42f1e2ecba,,Carry out the document investigation in the stated order and record the evidence tally before writing a conclusion.,0
ma-g4-science-u05-l08,ma-g4-science,4,elementary,g34-committed,g34-k8-elementary,5,8,Reteach and varied practice,remediation,STUDENT_WORK_SHEET,amplitude,7,ERROR_ANALYSIS|COMMUNICATE_REPRESENTATION|CHECK_REVISE|ESSENTIAL_QUESTION|EVIDENCE_QUALITY|LIMITATION|PROVENANCE,4,False,False,True,False,BOUND_REFERENCE_EVIDENCE_TASK,0,False,False,True,6,True,True,True,0,0,8,none,True,True,False,2837,1008,237,04bd3d994eef4e7245d0a0258fe3dd424f332fecc7f7743caade9df7449d1467,,"Correct the candidate claim, explain the exact evidence that makes the correction necessary, and create one fresh example.",0
ma-g4-science-u05-l09,ma-g4-science,4,elementary,g34-committed,g34-k8-elementary,5,9,Performance task build,assessment/project,INVESTIGATION_DATA_SHEET,wavelength,7,BUILD_PRODUCT|COMMUNICATE_REPRESENTATION|CHECK_REVISE|ESSENTIAL_QUESTION|EVIDENCE_QUALITY|LIMITATION|PROVENANCE,4,False,False,True,True,DOCUMENT_INVESTIGATION,0,False,False,True,6,True,True,True,0,0,8,direct-adult,True,True,False,3301,1006,244,0e6893d897c2e492f709e4acf63c695f5677fa464c3476f327e04100806b8c0b,,Use the supplied record to build a claim-evidence-reasoning product that another reader can check line by line.,0
ma-g4-science-u05-l10,ma-g4-science,4,elementary,g34-committed,g34-k8-elementary,5,10,Synthesis and review,review,STUDENT_WORK_SHEET,waves and motion,7,CONNECT_UNIT|COMMUNICATE_REPRESENTATION|CHECK_REVISE|ESSENTIAL_QUESTION|EVIDENCE_QUALITY|LIMITATION|PROVENANCE,3,False,False,True,False,BOUND_REFERENCE_EVIDENCE_TASK,0,False,False,True,6,True,True,True,0,0,8,none,True,True,False,2860,1008,269,466c4ad19d4b1760f3d661dfccb2ca623f4a845c913d09106ce09811dc25cb11,,"Connect at least three evidence items, state the boundary of the conclusion, and answer the unit question.",0
ma-g4-science-u05-l11,ma-g4-science,4,elementary,g34-committed,g34-k8-elementary,5,11,Unit assessment,assessment/project,STUDENT_WORK_SHEET,patterns that carry information,7,DEMONSTRATE_MASTERY|COMMUNICATE_REPRESENTATION|CHECK_REVISE|ESSENTIAL_QUESTION|EVIDENCE_QUALITY|LIMITATION|PROVENANCE,3,False,False,True,False,BOUND_REFERENCE_EVIDENCE_TASK,0,False,False,True,6,True,True,True,0,0,8,none,True,True,False,2891,1008,271,919a3e2b841504fbca235f4c8c3523f00b4083a1f87614926dfa68ba0513fc9c,,"Without copying the brief, evaluate the candidate claim, interpret the evidence table, and apply the idea to a new example you create.",0
ma-g4-science-u05-l12,ma-g4-science,4,elementary,g34-committed,g34-k8-elementary,5,12,Correction and reflection,remediation,STUDENT_WORK_SHEET,comparing communication solutions,7,ERROR_ANALYSIS|COMMUNICATE_REPRESENTATION|CHECK_REVISE|ESSENTIAL_QUESTION|EVIDENCE_QUALITY|LIMITATION|PROVENANCE,3,False,False,True,False,BOUND_REFERENCE_EVIDENCE_TASK,0,False,True,True,6,True,True,True,0,0,8,none,True,True,False,2851,1008,251,3c9b9473da24bd19e63eb825406892684144c233072234310cae2f5ba1fa46e2,,"Locate one weakness in an earlier response, revise it with a named evidence code, and state what the revision fixes.",0
ma-g4-science-u06-l01,ma-g4-science,4,elementary,g34-committed,g34-k8-elementary,6,1,Launch and diagnostic,concept,STUDENT_WORK_SHEET,light reflection,7,ACTIVATE_PRIOR|COMMUNICATE_REPRESENTATION|CHECK_REVISE|ESSENTIAL_QUESTION|EVIDENCE_QUALITY|LIMITATION|PROVENANCE,4,False,False,True,False,BOUND_REFERENCE_EVIDENCE_TASK,0,False,False,False,6,True,True,True,0,0,8,none,True,True,False,2886,1008,252,2a8737381fd145b88fdafb224ffdf8a9915ac31fa65afb137f4a3d4084f6c417,,"Write an initial explanation, then mark which evidence item would most strongly change it.",0
ma-g4-science-u06-l02,ma-g4-science,4,elementary,g34-committed,g34-k8-elementary,6,2,Concept model A,concept,STUDENT_WORK_SHEET,how we see,7,MODEL_BUILD|COMMUNICATE_REPRESENTATION|CHECK_REVISE|ESSENTIAL_QUESTION|EVIDENCE_QUALITY|LIMITATION|PROVENANCE,4,False,False,True,False,BOUND_REFERENCE_EVIDENCE_TASK,0,False,False,False,6,True,True,True,0,0,8,none,True,True,False,2894,1008,255,64056459c344ffd2cda32f87785d455780739aeea6c87ba96b8574513d660e3c,,Build a labelled model that includes every accepted relationship in the science brief and test it against the case claim.,0
ma-g4-science-u06-l03,ma-g4-science,4,elementary,g34-committed,g34-k8-elementary,6,3,Guided practice A,concept,STUDENT_WORK_SHEET,modeling light paths,7,GUIDED_PRACTICE|COMMUNICATE_REPRESENTATION|CHECK_REVISE|ESSENTIAL_QUESTION|EVIDENCE_QUALITY|LIMITATION|PROVENANCE,3,False,False,True,False,BOUND_REFERENCE_EVIDENCE_TASK,0,False,False,False,6,True,True,True,0,0,8,none,True,True,False,2852,1008,250,e38351a7cfda37ce13ce4721ec8f3eaf5bf1fd643d7fe82256a51aaca4fc3b3c,,Use E1 with E2 first; then add E3 and revise any conclusion that no longer fits.,0
ma-g4-science-u06-l04,ma-g4-science,4,elementary,g34-committed,g34-k8-elementary,6,4,Independent application A,mastery,STUDENT_WORK_SHEET,senses and information,7,APPLY_INDEPENDENT|COMMUNICATE_REPRESENTATION|CHECK_REVISE|ESSENTIAL_QUESTION|EVIDENCE_QUALITY|LIMITATION|PROVENANCE,3,False,False,True,False,BOUND_REFERENCE_EVIDENCE_TASK,0,False,False,False,6,True,True,True,0,0,8,none,True,True,False,2862,1008,265,09bcd1536095c04bc91780538504d1cc8764a26f13323bc890847638cdf3b96e,,Evaluate the case claim independently using at least two evidence codes and one stated limitation.,0
ma-g4-science-u06-l05,ma-g4-science,4,elementary,g34-committed,g34-k8-elementary,6,5,Concept model B,concept,STUDENT_WORK_SHEET,the brain and response,7,MODEL_BUILD|COMMUNICATE_REPRESENTATION|CHECK_REVISE|ESSENTIAL_QUESTION|EVIDENCE_QUALITY|LIMITATION|PROVENANCE,3,False,False,True,False,BOUND_REFERENCE_EVIDENCE_TASK,0,False,False,False,6,True,True,True,0,0,8,none,True,True,False,2874,1008,262,1a32dc665a8e499153893ba4be8520578c2f1c672856fa7189a4f86434d3134d,,Build a second representation of the same evidence and identify one feature the first model hid.,0
ma-g4-science-u06-l06,ma-g4-science,4,elementary,g34-committed,g34-k8-elementary,6,6,Guided practice B,concept,STUDENT_WORK_SHEET,modeling information processing,7,GUIDED_PRACTICE|COMMUNICATE_REPRESENTATION|CHECK_REVISE|ESSENTIAL_QUESTION|EVIDENCE_QUALITY|LIMITATION|PROVENANCE,3,False,False,True,False,BOUND_REFERENCE_EVIDENCE_TASK,0,False,False,False,6,True,True,True,0,0,8,none,True,True,False,2840,1008,250,b7ebc09a0d3960630474b828361079dec905b077d4f14d693a397dc17f2575b7,,"Sort all evidence as supports, challenges, or does not decide, and justify every placement.",0
ma-g4-science-u06-l07,ma-g4-science,4,elementary,g34-committed,g34-k8-elementary,6,7,Investigation or close reading,inquiry/investigation,INVESTIGATION_DATA_SHEET,light reflection,7,ANALYZE_EVIDENCE|COMMUNICATE_REPRESENTATION|CHECK_REVISE|ESSENTIAL_QUESTION|EVIDENCE_QUALITY|LIMITATION|PROVENANCE,4,False,False,True,True,DOCUMENT_INVESTIGATION,0,False,False,False,6,True,True,True,0,0,8,direct-adult,True,True,False,3342,1006,241,2a8737381fd145b88fdafb224ffdf8a9915ac31fa65afb137f4a3d4084f6c417,,Carry out the document investigation in the stated order and record the evidence tally before writing a conclusion.,0
ma-g4-science-u06-l08,ma-g4-science,4,elementary,g34-committed,g34-k8-elementary,6,8,Reteach and varied practice,remediation,STUDENT_WORK_SHEET,how we see,7,ERROR_ANALYSIS|COMMUNICATE_REPRESENTATION|CHECK_REVISE|ESSENTIAL_QUESTION|EVIDENCE_QUALITY|LIMITATION|PROVENANCE,4,False,False,True,False,BOUND_REFERENCE_EVIDENCE_TASK,0,False,False,False,6,True,True,True,0,0,8,none,True,True,False,2889,1008,251,64056459c344ffd2cda32f87785d455780739aeea6c87ba96b8574513d660e3c,,"Correct the candidate claim, explain the exact evidence that makes the correction necessary, and create one fresh example.",0
ma-g4-science-u06-l09,ma-g4-science,4,elementary,g34-committed,g34-k8-elementary,6,9,Performance task build,assessment/project,INVESTIGATION_DATA_SHEET,modeling light paths,7,BUILD_PRODUCT|COMMUNICATE_REPRESENTATION|CHECK_REVISE|ESSENTIAL_QUESTION|EVIDENCE_QUALITY|LIMITATION|PROVENANCE,3,False,False,True,True,DOCUMENT_INVESTIGATION,0,False,False,False,6,True,True,True,0,0,8,direct-adult,True,True,False,3312,1006,258,e38351a7cfda37ce13ce4721ec8f3eaf5bf1fd643d7fe82256a51aaca4fc3b3c,,Use the supplied record to build a claim-evidence-reasoning product that another reader can check line by line.,0
ma-g4-science-u06-l10,ma-g4-science,4,elementary,g34-committed,g34-k8-elementary,6,10,Synthesis and review,review,STUDENT_WORK_SHEET,senses and information,7,CONNECT_UNIT|COMMUNICATE_REPRESENTATION|CHECK_REVISE|ESSENTIAL_QUESTION|EVIDENCE_QUALITY|LIMITATION|PROVENANCE,3,False,False,True,False,BOUND_REFERENCE_EVIDENCE_TASK,0,False,False,False,6,True,True,True,0,0,8,none,True,True,False,2875,1008,273,09bcd1536095c04bc91780538504d1cc8764a26f13323bc890847638cdf3b96e,,"Connect at least three evidence items, state the boundary of the conclusion, and answer the unit question.",0
ma-g4-science-u06-l11,ma-g4-science,4,elementary,g34-committed,g34-k8-elementary,6,11,Unit assessment,assessment/project,STUDENT_WORK_SHEET,the brain and response,7,DEMONSTRATE_MASTERY|COMMUNICATE_REPRESENTATION|CHECK_REVISE|ESSENTIAL_QUESTION|EVIDENCE_QUALITY|LIMITATION|PROVENANCE,3,False,False,True,False,BOUND_REFERENCE_EVIDENCE_TASK,0,False,False,False,6,True,True,True,0,0,8,none,True,True,False,2883,1008,271,1a32dc665a8e499153893ba4be8520578c2f1c672856fa7189a4f86434d3134d,,"Without copying the brief, evaluate the candidate claim, interpret the evidence table, and apply the idea to a new example you create.",0
ma-g4-science-u06-l12,ma-g4-science,4,elementary,g34-committed,g34-k8-elementary,6,12,Correction and reflection,remediation,STUDENT_WORK_SHEET,modeling information processing,7,ERROR_ANALYSIS|COMMUNICATE_REPRESENTATION|CHECK_REVISE|ESSENTIAL_QUESTION|EVIDENCE_QUALITY|LIMITATION|PROVENANCE,3,False,False,True,False,BOUND_REFERENCE_EVIDENCE_TASK,0,False,False,False,6,True,True,True,0,0,8,none,True,True,False,2854,1008,251,b7ebc09a0d3960630474b828361079dec905b077d4f14d693a397dc17f2575b7,,"Locate one weakness in an earlier response, revise it with a named evidence code, and state what the revision fixes.",0
ma-g4-science-u07-l01,ma-g4-science,4,elementary,g34-committed,g34-k8-elementary,7,1,Launch and diagnostic,concept,STUDENT_WORK_SHEET,external structures,7,ACTIVATE_PRIOR|COMMUNICATE_REPRESENTATION|CHECK_REVISE|ESSENTIAL_QUESTION|EVIDENCE_QUALITY|LIMITATION|PROVENANCE,3,False,False,True,False,BOUND_REFERENCE_EVIDENCE_TASK,0,False,False,False,6,True,True,True,0,0,8,none,True,True,False,2816,1008,252,d03f98b3e34e4f86728113d8447ee8e69e3a9c653e922972ae8b0376b30b06ab,,"Write an initial explanation, then mark which evidence item would most strongly change it.",0
ma-g4-science-u07-l02,ma-g4-science,4,elementary,g34-committed,g34-k8-elementary,7,2,Concept model A,concept,STUDENT_WORK_SHEET,internal structures,7,MODEL_BUILD|COMMUNICATE_REPRESENTATION|CHECK_REVISE|ESSENTIAL_QUESTION|EVIDENCE_QUALITY|LIMITATION|PROVENANCE,3,False,False,True,False,BOUND_REFERENCE_EVIDENCE_TASK,0,False,False,False,6,True,True,True,0,0,8,none,True,True,False,2817,1008,248,b4ce4c31e589bd0a53754d6a078d0bc493674d72536e28058d78b7e40d914c4a,,Build a labelled model that includes every accepted relationship in the science brief and test it against the case claim.,0
ma-g4-science-u07-l03,ma-g4-science,4,elementary,g34-committed,g34-k8-elementary,7,3,Guided practice A,concept,STUDENT_WORK_SHEET,structure and function,7,GUIDED_PRACTICE|COMMUNICATE_REPRESENTATION|CHECK_REVISE|ESSENTIAL_QUESTION|EVIDENCE_QUALITY|LIMITATION|PROVENANCE,3,False,False,True,False,BOUND_REFERENCE_EVIDENCE_TASK,0,False,False,False,6,True,True,True,0,0,8,none,True,True,False,2798,1008,250,bf0c16a483541bfae22ea0e704ba3d5a90e5ed8ac94b80f72ff11b539cec75e0,,Use E1 with E2 first; then add E3 and revise any conclusion that no longer fits.,0
ma-g4-science-u07-l04,ma-g4-science,4,elementary,g34-committed,g34-k8-elementary,7,4,Independent application A,mastery,STUDENT_WORK_SHEET,plant structures,7,APPLY_INDEPENDENT|COMMUNICATE_REPRESENTATION|CHECK_REVISE|ESSENTIAL_QUESTION|EVIDENCE_QUALITY|LIMITATION|PROVENANCE,4,False,False,True,False,BOUND_REFERENCE_EVIDENCE_TASK,0,False,False,False,6,True,True,True,0,0,8,none,True,True,False,2835,1008,257,7bab1997e20fafd29cb6fce3c4df49360de06c36b33c049a4c0d4f86922d064e,,Evaluate the case claim independently using at least two evidence codes and one stated limitation.,0
ma-g4-science-u07-l05,ma-g4-science,4,elementary,g34-committed,g34-k8-elementary,7,5,Concept model B,concept,STUDENT_WORK_SHEET,animal structures,7,MODEL_BUILD|COMMUNICATE_REPRESENTATION|CHECK_REVISE|ESSENTIAL_QUESTION|EVIDENCE_QUALITY|LIMITATION|PROVENANCE,3,False,False,True,False,BOUND_REFERENCE_EVIDENCE_TASK,0,False,False,False,6,True,True,True,0,0,8,none,True,True,False,2818,1008,248,b42557b8ecec79272a6735789b795797cca2dc610f04bea6780116c2f0eedd25,,Build a second representation of the same evidence and identify one feature the first model hid.,0
ma-g4-science-u07-l06,ma-g4-science,4,elementary,g34-committed,g34-k8-elementary,7,6,Guided practice B,concept,STUDENT_WORK_SHEET,evidence-based arguments,7,GUIDED_PRACTICE|COMMUNICATE_REPRESENTATION|CHECK_REVISE|ESSENTIAL_QUESTION|EVIDENCE_QUALITY|LIMITATION|PROVENANCE,3,False,False,True,False,BOUND_REFERENCE_EVIDENCE_TASK,0,False,False,False,6,True,True,True,0,0,8,none,True,True,False,2806,1008,243,1006cd7ac9dc5682a8e7dbe708f92f2a60c802659cfd16d14eeb7a2599eda798,,"Sort all evidence as supports, challenges, or does not decide, and justify every placement.",0
ma-g4-science-u07-l07,ma-g4-science,4,elementary,g34-committed,g34-k8-elementary,7,7,Investigation or close reading,inquiry/investigation,INVESTIGATION_DATA_SHEET,external structures,7,ANALYZE_EVIDENCE|COMMUNICATE_REPRESENTATION|CHECK_REVISE|ESSENTIAL_QUESTION|EVIDENCE_QUALITY|LIMITATION|PROVENANCE,3,False,False,True,True,DOCUMENT_INVESTIGATION,0,False,False,False,6,True,True,True,0,0,8,direct-adult,True,True,False,3248,1006,241,d03f98b3e34e4f86728113d8447ee8e69e3a9c653e922972ae8b0376b30b06ab,,Carry out the document investigation in the stated order and record the evidence tally before writing a conclusion.,0
ma-g4-science-u07-l08,ma-g4-science,4,elementary,g34-committed,g34-k8-elementary,7,8,Reteach and varied practice,remediation,STUDENT_WORK_SHEET,internal structures,7,ERROR_ANALYSIS|COMMUNICATE_REPRESENTATION|CHECK_REVISE|ESSENTIAL_QUESTION|EVIDENCE_QUALITY|LIMITATION|PROVENANCE,3,False,False,True,False,BOUND_REFERENCE_EVIDENCE_TASK,0,False,False,False,6,True,True,True,0,0,8,none,True,True,False,2812,1008,244,b4ce4c31e589bd0a53754d6a078d0bc493674d72536e28058d78b7e40d914c4a,,"Correct the candidate claim, explain the exact evidence that makes the correction necessary, and create one fresh example.",0
ma-g4-science-u07-l09,ma-g4-science,4,elementary,g34-committed,g34-k8-elementary,7,9,Performance task build,assessment/project,INVESTIGATION_DATA_SHEET,structure and function,7,BUILD_PRODUCT|COMMUNICATE_REPRESENTATION|CHECK_REVISE|ESSENTIAL_QUESTION|EVIDENCE_QUALITY|LIMITATION|PROVENANCE,3,False,False,True,True,DOCUMENT_INVESTIGATION,0,False,False,False,6,True,True,True,0,0,8,direct-adult,True,True,False,3246,1006,258,bf0c16a483541bfae22ea0e704ba3d5a90e5ed8ac94b80f72ff11b539cec75e0,,Use the supplied record to build a claim-evidence-reasoning product that another reader can check line by line.,0
ma-g4-science-u07-l10,ma-g4-science,4,elementary,g34-committed,g34-k8-elementary,7,10,Synthesis and review,review,STUDENT_WORK_SHEET,plant structures,7,CONNECT_UNIT|COMMUNICATE_REPRESENTATION|CHECK_REVISE|ESSENTIAL_QUESTION|EVIDENCE_QUALITY|LIMITATION|PROVENANCE,4,False,False,True,False,BOUND_REFERENCE_EVIDENCE_TASK,0,False,False,False,6,True,True,True,0,0,8,none,True,True,False,2844,1008,261,7bab1997e20fafd29cb6fce3c4df49360de06c36b33c049a4c0d4f86922d064e,,"Connect at least three evidence items, state the boundary of the conclusion, and answer the unit question.",0
ma-g4-science-u07-l11,ma-g4-science,4,elementary,g34-committed,g34-k8-elementary,7,11,Unit assessment,assessment/project,STUDENT_WORK_SHEET,animal structures,7,DEMONSTRATE_MASTERY|COMMUNICATE_REPRESENTATION|CHECK_REVISE|ESSENTIAL_QUESTION|EVIDENCE_QUALITY|LIMITATION|PROVENANCE,3,False,False,True,False,BOUND_REFERENCE_EVIDENCE_TASK,0,False,False,False,6,True,True,True,0,0,8,none,True,True,False,2827,1008,257,b42557b8ecec79272a6735789b795797cca2dc610f04bea6780116c2f0eedd25,,"Without copying the brief, evaluate the candidate claim, interpret the evidence table, and apply the idea to a new example you create.",0
ma-g4-science-u07-l12,ma-g4-science,4,elementary,g34-committed,g34-k8-elementary,7,12,Correction and reflection,remediation,STUDENT_WORK_SHEET,evidence-based arguments,7,ERROR_ANALYSIS|COMMUNICATE_REPRESENTATION|CHECK_REVISE|ESSENTIAL_QUESTION|EVIDENCE_QUALITY|LIMITATION|PROVENANCE,3,False,False,True,False,BOUND_REFERENCE_EVIDENCE_TASK,0,False,False,False,6,True,True,True,0,0,8,none,True,True,False,2820,1008,244,1006cd7ac9dc5682a8e7dbe708f92f2a60c802659cfd16d14eeb7a2599eda798,,"Locate one weakness in an earlier response, revise it with a named evidence code, and state what the revision fixes.",0
ma-g4-science-u08-l01,ma-g4-science,4,elementary,g34-committed,g34-k8-elementary,8,1,Launch and diagnostic,concept,STUDENT_WORK_SHEET,rock layers,7,ACTIVATE_PRIOR|COMMUNICATE_REPRESENTATION|CHECK_REVISE|ESSENTIAL_QUESTION|EVIDENCE_QUALITY|LIMITATION|PROVENANCE,4,False,False,True,False,BOUND_REFERENCE_EVIDENCE_TASK,0,False,False,False,6,True,True,True,0,0,8,none,True,True,False,2854,1008,252,279122205f00e4fbf9b21f50bac6a7db16e9eff94a1cef11a52c39d530548908,,"Write an initial explanation, then mark which evidence item would most strongly change it.",0
ma-g4-science-u08-l02,ma-g4-science,4,elementary,g34-committed,g34-k8-elementary,8,2,Concept model A,concept,STUDENT_WORK_SHEET,fossils in rock layers,7,MODEL_BUILD|COMMUNICATE_REPRESENTATION|CHECK_REVISE|ESSENTIAL_QUESTION|EVIDENCE_QUALITY|LIMITATION|PROVENANCE,3,False,False,True,False,BOUND_REFERENCE_EVIDENCE_TASK,0,False,False,False,6,True,True,True,0,0,8,none,True,True,False,2895,1008,262,f881725c3b5089efcaeabbb91930a2e064c1243eafb8e78361fb74dc7274c32b,,Build a labelled model that includes every accepted relationship in the science brief and test it against the case claim.,0
ma-g4-science-u08-l03,ma-g4-science,4,elementary,g34-committed,g34-k8-elementary,8,3,Guided practice A,concept,STUDENT_WORK_SHEET,weathering,7,GUIDED_PRACTICE|COMMUNICATE_REPRESENTATION|CHECK_REVISE|ESSENTIAL_QUESTION|EVIDENCE_QUALITY|LIMITATION|PROVENANCE,4,False,False,True,False,BOUND_REFERENCE_EVIDENCE_TASK,0,False,False,False,6,True,True,True,0,0,8,none,True,True,False,2838,1008,236,0a45531bb8276d09f44a1f81c368d646f61745286c704daf4a9ef5b280689f9b,,Use E1 with E2 first; then add E3 and revise any conclusion that no longer fits.,0
ma-g4-science-u08-l04,ma-g4-science,4,elementary,g34-committed,g34-k8-elementary,8,4,Independent application A,mastery,STUDENT_WORK_SHEET,rate of erosion,7,APPLY_INDEPENDENT|COMMUNICATE_REPRESENTATION|CHECK_REVISE|ESSENTIAL_QUESTION|EVIDENCE_QUALITY|LIMITATION|PROVENANCE,3,False,False,True,False,BOUND_REFERENCE_EVIDENCE_TASK,0,False,False,False,6,True,True,True,0,0,8,none,True,True,False,2865,1008,268,df5195ad54e4542ff31ecfbc28d138de31234289fecaaa9c6002bdd32e72f64a,,Evaluate the case claim independently using at least two evidence codes and one stated limitation.,0
ma-g4-science-u08-l05,ma-g4-science,4,elementary,g34-committed,g34-k8-elementary,8,5,Concept model B,concept,STUDENT_WORK_SHEET,maps of Earth's features,7,MODEL_BUILD|COMMUNICATE_REPRESENTATION|CHECK_REVISE|ESSENTIAL_QUESTION|EVIDENCE_QUALITY|LIMITATION|PROVENANCE,3,False,False,True,False,BOUND_REFERENCE_EVIDENCE_TASK,0,False,False,False,6,True,True,True,0,0,8,none,True,True,False,2873,1008,262,f486b8d79c4e23256e69d77f326b12b330262b6990f3a1c248af674776cd50e2,,Build a second representation of the same evidence and identify one feature the first model hid.,0
ma-g4-science-u08-l06,ma-g4-science,4,elementary,g34-committed,g34-k8-elementary,8,6,Guided practice B,concept,STUDENT_WORK_SHEET,Michigan's geological change,7,GUIDED_PRACTICE|COMMUNICATE_REPRESENTATION|CHECK_REVISE|ESSENTIAL_QUESTION|EVIDENCE_QUALITY|LIMITATION|PROVENANCE,4,False,False,True,False,BOUND_REFERENCE_EVIDENCE_TASK,0,False,False,False,6,True,True,True,0,0,8,none,True,True,False,2897,1008,250,5e389af5206c5414211707c2089f141b20ad144960cbc6f6cc7a16923a77da1f,,"Sort all evidence as supports, challenges, or does not decide, and justify every placement.",0
ma-g4-science-u08-l07,ma-g4-science,4,elementary,g34-committed,g34-k8-elementary,8,7,Investigation or close reading,inquiry/investigation,INVESTIGATION_DATA_SHEET,rock layers,7,ANALYZE_EVIDENCE|COMMUNICATE_REPRESENTATION|CHECK_REVISE|ESSENTIAL_QUESTION|EVIDENCE_QUALITY|LIMITATION|PROVENANCE,4,False,False,True,True,DOCUMENT_INVESTIGATION,0,False,False,False,6,True,True,True,0,0,8,direct-adult,True,True,False,3302,1006,241,279122205f00e4fbf9b21f50bac6a7db16e9eff94a1cef11a52c39d530548908,,Carry out the document investigation in the stated order and record the evidence tally before writing a conclusion.,0
ma-g4-science-u08-l08,ma-g4-science,4,elementary,g34-committed,g34-k8-elementary,8,8,Reteach and varied practice,remediation,STUDENT_WORK_SHEET,fossils in rock layers,7,ERROR_ANALYSIS|COMMUNICATE_REPRESENTATION|CHECK_REVISE|ESSENTIAL_QUESTION|EVIDENCE_QUALITY|LIMITATION|PROVENANCE,3,False,False,True,False,BOUND_REFERENCE_EVIDENCE_TASK,0,False,False,False,6,True,True,True,0,0,8,none,True,True,False,2890,1008,258,f881725c3b5089efcaeabbb91930a2e064c1243eafb8e78361fb74dc7274c32b,,"Correct the candidate claim, explain the exact evidence that makes the correction necessary, and create one fresh example.",0
ma-g4-science-u08-l09,ma-g4-science,4,elementary,g34-committed,g34-k8-elementary,8,9,Performance task build,assessment/project,INVESTIGATION_DATA_SHEET,weathering,7,BUILD_PRODUCT|COMMUNICATE_REPRESENTATION|CHECK_REVISE|ESSENTIAL_QUESTION|EVIDENCE_QUALITY|LIMITATION|PROVENANCE,4,False,False,True,True,DOCUMENT_INVESTIGATION,0,False,False,False,6,True,True,True,0,0,8,direct-adult,True,True,False,3313,1006,244,0a45531bb8276d09f44a1f81c368d646f61745286c704daf4a9ef5b280689f9b,,Use the supplied record to build a claim-evidence-reasoning product that another reader can check line by line.,0
ma-g4-science-u08-l10,ma-g4-science,4,elementary,g34-committed,g34-k8-elementary,8,10,Synthesis and review,review,STUDENT_WORK_SHEET,rate of erosion,7,CONNECT_UNIT|COMMUNICATE_REPRESENTATION|CHECK_REVISE|ESSENTIAL_QUESTION|EVIDENCE_QUALITY|LIMITATION|PROVENANCE,3,False,False,True,False,BOUND_REFERENCE_EVIDENCE_TASK,0,False,False,False,6,True,True,True,0,0,8,none,True,True,False,2874,1008,272,df5195ad54e4542ff31ecfbc28d138de31234289fecaaa9c6002bdd32e72f64a,,"Connect at least three evidence items, state the boundary of the conclusion, and answer the unit question.",0
ma-g4-science-u08-l11,ma-g4-science,4,elementary,g34-committed,g34-k8-elementary,8,11,Unit assessment,assessment/project,STUDENT_WORK_SHEET,maps of Earth's features,7,DEMONSTRATE_MASTERY|COMMUNICATE_REPRESENTATION|CHECK_REVISE|ESSENTIAL_QUESTION|EVIDENCE_QUALITY|LIMITATION|PROVENANCE,3,False,False,True,False,BOUND_REFERENCE_EVIDENCE_TASK,0,False,False,False,6,True,True,True,0,0,8,none,True,True,False,2882,1008,271,f486b8d79c4e23256e69d77f326b12b330262b6990f3a1c248af674776cd50e2,,"Without copying the brief, evaluate the candidate claim, interpret the evidence table, and apply the idea to a new example you create.",0
ma-g4-science-u08-l12,ma-g4-science,4,elementary,g34-committed,g34-k8-elementary,8,12,Correction and reflection,remediation,STUDENT_WORK_SHEET,Michigan's geological change,7,ERROR_ANALYSIS|COMMUNICATE_REPRESENTATION|CHECK_REVISE|ESSENTIAL_QUESTION|EVIDENCE_QUALITY|LIMITATION|PROVENANCE,4,False,False,True,False,BOUND_REFERENCE_EVIDENCE_TASK,0,False,False,False,6,True,True,True,0,0,8,none,True,True,False,2911,1008,251,5e389af5206c5414211707c2089f141b20ad144960cbc6f6cc7a16923a77da1f,,"Locate one weakness in an earlier response, revise it with a named evidence code, and state what the revision fixes.",0
ma-g4-science-u09-l01,ma-g4-science,4,elementary,g34-committed,g34-k8-elementary,9,1,Launch and diagnostic,concept,STUDENT_WORK_SHEET,energy from natural resources,7,ACTIVATE_PRIOR|COMMUNICATE_REPRESENTATION|CHECK_REVISE|ESSENTIAL_QUESTION|EVIDENCE_QUALITY|LIMITATION|PROVENANCE,4,False,False,True,False,BOUND_REFERENCE_EVIDENCE_TASK,0,False,False,True,6,True,True,True,0,0,8,none,True,True,False,2945,1008,266,090a73986651ffeccbbce256188cab03a4c099633d0112e163c4e553254abd2d,,"Write an initial explanation, then mark which evidence item would most strongly change it.",0
ma-g4-science-u09-l02,ma-g4-science,4,elementary,g34-committed,g34-k8-elementary,9,2,Concept model A,concept,STUDENT_WORK_SHEET,fuels and the environment,7,MODEL_BUILD|COMMUNICATE_REPRESENTATION|CHECK_REVISE|ESSENTIAL_QUESTION|EVIDENCE_QUALITY|LIMITATION|PROVENANCE,4,False,False,True,False,BOUND_REFERENCE_EVIDENCE_TASK,0,False,False,True,6,True,True,True,0,0,8,none,True,True,False,2914,1008,262,e4aebdb0e960159887f751872f1d1675361d376f6ef384ebde5056b7119fe7c9,,Build a labelled model that includes every accepted relationship in the science brief and test it against the case claim.,0
ma-g4-science-u09-l03,ma-g4-science,4,elementary,g34-committed,g34-k8-elementary,9,3,Guided practice A,concept,STUDENT_WORK_SHEET,natural Earth processes,7,GUIDED_PRACTICE|COMMUNICATE_REPRESENTATION|CHECK_REVISE|ESSENTIAL_QUESTION|EVIDENCE_QUALITY|LIMITATION|PROVENANCE,3,False,False,True,False,BOUND_REFERENCE_EVIDENCE_TASK,0,False,False,True,6,True,True,True,0,0,8,none,True,True,False,2865,1008,250,41677f8026b53beb702af73d279d54cddb82df59ad4df614a47b4b88ce6b19ea,,Use E1 with E2 first; then add E3 and revise any conclusion that no longer fits.,0
ma-g4-science-u09-l04,ma-g4-science,4,elementary,g34-committed,g34-k8-elementary,9,4,Independent application A,mastery,STUDENT_WORK_SHEET,reducing hazard impacts,7,APPLY_INDEPENDENT|COMMUNICATE_REPRESENTATION|CHECK_REVISE|ESSENTIAL_QUESTION|EVIDENCE_QUALITY|LIMITATION|PROVENANCE,3,False,False,True,False,BOUND_REFERENCE_EVIDENCE_TASK,0,False,False,True,6,True,True,True,0,0,8,none,True,True,False,2883,1008,263,720083aed7fb73e79d380a72c581c3407e76e280dde560d055ded612c2ded0fb,,Evaluate the case claim independently using at least two evidence codes and one stated limitation.,0
ma-g4-science-u09-l05,ma-g4-science,4,elementary,g34-committed,g34-k8-elementary,9,5,Concept model B,concept,STUDENT_WORK_SHEET,comparing solutions,7,MODEL_BUILD|COMMUNICATE_REPRESENTATION|CHECK_REVISE|ESSENTIAL_QUESTION|EVIDENCE_QUALITY|LIMITATION|PROVENANCE,3,False,False,True,False,BOUND_REFERENCE_EVIDENCE_TASK,0,False,True,True,6,True,True,True,0,0,8,none,True,True,False,2839,1008,248,0634218ca53359dfb4a7fcd0103f977a692cc42697abb71f2bc8359ec38be042,,Build a second representation of the same evidence and identify one feature the first model hid.,0
ma-g4-science-u09-l06,ma-g4-science,4,elementary,g34-committed,g34-k8-elementary,9,6,Guided practice B,concept,STUDENT_WORK_SHEET,Michigan's people and places,7,GUIDED_PRACTICE|COMMUNICATE_REPRESENTATION|CHECK_REVISE|ESSENTIAL_QUESTION|EVIDENCE_QUALITY|LIMITATION|PROVENANCE,3,False,False,True,False,BOUND_REFERENCE_EVIDENCE_TASK,0,False,False,True,6,True,True,True,0,0,8,none,True,True,False,2895,1008,257,9abcccb8bd94fc52051857a13617edccd13587d9b43fa292a8f3d4bfaa0c5ba9,,"Sort all evidence as supports, challenges, or does not decide, and justify every placement.",0
ma-g4-science-u09-l07,ma-g4-science,4,elementary,g34-committed,g34-k8-elementary,9,7,Investigation or close reading,inquiry/investigation,INVESTIGATION_DATA_SHEET,energy from natural resources,7,ANALYZE_EVIDENCE|COMMUNICATE_REPRESENTATION|CHECK_REVISE|ESSENTIAL_QUESTION|EVIDENCE_QUALITY|LIMITATION|PROVENANCE,4,False,False,True,True,DOCUMENT_INVESTIGATION,0,False,False,True,6,True,True,True,0,0,8,direct-adult,True,True,False,3412,1006,255,090a73986651ffeccbbce256188cab03a4c099633d0112e163c4e553254abd2d,,Carry out the document investigation in the stated order and record the evidence tally before writing a conclusion.,0
ma-g4-science-u09-l08,ma-g4-science,4,elementary,g34-committed,g34-k8-elementary,9,8,Reteach and varied practice,remediation,STUDENT_WORK_SHEET,fuels and the environment,7,ERROR_ANALYSIS|COMMUNICATE_REPRESENTATION|CHECK_REVISE|ESSENTIAL_QUESTION|EVIDENCE_QUALITY|LIMITATION|PROVENANCE,4,False,False,True,False,BOUND_REFERENCE_EVIDENCE_TASK,0,False,False,True,6,True,True,True,0,0,8,none,True,True,False,2909,1008,258,e4aebdb0e960159887f751872f1d1675361d376f6ef384ebde5056b7119fe7c9,,"Correct the candidate claim, explain the exact evidence that makes the correction necessary, and create one fresh example.",0
ma-g4-science-u09-l09,ma-g4-science,4,elementary,g34-committed,g34-k8-elementary,9,9,Performance task build,assessment/project,INVESTIGATION_DATA_SHEET,natural Earth processes,7,BUILD_PRODUCT|COMMUNICATE_REPRESENTATION|CHECK_REVISE|ESSENTIAL_QUESTION|EVIDENCE_QUALITY|LIMITATION|PROVENANCE,3,False,False,True,True,DOCUMENT_INVESTIGATION,0,False,False,True,6,True,True,True,0,0,8,direct-adult,True,True,False,3327,1006,258,41677f8026b53beb702af73d279d54cddb82df59ad4df614a47b4b88ce6b19ea,,Use the supplied record to build a claim-evidence-reasoning product that another reader can check line by line.,0
ma-g4-science-u09-l10,ma-g4-science,4,elementary,g34-committed,g34-k8-elementary,9,10,Synthesis and review,review,STUDENT_WORK_SHEET,reducing hazard impacts,7,CONNECT_UNIT|COMMUNICATE_REPRESENTATION|CHECK_REVISE|ESSENTIAL_QUESTION|EVIDENCE_QUALITY|LIMITATION|PROVENANCE,3,False,False,True,False,BOUND_REFERENCE_EVIDENCE_TASK,0,False,False,True,6,True,True,True,0,0,8,none,True,True,False,2900,1008,275,720083aed7fb73e79d380a72c581c3407e76e280dde560d055ded612c2ded0fb,,"Connect at least three evidence items, state the boundary of the conclusion, and answer the unit question.",0
ma-g4-science-u09-l11,ma-g4-science,4,elementary,g34-committed,g34-k8-elementary,9,11,Unit assessment,assessment/project,STUDENT_WORK_SHEET,comparing solutions,7,DEMONSTRATE_MASTERY|COMMUNICATE_REPRESENTATION|CHECK_REVISE|ESSENTIAL_QUESTION|EVIDENCE_QUALITY|LIMITATION|PROVENANCE,3,False,False,True,False,BOUND_REFERENCE_EVIDENCE_TASK,0,False,True,True,6,True,True,True,0,0,8,none,True,True,False,2848,1008,257,0634218ca53359dfb4a7fcd0103f977a692cc42697abb71f2bc8359ec38be042,,"Without copying the brief, evaluate the candidate claim, interpret the evidence table, and apply the idea to a new example you create.",0
ma-g4-science-u09-l12,ma-g4-science,4,elementary,g34-committed,g34-k8-elementary,9,12,Correction and reflection,remediation,STUDENT_WORK_SHEET,Michigan's people and places,7,ERROR_ANALYSIS|COMMUNICATE_REPRESENTATION|CHECK_REVISE|ESSENTIAL_QUESTION|EVIDENCE_QUALITY|LIMITATION|PROVENANCE,3,False,False,True,False,BOUND_REFERENCE_EVIDENCE_TASK,0,False,False,True,6,True,True,True,0,0,8,none,True,True,False,2909,1008,258,9abcccb8bd94fc52051857a13617edccd13587d9b43fa292a8f3d4bfaa0c5ba9,,"Locate one weakness in an earlier response, revise it with a named evidence code, and state what the revision fixes.",0
ma-g5-science-u01-l01,ma-g5-science,5,elementary,canonical-1.0.0,canonical-k8-elementary,1,1,Launch and diagnostic,concept,STUDENT_WORK_SHEET,observable phenomena,7,ACTIVATE_PRIOR|COMMUNICATE_REPRESENTATION|CHECK_REVISE|ESSENTIAL_QUESTION|EVIDENCE_QUALITY|LIMITATION|PROVENANCE,3,False,False,True,False,BOUND_REFERENCE_EVIDENCE_TASK,0,False,False,True,5,True,True,True,0,0,8,none,True,True,False,2844,1028,252,6b8ac88feccd3f0d153d704598db9523ca03fa7271132f36004bea8c0aefeb36,,"Write an initial explanation, then mark which evidence item would most strongly change it.",0
ma-g5-science-u01-l02,ma-g5-science,5,elementary,canonical-1.0.0,canonical-k8-elementary,1,2,Concept model A,concept,STUDENT_WORK_SHEET,testable questions,7,MODEL_BUILD|COMMUNICATE_REPRESENTATION|CHECK_REVISE|ESSENTIAL_QUESTION|EVIDENCE_QUALITY|LIMITATION|PROVENANCE,3,False,False,True,False,BOUND_REFERENCE_EVIDENCE_TASK,0,False,False,True,5,True,True,True,0,0,8,none,True,True,False,2838,1028,248,adbd48ee8910eae5c2bae279d0a89691eb46d47892d22b8543fbda1ef9d49b0a,,Build a labelled model that includes every accepted relationship in the science brief and test it against the case claim.,0
ma-g5-science-u01-l03,ma-g5-science,5,elementary,canonical-1.0.0,canonical-k8-elementary,1,3,Guided practice A,concept,STUDENT_WORK_SHEET,models and diagrams,7,GUIDED_PRACTICE|COMMUNICATE_REPRESENTATION|CHECK_REVISE|ESSENTIAL_QUESTION|EVIDENCE_QUALITY|LIMITATION|PROVENANCE,3,False,False,True,False,BOUND_REFERENCE_EVIDENCE_TASK,0,False,False,True,5,True,True,True,0,0,8,none,True,True,False,2838,1028,250,c2e9a11756e3290fba1d8871cab38e4474b30678a03f2bcb41a62bf4e0d3cb0b,,Use E1 with E2 first; then add E3 and revise any conclusion that no longer fits.,0
ma-g5-science-u01-l04,ma-g5-science,5,elementary,canonical-1.0.0,canonical-k8-elementary,1,4,Independent application A,mastery,STUDENT_WORK_SHEET,fair tests,7,APPLY_INDEPENDENT|COMMUNICATE_REPRESENTATION|CHECK_REVISE|ESSENTIAL_QUESTION|EVIDENCE_QUALITY|LIMITATION|PROVENANCE,4,False,False,True,False,BOUND_REFERENCE_EVIDENCE_TASK,0,False,False,True,5,True,True,True,0,0,8,none,True,True,False,2864,1028,259,70b30ea74c4585bd864dc926faf2b6b8d23b5159bc3737de427283721479386b,,Evaluate the case claim independently using at least two evidence codes and one stated limitation.,0
ma-g5-science-u01-l05,ma-g5-science,5,elementary,canonical-1.0.0,canonical-k8-elementary,1,5,Concept model B,concept,STUDENT_WORK_SHEET,measurement and data tables,7,MODEL_BUILD|COMMUNICATE_REPRESENTATION|CHECK_REVISE|ESSENTIAL_QUESTION|EVIDENCE_QUALITY|LIMITATION|PROVENANCE,4,False,False,True,False,BOUND_REFERENCE_EVIDENCE_TASK,0,False,False,True,5,True,True,True,0,0,8,none,True,True,False,2909,1028,262,13cb692b68802121c09b292286e8eee9a0e9cd1af37746e7ecad1d699ed0be9a,,Build a second representation of the same evidence and identify one feature the first model hid.,0
ma-g5-science-u01-l06,ma-g5-science,5,elementary,canonical-1.0.0,canonical-k8-elementary,1,6,Guided practice B,concept,STUDENT_WORK_SHEET,criteria and constraints,7,GUIDED_PRACTICE|COMMUNICATE_REPRESENTATION|CHECK_REVISE|ESSENTIAL_QUESTION|EVIDENCE_QUALITY|LIMITATION|PROVENANCE,3,False,False,True,False,BOUND_REFERENCE_EVIDENCE_TASK,0,False,True,True,5,True,True,True,0,0,8,none,True,True,False,2858,1028,250,a8c9afb429dccf62b11f5bb54fd09632b47c42ec7810c56004c35858f33e380a,,"Sort all evidence as supports, challenges, or does not decide, and justify every placement.",0
ma-g5-science-u01-l07,ma-g5-science,5,elementary,canonical-1.0.0,canonical-k8-elementary,1,7,Investigation or close reading,inquiry/investigation,INVESTIGATION_DATA_SHEET,observable phenomena,7,ANALYZE_EVIDENCE|COMMUNICATE_REPRESENTATION|CHECK_REVISE|ESSENTIAL_QUESTION|EVIDENCE_QUALITY|LIMITATION|PROVENANCE,3,False,False,True,True,DOCUMENT_INVESTIGATION,0,False,False,True,5,True,True,True,0,0,8,direct-adult,True,True,False,3279,1026,241,6b8ac88feccd3f0d153d704598db9523ca03fa7271132f36004bea8c0aefeb36,,Carry out the document investigation in the stated order and record the evidence tally before writing a conclusion.,0
ma-g5-science-u01-l08,ma-g5-science,5,elementary,canonical-1.0.0,canonical-k8-elementary,1,8,Reteach and varied practice,remediation,STUDENT_WORK_SHEET,testable questions,7,ERROR_ANALYSIS|COMMUNICATE_REPRESENTATION|CHECK_REVISE|ESSENTIAL_QUESTION|EVIDENCE_QUALITY|LIMITATION|PROVENANCE,3,False,False,True,False,BOUND_REFERENCE_EVIDENCE_TASK,0,False,False,True,5,True,True,True,0,0,8,none,True,True,False,2833,1028,244,adbd48ee8910eae5c2bae279d0a89691eb46d47892d22b8543fbda1ef9d49b0a,,"Correct the candidate claim, explain the exact evidence that makes the correction necessary, and create one fresh example.",0
ma-g5-science-u01-l09,ma-g5-science,5,elementary,canonical-1.0.0,canonical-k8-elementary,1,9,Performance task build,assessment/project,INVESTIGATION_DATA_SHEET,models and diagrams,7,BUILD_PRODUCT|COMMUNICATE_REPRESENTATION|CHECK_REVISE|ESSENTIAL_QUESTION|EVIDENCE_QUALITY|LIMITATION|PROVENANCE,3,False,False,True,True,DOCUMENT_INVESTIGATION,0,False,False,True,5,True,True,True,0,0,8,direct-adult,True,True,False,3291,1026,258,c2e9a11756e3290fba1d8871cab38e4474b30678a03f2bcb41a62bf4e0d3cb0b,,Use the supplied record to build a claim-evidence-reasoning product that another reader can check line by line.,0
ma-g5-science-u01-l10,ma-g5-science,5,elementary,canonical-1.0.0,canonical-k8-elementary,1,10,Synthesis and review,review,STUDENT_WORK_SHEET,fair tests,7,CONNECT_UNIT|COMMUNICATE_REPRESENTATION|CHECK_REVISE|ESSENTIAL_QUESTION|EVIDENCE_QUALITY|LIMITATION|PROVENANCE,4,False,False,True,False,BOUND_REFERENCE_EVIDENCE_TASK,0,False,False,True,5,True,True,True,0,0,8,none,True,True,False,2874,1028,264,70b30ea74c4585bd864dc926faf2b6b8d23b5159bc3737de427283721479386b,,"Connect at least three evidence items, state the boundary of the conclusion, and answer the unit question.",0
ma-g5-science-u01-l11,ma-g5-science,5,elementary,canonical-1.0.0,canonical-k8-elementary,1,11,Unit assessment,assessment/project,STUDENT_WORK_SHEET,measurement and data tables,7,DEMONSTRATE_MASTERY|COMMUNICATE_REPRESENTATION|CHECK_REVISE|ESSENTIAL_QUESTION|EVIDENCE_QUALITY|LIMITATION|PROVENANCE,4,False,False,True,False,BOUND_REFERENCE_EVIDENCE_TASK,0,False,False,True,5,True,True,True,0,0,8,none,True,True,False,2918,1028,271,13cb692b68802121c09b292286e8eee9a0e9cd1af37746e7ecad1d699ed0be9a,,"Without copying the brief, evaluate the candidate claim, interpret the evidence table, and apply the idea to a new example you create.",0
ma-g5-science-u01-l12,ma-g5-science,5,elementary,canonical-1.0.0,canonical-k8-elementary,1,12,Correction and reflection,remediation,STUDENT_WORK_SHEET,criteria and constraints,7,ERROR_ANALYSIS|COMMUNICATE_REPRESENTATION|CHECK_REVISE|ESSENTIAL_QUESTION|EVIDENCE_QUALITY|LIMITATION|PROVENANCE,3,False,False,True,False,BOUND_REFERENCE_EVIDENCE_TASK,0,False,True,True,5,True,True,True,0,0,8,none,True,True,False,2872,1028,251,a8c9afb429dccf62b11f5bb54fd09632b47c42ec7810c56004c35858f33e380a,,"Locate one weakness in an earlier response, revise it with a named evidence code, and state what the revision fixes.",0
ma-g5-science-u02-l01,ma-g5-science,5,elementary,canonical-1.0.0,canonical-k8-elementary,2,1,Launch and diagnostic,concept,STUDENT_WORK_SHEET,particles and matter models,7,ACTIVATE_PRIOR|COMMUNICATE_REPRESENTATION|CHECK_REVISE|ESSENTIAL_QUESTION|EVIDENCE_QUALITY|LIMITATION|PROVENANCE,4,False,False,True,False,BOUND_REFERENCE_EVIDENCE_TASK,0,False,False,False,5,True,True,True,0,0,8,none,True,True,False,2919,1028,266,2ac2b55a1a7872e6b008841ee45dfd977eebc98af4b1c946904f54a2a3521e8e,,"Write an initial explanation, then mark which evidence item would most strongly change it.",0
ma-g5-science-u02-l02,ma-g5-science,5,elementary,canonical-1.0.0,canonical-k8-elementary,2,2,Concept model A,concept,STUDENT_WORK_SHEET,observable properties,7,MODEL_BUILD|COMMUNICATE_REPRESENTATION|CHECK_REVISE|ESSENTIAL_QUESTION|EVIDENCE_QUALITY|LIMITATION|PROVENANCE,3,False,False,True,False,BOUND_REFERENCE_EVIDENCE_TASK,0,False,False,False,5,True,True,True,0,0,8,none,True,True,False,2848,1028,248,3b34216d0fab56727f67c4f79285354d6359629d97d172be2df65f657a863010,,Build a labelled model that includes every accepted relationship in the science brief and test it against the case claim.,0
ma-g5-science-u02-l03,ma-g5-science,5,elementary,canonical-1.0.0,canonical-k8-elementary,2,3,Guided practice A,concept,STUDENT_WORK_SHEET,mass and volume,7,GUIDED_PRACTICE|COMMUNICATE_REPRESENTATION|CHECK_REVISE|ESSENTIAL_QUESTION|EVIDENCE_QUALITY|LIMITATION|PROVENANCE,4,False,False,True,False,BOUND_REFERENCE_EVIDENCE_TASK,0,False,False,False,5,True,True,True,0,0,8,none,True,True,False,2873,1028,250,9f9624ef0a65d622cd5144639c8ae4ee6ee9ac0e2416aeb605a8e0f6262fd948,,Use E1 with E2 first; then add E3 and revise any conclusion that no longer fits.,0
ma-g5-science-u02-l04,ma-g5-science,5,elementary,canonical-1.0.0,canonical-k8-elementary,2,4,Independent application A,mastery,STUDENT_WORK_SHEET,identifying materials,7,APPLY_INDEPENDENT|COMMUNICATE_REPRESENTATION|CHECK_REVISE|ESSENTIAL_QUESTION|EVIDENCE_QUALITY|LIMITATION|PROVENANCE,3,False,False,True,False,BOUND_REFERENCE_EVIDENCE_TASK,0,False,False,False,5,True,True,True,0,0,8,none,True,True,False,2824,1028,259,6bdbad4735a2ac593d0f3f8265fe91299bc31715b32da323ff62db085f0ae4b7,,Evaluate the case claim independently using at least two evidence codes and one stated limitation.,0
ma-g5-science-u02-l05,ma-g5-science,5,elementary,canonical-1.0.0,canonical-k8-elementary,2,5,Concept model B,concept,STUDENT_WORK_SHEET,mixtures,7,MODEL_BUILD|COMMUNICATE_REPRESENTATION|CHECK_REVISE|ESSENTIAL_QUESTION|EVIDENCE_QUALITY|LIMITATION|PROVENANCE,4,False,False,True,False,BOUND_REFERENCE_EVIDENCE_TASK,0,False,False,False,5,True,True,True,0,0,8,none,True,True,False,2851,1028,241,6ced44fb466e1cd7171092cbabf07a1c4872f955ce568738bbd3ae8b56e49f14,,Build a second representation of the same evidence and identify one feature the first model hid.,0
ma-g5-science-u02-l06,ma-g5-science,5,elementary,canonical-1.0.0,canonical-k8-elementary,2,6,Guided practice B,concept,STUDENT_WORK_SHEET,measurement precision,7,GUIDED_PRACTICE|COMMUNICATE_REPRESENTATION|CHECK_REVISE|ESSENTIAL_QUESTION|EVIDENCE_QUALITY|LIMITATION|PROVENANCE,3,False,False,True,False,BOUND_REFERENCE_EVIDENCE_TASK,0,False,False,False,5,True,True,True,0,0,8,none,True,True,False,2825,1028,243,5c7a3fc476de2afc2f91420637dd369299139d249a2baf91564eb04095af76a4,,"Sort all evidence as supports, challenges, or does not decide, and justify every placement.",0
ma-g5-science-u02-l07,ma-g5-science,5,elementary,canonical-1.0.0,canonical-k8-elementary,2,7,Investigation or close reading,inquiry/investigation,INVESTIGATION_DATA_SHEET,particles and matter models,7,ANALYZE_EVIDENCE|COMMUNICATE_REPRESENTATION|CHECK_REVISE|ESSENTIAL_QUESTION|EVIDENCE_QUALITY|LIMITATION|PROVENANCE,4,False,False,True,True,DOCUMENT_INVESTIGATION,0,False,False,False,5,True,True,True,0,0,8,direct-adult,True,True,False,3384,1026,255,2ac2b55a1a7872e6b008841ee45dfd977eebc98af4b1c946904f54a2a3521e8e,,Carry out the document investigation in the stated order and record the evidence tally before writing a conclusion.,0
ma-g5-science-u02-l08,ma-g5-science,5,elementary,canonical-1.0.0,canonical-k8-elementary,2,8,Reteach and varied practice,remediation,STUDENT_WORK_SHEET,observable properties,7,ERROR_ANALYSIS|COMMUNICATE_REPRESENTATION|CHECK_REVISE|ESSENTIAL_QUESTION|EVIDENCE_QUALITY|LIMITATION|PROVENANCE,3,False,False,True,False,BOUND_REFERENCE_EVIDENCE_TASK,0,False,False,False,5,True,True,True,0,0,8,none,True,True,False,2843,1028,244,3b34216d0fab56727f67c4f79285354d6359629d97d172be2df65f657a863010,,"Correct the candidate claim, explain the exact evidence that makes the correction necessary, and create one fresh example.",0
ma-g5-science-u02-l09,ma-g5-science,5,elementary,canonical-1.0.0,canonical-k8-elementary,2,9,Performance task build,assessment/project,INVESTIGATION_DATA_SHEET,mass and volume,7,BUILD_PRODUCT|COMMUNICATE_REPRESENTATION|CHECK_REVISE|ESSENTIAL_QUESTION|EVIDENCE_QUALITY|LIMITATION|PROVENANCE,4,False,False,True,True,DOCUMENT_INVESTIGATION,0,False,False,False,5,True,True,True,0,0,8,direct-adult,True,True,False,3352,1026,258,9f9624ef0a65d622cd5144639c8ae4ee6ee9ac0e2416aeb605a8e0f6262fd948,,Use the supplied record to build a claim-evidence-reasoning product that another reader can check line by line.,0
ma-g5-science-u02-l10,ma-g5-science,5,elementary,canonical-1.0.0,canonical-k8-elementary,2,10,Synthesis and review,review,STUDENT_WORK_SHEET,identifying materials,7,CONNECT_UNIT|COMMUNICATE_REPRESENTATION|CHECK_REVISE|ESSENTIAL_QUESTION|EVIDENCE_QUALITY|LIMITATION|PROVENANCE,3,False,False,True,False,BOUND_REFERENCE_EVIDENCE_TASK,0,False,False,False,5,True,True,True,0,0,8,none,True,True,False,2832,1028,262,6bdbad4735a2ac593d0f3f8265fe91299bc31715b32da323ff62db085f0ae4b7,,"Connect at least three evidence items, state the boundary of the conclusion, and answer the unit question.",0
ma-g5-science-u02-l11,ma-g5-science,5,elementary,canonical-1.0.0,canonical-k8-elementary,2,11,Unit assessment,assessment/project,STUDENT_WORK_SHEET,mixtures,7,DEMONSTRATE_MASTERY|COMMUNICATE_REPRESENTATION|CHECK_REVISE|ESSENTIAL_QUESTION|EVIDENCE_QUALITY|LIMITATION|PROVENANCE,4,False,False,True,False,BOUND_REFERENCE_EVIDENCE_TASK,0,False,False,False,5,True,True,True,0,0,8,none,True,True,False,2860,1028,250,6ced44fb466e1cd7171092cbabf07a1c4872f955ce568738bbd3ae8b56e49f14,,"Without copying the brief, evaluate the candidate claim, interpret the evidence table, and apply the idea to a new example you create.",0
ma-g5-science-u02-l12,ma-g5-science,5,elementary,canonical-1.0.0,canonical-k8-elementary,2,12,Correction and reflection,remediation,STUDENT_WORK_SHEET,measurement precision,7,ERROR_ANALYSIS|COMMUNICATE_REPRESENTATION|CHECK_REVISE|ESSENTIAL_QUESTION|EVIDENCE_QUALITY|LIMITATION|PROVENANCE,3,False,False,True,False,BOUND_REFERENCE_EVIDENCE_TASK,0,False,False,False,5,True,True,True,0,0,8,none,True,True,False,2839,1028,244,5c7a3fc476de2afc2f91420637dd369299139d249a2baf91564eb04095af76a4,,"Locate one weakness in an earlier response, revise it with a named evidence code, and state what the revision fixes.",0
ma-g5-science-u03-l01,ma-g5-science,5,elementary,canonical-1.0.0,canonical-k8-elementary,3,1,Launch and diagnostic,concept,STUDENT_WORK_SHEET,physical changes,7,ACTIVATE_PRIOR|COMMUNICATE_REPRESENTATION|CHECK_REVISE|ESSENTIAL_QUESTION|EVIDENCE_QUALITY|LIMITATION|PROVENANCE,4,False,False,True,False,BOUND_REFERENCE_EVIDENCE_TASK,0,False,False,False,5,True,True,True,0,0,8,none,True,True,False,2854,1028,252,433cabcc1c48399a9349a9b0b4f8c9434774f2fbd14c6745ad73b236212eec06,,"Write an initial explanation, then mark which evidence item would most strongly change it.",0
ma-g5-science-u03-l02,ma-g5-science,5,elementary,canonical-1.0.0,canonical-k8-elementary,3,2,Concept model A,concept,STUDENT_WORK_SHEET,mixing substances,7,MODEL_BUILD|COMMUNICATE_REPRESENTATION|CHECK_REVISE|ESSENTIAL_QUESTION|EVIDENCE_QUALITY|LIMITATION|PROVENANCE,3,False,False,True,False,BOUND_REFERENCE_EVIDENCE_TASK,0,False,False,False,5,True,True,True,0,0,8,none,True,True,False,2830,1028,248,318d3a0b9b58a04c0a99b5037f84325706835806b3dfcf724236e56be997405f,,Build a labelled model that includes every accepted relationship in the science brief and test it against the case claim.,0
ma-g5-science-u03-l03,ma-g5-science,5,elementary,canonical-1.0.0,canonical-k8-elementary,3,3,Guided practice A,concept,STUDENT_WORK_SHEET,signs of chemical change,7,GUIDED_PRACTICE|COMMUNICATE_REPRESENTATION|CHECK_REVISE|ESSENTIAL_QUESTION|EVIDENCE_QUALITY|LIMITATION|PROVENANCE,4,False,False,True,False,BOUND_REFERENCE_EVIDENCE_TASK,0,False,False,False,5,True,True,True,0,0,8,none,True,True,False,2953,1028,257,75c2fe1f203c1fbe4e2c9fe7e6a9018906b71acaa3b7222eb25169817d0124a0,,Use E1 with E2 first; then add E3 and revise any conclusion that no longer fits.,0
ma-g5-science-u03-l04,ma-g5-science,5,elementary,canonical-1.0.0,canonical-k8-elementary,3,4,Independent application A,mastery,STUDENT_WORK_SHEET,conservation of mass,7,APPLY_INDEPENDENT|COMMUNICATE_REPRESENTATION|CHECK_REVISE|ESSENTIAL_QUESTION|EVIDENCE_QUALITY|LIMITATION|PROVENANCE,4,False,False,True,False,BOUND_REFERENCE_EVIDENCE_TASK,0,False,False,False,5,True,True,True,0,0,8,none,True,True,False,2928,1028,265,ef68e80aba41e07616b63726dbcc215bbd72138ca52c3fa852f6007b002372be,,Evaluate the case claim independently using at least two evidence codes and one stated limitation.,0
ma-g5-science-u03-l05,ma-g5-science,5,elementary,canonical-1.0.0,canonical-k8-elementary,3,5,Concept model B,concept,STUDENT_WORK_SHEET,open and closed systems,7,MODEL_BUILD|COMMUNICATE_REPRESENTATION|CHECK_REVISE|ESSENTIAL_QUESTION|EVIDENCE_QUALITY|LIMITATION|PROVENANCE,3,False,False,True,False,BOUND_REFERENCE_EVIDENCE_TASK,0,False,False,False,5,True,True,True,0,0,8,none,True,True,False,2878,1028,262,43037a4c6b66ece032ad95d7b9b4fc9238c100cc6c67f9982567adcafda8a32f,,Build a second representation of the same evidence and identify one feature the first model hid.,0
ma-g5-science-u03-l06,ma-g5-science,5,elementary,canonical-1.0.0,canonical-k8-elementary,3,6,Guided practice B,concept,STUDENT_WORK_SHEET,evidence from measurements,7,GUIDED_PRACTICE|COMMUNICATE_REPRESENTATION|CHECK_REVISE|ESSENTIAL_QUESTION|EVIDENCE_QUALITY|LIMITATION|PROVENANCE,3,False,False,True,False,BOUND_REFERENCE_EVIDENCE_TASK,0,False,False,False,5,True,True,True,0,0,8,none,True,True,False,2829,1028,250,a798ab8b7af56f9caeac81e2391f4eadb9628e2f8b1ff1ed21938526b170a83e,,"Sort all evidence as supports, challenges, or does not decide, and justify every placement.",0
ma-g5-science-u03-l07,ma-g5-science,5,elementary,canonical-1.0.0,canonical-k8-elementary,3,7,Investigation or close reading,inquiry/investigation,INVESTIGATION_DATA_SHEET,physical changes,7,ANALYZE_EVIDENCE|COMMUNICATE_REPRESENTATION|CHECK_REVISE|ESSENTIAL_QUESTION|EVIDENCE_QUALITY|LIMITATION|PROVENANCE,4,False,False,True,True,DOCUMENT_INVESTIGATION,0,False,False,False,5,True,True,True,0,0,8,direct-adult,True,True,False,3298,1026,241,433cabcc1c48399a9349a9b0b4f8c9434774f2fbd14c6745ad73b236212eec06,,Carry out the document investigation in the stated order and record the evidence tally before writing a conclusion.,0
ma-g5-science-u03-l08,ma-g5-science,5,elementary,canonical-1.0.0,canonical-k8-elementary,3,8,Reteach and varied practice,remediation,STUDENT_WORK_SHEET,mixing substances,7,ERROR_ANALYSIS|COMMUNICATE_REPRESENTATION|CHECK_REVISE|ESSENTIAL_QUESTION|EVIDENCE_QUALITY|LIMITATION|PROVENANCE,3,False,False,True,False,BOUND_REFERENCE_EVIDENCE_TASK,0,False,False,False,5,True,True,True,0,0,8,none,True,True,False,2825,1028,244,318d3a0b9b58a04c0a99b5037f84325706835806b3dfcf724236e56be997405f,,"Correct the candidate claim, explain the exact evidence that makes the correction necessary, and create one fresh example.",0
ma-g5-science-u03-l09,ma-g5-science,5,elementary,canonical-1.0.0,canonical-k8-elementary,3,9,Performance task build,assessment/project,INVESTIGATION_DATA_SHEET,signs of chemical change,7,BUILD_PRODUCT|COMMUNICATE_REPRESENTATION|CHECK_REVISE|ESSENTIAL_QUESTION|EVIDENCE_QUALITY|LIMITATION|PROVENANCE,4,False,False,True,True,DOCUMENT_INVESTIGATION,0,False,False,False,5,True,True,True,0,0,8,direct-adult,True,True,False,3459,1026,265,75c2fe1f203c1fbe4e2c9fe7e6a9018906b71acaa3b7222eb25169817d0124a0,,Use the supplied record to build a claim-evidence-reasoning product that another reader can check line by line.,0
ma-g5-science-u03-l10,ma-g5-science,5,elementary,canonical-1.0.0,canonical-k8-elementary,3,10,Synthesis and review,review,STUDENT_WORK_SHEET,conservation of mass,7,CONNECT_UNIT|COMMUNICATE_REPRESENTATION|CHECK_REVISE|ESSENTIAL_QUESTION|EVIDENCE_QUALITY|LIMITATION|PROVENANCE,4,False,False,True,False,BOUND_REFERENCE_EVIDENCE_TASK,0,False,False,False,5,True,True,True,0,0,8,none,True,True,False,2941,1028,273,ef68e80aba41e07616b63726dbcc215bbd72138ca52c3fa852f6007b002372be,,"Connect at least three evidence items, state the boundary of the conclusion, and answer the unit question.",0
ma-g5-science-u03-l11,ma-g5-science,5,elementary,canonical-1.0.0,canonical-k8-elementary,3,11,Unit assessment,assessment/project,STUDENT_WORK_SHEET,open and closed systems,7,DEMONSTRATE_MASTERY|COMMUNICATE_REPRESENTATION|CHECK_REVISE|ESSENTIAL_QUESTION|EVIDENCE_QUALITY|LIMITATION|PROVENANCE,3,False,False,True,False,BOUND_REFERENCE_EVIDENCE_TASK,0,False,False,False,5,True,True,True,0,0,8,none,True,True,False,2887,1028,271,43037a4c6b66ece032ad95d7b9b4fc9238c100cc6c67f9982567adcafda8a32f,,"Without copying the brief, evaluate the candidate claim, interpret the evidence table, and apply the idea to a new example you create.",0
ma-g5-science-u03-l12,ma-g5-science,5,elementary,canonical-1.0.0,canonical-k8-elementary,3,12,Correction and reflection,remediation,STUDENT_WORK_SHEET,evidence from measurements,7,ERROR_ANALYSIS|COMMUNICATE_REPRESENTATION|CHECK_REVISE|ESSENTIAL_QUESTION|EVIDENCE_QUALITY|LIMITATION|PROVENANCE,3,False,False,True,False,BOUND_REFERENCE_EVIDENCE_TASK,0,False,False,False,5,True,True,True,0,0,8,none,True,True,False,2843,1028,251,a798ab8b7af56f9caeac81e2391f4eadb9628e2f8b1ff1ed21938526b170a83e,,"Locate one weakness in an earlier response, revise it with a named evidence code, and state what the revision fixes.",0
ma-g5-science-u04-l01,ma-g5-science,5,elementary,canonical-1.0.0,canonical-k8-elementary,4,1,Launch and diagnostic,concept,STUDENT_WORK_SHEET,energy from the sun,7,ACTIVATE_PRIOR|COMMUNICATE_REPRESENTATION|CHECK_REVISE|ESSENTIAL_QUESTION|EVIDENCE_QUALITY|LIMITATION|PROVENANCE,4,False,False,True,False,BOUND_REFERENCE_EVIDENCE_TASK,0,False,False,False,5,True,True,True,0,0,8,none,True,True,False,2947,1028,266,fc7932a5996af70bcc8ac1380a9d5cde1849d7c9aa25511ccb7f9c2fb6cc2255,,"Write an initial explanation, then mark which evidence item would most strongly change it.",0
ma-g5-science-u04-l02,ma-g5-science,5,elementary,canonical-1.0.0,canonical-k8-elementary,4,2,Concept model A,concept,STUDENT_WORK_SHEET,energy in food,7,MODEL_BUILD|COMMUNICATE_REPRESENTATION|CHECK_REVISE|ESSENTIAL_QUESTION|EVIDENCE_QUALITY|LIMITATION|PROVENANCE,3,False,False,True,False,BOUND_REFERENCE_EVIDENCE_TASK,0,False,False,False,5,True,True,True,0,0,8,none,True,True,False,2854,1028,255,45474b1b39a744314bd0b900c0f0919a522764a565ab30decf65f7bdb696a4db,,Build a labelled model that includes every accepted relationship in the science brief and test it against the case claim.,0
ma-g5-science-u04-l03,ma-g5-science,5,elementary,canonical-1.0.0,canonical-k8-elementary,4,3,Guided practice A,concept,STUDENT_WORK_SHEET,food webs and energy transfer,7,GUIDED_PRACTICE|COMMUNICATE_REPRESENTATION|CHECK_REVISE|ESSENTIAL_QUESTION|EVIDENCE_QUALITY|LIMITATION|PROVENANCE,4,False,False,True,False,BOUND_REFERENCE_EVIDENCE_TASK,0,False,False,False,5,True,True,True,0,0,8,none,True,True,False,2960,1028,264,e6e4ea2eb2bf39249f33cd3b5581d346e53f07e4c59f092209e4f47e9523297e,,Use E1 with E2 first; then add E3 and revise any conclusion that no longer fits.,0
ma-g5-science-u04-l04,ma-g5-science,5,elementary,canonical-1.0.0,canonical-k8-elementary,4,4,Independent application A,mastery,STUDENT_WORK_SHEET,gravity,7,APPLY_INDEPENDENT|COMMUNICATE_REPRESENTATION|CHECK_REVISE|ESSENTIAL_QUESTION|EVIDENCE_QUALITY|LIMITATION|PROVENANCE,4,False,False,True,False,BOUND_REFERENCE_EVIDENCE_TASK,0,False,False,False,5,True,True,True,0,0,8,none,True,True,False,2900,1028,254,4fa023f150282b9278a8370553029eaf2ba1c5163b8f364d8ba83e4620834249,,Evaluate the case claim independently using at least two evidence codes and one stated limitation.,0
ma-g5-science-u04-l05,ma-g5-science,5,elementary,canonical-1.0.0,canonical-k8-elementary,4,5,Concept model B,concept,STUDENT_WORK_SHEET,motion observations,7,MODEL_BUILD|COMMUNICATE_REPRESENTATION|CHECK_REVISE|ESSENTIAL_QUESTION|EVIDENCE_QUALITY|LIMITATION|PROVENANCE,3,False,False,True,False,BOUND_REFERENCE_EVIDENCE_TASK,0,False,False,False,5,True,True,True,0,0,8,none,True,True,False,2825,1028,248,369c08b156fcf7e2b10cd38ebfcd4dd87da3d1033cdb8de08f2f0e6a7b7b1c2c,,Build a second representation of the same evidence and identify one feature the first model hid.,0
ma-g5-science-u04-l06,ma-g5-science,5,elementary,canonical-1.0.0,canonical-k8-elementary,4,6,Guided practice B,concept,STUDENT_WORK_SHEET,cause and effect,7,GUIDED_PRACTICE|COMMUNICATE_REPRESENTATION|CHECK_REVISE|ESSENTIAL_QUESTION|EVIDENCE_QUALITY|LIMITATION|PROVENANCE,3,False,False,True,False,BOUND_REFERENCE_EVIDENCE_TASK,0,False,False,False,5,True,True,True,0,0,8,none,True,True,False,2837,1028,250,41ff5121274806fb061e5cebbb8205159d182829067a667bab9c49ce708def7c,,"Sort all evidence as supports, challenges, or does not decide, and justify every placement.",0
ma-g5-science-u04-l07,ma-g5-science,5,elementary,canonical-1.0.0,canonical-k8-elementary,4,7,Investigation or close reading,inquiry/investigation,INVESTIGATION_DATA_SHEET,energy from the sun,7,ANALYZE_EVIDENCE|COMMUNICATE_REPRESENTATION|CHECK_REVISE|ESSENTIAL_QUESTION|EVIDENCE_QUALITY|LIMITATION|PROVENANCE,4,False,False,True,True,DOCUMENT_INVESTIGATION,0,False,False,False,5,True,True,True,0,0,8,direct-adult,True,True,False,3416,1026,255,fc7932a5996af70bcc8ac1380a9d5cde1849d7c9aa25511ccb7f9c2fb6cc2255,,Carry out the document investigation in the stated order and record the evidence tally before writing a conclusion.,0
ma-g5-science-u04-l08,ma-g5-science,5,elementary,canonical-1.0.0,canonical-k8-elementary,4,8,Reteach and varied practice,remediation,STUDENT_WORK_SHEET,energy in food,7,ERROR_ANALYSIS|COMMUNICATE_REPRESENTATION|CHECK_REVISE|ESSENTIAL_QUESTION|EVIDENCE_QUALITY|LIMITATION|PROVENANCE,3,False,False,True,False,BOUND_REFERENCE_EVIDENCE_TASK,0,False,False,False,5,True,True,True,0,0,8,none,True,True,False,2849,1028,251,45474b1b39a744314bd0b900c0f0919a522764a565ab30decf65f7bdb696a4db,,"Correct the candidate claim, explain the exact evidence that makes the correction necessary, and create one fresh example.",0
ma-g5-science-u04-l09,ma-g5-science,5,elementary,canonical-1.0.0,canonical-k8-elementary,4,9,Performance task build,assessment/project,INVESTIGATION_DATA_SHEET,food webs and energy transfer,7,BUILD_PRODUCT|COMMUNICATE_REPRESENTATION|CHECK_REVISE|ESSENTIAL_QUESTION|EVIDENCE_QUALITY|LIMITATION|PROVENANCE,4,False,False,True,True,DOCUMENT_INVESTIGATION,0,False,False,False,5,True,True,True,0,0,8,direct-adult,True,True,False,3458,1026,272,e6e4ea2eb2bf39249f33cd3b5581d346e53f07e4c59f092209e4f47e9523297e,,Use the supplied record to build a claim-evidence-reasoning product that another reader can check line by line.,0
ma-g5-science-u04-l10,ma-g5-science,5,elementary,canonical-1.0.0,canonical-k8-elementary,4,10,Synthesis and review,review,STUDENT_WORK_SHEET,gravity,7,CONNECT_UNIT|COMMUNICATE_REPRESENTATION|CHECK_REVISE|ESSENTIAL_QUESTION|EVIDENCE_QUALITY|LIMITATION|PROVENANCE,4,False,False,True,False,BOUND_REFERENCE_EVIDENCE_TASK,0,False,False,False,5,True,True,True,0,0,8,none,True,True,False,2910,1028,259,4fa023f150282b9278a8370553029eaf2ba1c5163b8f364d8ba83e4620834249,,"Connect at least three evidence items, state the boundary of the conclusion, and answer the unit question.",0
ma-g5-science-u04-l11,ma-g5-science,5,elementary,canonical-1.0.0,canonical-k8-elementary,4,11,Unit assessment,assessment/project,STUDENT_WORK_SHEET,motion observations,7,DEMONSTRATE_MASTERY|COMMUNICATE_REPRESENTATION|CHECK_REVISE|ESSENTIAL_QUESTION|EVIDENCE_QUALITY|LIMITATION|PROVENANCE,3,False,False,True,False,BOUND_REFERENCE_EVIDENCE_TASK,0,False,False,False,5,True,True,True,0,0,8,none,True,True,False,2834,1028,257,369c08b156fcf7e2b10cd38ebfcd4dd87da3d1033cdb8de08f2f0e6a7b7b1c2c,,"Without copying the brief, evaluate the candidate claim, interpret the evidence table, and apply the idea to a new example you create.",0
ma-g5-science-u04-l12,ma-g5-science,5,elementary,canonical-1.0.0,canonical-k8-elementary,4,12,Correction and reflection,remediation,STUDENT_WORK_SHEET,cause and effect,7,ERROR_ANALYSIS|COMMUNICATE_REPRESENTATION|CHECK_REVISE|ESSENTIAL_QUESTION|EVIDENCE_QUALITY|LIMITATION|PROVENANCE,3,False,False,True,False,BOUND_REFERENCE_EVIDENCE_TASK,0,False,False,False,5,True,True,True,0,0,8,none,True,True,False,2851,1028,251,41ff5121274806fb061e5cebbb8205159d182829067a667bab9c49ce708def7c,,"Locate one weakness in an earlier response, revise it with a named evidence code, and state what the revision fixes.",0
ma-g5-science-u05-l01,ma-g5-science,5,elementary,canonical-1.0.0,canonical-k8-elementary,5,1,Launch and diagnostic,concept,STUDENT_WORK_SHEET,plant growth needs,7,ACTIVATE_PRIOR|COMMUNICATE_REPRESENTATION|CHECK_REVISE|ESSENTIAL_QUESTION|EVIDENCE_QUALITY|LIMITATION|PROVENANCE,4,False,False,True,False,BOUND_REFERENCE_EVIDENCE_TASK,0,False,False,False,5,True,True,True,0,0,8,none,True,True,False,2896,1028,259,9769e7ded7ad433e7c9d39e78ffc5b01a6c7306b4ed5f66775c87d3f1dd36dee,,"Write an initial explanation, then mark which evidence item would most strongly change it.",0
ma-g5-science-u05-l02,ma-g5-science,5,elementary,canonical-1.0.0,canonical-k8-elementary,5,2,Concept model A,concept,STUDENT_WORK_SHEET,air and water as matter sources,7,MODEL_BUILD|COMMUNICATE_REPRESENTATION|CHECK_REVISE|ESSENTIAL_QUESTION|EVIDENCE_QUALITY|LIMITATION|PROVENANCE,4,False,False,True,False,BOUND_REFERENCE_EVIDENCE_TASK,0,False,False,False,5,True,True,True,0,0,8,none,True,True,False,2985,1028,276,4c9788ffd30a91a2896aa7f1fa42571eef2725f3f7cf7e06ee78e5c6f37288fa,,Build a labelled model that includes every accepted relationship in the science brief and test it against the case claim.,0
ma-g5-science-u05-l03,ma-g5-science,5,elementary,canonical-1.0.0,canonical-k8-elementary,5,3,Guided practice A,concept,STUDENT_WORK_SHEET,producers consumers decomposers,7,GUIDED_PRACTICE|COMMUNICATE_REPRESENTATION|CHECK_REVISE|ESSENTIAL_QUESTION|EVIDENCE_QUALITY|LIMITATION|PROVENANCE,4,False,False,True,False,BOUND_REFERENCE_EVIDENCE_TASK,0,False,False,False,5,True,True,True,0,0,8,none,True,True,False,2906,1028,250,12de34c9c5efa8834f285d4c3339f9168f702b82eee18380a25f96dc336bcb40,,Use E1 with E2 first; then add E3 and revise any conclusion that no longer fits.,0
ma-g5-science-u05-l04,ma-g5-science,5,elementary,canonical-1.0.0,canonical-k8-elementary,5,4,Independent application A,mastery,STUDENT_WORK_SHEET,food webs,7,APPLY_INDEPENDENT|COMMUNICATE_REPRESENTATION|CHECK_REVISE|ESSENTIAL_QUESTION|EVIDENCE_QUALITY|LIMITATION|PROVENANCE,3,False,False,True,False,BOUND_REFERENCE_EVIDENCE_TASK,0,False,False,False,5,True,True,True,0,0,8,none,True,True,False,2869,1028,255,92634ce0371ebdb26cf4351ce9ed9871ac9637017e54567adcc64b9b7c8cf5d1,,Evaluate the case claim independently using at least two evidence codes and one stated limitation.,0
ma-g5-science-u05-l05,ma-g5-science,5,elementary,canonical-1.0.0,canonical-k8-elementary,5,5,Concept model B,concept,STUDENT_WORK_SHEET,matter cycling,7,MODEL_BUILD|COMMUNICATE_REPRESENTATION|CHECK_REVISE|ESSENTIAL_QUESTION|EVIDENCE_QUALITY|LIMITATION|PROVENANCE,4,False,False,True,False,BOUND_REFERENCE_EVIDENCE_TASK,0,False,False,False,5,True,True,True,0,0,8,none,True,True,False,2862,1028,248,890b7aeaee52e63f29998e23c3ee23a7d37c46ce1435f6e24b2fb9108fb05120,,Build a second representation of the same evidence and identify one feature the first model hid.,0
ma-g5-science-u05-l06,ma-g5-science,5,elementary,canonical-1.0.0,canonical-k8-elementary,5,6,Guided practice B,concept,STUDENT_WORK_SHEET,ecosystem interdependence,7,GUIDED_PRACTICE|COMMUNICATE_REPRESENTATION|CHECK_REVISE|ESSENTIAL_QUESTION|EVIDENCE_QUALITY|LIMITATION|PROVENANCE,3,False,False,True,False,BOUND_REFERENCE_EVIDENCE_TASK,0,False,False,False,5,True,True,True,0,0,8,none,True,True,False,2829,1028,243,1708c5e3f630069c22b14b096bc4b1dd0cd4c1de52e0aa0ac92108708af663b5,,"Sort all evidence as supports, challenges, or does not decide, and justify every placement.",0
ma-g5-science-u05-l07,ma-g5-science,5,elementary,canonical-1.0.0,canonical-k8-elementary,5,7,Investigation or close reading,inquiry/investigation,INVESTIGATION_DATA_SHEET,plant growth needs,7,ANALYZE_EVIDENCE|COMMUNICATE_REPRESENTATION|CHECK_REVISE|ESSENTIAL_QUESTION|EVIDENCE_QUALITY|LIMITATION|PROVENANCE,4,False,False,True,True,DOCUMENT_INVESTIGATION,0,False,False,False,5,True,True,True,0,0,8,direct-adult,True,True,False,3349,1026,248,9769e7ded7ad433e7c9d39e78ffc5b01a6c7306b4ed5f66775c87d3f1dd36dee,,Carry out the document investigation in the stated order and record the evidence tally before writing a conclusion.,0
ma-g5-science-u05-l08,ma-g5-science,5,elementary,canonical-1.0.0,canonical-k8-elementary,5,8,Reteach and varied practice,remediation,STUDENT_WORK_SHEET,air and water as matter sources,7,ERROR_ANALYSIS|COMMUNICATE_REPRESENTATION|CHECK_REVISE|ESSENTIAL_QUESTION|EVIDENCE_QUALITY|LIMITATION|PROVENANCE,4,False,False,True,False,BOUND_REFERENCE_EVIDENCE_TASK,0,False,False,False,5,True,True,True,0,0,8,none,True,True,False,2980,1028,272,4c9788ffd30a91a2896aa7f1fa42571eef2725f3f7cf7e06ee78e5c6f37288fa,,"Correct the candidate claim, explain the exact evidence that makes the correction necessary, and create one fresh example.",0
ma-g5-science-u05-l09,ma-g5-science,5,elementary,canonical-1.0.0,canonical-k8-elementary,5,9,Performance task build,assessment/project,INVESTIGATION_DATA_SHEET,producers consumers decomposers,7,BUILD_PRODUCT|COMMUNICATE_REPRESENTATION|CHECK_REVISE|ESSENTIAL_QUESTION|EVIDENCE_QUALITY|LIMITATION|PROVENANCE,4,False,False,True,True,DOCUMENT_INVESTIGATION,0,False,False,False,5,True,True,True,0,0,8,direct-adult,True,True,False,3392,1026,258,12de34c9c5efa8834f285d4c3339f9168f702b82eee18380a25f96dc336bcb40,,Use the supplied record to build a claim-evidence-reasoning product that another reader can check line by line.,0
ma-g5-science-u05-l10,ma-g5-science,5,elementary,canonical-1.0.0,canonical-k8-elementary,5,10,Synthesis and review,review,STUDENT_WORK_SHEET,food webs,7,CONNECT_UNIT|COMMUNICATE_REPRESENTATION|CHECK_REVISE|ESSENTIAL_QUESTION|EVIDENCE_QUALITY|LIMITATION|PROVENANCE,3,False,False,True,False,BOUND_REFERENCE_EVIDENCE_TASK,0,False,False,False,5,True,True,True,0,0,8,none,True,True,False,2885,1028,266,92634ce0371ebdb26cf4351ce9ed9871ac9637017e54567adcc64b9b7c8cf5d1,,"Connect at least three evidence items, state the boundary of the conclusion, and answer the unit question.",0
ma-g5-science-u05-l11,ma-g5-science,5,elementary,canonical-1.0.0,canonical-k8-elementary,5,11,Unit assessment,assessment/project,STUDENT_WORK_SHEET,matter cycling,7,DEMONSTRATE_MASTERY|COMMUNICATE_REPRESENTATION|CHECK_REVISE|ESSENTIAL_QUESTION|EVIDENCE_QUALITY|LIMITATION|PROVENANCE,4,False,False,True,False,BOUND_REFERENCE_EVIDENCE_TASK,0,False,False,False,5,True,True,True,0,0,8,none,True,True,False,2871,1028,257,890b7aeaee52e63f29998e23c3ee23a7d37c46ce1435f6e24b2fb9108fb05120,,"Without copying the brief, evaluate the candidate claim, interpret the evidence table, and apply the idea to a new example you create.",0
ma-g5-science-u05-l12,ma-g5-science,5,elementary,canonical-1.0.0,canonical-k8-elementary,5,12,Correction and reflection,remediation,STUDENT_WORK_SHEET,ecosystem interdependence,7,ERROR_ANALYSIS|COMMUNICATE_REPRESENTATION|CHECK_REVISE|ESSENTIAL_QUESTION|EVIDENCE_QUALITY|LIMITATION|PROVENANCE,3,False,False,True,False,BOUND_REFERENCE_EVIDENCE_TASK,0,False,False,False,5,True,True,True,0,0,8,none,True,True,False,2843,1028,244,1708c5e3f630069c22b14b096bc4b1dd0cd4c1de52e0aa0ac92108708af663b5,,"Locate one weakness in an earlier response, revise it with a named evidence code, and state what the revision fixes.",0
ma-g5-science-u06-l01,ma-g5-science,5,elementary,canonical-1.0.0,canonical-k8-elementary,6,1,Launch and diagnostic,concept,STUDENT_WORK_SHEET,geosphere hydrosphere atmosphere biosphere,7,ACTIVATE_PRIOR|COMMUNICATE_REPRESENTATION|CHECK_REVISE|ESSENTIAL_QUESTION|EVIDENCE_QUALITY|LIMITATION|PROVENANCE,4,False,False,True,False,BOUND_REFERENCE_EVIDENCE_TASK,0,False,False,False,5,True,True,True,0,0,8,none,True,True,False,2902,1028,266,ba117a16c62f7ac3319481b2e60b0c84b1d4f45f20a1ae1904395f67409b2f73,,"Write an initial explanation, then mark which evidence item would most strongly change it.",0
ma-g5-science-u06-l02,ma-g5-science,5,elementary,canonical-1.0.0,canonical-k8-elementary,6,2,Concept model A,concept,STUDENT_WORK_SHEET,water distribution,7,MODEL_BUILD|COMMUNICATE_REPRESENTATION|CHECK_REVISE|ESSENTIAL_QUESTION|EVIDENCE_QUALITY|LIMITATION|PROVENANCE,4,False,False,True,False,BOUND_REFERENCE_EVIDENCE_TASK,0,False,False,False,5,True,True,True,0,0,8,none,True,True,False,2904,1028,248,997b5a4176bde38b92e2878a8eee4f5a914e9ee18c17ebe47e4a9f99701728d6,,Build a labelled model that includes every accepted relationship in the science brief and test it against the case claim.,0
ma-g5-science-u06-l03,ma-g5-science,5,elementary,canonical-1.0.0,canonical-k8-elementary,6,3,Guided practice A,concept,STUDENT_WORK_SHEET,surface water and groundwater,7,GUIDED_PRACTICE|COMMUNICATE_REPRESENTATION|CHECK_REVISE|ESSENTIAL_QUESTION|EVIDENCE_QUALITY|LIMITATION|PROVENANCE,3,False,False,True,False,BOUND_REFERENCE_EVIDENCE_TASK,0,False,False,False,5,True,True,True,0,0,8,none,True,True,False,2893,1028,257,a325548413c5dd9a5cc3328dc914741d209185075e8dc7cc8eebe5e06839b40b,,Use E1 with E2 first; then add E3 and revise any conclusion that no longer fits.,0
ma-g5-science-u06-l04,ma-g5-science,5,elementary,canonical-1.0.0,canonical-k8-elementary,6,4,Independent application A,mastery,STUDENT_WORK_SHEET,system interactions,7,APPLY_INDEPENDENT|COMMUNICATE_REPRESENTATION|CHECK_REVISE|ESSENTIAL_QUESTION|EVIDENCE_QUALITY|LIMITATION|PROVENANCE,3,False,False,True,False,BOUND_REFERENCE_EVIDENCE_TASK,0,False,False,False,5,True,True,True,0,0,8,none,True,True,False,2870,1028,259,6101ebe1e9d823724a1cd1925e01b518943f5f42be5016441e77888837fffd07,,Evaluate the case claim independently using at least two evidence codes and one stated limitation.,0
ma-g5-science-u06-l05,ma-g5-science,5,elementary,canonical-1.0.0,canonical-k8-elementary,6,5,Concept model B,concept,STUDENT_WORK_SHEET,maps and data,7,MODEL_BUILD|COMMUNICATE_REPRESENTATION|CHECK_REVISE|ESSENTIAL_QUESTION|EVIDENCE_QUALITY|LIMITATION|PROVENANCE,3,False,False,True,False,BOUND_REFERENCE_EVIDENCE_TASK,0,False,False,False,5,True,True,True,0,0,8,none,True,True,False,2882,1028,255,3a9b2cdb155b656d7434a3cde588740de2418ecf3e40d61db764defcd013da8e,,Build a second representation of the same evidence and identify one feature the first model hid.,0
ma-g5-science-u06-l06,ma-g5-science,5,elementary,canonical-1.0.0,canonical-k8-elementary,6,6,Guided practice B,concept,STUDENT_WORK_SHEET,regional water patterns,7,GUIDED_PRACTICE|COMMUNICATE_REPRESENTATION|CHECK_REVISE|ESSENTIAL_QUESTION|EVIDENCE_QUALITY|LIMITATION|PROVENANCE,3,False,False,True,False,BOUND_REFERENCE_EVIDENCE_TASK,0,False,False,False,5,True,True,True,0,0,8,none,True,True,False,2861,1028,250,1920b0e6531e66d45cf7f3859341ead8349ab32e695ca6abcdcd825cbb515009,,"Sort all evidence as supports, challenges, or does not decide, and justify every placement.",0
ma-g5-science-u06-l07,ma-g5-science,5,elementary,canonical-1.0.0,canonical-k8-elementary,6,7,Investigation or close reading,inquiry/investigation,INVESTIGATION_DATA_SHEET,geosphere hydrosphere atmosphere biosphere,7,ANALYZE_EVIDENCE|COMMUNICATE_REPRESENTATION|CHECK_REVISE|ESSENTIAL_QUESTION|EVIDENCE_QUALITY|LIMITATION|PROVENANCE,4,False,False,True,True,DOCUMENT_INVESTIGATION,0,False,False,False,5,True,True,True,0,0,8,direct-adult,True,True,False,3355,1026,255,ba117a16c62f7ac3319481b2e60b0c84b1d4f45f20a1ae1904395f67409b2f73,,Carry out the document investigation in the stated order and record the evidence tally before writing a conclusion.,0
ma-g5-science-u06-l08,ma-g5-science,5,elementary,canonical-1.0.0,canonical-k8-elementary,6,8,Reteach and varied practice,remediation,STUDENT_WORK_SHEET,water distribution,7,ERROR_ANALYSIS|COMMUNICATE_REPRESENTATION|CHECK_REVISE|ESSENTIAL_QUESTION|EVIDENCE_QUALITY|LIMITATION|PROVENANCE,4,False,False,True,False,BOUND_REFERENCE_EVIDENCE_TASK,0,False,False,False,5,True,True,True,0,0,8,none,True,True,False,2899,1028,244,997b5a4176bde38b92e2878a8eee4f5a914e9ee18c17ebe47e4a9f99701728d6,,"Correct the candidate claim, explain the exact evidence that makes the correction necessary, and create one fresh example.",0
ma-g5-science-u06-l09,ma-g5-science,5,elementary,canonical-1.0.0,canonical-k8-elementary,6,9,Performance task build,assessment/project,INVESTIGATION_DATA_SHEET,surface water and groundwater,7,BUILD_PRODUCT|COMMUNICATE_REPRESENTATION|CHECK_REVISE|ESSENTIAL_QUESTION|EVIDENCE_QUALITY|LIMITATION|PROVENANCE,3,False,False,True,True,DOCUMENT_INVESTIGATION,0,False,False,False,5,True,True,True,0,0,8,direct-adult,True,True,False,3367,1026,265,a325548413c5dd9a5cc3328dc914741d209185075e8dc7cc8eebe5e06839b40b,,Use the supplied record to build a claim-evidence-reasoning product that another reader can check line by line.,0
ma-g5-science-u06-l10,ma-g5-science,5,elementary,canonical-1.0.0,canonical-k8-elementary,6,10,Synthesis and review,review,STUDENT_WORK_SHEET,system interactions,7,CONNECT_UNIT|COMMUNICATE_REPRESENTATION|CHECK_REVISE|ESSENTIAL_QUESTION|EVIDENCE_QUALITY|LIMITATION|PROVENANCE,3,False,False,True,False,BOUND_REFERENCE_EVIDENCE_TASK,0,False,False,False,5,True,True,True,0,0,8,none,True,True,False,2882,1028,266,6101ebe1e9d823724a1cd1925e01b518943f5f42be5016441e77888837fffd07,,"Connect at least three evidence items, state the boundary of the conclusion, and answer the unit question.",0
ma-g5-science-u06-l11,ma-g5-science,5,elementary,canonical-1.0.0,canonical-k8-elementary,6,11,Unit assessment,assessment/project,STUDENT_WORK_SHEET,maps and data,7,DEMONSTRATE_MASTERY|COMMUNICATE_REPRESENTATION|CHECK_REVISE|ESSENTIAL_QUESTION|EVIDENCE_QUALITY|LIMITATION|PROVENANCE,3,False,False,True,False,BOUND_REFERENCE_EVIDENCE_TASK,0,False,False,False,5,True,True,True,0,0,8,none,True,True,False,2891,1028,264,3a9b2cdb155b656d7434a3cde588740de2418ecf3e40d61db764defcd013da8e,,"Without copying the brief, evaluate the candidate claim, interpret the evidence table, and apply the idea to a new example you create.",0
ma-g5-science-u06-l12,ma-g5-science,5,elementary,canonical-1.0.0,canonical-k8-elementary,6,12,Correction and reflection,remediation,STUDENT_WORK_SHEET,regional water patterns,7,ERROR_ANALYSIS|COMMUNICATE_REPRESENTATION|CHECK_REVISE|ESSENTIAL_QUESTION|EVIDENCE_QUALITY|LIMITATION|PROVENANCE,3,False,False,True,False,BOUND_REFERENCE_EVIDENCE_TASK,0,False,False,False,5,True,True,True,0,0,8,none,True,True,False,2875,1028,251,1920b0e6531e66d45cf7f3859341ead8349ab32e695ca6abcdcd825cbb515009,,"Locate one weakness in an earlier response, revise it with a named evidence code, and state what the revision fixes.",0
ma-g5-science-u07-l01,ma-g5-science,5,elementary,canonical-1.0.0,canonical-k8-elementary,7,1,Launch and diagnostic,concept,STUDENT_WORK_SHEET,star brightness and distance,7,ACTIVATE_PRIOR|COMMUNICATE_REPRESENTATION|CHECK_REVISE|ESSENTIAL_QUESTION|EVIDENCE_QUALITY|LIMITATION|PROVENANCE,4,False,False,True,False,BOUND_REFERENCE_EVIDENCE_TASK,0,False,False,False,5,True,True,True,0,0,8,none,True,True,False,2943,1028,266,77a79bbc86d3540b951056298ae4afd1acb19e865167cc776a660427fa063054,,"Write an initial explanation, then mark which evidence item would most strongly change it.",0
ma-g5-science-u07-l02,ma-g5-science,5,elementary,canonical-1.0.0,canonical-k8-elementary,7,2,Concept model A,concept,STUDENT_WORK_SHEET,sun as a star,7,MODEL_BUILD|COMMUNICATE_REPRESENTATION|CHECK_REVISE|ESSENTIAL_QUESTION|EVIDENCE_QUALITY|LIMITATION|PROVENANCE,4,False,False,True,False,BOUND_REFERENCE_EVIDENCE_TASK,0,False,False,False,5,True,True,True,0,0,8,none,True,True,False,2941,1028,262,bd38996a2d4ee5432bec768f5aa55205dd07b388639b6bf5bc395ac350691616,,Build a labelled model that includes every accepted relationship in the science brief and test it against the case claim.,0
ma-g5-science-u07-l03,ma-g5-science,5,elementary,canonical-1.0.0,canonical-k8-elementary,7,3,Guided practice A,concept,STUDENT_WORK_SHEET,daily shadow patterns,7,GUIDED_PRACTICE|COMMUNICATE_REPRESENTATION|CHECK_REVISE|ESSENTIAL_QUESTION|EVIDENCE_QUALITY|LIMITATION|PROVENANCE,4,False,False,True,False,BOUND_REFERENCE_EVIDENCE_TASK,0,False,False,False,5,True,True,True,0,0,8,none,True,True,False,2931,1028,250,d288d03f3d031239d71055c30f21c14240b4904c6e130d9e92f6011ed0a1adfb,,Use E1 with E2 first; then add E3 and revise any conclusion that no longer fits.,0
ma-g5-science-u07-l04,ma-g5-science,5,elementary,canonical-1.0.0,canonical-k8-elementary,7,4,Independent application A,mastery,STUDENT_WORK_SHEET,seasonal daylight patterns,7,APPLY_INDEPENDENT|COMMUNICATE_REPRESENTATION|CHECK_REVISE|ESSENTIAL_QUESTION|EVIDENCE_QUALITY|LIMITATION|PROVENANCE,4,False,False,True,False,BOUND_REFERENCE_EVIDENCE_TASK,0,False,False,False,5,True,True,True,0,0,8,none,True,True,False,2917,1028,267,d6bbe6e409fa548cdc16b39fdb823a2d9a5f81d8487a1a7ceda922bb56c6782a,,Evaluate the case claim independently using at least two evidence codes and one stated limitation.,0
ma-g5-science-u07-l05,ma-g5-science,5,elementary,canonical-1.0.0,canonical-k8-elementary,7,5,Concept model B,concept,STUDENT_WORK_SHEET,data over time,7,MODEL_BUILD|COMMUNICATE_REPRESENTATION|CHECK_REVISE|ESSENTIAL_QUESTION|EVIDENCE_QUALITY|LIMITATION|PROVENANCE,3,False,False,True,False,BOUND_REFERENCE_EVIDENCE_TASK,0,False,False,False,5,True,True,True,0,0,8,none,True,True,False,2866,1028,255,c0ec452dd969b7a256ee0af236f653695ea9277d741441ca29e5d63696dd86e5,,Build a second representation of the same evidence and identify one feature the first model hid.,0
ma-g5-science-u07-l06,ma-g5-science,5,elementary,canonical-1.0.0,canonical-k8-elementary,7,6,Guided practice B,concept,STUDENT_WORK_SHEET,scale models and limitations,7,GUIDED_PRACTICE|COMMUNICATE_REPRESENTATION|CHECK_REVISE|ESSENTIAL_QUESTION|EVIDENCE_QUALITY|LIMITATION|PROVENANCE,3,False,False,True,False,BOUND_REFERENCE_EVIDENCE_TASK,0,False,False,False,5,True,True,True,0,0,8,none,True,True,False,2890,1028,257,9ac32e97e77461882a42159a74827fe51c6058d5b2284aa8675105d3c84f1203,,"Sort all evidence as supports, challenges, or does not decide, and justify every placement.",0
ma-g5-science-u07-l07,ma-g5-science,5,elementary,canonical-1.0.0,canonical-k8-elementary,7,7,Investigation or close reading,inquiry/investigation,INVESTIGATION_DATA_SHEET,star brightness and distance,7,ANALYZE_EVIDENCE|COMMUNICATE_REPRESENTATION|CHECK_REVISE|ESSENTIAL_QUESTION|EVIDENCE_QUALITY|LIMITATION|PROVENANCE,4,False,False,True,True,DOCUMENT_INVESTIGATION,0,False,False,False,5,True,True,True,0,0,8,direct-adult,True,True,False,3416,1026,255,77a79bbc86d3540b951056298ae4afd1acb19e865167cc776a660427fa063054,,Carry out the document investigation in the stated order and record the evidence tally before writing a conclusion.,0
ma-g5-science-u07-l08,ma-g5-science,5,elementary,canonical-1.0.0,canonical-k8-elementary,7,8,Reteach and varied practice,remediation,STUDENT_WORK_SHEET,sun as a star,7,ERROR_ANALYSIS|COMMUNICATE_REPRESENTATION|CHECK_REVISE|ESSENTIAL_QUESTION|EVIDENCE_QUALITY|LIMITATION|PROVENANCE,4,False,False,True,False,BOUND_REFERENCE_EVIDENCE_TASK,0,False,False,False,5,True,True,True,0,0,8,none,True,True,False,2936,1028,258,bd38996a2d4ee5432bec768f5aa55205dd07b388639b6bf5bc395ac350691616,,"Correct the candidate claim, explain the exact evidence that makes the correction necessary, and create one fresh example.",0
ma-g5-science-u07-l09,ma-g5-science,5,elementary,canonical-1.0.0,canonical-k8-elementary,7,9,Performance task build,assessment/project,INVESTIGATION_DATA_SHEET,daily shadow patterns,7,BUILD_PRODUCT|COMMUNICATE_REPRESENTATION|CHECK_REVISE|ESSENTIAL_QUESTION|EVIDENCE_QUALITY|LIMITATION|PROVENANCE,4,False,False,True,True,DOCUMENT_INVESTIGATION,0,False,False,False,5,True,True,True,0,0,8,direct-adult,True,True,False,3435,1026,258,d288d03f3d031239d71055c30f21c14240b4904c6e130d9e92f6011ed0a1adfb,,Use the supplied record to build a claim-evidence-reasoning product that another reader can check line by line.,0
ma-g5-science-u07-l10,ma-g5-science,5,elementary,canonical-1.0.0,canonical-k8-elementary,7,10,Synthesis and review,review,STUDENT_WORK_SHEET,seasonal daylight patterns,7,CONNECT_UNIT|COMMUNICATE_REPRESENTATION|CHECK_REVISE|ESSENTIAL_QUESTION|EVIDENCE_QUALITY|LIMITATION|PROVENANCE,4,False,False,True,False,BOUND_REFERENCE_EVIDENCE_TASK,0,False,False,False,5,True,True,True,0,0,8,none,True,True,False,2931,1028,276,d6bbe6e409fa548cdc16b39fdb823a2d9a5f81d8487a1a7ceda922bb56c6782a,,"Connect at least three evidence items, state the boundary of the conclusion, and answer the unit question.",0
ma-g5-science-u07-l11,ma-g5-science,5,elementary,canonical-1.0.0,canonical-k8-elementary,7,11,Unit assessment,assessment/project,STUDENT_WORK_SHEET,data over time,7,DEMONSTRATE_MASTERY|COMMUNICATE_REPRESENTATION|CHECK_REVISE|ESSENTIAL_QUESTION|EVIDENCE_QUALITY|LIMITATION|PROVENANCE,3,False,False,True,False,BOUND_REFERENCE_EVIDENCE_TASK,0,False,False,False,5,True,True,True,0,0,8,none,True,True,False,2875,1028,264,c0ec452dd969b7a256ee0af236f653695ea9277d741441ca29e5d63696dd86e5,,"Without copying the brief, evaluate the candidate claim, interpret the evidence table, and apply the idea to a new example you create.",0
ma-g5-science-u07-l12,ma-g5-science,5,elementary,canonical-1.0.0,canonical-k8-elementary,7,12,Correction and reflection,remediation,STUDENT_WORK_SHEET,scale models and limitations,7,ERROR_ANALYSIS|COMMUNICATE_REPRESENTATION|CHECK_REVISE|ESSENTIAL_QUESTION|EVIDENCE_QUALITY|LIMITATION|PROVENANCE,3,False,False,True,False,BOUND_REFERENCE_EVIDENCE_TASK,0,False,False,False,5,True,True,True,0,0,8,none,True,True,False,2904,1028,258,9ac32e97e77461882a42159a74827fe51c6058d5b2284aa8675105d3c84f1203,,"Locate one weakness in an earlier response, revise it with a named evidence code, and state what the revision fixes.",0
ma-g5-science-u08-l01,ma-g5-science,5,elementary,canonical-1.0.0,canonical-k8-elementary,8,1,Launch and diagnostic,concept,STUDENT_WORK_SHEET,resource use,7,ACTIVATE_PRIOR|COMMUNICATE_REPRESENTATION|CHECK_REVISE|ESSENTIAL_QUESTION|EVIDENCE_QUALITY|LIMITATION|PROVENANCE,4,False,False,True,False,BOUND_REFERENCE_EVIDENCE_TASK,0,False,False,False,5,True,True,True,0,0,8,none,True,True,False,2858,1028,252,339d5c5131e7edef70950c949660a7cf06227d37b5749f942e74cddc789da2b9,,"Write an initial explanation, then mark which evidence item would most strongly change it.",0
ma-g5-science-u08-l02,ma-g5-science,5,elementary,canonical-1.0.0,canonical-k8-elementary,8,2,Concept model A,concept,STUDENT_WORK_SHEET,waste and pollution,7,MODEL_BUILD|COMMUNICATE_REPRESENTATION|CHECK_REVISE|ESSENTIAL_QUESTION|EVIDENCE_QUALITY|LIMITATION|PROVENANCE,3,False,False,True,False,BOUND_REFERENCE_EVIDENCE_TASK,0,False,False,False,5,True,True,True,0,0,8,none,True,True,False,2871,1028,255,3146cf6b944fa05df4a8491042cc3aeca3dcb49b7e1e68556cdbc5c3b2c73df8,,Build a labelled model that includes every accepted relationship in the science brief and test it against the case claim.,0
ma-g5-science-u08-l03,ma-g5-science,5,elementary,canonical-1.0.0,canonical-k8-elementary,8,3,Guided practice A,concept,STUDENT_WORK_SHEET,conservation strategies,7,GUIDED_PRACTICE|COMMUNICATE_REPRESENTATION|CHECK_REVISE|ESSENTIAL_QUESTION|EVIDENCE_QUALITY|LIMITATION|PROVENANCE,3,False,False,True,False,BOUND_REFERENCE_EVIDENCE_TASK,0,False,False,False,5,True,True,True,0,0,8,none,True,True,False,2826,1028,243,62cc0b0aedacbc60ee46402f4b9d994414c0bf570df687dd76abe3b02aa26e16,,Use E1 with E2 first; then add E3 and revise any conclusion that no longer fits.,0
ma-g5-science-u08-l04,ma-g5-science,5,elementary,canonical-1.0.0,canonical-k8-elementary,8,4,Independent application A,mastery,STUDENT_WORK_SHEET,community tradeoffs,7,APPLY_INDEPENDENT|COMMUNICATE_REPRESENTATION|CHECK_REVISE|ESSENTIAL_QUESTION|EVIDENCE_QUALITY|LIMITATION|PROVENANCE,3,False,False,True,False,BOUND_REFERENCE_EVIDENCE_TASK,0,False,False,False,5,True,True,True,0,0,8,none,True,True,False,2839,1028,258,ba0c0a71780c148ae5a021a36b1dec61e259e11f5f8a5941fcd48f1579a36387,,Evaluate the case claim independently using at least two evidence codes and one stated limitation.,0
ma-g5-science-u08-l05,ma-g5-science,5,elementary,canonical-1.0.0,canonical-k8-elementary,8,5,Concept model B,concept,STUDENT_WORK_SHEET,evidence-based decisions,7,MODEL_BUILD|COMMUNICATE_REPRESENTATION|CHECK_REVISE|ESSENTIAL_QUESTION|EVIDENCE_QUALITY|LIMITATION|PROVENANCE,3,False,False,True,False,BOUND_REFERENCE_EVIDENCE_TASK,0,False,False,False,5,True,True,True,0,0,8,none,True,True,False,2832,1028,248,2811ad057f31df18ea4ff0ede97b903be9215fc67e89170cd7a06a52b89de5ad,,Build a second representation of the same evidence and identify one feature the first model hid.,0
ma-g5-science-u08-l06,ma-g5-science,5,elementary,canonical-1.0.0,canonical-k8-elementary,8,6,Guided practice B,concept,STUDENT_WORK_SHEET,solution criteria,7,GUIDED_PRACTICE|COMMUNICATE_REPRESENTATION|CHECK_REVISE|ESSENTIAL_QUESTION|EVIDENCE_QUALITY|LIMITATION|PROVENANCE,3,False,False,True,False,BOUND_REFERENCE_EVIDENCE_TASK,0,False,True,True,5,True,True,True,0,0,8,none,True,True,False,2812,1028,243,10d5d6fc40e259fa9794acb67c33132ce38f1e030587cc14bdf3e46e7286e5b6,,"Sort all evidence as supports, challenges, or does not decide, and justify every placement.",0
ma-g5-science-u08-l07,ma-g5-science,5,elementary,canonical-1.0.0,canonical-k8-elementary,8,7,Investigation or close reading,inquiry/investigation,INVESTIGATION_DATA_SHEET,resource use,7,ANALYZE_EVIDENCE|COMMUNICATE_REPRESENTATION|CHECK_REVISE|ESSENTIAL_QUESTION|EVIDENCE_QUALITY|LIMITATION|PROVENANCE,4,False,False,True,True,DOCUMENT_INVESTIGATION,0,False,False,False,5,True,True,True,0,0,8,direct-adult,True,True,False,3304,1026,241,339d5c5131e7edef70950c949660a7cf06227d37b5749f942e74cddc789da2b9,,Carry out the document investigation in the stated order and record the evidence tally before writing a conclusion.,0
ma-g5-science-u08-l08,ma-g5-science,5,elementary,canonical-1.0.0,canonical-k8-elementary,8,8,Reteach and varied practice,remediation,STUDENT_WORK_SHEET,waste and pollution,7,ERROR_ANALYSIS|COMMUNICATE_REPRESENTATION|CHECK_REVISE|ESSENTIAL_QUESTION|EVIDENCE_QUALITY|LIMITATION|PROVENANCE,3,False,False,True,False,BOUND_REFERENCE_EVIDENCE_TASK,0,False,False,False,5,True,True,True,0,0,8,none,True,True,False,2866,1028,251,3146cf6b944fa05df4a8491042cc3aeca3dcb49b7e1e68556cdbc5c3b2c73df8,,"Correct the candidate claim, explain the exact evidence that makes the correction necessary, and create one fresh example.",0
ma-g5-science-u08-l09,ma-g5-science,5,elementary,canonical-1.0.0,canonical-k8-elementary,8,9,Performance task build,assessment/project,INVESTIGATION_DATA_SHEET,conservation strategies,7,BUILD_PRODUCT|COMMUNICATE_REPRESENTATION|CHECK_REVISE|ESSENTIAL_QUESTION|EVIDENCE_QUALITY|LIMITATION|PROVENANCE,3,False,False,True,True,DOCUMENT_INVESTIGATION,0,False,False,False,5,True,True,True,0,0,8,direct-adult,True,True,False,3284,1026,251,62cc0b0aedacbc60ee46402f4b9d994414c0bf570df687dd76abe3b02aa26e16,,Use the supplied record to build a claim-evidence-reasoning product that another reader can check line by line.,0
ma-g5-science-u08-l10,ma-g5-science,5,elementary,canonical-1.0.0,canonical-k8-elementary,8,10,Synthesis and review,review,STUDENT_WORK_SHEET,community tradeoffs,7,CONNECT_UNIT|COMMUNICATE_REPRESENTATION|CHECK_REVISE|ESSENTIAL_QUESTION|EVIDENCE_QUALITY|LIMITATION|PROVENANCE,3,False,False,True,False,BOUND_REFERENCE_EVIDENCE_TASK,0,False,False,False,5,True,True,True,0,0,8,none,True,True,False,2847,1028,261,ba0c0a71780c148ae5a021a36b1dec61e259e11f5f8a5941fcd48f1579a36387,,"Connect at least three evidence items, state the boundary of the conclusion, and answer the unit question.",0
ma-g5-science-u08-l11,ma-g5-science,5,elementary,canonical-1.0.0,canonical-k8-elementary,8,11,Unit assessment,assessment/project,STUDENT_WORK_SHEET,evidence-based decisions,7,DEMONSTRATE_MASTERY|COMMUNICATE_REPRESENTATION|CHECK_REVISE|ESSENTIAL_QUESTION|EVIDENCE_QUALITY|LIMITATION|PROVENANCE,3,False,False,True,False,BOUND_REFERENCE_EVIDENCE_TASK,0,False,False,False,5,True,True,True,0,0,8,none,True,True,False,2841,1028,257,2811ad057f31df18ea4ff0ede97b903be9215fc67e89170cd7a06a52b89de5ad,,"Without copying the brief, evaluate the candidate claim, interpret the evidence table, and apply the idea to a new example you create.",0
ma-g5-science-u08-l12,ma-g5-science,5,elementary,canonical-1.0.0,canonical-k8-elementary,8,12,Correction and reflection,remediation,STUDENT_WORK_SHEET,solution criteria,7,ERROR_ANALYSIS|COMMUNICATE_REPRESENTATION|CHECK_REVISE|ESSENTIAL_QUESTION|EVIDENCE_QUALITY|LIMITATION|PROVENANCE,3,False,False,True,False,BOUND_REFERENCE_EVIDENCE_TASK,0,False,True,True,5,True,True,True,0,0,8,none,True,True,False,2826,1028,244,10d5d6fc40e259fa9794acb67c33132ce38f1e030587cc14bdf3e46e7286e5b6,,"Locate one weakness in an earlier response, revise it with a named evidence code, and state what the revision fixes.",0
ma-g5-science-u09-l01,ma-g5-science,5,elementary,canonical-1.0.0,canonical-k8-elementary,9,1,Launch and diagnostic,concept,STUDENT_WORK_SHEET,systems thinking,7,ACTIVATE_PRIOR|COMMUNICATE_REPRESENTATION|CHECK_REVISE|ESSENTIAL_QUESTION|EVIDENCE_QUALITY|LIMITATION|PROVENANCE,3,False,False,True,False,BOUND_REFERENCE_EVIDENCE_TASK,0,False,False,True,5,True,True,True,0,0,8,none,True,True,False,2849,1028,252,572405a5644b86d9a8c852d8deb7bbb034d4be87d67ad88d5f0ea5078500af4f,,"Write an initial explanation, then mark which evidence item would most strongly change it.",0
ma-g5-science-u09-l02,ma-g5-science,5,elementary,canonical-1.0.0,canonical-k8-elementary,9,2,Concept model A,concept,STUDENT_WORK_SHEET,cause and effect,7,MODEL_BUILD|COMMUNICATE_REPRESENTATION|CHECK_REVISE|ESSENTIAL_QUESTION|EVIDENCE_QUALITY|LIMITATION|PROVENANCE,3,False,False,True,False,BOUND_REFERENCE_EVIDENCE_TASK,0,False,False,True,5,True,True,True,0,0,8,none,True,True,False,2854,1028,255,96a901c6fb615be43192b2af5bfbcb54ad3883ee9d14c19ecf686bedcfea00b6,,Build a labelled model that includes every accepted relationship in the science brief and test it against the case claim.,0
ma-g5-science-u09-l03,ma-g5-science,5,elementary,canonical-1.0.0,canonical-k8-elementary,9,3,Guided practice A,concept,STUDENT_WORK_SHEET,energy and matter,7,GUIDED_PRACTICE|COMMUNICATE_REPRESENTATION|CHECK_REVISE|ESSENTIAL_QUESTION|EVIDENCE_QUALITY|LIMITATION|PROVENANCE,4,False,False,True,False,BOUND_REFERENCE_EVIDENCE_TASK,0,False,False,True,5,True,True,True,0,0,8,none,True,True,False,2880,1028,250,aa214dc41ca035b55d79abf7c292065e9c6ffc5298ad591d2296d4839c9429aa,,Use E1 with E2 first; then add E3 and revise any conclusion that no longer fits.,0
ma-g5-science-u09-l04,ma-g5-science,5,elementary,canonical-1.0.0,canonical-k8-elementary,9,4,Independent application A,mastery,STUDENT_WORK_SHEET,data communication,7,APPLY_INDEPENDENT|COMMUNICATE_REPRESENTATION|CHECK_REVISE|ESSENTIAL_QUESTION|EVIDENCE_QUALITY|LIMITATION|PROVENANCE,3,False,False,True,False,BOUND_REFERENCE_EVIDENCE_TASK,0,True,False,True,5,True,True,True,0,0,8,none,True,True,False,2856,1028,261,e02007b6752e0761a6d4b94cb5a486b84aa13d4b6ce38e6dbef210ed4d734330,,Evaluate the case claim independently using at least two evidence codes and one stated limitation.,0
ma-g5-science-u09-l05,ma-g5-science,5,elementary,canonical-1.0.0,canonical-k8-elementary,9,5,Concept model B,concept,STUDENT_WORK_SHEET,design iteration,7,MODEL_BUILD|COMMUNICATE_REPRESENTATION|CHECK_REVISE|ESSENTIAL_QUESTION|EVIDENCE_QUALITY|LIMITATION|PROVENANCE,3,False,False,True,False,BOUND_REFERENCE_EVIDENCE_TASK,0,False,True,True,5,True,True,True,0,0,8,none,True,True,False,2823,1028,248,b95e38062c909ebf2f45eccd47c764ac339874bd15e7f0cdb08411f19e3f018a,,Build a second representation of the same evidence and identify one feature the first model hid.,0
ma-g5-science-u09-l06,ma-g5-science,5,elementary,canonical-1.0.0,canonical-k8-elementary,9,6,Guided practice B,concept,STUDENT_WORK_SHEET,scientific argument,7,GUIDED_PRACTICE|COMMUNICATE_REPRESENTATION|CHECK_REVISE|ESSENTIAL_QUESTION|EVIDENCE_QUALITY|LIMITATION|PROVENANCE,3,False,False,True,False,BOUND_REFERENCE_EVIDENCE_TASK,0,False,False,True,5,True,True,True,0,0,8,none,True,True,False,2805,1028,243,b109bc90cc660f89e800a71084f6bb2254698ec2ae3a342ec3a623ea15e10c0b,,"Sort all evidence as supports, challenges, or does not decide, and justify every placement.",0
ma-g5-science-u09-l07,ma-g5-science,5,elementary,canonical-1.0.0,canonical-k8-elementary,9,7,Investigation or close reading,inquiry/investigation,INVESTIGATION_DATA_SHEET,systems thinking,7,ANALYZE_EVIDENCE|COMMUNICATE_REPRESENTATION|CHECK_REVISE|ESSENTIAL_QUESTION|EVIDENCE_QUALITY|LIMITATION|PROVENANCE,3,False,False,True,True,DOCUMENT_INVESTIGATION,0,False,False,True,5,True,True,True,0,0,8,direct-adult,True,True,False,3287,1026,241,572405a5644b86d9a8c852d8deb7bbb034d4be87d67ad88d5f0ea5078500af4f,,Carry out the document investigation in the stated order and record the evidence tally before writing a conclusion.,0
ma-g5-science-u09-l08,ma-g5-science,5,elementary,canonical-1.0.0,canonical-k8-elementary,9,8,Reteach and varied practice,remediation,STUDENT_WORK_SHEET,cause and effect,7,ERROR_ANALYSIS|COMMUNICATE_REPRESENTATION|CHECK_REVISE|ESSENTIAL_QUESTION|EVIDENCE_QUALITY|LIMITATION|PROVENANCE,3,False,False,True,False,BOUND_REFERENCE_EVIDENCE_TASK,0,False,False,True,5,True,True,True,0,0,8,none,True,True,False,2849,1028,251,96a901c6fb615be43192b2af5bfbcb54ad3883ee9d14c19ecf686bedcfea00b6,,"Correct the candidate claim, explain the exact evidence that makes the correction necessary, and create one fresh example.",0
ma-g5-science-u09-l09,ma-g5-science,5,elementary,canonical-1.0.0,canonical-k8-elementary,9,9,Performance task build,assessment/project,INVESTIGATION_DATA_SHEET,energy and matter,7,BUILD_PRODUCT|COMMUNICATE_REPRESENTATION|CHECK_REVISE|ESSENTIAL_QUESTION|EVIDENCE_QUALITY|LIMITATION|PROVENANCE,4,False,False,True,True,DOCUMENT_INVESTIGATION,0,False,False,True,5,True,True,True,0,0,8,direct-adult,True,True,False,3359,1026,258,aa214dc41ca035b55d79abf7c292065e9c6ffc5298ad591d2296d4839c9429aa,,Use the supplied record to build a claim-evidence-reasoning product that another reader can check line by line.,0
ma-g5-science-u09-l10,ma-g5-science,5,elementary,canonical-1.0.0,canonical-k8-elementary,9,10,Synthesis and review,review,STUDENT_WORK_SHEET,data communication,7,CONNECT_UNIT|COMMUNICATE_REPRESENTATION|CHECK_REVISE|ESSENTIAL_QUESTION|EVIDENCE_QUALITY|LIMITATION|PROVENANCE,3,False,False,True,False,BOUND_REFERENCE_EVIDENCE_TASK,0,False,False,True,5,True,True,True,0,0,8,none,True,True,False,2862,1028,262,e02007b6752e0761a6d4b94cb5a486b84aa13d4b6ce38e6dbef210ed4d734330,,"Connect at least three evidence items, state the boundary of the conclusion, and answer the unit question.",0
ma-g5-science-u09-l11,ma-g5-science,5,elementary,canonical-1.0.0,canonical-k8-elementary,9,11,Unit assessment,assessment/project,STUDENT_WORK_SHEET,design iteration,7,DEMONSTRATE_MASTERY|COMMUNICATE_REPRESENTATION|CHECK_REVISE|ESSENTIAL_QUESTION|EVIDENCE_QUALITY|LIMITATION|PROVENANCE,3,False,False,True,False,BOUND_REFERENCE_EVIDENCE_TASK,0,False,True,True,5,True,True,True,0,0,8,none,True,True,False,2832,1028,257,b95e38062c909ebf2f45eccd47c764ac339874bd15e7f0cdb08411f19e3f018a,,"Without copying the brief, evaluate the candidate claim, interpret the evidence table, and apply the idea to a new example you create.",0
ma-g5-science-u09-l12,ma-g5-science,5,elementary,canonical-1.0.0,canonical-k8-elementary,9,12,Correction and reflection,remediation,STUDENT_WORK_SHEET,scientific argument,7,ERROR_ANALYSIS|COMMUNICATE_REPRESENTATION|CHECK_REVISE|ESSENTIAL_QUESTION|EVIDENCE_QUALITY|LIMITATION|PROVENANCE,3,False,False,True,False,BOUND_REFERENCE_EVIDENCE_TASK,0,False,False,True,5,True,True,True,0,0,8,none,True,True,False,2819,1028,244,b109bc90cc660f89e800a71084f6bb2254698ec2ae3a342ec3a623ea15e10c0b,,"Locate one weakness in an earlier response, revise it with a named evidence code, and state what the revision fixes.",0
ma-g7-science-u01-l01,ma-g7-science,7,middle,canonical-1.0.0,canonical-k8-middle,1,1,Launch and diagnostic,concept,STUDENT_WORK_SHEET,atomic and molecular models,7,ACTIVATE_PRIOR|COMMUNICATE_REPRESENTATION|CHECK_REVISE|ESSENTIAL_QUESTION|EVIDENCE_QUALITY|LIMITATION|PROVENANCE,4,False,False,True,False,BOUND_REFERENCE_EVIDENCE_TASK,0,False,False,False,5,True,True,True,0,0,8,none,True,True,False,2785,863,266,f3947893d4d81b335a02563a370c4b12817da0d16e674ef75e1293dcfbcebb21,,"Write an initial explanation, then mark which evidence item would most strongly change it.",0
ma-g7-science-u01-l02,ma-g7-science,7,middle,canonical-1.0.0,canonical-k8-middle,1,2,Concept model A,concept,STUDENT_WORK_SHEET,pure substances and mixtures,7,MODEL_BUILD|COMMUNICATE_REPRESENTATION|CHECK_REVISE|ESSENTIAL_QUESTION|EVIDENCE_QUALITY|LIMITATION|PROVENANCE,4,False,False,True,False,BOUND_REFERENCE_EVIDENCE_TASK,0,False,False,False,5,True,True,True,0,0,8,none,True,True,False,2755,863,262,2346e3c3f5fa41c35a7fa7f43160bb17ad748fe8f48c564b165c650624c93ba7,,Build a labelled model that includes every accepted relationship in the science brief and test it against the case claim.,0
ma-g7-science-u01-l03,ma-g7-science,7,middle,canonical-1.0.0,canonical-k8-middle,1,3,Guided practice A,concept,STUDENT_WORK_SHEET,physical and chemical properties,7,GUIDED_PRACTICE|COMMUNICATE_REPRESENTATION|CHECK_REVISE|ESSENTIAL_QUESTION|EVIDENCE_QUALITY|LIMITATION|PROVENANCE,3,False,False,True,False,BOUND_REFERENCE_EVIDENCE_TASK,0,False,False,False,5,True,True,True,0,0,8,none,True,True,False,2717,863,257,0d27781f13e19c5e72469a0d7e7e34cba4c276b841c70f1c005e2431e388c687,,Use E1 with E2 first; then add E3 and revise any conclusion that no longer fits.,0
ma-g7-science-u01-l04,ma-g7-science,7,middle,canonical-1.0.0,canonical-k8-middle,1,4,Independent application A,mastery,STUDENT_WORK_SHEET,synthetic materials,7,APPLY_INDEPENDENT|COMMUNICATE_REPRESENTATION|CHECK_REVISE|ESSENTIAL_QUESTION|EVIDENCE_QUALITY|LIMITATION|PROVENANCE,3,False,False,True,False,BOUND_REFERENCE_EVIDENCE_TASK,0,False,False,False,5,True,True,True,0,0,8,none,True,True,False,2698,863,257,343313e50b7ed31ff356c83d3c02038f8d6618e4551e321e7a6e7f60b249fb3d,,Evaluate the case claim independently using at least two evidence codes and one stated limitation.,0
ma-g7-science-u01-l05,ma-g7-science,7,middle,canonical-1.0.0,canonical-k8-middle,1,5,Concept model B,concept,STUDENT_WORK_SHEET,model limitations,7,MODEL_BUILD|COMMUNICATE_REPRESENTATION|CHECK_REVISE|ESSENTIAL_QUESTION|EVIDENCE_QUALITY|LIMITATION|PROVENANCE,3,False,False,True,False,BOUND_REFERENCE_EVIDENCE_TASK,0,False,False,False,5,True,True,True,0,0,8,none,True,True,False,2686,863,248,1e6989a7964dbcfc55ccbebef3aecb5e06d1a41d14c63c163307f8668a119343,,Build a second representation of the same evidence and identify one feature the first model hid.,0
ma-g7-science-u01-l06,ma-g7-science,7,middle,canonical-1.0.0,canonical-k8-middle,1,6,Guided practice B,concept,STUDENT_WORK_SHEET,evidence from properties,7,GUIDED_PRACTICE|COMMUNICATE_REPRESENTATION|CHECK_REVISE|ESSENTIAL_QUESTION|EVIDENCE_QUALITY|LIMITATION|PROVENANCE,3,False,False,True,False,BOUND_REFERENCE_EVIDENCE_TASK,0,False,False,False,5,True,True,True,0,0,8,none,True,True,False,2668,863,250,ed4a3d56c00ec744da0fdc0c9cf4422f6e67d447d0142cf765ae2cd5404daae7,,"Sort all evidence as supports, challenges, or does not decide, and justify every placement.",0
ma-g7-science-u01-l07,ma-g7-science,7,middle,canonical-1.0.0,canonical-k8-middle,1,7,Investigation or close reading,inquiry/investigation,INVESTIGATION_DATA_SHEET,atomic and molecular models,7,ANALYZE_EVIDENCE|COMMUNICATE_REPRESENTATION|CHECK_REVISE|ESSENTIAL_QUESTION|EVIDENCE_QUALITY|LIMITATION|PROVENANCE,4,False,False,True,True,DOCUMENT_INVESTIGATION,0,False,False,False,5,True,True,True,0,0,8,direct-adult,True,True,False,3258,861,255,f3947893d4d81b335a02563a370c4b12817da0d16e674ef75e1293dcfbcebb21,,Carry out the document investigation in the stated order and record the evidence tally before writing a conclusion.,0
ma-g7-science-u01-l08,ma-g7-science,7,middle,canonical-1.0.0,canonical-k8-middle,1,8,Reteach and varied practice,remediation,STUDENT_WORK_SHEET,pure substances and mixtures,7,ERROR_ANALYSIS|COMMUNICATE_REPRESENTATION|CHECK_REVISE|ESSENTIAL_QUESTION|EVIDENCE_QUALITY|LIMITATION|PROVENANCE,4,False,False,True,False,BOUND_REFERENCE_EVIDENCE_TASK,0,False,False,False,5,True,True,True,0,0,8,none,True,True,False,2750,863,258,2346e3c3f5fa41c35a7fa7f43160bb17ad748fe8f48c564b165c650624c93ba7,,"Correct the candidate claim, explain the exact evidence that makes the correction necessary, and create one fresh example.",0
ma-g7-science-u01-l09,ma-g7-science,7,middle,canonical-1.0.0,canonical-k8-middle,1,9,Performance task build,assessment/project,INVESTIGATION_DATA_SHEET,physical and chemical properties,7,BUILD_PRODUCT|COMMUNICATE_REPRESENTATION|CHECK_REVISE|ESSENTIAL_QUESTION|EVIDENCE_QUALITY|LIMITATION|PROVENANCE,3,False,False,True,True,DOCUMENT_INVESTIGATION,0,False,False,False,5,True,True,True,0,0,8,direct-adult,True,True,False,3188,861,265,0d27781f13e19c5e72469a0d7e7e34cba4c276b841c70f1c005e2431e388c687,,Use the supplied record to build a claim-evidence-reasoning product that another reader can check line by line.,0
ma-g7-science-u01-l10,ma-g7-science,7,middle,canonical-1.0.0,canonical-k8-middle,1,10,Synthesis and review,review,STUDENT_WORK_SHEET,synthetic materials,7,CONNECT_UNIT|COMMUNICATE_REPRESENTATION|CHECK_REVISE|ESSENTIAL_QUESTION|EVIDENCE_QUALITY|LIMITATION|PROVENANCE,3,False,False,True,False,BOUND_REFERENCE_EVIDENCE_TASK,0,False,False,False,5,True,True,True,0,0,8,none,True,True,False,2713,863,267,343313e50b7ed31ff356c83d3c02038f8d6618e4551e321e7a6e7f60b249fb3d,,"Connect at least three evidence items, state the boundary of the conclusion, and answer the unit question.",0
ma-g7-science-u01-l11,ma-g7-science,7,middle,canonical-1.0.0,canonical-k8-middle,1,11,Unit assessment,assessment/project,STUDENT_WORK_SHEET,model limitations,7,DEMONSTRATE_MASTERY|COMMUNICATE_REPRESENTATION|CHECK_REVISE|ESSENTIAL_QUESTION|EVIDENCE_QUALITY|LIMITATION|PROVENANCE,3,False,False,True,False,BOUND_REFERENCE_EVIDENCE_TASK,0,False,False,False,5,True,True,True,0,0,8,none,True,True,False,2695,863,257,1e6989a7964dbcfc55ccbebef3aecb5e06d1a41d14c63c163307f8668a119343,,"Without copying the brief, evaluate the candidate claim, interpret the evidence table, and apply the idea to a new example you create.",0
ma-g7-science-u01-l12,ma-g7-science,7,middle,canonical-1.0.0,canonical-k8-middle,1,12,Correction and reflection,remediation,STUDENT_WORK_SHEET,evidence from properties,7,ERROR_ANALYSIS|COMMUNICATE_REPRESENTATION|CHECK_REVISE|ESSENTIAL_QUESTION|EVIDENCE_QUALITY|LIMITATION|PROVENANCE,3,False,False,True,False,BOUND_REFERENCE_EVIDENCE_TASK,0,False,False,False,5,True,True,True,0,0,8,none,True,True,False,2682,863,251,ed4a3d56c00ec744da0fdc0c9cf4422f6e67d447d0142cf765ae2cd5404daae7,,"Locate one weakness in an earlier response, revise it with a named evidence code, and state what the revision fixes.",0
ma-g7-science-u02-l01,ma-g7-science,7,middle,canonical-1.0.0,canonical-k8-middle,2,1,Launch and diagnostic,concept,STUDENT_WORK_SHEET,signs of reaction,7,ACTIVATE_PRIOR|COMMUNICATE_REPRESENTATION|CHECK_REVISE|ESSENTIAL_QUESTION|EVIDENCE_QUALITY|LIMITATION|PROVENANCE,3,False,False,True,False,BOUND_REFERENCE_EVIDENCE_TASK,0,False,False,True,5,True,True,True,0,0,8,none,True,True,False,2723,863,259,3d36c067aae01dc93db65e1135fac5d5ef7e8c6270d052be1561fc2f4d84a268,,"Write an initial explanation, then mark which evidence item would most strongly change it.",0
ma-g7-science-u02-l02,ma-g7-science,7,middle,canonical-1.0.0,canonical-k8-middle,2,2,Concept model A,concept,STUDENT_WORK_SHEET,reactants and products,7,MODEL_BUILD|COMMUNICATE_REPRESENTATION|CHECK_REVISE|ESSENTIAL_QUESTION|EVIDENCE_QUALITY|LIMITATION|PROVENANCE,4,False,False,True,False,BOUND_REFERENCE_EVIDENCE_TASK,0,False,False,True,5,True,True,True,0,0,8,none,True,True,False,2725,863,255,c1b77ce3b60e1e4ee933f8326cb33ca2124dd924d591552e994325e70354872f,,Build a labelled model that includes every accepted relationship in the science brief and test it against the case claim.,0
ma-g7-science-u02-l03,ma-g7-science,7,middle,canonical-1.0.0,canonical-k8-middle,2,3,Guided practice A,concept,STUDENT_WORK_SHEET,conservation of atoms,7,GUIDED_PRACTICE|COMMUNICATE_REPRESENTATION|CHECK_REVISE|ESSENTIAL_QUESTION|EVIDENCE_QUALITY|LIMITATION|PROVENANCE,4,False,False,True,False,BOUND_REFERENCE_EVIDENCE_TASK,0,False,False,True,5,True,True,True,0,0,8,none,True,True,False,2740,863,250,ddb4ec536d608df4236541031062218db1edfbddf76ff712e835f72858d12815,,Use E1 with E2 first; then add E3 and revise any conclusion that no longer fits.,0
ma-g7-science-u02-l04,ma-g7-science,7,middle,canonical-1.0.0,canonical-k8-middle,2,4,Independent application A,mastery,STUDENT_WORK_SHEET,thermal changes,7,APPLY_INDEPENDENT|COMMUNICATE_REPRESENTATION|CHECK_REVISE|ESSENTIAL_QUESTION|EVIDENCE_QUALITY|LIMITATION|PROVENANCE,4,False,False,True,False,BOUND_REFERENCE_EVIDENCE_TASK,0,False,False,True,5,True,True,True,0,0,8,none,True,True,False,2707,863,258,a6526f331d23a24624b1e64800ead757a97540b9f38573f25f6c631e4e8d807c,,Evaluate the case claim independently using at least two evidence codes and one stated limitation.,0
ma-g7-science-u02-l05,ma-g7-science,7,middle,canonical-1.0.0,canonical-k8-middle,2,5,Concept model B,concept,STUDENT_WORK_SHEET,reaction evidence,7,MODEL_BUILD|COMMUNICATE_REPRESENTATION|CHECK_REVISE|ESSENTIAL_QUESTION|EVIDENCE_QUALITY|LIMITATION|PROVENANCE,3,False,False,True,False,BOUND_REFERENCE_EVIDENCE_TASK,0,False,False,True,5,True,True,True,0,0,8,none,True,True,False,2688,863,248,6b8b03ce5707f7af40c08b3a9838b9fd5e69f2dd6167d086f4d4a0b9844b3ecd,,Build a second representation of the same evidence and identify one feature the first model hid.,0
ma-g7-science-u02-l06,ma-g7-science,7,middle,canonical-1.0.0,canonical-k8-middle,2,6,Guided practice B,concept,STUDENT_WORK_SHEET,designing a heat-transfer device,7,GUIDED_PRACTICE|COMMUNICATE_REPRESENTATION|CHECK_REVISE|ESSENTIAL_QUESTION|EVIDENCE_QUALITY|LIMITATION|PROVENANCE,3,False,False,True,False,BOUND_REFERENCE_EVIDENCE_TASK,0,False,True,True,5,True,True,True,0,0,8,none,True,True,False,2705,863,257,f7c35c96edbd623a95574dccb2878915436efa55f7f4a4ddcb1a290fc7cc8306,,"Sort all evidence as supports, challenges, or does not decide, and justify every placement.",0
ma-g7-science-u02-l07,ma-g7-science,7,middle,canonical-1.0.0,canonical-k8-middle,2,7,Investigation or close reading,inquiry/investigation,INVESTIGATION_DATA_SHEET,signs of reaction,7,ANALYZE_EVIDENCE|COMMUNICATE_REPRESENTATION|CHECK_REVISE|ESSENTIAL_QUESTION|EVIDENCE_QUALITY|LIMITATION|PROVENANCE,3,False,False,True,True,DOCUMENT_INVESTIGATION,0,False,False,True,5,True,True,True,0,0,8,direct-adult,True,True,False,3169,861,248,3d36c067aae01dc93db65e1135fac5d5ef7e8c6270d052be1561fc2f4d84a268,,Carry out the document investigation in the stated order and record the evidence tally before writing a conclusion.,0
ma-g7-science-u02-l08,ma-g7-science,7,middle,canonical-1.0.0,canonical-k8-middle,2,8,Reteach and varied practice,remediation,STUDENT_WORK_SHEET,reactants and products,7,ERROR_ANALYSIS|COMMUNICATE_REPRESENTATION|CHECK_REVISE|ESSENTIAL_QUESTION|EVIDENCE_QUALITY|LIMITATION|PROVENANCE,4,False,False,True,False,BOUND_REFERENCE_EVIDENCE_TASK,0,False,False,True,5,True,True,True,0,0,8,none,True,True,False,2720,863,251,c1b77ce3b60e1e4ee933f8326cb33ca2124dd924d591552e994325e70354872f,,"Correct the candidate claim, explain the exact evidence that makes the correction necessary, and create one fresh example.",0
ma-g7-science-u02-l09,ma-g7-science,7,middle,canonical-1.0.0,canonical-k8-middle,2,9,Performance task build,assessment/project,INVESTIGATION_DATA_SHEET,conservation of atoms,7,BUILD_PRODUCT|COMMUNICATE_REPRESENTATION|CHECK_REVISE|ESSENTIAL_QUESTION|EVIDENCE_QUALITY|LIMITATION|PROVENANCE,4,False,False,True,True,DOCUMENT_INVESTIGATION,0,False,False,True,5,True,True,True,0,0,8,direct-adult,True,True,False,3226,861,258,ddb4ec536d608df4236541031062218db1edfbddf76ff712e835f72858d12815,,Use the supplied record to build a claim-evidence-reasoning product that another reader can check line by line.,0
ma-g7-science-u02-l10,ma-g7-science,7,middle,canonical-1.0.0,canonical-k8-middle,2,10,Synthesis and review,review,STUDENT_WORK_SHEET,thermal changes,7,CONNECT_UNIT|COMMUNICATE_REPRESENTATION|CHECK_REVISE|ESSENTIAL_QUESTION|EVIDENCE_QUALITY|LIMITATION|PROVENANCE,4,False,False,True,False,BOUND_REFERENCE_EVIDENCE_TASK,0,False,False,True,5,True,True,True,0,0,8,none,True,True,False,2719,863,265,a6526f331d23a24624b1e64800ead757a97540b9f38573f25f6c631e4e8d807c,,"Connect at least three evidence items, state the boundary of the conclusion, and answer the unit question.",0
ma-g7-science-u02-l11,ma-g7-science,7,middle,canonical-1.0.0,canonical-k8-middle,2,11,Unit assessment,assessment/project,STUDENT_WORK_SHEET,reaction evidence,7,DEMONSTRATE_MASTERY|COMMUNICATE_REPRESENTATION|CHECK_REVISE|ESSENTIAL_QUESTION|EVIDENCE_QUALITY|LIMITATION|PROVENANCE,3,False,False,True,False,BOUND_REFERENCE_EVIDENCE_TASK,0,False,False,True,5,True,True,True,0,0,8,none,True,True,False,2697,863,257,6b8b03ce5707f7af40c08b3a9838b9fd5e69f2dd6167d086f4d4a0b9844b3ecd,,"Without copying the brief, evaluate the candidate claim, interpret the evidence table, and apply the idea to a new example you create.",0
ma-g7-science-u02-l12,ma-g7-science,7,middle,canonical-1.0.0,canonical-k8-middle,2,12,Correction and reflection,remediation,STUDENT_WORK_SHEET,designing a heat-transfer device,7,ERROR_ANALYSIS|COMMUNICATE_REPRESENTATION|CHECK_REVISE|ESSENTIAL_QUESTION|EVIDENCE_QUALITY|LIMITATION|PROVENANCE,3,False,False,True,False,BOUND_REFERENCE_EVIDENCE_TASK,0,False,True,True,5,True,True,True,0,0,8,none,True,True,False,2719,863,258,f7c35c96edbd623a95574dccb2878915436efa55f7f4a4ddcb1a290fc7cc8306,,"Locate one weakness in an earlier response, revise it with a named evidence code, and state what the revision fixes.",0
ma-g7-science-u03-l01,ma-g7-science,7,middle,canonical-1.0.0,canonical-k8-middle,3,1,Launch and diagnostic,concept,STUDENT_WORK_SHEET,temperature and particle motion,7,ACTIVATE_PRIOR|COMMUNICATE_REPRESENTATION|CHECK_REVISE|ESSENTIAL_QUESTION|EVIDENCE_QUALITY|LIMITATION|PROVENANCE,4,False,False,True,False,BOUND_REFERENCE_EVIDENCE_TASK,0,False,False,True,5,True,True,True,0,0,8,none,True,True,False,2789,863,266,fb6edc8f4381bcf8a63d453e5fee84cc7feca3a3c159991aba7c18d024f41b99,,"Write an initial explanation, then mark which evidence item would most strongly change it.",0
ma-g7-science-u03-l02,ma-g7-science,7,middle,canonical-1.0.0,canonical-k8-middle,3,2,Concept model A,concept,STUDENT_WORK_SHEET,conduction convection and radiation,7,MODEL_BUILD|COMMUNICATE_REPRESENTATION|CHECK_REVISE|ESSENTIAL_QUESTION|EVIDENCE_QUALITY|LIMITATION|PROVENANCE,4,False,False,True,False,BOUND_REFERENCE_EVIDENCE_TASK,0,False,False,True,5,True,True,True,0,0,8,none,True,True,False,2777,863,262,32a0f4b50e64336c0cab77e5a4ade083e566cef38fb2a9747938d0ec525a7236,,Build a labelled model that includes every accepted relationship in the science brief and test it against the case claim.,0
ma-g7-science-u03-l03,ma-g7-science,7,middle,canonical-1.0.0,canonical-k8-middle,3,3,Guided practice A,concept,STUDENT_WORK_SHEET,energy transfer,7,GUIDED_PRACTICE|COMMUNICATE_REPRESENTATION|CHECK_REVISE|ESSENTIAL_QUESTION|EVIDENCE_QUALITY|LIMITATION|PROVENANCE,4,False,False,True,False,BOUND_REFERENCE_EVIDENCE_TASK,0,False,False,True,5,True,True,True,0,0,8,none,True,True,False,2712,863,243,a9b0cc156529a5d588cb710d350fbcf642fbac5d3eb4f7c8e443e25be5fabfbc,,Use E1 with E2 first; then add E3 and revise any conclusion that no longer fits.,0
ma-g7-science-u03-l04,ma-g7-science,7,middle,canonical-1.0.0,canonical-k8-middle,3,4,Independent application A,mastery,STUDENT_WORK_SHEET,mass material and temperature change,7,APPLY_INDEPENDENT|COMMUNICATE_REPRESENTATION|CHECK_REVISE|ESSENTIAL_QUESTION|EVIDENCE_QUALITY|LIMITATION|PROVENANCE,3,False,False,True,False,BOUND_REFERENCE_EVIDENCE_TASK,0,False,False,True,5,True,True,True,0,0,8,none,True,True,False,2756,863,280,baae92c867452e9e13f523c571dfd1f9762d6d5da8e08688f49b775e64aacb9d,,Evaluate the case claim independently using at least two evidence codes and one stated limitation.,0
ma-g7-science-u03-l05,ma-g7-science,7,middle,canonical-1.0.0,canonical-k8-middle,3,5,Concept model B,concept,STUDENT_WORK_SHEET,potential and kinetic energy,7,MODEL_BUILD|COMMUNICATE_REPRESENTATION|CHECK_REVISE|ESSENTIAL_QUESTION|EVIDENCE_QUALITY|LIMITATION|PROVENANCE,4,False,False,True,False,BOUND_REFERENCE_EVIDENCE_TASK,0,False,False,True,5,True,True,True,0,0,8,none,True,True,False,2788,863,262,439c707a401ceb4b842696a0b8746861563b4ac7424333dd04644ed5f53adf55,,Build a second representation of the same evidence and identify one feature the first model hid.,0
ma-g7-science-u03-l06,ma-g7-science,7,middle,canonical-1.0.0,canonical-k8-middle,3,6,Guided practice B,concept,STUDENT_WORK_SHEET,device efficiency,7,GUIDED_PRACTICE|COMMUNICATE_REPRESENTATION|CHECK_REVISE|ESSENTIAL_QUESTION|EVIDENCE_QUALITY|LIMITATION|PROVENANCE,4,False,False,True,False,BOUND_REFERENCE_EVIDENCE_TASK,0,False,False,True,5,True,True,True,0,0,8,none,True,True,False,2697,863,243,b70cd4608fd7e52140c1f447af367c3532af73374457229d71770e7871fdbf9b,,"Sort all evidence as supports, challenges, or does not decide, and justify every placement.",0
ma-g7-science-u03-l07,ma-g7-science,7,middle,canonical-1.0.0,canonical-k8-middle,3,7,Investigation or close reading,inquiry/investigation,INVESTIGATION_DATA_SHEET,temperature and particle motion,7,ANALYZE_EVIDENCE|COMMUNICATE_REPRESENTATION|CHECK_REVISE|ESSENTIAL_QUESTION|EVIDENCE_QUALITY|LIMITATION|PROVENANCE,4,False,False,True,True,DOCUMENT_INVESTIGATION,0,False,False,True,5,True,True,True,0,0,8,direct-adult,True,True,False,3265,861,255,fb6edc8f4381bcf8a63d453e5fee84cc7feca3a3c159991aba7c18d024f41b99,,Carry out the document investigation in the stated order and record the evidence tally before writing a conclusion.,0
ma-g7-science-u03-l08,ma-g7-science,7,middle,canonical-1.0.0,canonical-k8-middle,3,8,Reteach and varied practice,remediation,STUDENT_WORK_SHEET,conduction convection and radiation,7,ERROR_ANALYSIS|COMMUNICATE_REPRESENTATION|CHECK_REVISE|ESSENTIAL_QUESTION|EVIDENCE_QUALITY|LIMITATION|PROVENANCE,4,False,False,True,False,BOUND_REFERENCE_EVIDENCE_TASK,0,False,False,True,5,True,True,True,0,0,8,none,True,True,False,2772,863,258,32a0f4b50e64336c0cab77e5a4ade083e566cef38fb2a9747938d0ec525a7236,,"Correct the candidate claim, explain the exact evidence that makes the correction necessary, and create one fresh example.",0
ma-g7-science-u03-l09,ma-g7-science,7,middle,canonical-1.0.0,canonical-k8-middle,3,9,Performance task build,assessment/project,INVESTIGATION_DATA_SHEET,energy transfer,7,BUILD_PRODUCT|COMMUNICATE_REPRESENTATION|CHECK_REVISE|ESSENTIAL_QUESTION|EVIDENCE_QUALITY|LIMITATION|PROVENANCE,4,False,False,True,True,DOCUMENT_INVESTIGATION,0,False,False,True,5,True,True,True,0,0,8,direct-adult,True,True,False,3192,861,251,a9b0cc156529a5d588cb710d350fbcf642fbac5d3eb4f7c8e443e25be5fabfbc,,Use the supplied record to build a claim-evidence-reasoning product that another reader can check line by line.,0
ma-g7-science-u03-l10,ma-g7-science,7,middle,canonical-1.0.0,canonical-k8-middle,3,10,Synthesis and review,review,STUDENT_WORK_SHEET,mass material and temperature change,7,CONNECT_UNIT|COMMUNICATE_REPRESENTATION|CHECK_REVISE|ESSENTIAL_QUESTION|EVIDENCE_QUALITY|LIMITATION|PROVENANCE,3,False,False,True,False,BOUND_REFERENCE_EVIDENCE_TASK,0,False,False,True,5,True,True,True,0,0,8,none,True,True,False,2771,863,290,baae92c867452e9e13f523c571dfd1f9762d6d5da8e08688f49b775e64aacb9d,,"Connect at least three evidence items, state the boundary of the conclusion, and answer the unit question.",0
ma-g7-science-u03-l11,ma-g7-science,7,middle,canonical-1.0.0,canonical-k8-middle,3,11,Unit assessment,assessment/project,STUDENT_WORK_SHEET,potential and kinetic energy,7,DEMONSTRATE_MASTERY|COMMUNICATE_REPRESENTATION|CHECK_REVISE|ESSENTIAL_QUESTION|EVIDENCE_QUALITY|LIMITATION|PROVENANCE,4,False,False,True,False,BOUND_REFERENCE_EVIDENCE_TASK,0,False,False,True,5,True,True,True,0,0,8,none,True,True,False,2797,863,271,439c707a401ceb4b842696a0b8746861563b4ac7424333dd04644ed5f53adf55,,"Without copying the brief, evaluate the candidate claim, interpret the evidence table, and apply the idea to a new example you create.",0
ma-g7-science-u03-l12,ma-g7-science,7,middle,canonical-1.0.0,canonical-k8-middle,3,12,Correction and reflection,remediation,STUDENT_WORK_SHEET,device efficiency,7,ERROR_ANALYSIS|COMMUNICATE_REPRESENTATION|CHECK_REVISE|ESSENTIAL_QUESTION|EVIDENCE_QUALITY|LIMITATION|PROVENANCE,4,False,False,True,False,BOUND_REFERENCE_EVIDENCE_TASK,0,False,False,True,5,True,True,True,0,0,8,none,True,True,False,2711,863,244,b70cd4608fd7e52140c1f447af367c3532af73374457229d71770e7871fdbf9b,,"Locate one weakness in an earlier response, revise it with a named evidence code, and state what the revision fixes.",0
ma-g7-science-u04-l01,ma-g7-science,7,middle,canonical-1.0.0,canonical-k8-middle,4,1,Launch and diagnostic,concept,STUDENT_WORK_SHEET,cell theory,7,ACTIVATE_PRIOR|COMMUNICATE_REPRESENTATION|CHECK_REVISE|ESSENTIAL_QUESTION|EVIDENCE_QUALITY|LIMITATION|PROVENANCE,4,False,False,True,False,BOUND_REFERENCE_EVIDENCE_TASK,0,False,False,False,5,True,True,True,0,0,8,none,True,True,False,2708,863,252,8746296defeaf7cd4bd38412e909bd02303dbcfeaa22d939bf08e3bb9b0468f6,,"Write an initial explanation, then mark which evidence item would most strongly change it.",0
ma-g7-science-u04-l02,ma-g7-science,7,middle,canonical-1.0.0,canonical-k8-middle,4,2,Concept model A,concept,STUDENT_WORK_SHEET,cell structures and functions,7,MODEL_BUILD|COMMUNICATE_REPRESENTATION|CHECK_REVISE|ESSENTIAL_QUESTION|EVIDENCE_QUALITY|LIMITATION|PROVENANCE,4,False,False,True,False,BOUND_REFERENCE_EVIDENCE_TASK,0,False,False,False,5,True,True,True,0,0,8,none,True,True,False,2791,863,262,6fa6d7c355b329f14c98b883a3c1e9c599d10c031502967398329353a538e77a,,Build a labelled model that includes every accepted relationship in the science brief and test it against the case claim.,0
ma-g7-science-u04-l03,ma-g7-science,7,middle,canonical-1.0.0,canonical-k8-middle,4,3,Guided practice A,concept,STUDENT_WORK_SHEET,unicellular and multicellular organisms,7,GUIDED_PRACTICE|COMMUNICATE_REPRESENTATION|CHECK_REVISE|ESSENTIAL_QUESTION|EVIDENCE_QUALITY|LIMITATION|PROVENANCE,3,False,False,True,False,BOUND_REFERENCE_EVIDENCE_TASK,0,False,False,False,5,True,True,True,0,0,8,none,True,True,False,2687,863,257,ca5219e06c3158aff76839ffe215dc9920f4884e6c217515c8d126548d770b98,,Use E1 with E2 first; then add E3 and revise any conclusion that no longer fits.,0
ma-g7-science-u04-l04,ma-g7-science,7,middle,canonical-1.0.0,canonical-k8-middle,4,4,Independent application A,mastery,STUDENT_WORK_SHEET,tissues organs and systems,7,APPLY_INDEPENDENT|COMMUNICATE_REPRESENTATION|CHECK_REVISE|ESSENTIAL_QUESTION|EVIDENCE_QUALITY|LIMITATION|PROVENANCE,4,False,False,True,False,BOUND_REFERENCE_EVIDENCE_TASK,0,False,False,False,5,True,True,True,0,0,8,none,True,True,False,2737,863,271,7f0714aa1195c4067cfcc8c8b7ab71c18a3bd306c6076f3b4ce9221ef01c8c3e,,Evaluate the case claim independently using at least two evidence codes and one stated limitation.,0
ma-g7-science-u04-l05,ma-g7-science,7,middle,canonical-1.0.0,canonical-k8-middle,4,5,Concept model B,concept,STUDENT_WORK_SHEET,microscope image interpretation,7,MODEL_BUILD|COMMUNICATE_REPRESENTATION|CHECK_REVISE|ESSENTIAL_QUESTION|EVIDENCE_QUALITY|LIMITATION|PROVENANCE,3,False,False,True,False,BOUND_REFERENCE_EVIDENCE_TASK,0,False,False,False,5,True,True,True,0,0,8,none,True,True,False,2709,863,255,d5afc291f30f3cc8b0b1ee54204165b9f945f57974360691ce79946ca29c7d8f,,Build a second representation of the same evidence and identify one feature the first model hid.,0
ma-g7-science-u04-l06,ma-g7-science,7,middle,canonical-1.0.0,canonical-k8-middle,4,6,Guided practice B,concept,STUDENT_WORK_SHEET,structure and function,7,GUIDED_PRACTICE|COMMUNICATE_REPRESENTATION|CHECK_REVISE|ESSENTIAL_QUESTION|EVIDENCE_QUALITY|LIMITATION|PROVENANCE,3,False,False,True,False,BOUND_REFERENCE_EVIDENCE_TASK,0,False,False,False,5,True,True,True,0,0,8,none,True,True,False,2685,863,250,8326962519eb73f2fc487ddc868db25a495d7c9c1071d9d81d819d4c82bdcea0,,"Sort all evidence as supports, challenges, or does not decide, and justify every placement.",0
ma-g7-science-u04-l07,ma-g7-science,7,middle,canonical-1.0.0,canonical-k8-middle,4,7,Investigation or close reading,inquiry/investigation,INVESTIGATION_DATA_SHEET,cell theory,7,ANALYZE_EVIDENCE|COMMUNICATE_REPRESENTATION|CHECK_REVISE|ESSENTIAL_QUESTION|EVIDENCE_QUALITY|LIMITATION|PROVENANCE,4,False,False,True,True,DOCUMENT_INVESTIGATION,0,False,False,False,5,True,True,True,0,0,8,direct-adult,True,True,False,3162,861,241,8746296defeaf7cd4bd38412e909bd02303dbcfeaa22d939bf08e3bb9b0468f6,,Carry out the document investigation in the stated order and record the evidence tally before writing a conclusion.,0
ma-g7-science-u04-l08,ma-g7-science,7,middle,canonical-1.0.0,canonical-k8-middle,4,8,Reteach and varied practice,remediation,STUDENT_WORK_SHEET,cell structures and functions,7,ERROR_ANALYSIS|COMMUNICATE_REPRESENTATION|CHECK_REVISE|ESSENTIAL_QUESTION|EVIDENCE_QUALITY|LIMITATION|PROVENANCE,4,False,False,True,False,BOUND_REFERENCE_EVIDENCE_TASK,0,False,False,False,5,True,True,True,0,0,8,none,True,True,False,2786,863,258,6fa6d7c355b329f14c98b883a3c1e9c599d10c031502967398329353a538e77a,,"Correct the candidate claim, explain the exact evidence that makes the correction necessary, and create one fresh example.",0
ma-g7-science-u04-l09,ma-g7-science,7,middle,canonical-1.0.0,canonical-k8-middle,4,9,Performance task build,assessment/project,INVESTIGATION_DATA_SHEET,unicellular and multicellular organisms,7,BUILD_PRODUCT|COMMUNICATE_REPRESENTATION|CHECK_REVISE|ESSENTIAL_QUESTION|EVIDENCE_QUALITY|LIMITATION|PROVENANCE,3,False,False,True,True,DOCUMENT_INVESTIGATION,0,False,False,False,5,True,True,True,0,0,8,direct-adult,True,True,False,3144,861,265,ca5219e06c3158aff76839ffe215dc9920f4884e6c217515c8d126548d770b98,,Use the supplied record to build a claim-evidence-reasoning product that another reader can check line by line.,0
ma-g7-science-u04-l10,ma-g7-science,7,middle,canonical-1.0.0,canonical-k8-middle,4,10,Synthesis and review,review,STUDENT_WORK_SHEET,tissues organs and systems,7,CONNECT_UNIT|COMMUNICATE_REPRESENTATION|CHECK_REVISE|ESSENTIAL_QUESTION|EVIDENCE_QUALITY|LIMITATION|PROVENANCE,4,False,False,True,False,BOUND_REFERENCE_EVIDENCE_TASK,0,False,False,False,5,True,True,True,0,0,8,none,True,True,False,2753,863,282,7f0714aa1195c4067cfcc8c8b7ab71c18a3bd306c6076f3b4ce9221ef01c8c3e,,"Connect at least three evidence items, state the boundary of the conclusion, and answer the unit question.",0
ma-g7-science-u04-l11,ma-g7-science,7,middle,canonical-1.0.0,canonical-k8-middle,4,11,Unit assessment,assessment/project,STUDENT_WORK_SHEET,microscope image interpretation,7,DEMONSTRATE_MASTERY|COMMUNICATE_REPRESENTATION|CHECK_REVISE|ESSENTIAL_QUESTION|EVIDENCE_QUALITY|LIMITATION|PROVENANCE,3,False,False,True,False,BOUND_REFERENCE_EVIDENCE_TASK,0,False,False,False,5,True,True,True,0,0,8,none,True,True,False,2718,863,264,d5afc291f30f3cc8b0b1ee54204165b9f945f57974360691ce79946ca29c7d8f,,"Without copying the brief, evaluate the candidate claim, interpret the evidence table, and apply the idea to a new example you create.",0
ma-g7-science-u04-l12,ma-g7-science,7,middle,canonical-1.0.0,canonical-k8-middle,4,12,Correction and reflection,remediation,STUDENT_WORK_SHEET,structure and function,7,ERROR_ANALYSIS|COMMUNICATE_REPRESENTATION|CHECK_REVISE|ESSENTIAL_QUESTION|EVIDENCE_QUALITY|LIMITATION|PROVENANCE,3,False,False,True,False,BOUND_REFERENCE_EVIDENCE_TASK,0,False,False,False,5,True,True,True,0,0,8,none,True,True,False,2699,863,251,8326962519eb73f2fc487ddc868db25a495d7c9c1071d9d81d819d4c82bdcea0,,"Locate one weakness in an earlier response, revise it with a named evidence code, and state what the revision fixes.",0
ma-g7-science-u05-l01,ma-g7-science,7,middle,canonical-1.0.0,canonical-k8-middle,5,1,Launch and diagnostic,concept,STUDENT_WORK_SHEET,system interactions,7,ACTIVATE_PRIOR|COMMUNICATE_REPRESENTATION|CHECK_REVISE|ESSENTIAL_QUESTION|EVIDENCE_QUALITY|LIMITATION|PROVENANCE,3,False,False,True,False,BOUND_REFERENCE_EVIDENCE_TASK,0,False,False,False,5,True,True,True,0,0,8,none,True,True,False,2667,863,252,023e265b8c176a63b4134866d2c4963815f1ad03e6cbcd5af9fdc8442d53e6ce,,"Write an initial explanation, then mark which evidence item would most strongly change it.",0
ma-g7-science-u05-l02,ma-g7-science,7,middle,canonical-1.0.0,canonical-k8-middle,5,2,Concept model A,concept,STUDENT_WORK_SHEET,nervous system signaling,7,MODEL_BUILD|COMMUNICATE_REPRESENTATION|CHECK_REVISE|ESSENTIAL_QUESTION|EVIDENCE_QUALITY|LIMITATION|PROVENANCE,4,False,False,True,False,BOUND_REFERENCE_EVIDENCE_TASK,0,False,False,False,5,True,True,True,0,0,8,none,True,True,False,2744,863,255,634b10776ad53bdd5dce4e00bfddc77f7f341497b870acdadc485b06099c240b,,Build a labelled model that includes every accepted relationship in the science brief and test it against the case claim.,0
ma-g7-science-u05-l03,ma-g7-science,7,middle,canonical-1.0.0,canonical-k8-middle,5,3,Guided practice A,concept,STUDENT_WORK_SHEET,sensory receptors,7,GUIDED_PRACTICE|COMMUNICATE_REPRESENTATION|CHECK_REVISE|ESSENTIAL_QUESTION|EVIDENCE_QUALITY|LIMITATION|PROVENANCE,3,False,False,True,False,BOUND_REFERENCE_EVIDENCE_TASK,0,False,False,False,5,True,True,True,0,0,8,none,True,True,False,2676,863,243,1e062c3591cb964c714c68e2a894de561ef3a71ebbff6aeabec8285ea6a80618,,Use E1 with E2 first; then add E3 and revise any conclusion that no longer fits.,0
ma-g7-science-u05-l04,ma-g7-science,7,middle,canonical-1.0.0,canonical-k8-middle,5,4,Independent application A,mastery,STUDENT_WORK_SHEET,stimulus and response,7,APPLY_INDEPENDENT|COMMUNICATE_REPRESENTATION|CHECK_REVISE|ESSENTIAL_QUESTION|EVIDENCE_QUALITY|LIMITATION|PROVENANCE,3,False,False,True,False,BOUND_REFERENCE_EVIDENCE_TASK,0,False,False,False,5,True,True,True,0,0,8,none,True,True,False,2684,863,266,da0ce373dd207afaeb3da69927cc127038763dc2e7988b4b62dbfdb9cd699676,,Evaluate the case claim independently using at least two evidence codes and one stated limitation.,0
ma-g7-science-u05-l05,ma-g7-science,7,middle,canonical-1.0.0,canonical-k8-middle,5,5,Concept model B,concept,STUDENT_WORK_SHEET,homeostasis concept,7,MODEL_BUILD|COMMUNICATE_REPRESENTATION|CHECK_REVISE|ESSENTIAL_QUESTION|EVIDENCE_QUALITY|LIMITATION|PROVENANCE,4,False,False,True,False,BOUND_REFERENCE_EVIDENCE_TASK,0,False,False,False,5,True,True,True,0,0,8,none,True,True,False,2700,863,248,ba1fe8cda31c3891fb667c40d7b612860e1e6f46da3232ebabe1a0e7da4f5dba,,Build a second representation of the same evidence and identify one feature the first model hid.,0
ma-g7-science-u05-l06,ma-g7-science,7,middle,canonical-1.0.0,canonical-k8-middle,5,6,Guided practice B,concept,STUDENT_WORK_SHEET,modeling body-system coordination,7,GUIDED_PRACTICE|COMMUNICATE_REPRESENTATION|CHECK_REVISE|ESSENTIAL_QUESTION|EVIDENCE_QUALITY|LIMITATION|PROVENANCE,3,False,False,True,False,BOUND_REFERENCE_EVIDENCE_TASK,0,False,False,False,5,True,True,True,0,0,8,none,True,True,False,2683,863,250,2672c9e29b84806e70c77e4a4d1b3a2ea274b496b9e18efee6a062f5d098a3b6,,"Sort all evidence as supports, challenges, or does not decide, and justify every placement.",0
ma-g7-science-u05-l07,ma-g7-science,7,middle,canonical-1.0.0,canonical-k8-middle,5,7,Investigation or close reading,inquiry/investigation,INVESTIGATION_DATA_SHEET,system interactions,7,ANALYZE_EVIDENCE|COMMUNICATE_REPRESENTATION|CHECK_REVISE|ESSENTIAL_QUESTION|EVIDENCE_QUALITY|LIMITATION|PROVENANCE,3,False,False,True,True,DOCUMENT_INVESTIGATION,0,False,False,False,5,True,True,True,0,0,8,direct-adult,True,True,False,3099,861,241,023e265b8c176a63b4134866d2c4963815f1ad03e6cbcd5af9fdc8442d53e6ce,,Carry out the document investigation in the stated order and record the evidence tally before writing a conclusion.,0
ma-g7-science-u05-l08,ma-g7-science,7,middle,canonical-1.0.0,canonical-k8-middle,5,8,Reteach and varied practice,remediation,STUDENT_WORK_SHEET,nervous system signaling,7,ERROR_ANALYSIS|COMMUNICATE_REPRESENTATION|CHECK_REVISE|ESSENTIAL_QUESTION|EVIDENCE_QUALITY|LIMITATION|PROVENANCE,4,False,False,True,False,BOUND_REFERENCE_EVIDENCE_TASK,0,False,False,False,5,True,True,True,0,0,8,none,True,True,False,2739,863,251,634b10776ad53bdd5dce4e00bfddc77f7f341497b870acdadc485b06099c240b,,"Correct the candidate claim, explain the exact evidence that makes the correction necessary, and create one fresh example.",0
ma-g7-science-u05-l09,ma-g7-science,7,middle,canonical-1.0.0,canonical-k8-middle,5,9,Performance task build,assessment/project,INVESTIGATION_DATA_SHEET,sensory receptors,7,BUILD_PRODUCT|COMMUNICATE_REPRESENTATION|CHECK_REVISE|ESSENTIAL_QUESTION|EVIDENCE_QUALITY|LIMITATION|PROVENANCE,3,False,False,True,True,DOCUMENT_INVESTIGATION,0,False,False,False,5,True,True,True,0,0,8,direct-adult,True,True,False,3141,861,251,1e062c3591cb964c714c68e2a894de561ef3a71ebbff6aeabec8285ea6a80618,,Use the supplied record to build a claim-evidence-reasoning product that another reader can check line by line.,0
ma-g7-science-u05-l10,ma-g7-science,7,middle,canonical-1.0.0,canonical-k8-middle,5,10,Synthesis and review,review,STUDENT_WORK_SHEET,stimulus and response,7,CONNECT_UNIT|COMMUNICATE_REPRESENTATION|CHECK_REVISE|ESSENTIAL_QUESTION|EVIDENCE_QUALITY|LIMITATION|PROVENANCE,3,False,False,True,False,BOUND_REFERENCE_EVIDENCE_TASK,0,False,False,False,5,True,True,True,0,0,8,none,True,True,False,2693,863,270,da0ce373dd207afaeb3da69927cc127038763dc2e7988b4b62dbfdb9cd699676,,"Connect at least three evidence items, state the boundary of the conclusion, and answer the unit question.",0
ma-g7-science-u05-l11,ma-g7-science,7,middle,canonical-1.0.0,canonical-k8-middle,5,11,Unit assessment,assessment/project,STUDENT_WORK_SHEET,homeostasis concept,7,DEMONSTRATE_MASTERY|COMMUNICATE_REPRESENTATION|CHECK_REVISE|ESSENTIAL_QUESTION|EVIDENCE_QUALITY|LIMITATION|PROVENANCE,4,False,False,True,False,BOUND_REFERENCE_EVIDENCE_TASK,0,False,False,False,5,True,True,True,0,0,8,none,True,True,False,2709,863,257,ba1fe8cda31c3891fb667c40d7b612860e1e6f46da3232ebabe1a0e7da4f5dba,,"Without copying the brief, evaluate the candidate claim, interpret the evidence table, and apply the idea to a new example you create.",0
ma-g7-science-u05-l12,ma-g7-science,7,middle,canonical-1.0.0,canonical-k8-middle,5,12,Correction and reflection,remediation,STUDENT_WORK_SHEET,modeling body-system coordination,7,ERROR_ANALYSIS|COMMUNICATE_REPRESENTATION|CHECK_REVISE|ESSENTIAL_QUESTION|EVIDENCE_QUALITY|LIMITATION|PROVENANCE,3,False,False,True,False,BOUND_REFERENCE_EVIDENCE_TASK,0,False,False,False,5,True,True,True,0,0,8,none,True,True,False,2697,863,251,2672c9e29b84806e70c77e4a4d1b3a2ea274b496b9e18efee6a062f5d098a3b6,,"Locate one weakness in an earlier response, revise it with a named evidence code, and state what the revision fixes.",0
ma-g7-science-u06-l01,ma-g7-science,7,middle,canonical-1.0.0,canonical-k8-middle,6,1,Launch and diagnostic,concept,STUDENT_WORK_SHEET,resource availability,7,ACTIVATE_PRIOR|COMMUNICATE_REPRESENTATION|CHECK_REVISE|ESSENTIAL_QUESTION|EVIDENCE_QUALITY|LIMITATION|PROVENANCE,3,False,False,True,False,BOUND_REFERENCE_EVIDENCE_TASK,0,False,False,False,5,True,True,True,0,0,8,none,True,True,False,2685,863,252,7c42fb4a81ea8fa4b11781dbc8f022d86bdf81568ba8cb210fba3f3c0d53d4c8,,"Write an initial explanation, then mark which evidence item would most strongly change it.",0
ma-g7-science-u06-l02,ma-g7-science,7,middle,canonical-1.0.0,canonical-k8-middle,6,2,Concept model A,concept,STUDENT_WORK_SHEET,competition and predation,7,MODEL_BUILD|COMMUNICATE_REPRESENTATION|CHECK_REVISE|ESSENTIAL_QUESTION|EVIDENCE_QUALITY|LIMITATION|PROVENANCE,3,False,False,True,False,BOUND_REFERENCE_EVIDENCE_TASK,0,False,False,False,5,True,True,True,0,0,8,none,True,True,False,2709,863,255,487316fd5fc6757adbbda5a1d327c35fff8e1dab1d54a483d686754d1ee65c83,,Build a labelled model that includes every accepted relationship in the science brief and test it against the case claim.,0
ma-g7-science-u06-l03,ma-g7-science,7,middle,canonical-1.0.0,canonical-k8-middle,6,3,Guided practice A,concept,STUDENT_WORK_SHEET,mutualism,7,GUIDED_PRACTICE|COMMUNICATE_REPRESENTATION|CHECK_REVISE|ESSENTIAL_QUESTION|EVIDENCE_QUALITY|LIMITATION|PROVENANCE,4,False,False,True,False,BOUND_REFERENCE_EVIDENCE_TASK,0,False,False,False,5,True,True,True,0,0,8,none,True,True,False,2687,863,236,9bb7ce9cd72356768b17ff7e9e040088d4f820ecab729123a69362c02a0a6b7d,,Use E1 with E2 first; then add E3 and revise any conclusion that no longer fits.,0
ma-g7-science-u06-l04,ma-g7-science,7,middle,canonical-1.0.0,canonical-k8-middle,6,4,Independent application A,mastery,STUDENT_WORK_SHEET,food webs,7,APPLY_INDEPENDENT|COMMUNICATE_REPRESENTATION|CHECK_REVISE|ESSENTIAL_QUESTION|EVIDENCE_QUALITY|LIMITATION|PROVENANCE,3,False,False,True,False,BOUND_REFERENCE_EVIDENCE_TASK,0,False,False,False,5,True,True,True,0,0,8,none,True,True,False,2681,863,256,d408a92cce93c82fe0e335951f6be070b8ca656082e4a98c7a6b2f4a625fc2d3,,Evaluate the case claim independently using at least two evidence codes and one stated limitation.,0
ma-g7-science-u06-l05,ma-g7-science,7,middle,canonical-1.0.0,canonical-k8-middle,6,5,Concept model B,concept,STUDENT_WORK_SHEET,matter and energy flow,7,MODEL_BUILD|COMMUNICATE_REPRESENTATION|CHECK_REVISE|ESSENTIAL_QUESTION|EVIDENCE_QUALITY|LIMITATION|PROVENANCE,4,False,False,True,False,BOUND_REFERENCE_EVIDENCE_TASK,0,False,False,False,5,True,True,True,0,0,8,none,True,True,False,2758,863,262,7479f71c2d56885148bdcfcc015910a6e1137443ad0cc8c08ce3a9bde98c4d8c,,Build a second representation of the same evidence and identify one feature the first model hid.,0
ma-g7-science-u06-l06,ma-g7-science,7,middle,canonical-1.0.0,canonical-k8-middle,6,6,Guided practice B,concept,STUDENT_WORK_SHEET,ecosystem change,7,GUIDED_PRACTICE|COMMUNICATE_REPRESENTATION|CHECK_REVISE|ESSENTIAL_QUESTION|EVIDENCE_QUALITY|LIMITATION|PROVENANCE,3,False,False,True,False,BOUND_REFERENCE_EVIDENCE_TASK,0,False,False,False,5,True,True,True,0,0,8,none,True,True,False,2655,863,243,d137a3300e9a25399da5886b16e45549078f87ed187d4af9b1d257be5619626a,,"Sort all evidence as supports, challenges, or does not decide, and justify every placement.",0
ma-g7-science-u06-l07,ma-g7-science,7,middle,canonical-1.0.0,canonical-k8-middle,6,7,Investigation or close reading,inquiry/investigation,INVESTIGATION_DATA_SHEET,resource availability,7,ANALYZE_EVIDENCE|COMMUNICATE_REPRESENTATION|CHECK_REVISE|ESSENTIAL_QUESTION|EVIDENCE_QUALITY|LIMITATION|PROVENANCE,3,False,False,True,True,DOCUMENT_INVESTIGATION,0,False,False,False,5,True,True,True,0,0,8,direct-adult,True,True,False,3123,861,241,7c42fb4a81ea8fa4b11781dbc8f022d86bdf81568ba8cb210fba3f3c0d53d4c8,,Carry out the document investigation in the stated order and record the evidence tally before writing a conclusion.,0
ma-g7-science-u06-l08,ma-g7-science,7,middle,canonical-1.0.0,canonical-k8-middle,6,8,Reteach and varied practice,remediation,STUDENT_WORK_SHEET,competition and predation,7,ERROR_ANALYSIS|COMMUNICATE_REPRESENTATION|CHECK_REVISE|ESSENTIAL_QUESTION|EVIDENCE_QUALITY|LIMITATION|PROVENANCE,3,False,False,True,False,BOUND_REFERENCE_EVIDENCE_TASK,0,False,False,False,5,True,True,True,0,0,8,none,True,True,False,2704,863,251,487316fd5fc6757adbbda5a1d327c35fff8e1dab1d54a483d686754d1ee65c83,,"Correct the candidate claim, explain the exact evidence that makes the correction necessary, and create one fresh example.",0
ma-g7-science-u06-l09,ma-g7-science,7,middle,canonical-1.0.0,canonical-k8-middle,6,9,Performance task build,assessment/project,INVESTIGATION_DATA_SHEET,mutualism,7,BUILD_PRODUCT|COMMUNICATE_REPRESENTATION|CHECK_REVISE|ESSENTIAL_QUESTION|EVIDENCE_QUALITY|LIMITATION|PROVENANCE,4,False,False,True,True,DOCUMENT_INVESTIGATION,0,False,False,False,5,True,True,True,0,0,8,direct-adult,True,True,False,3165,861,244,9bb7ce9cd72356768b17ff7e9e040088d4f820ecab729123a69362c02a0a6b7d,,Use the supplied record to build a claim-evidence-reasoning product that another reader can check line by line.,0
ma-g7-science-u06-l10,ma-g7-science,7,middle,canonical-1.0.0,canonical-k8-middle,6,10,Synthesis and review,review,STUDENT_WORK_SHEET,food webs,7,CONNECT_UNIT|COMMUNICATE_REPRESENTATION|CHECK_REVISE|ESSENTIAL_QUESTION|EVIDENCE_QUALITY|LIMITATION|PROVENANCE,3,False,False,True,False,BOUND_REFERENCE_EVIDENCE_TASK,0,False,False,False,5,True,True,True,0,0,8,none,True,True,False,2692,863,262,d408a92cce93c82fe0e335951f6be070b8ca656082e4a98c7a6b2f4a625fc2d3,,"Connect at least three evidence items, state the boundary of the conclusion, and answer the unit question.",0
ma-g7-science-u06-l11,ma-g7-science,7,middle,canonical-1.0.0,canonical-k8-middle,6,11,Unit assessment,assessment/project,STUDENT_WORK_SHEET,matter and energy flow,7,DEMONSTRATE_MASTERY|COMMUNICATE_REPRESENTATION|CHECK_REVISE|ESSENTIAL_QUESTION|EVIDENCE_QUALITY|LIMITATION|PROVENANCE,4,False,False,True,False,BOUND_REFERENCE_EVIDENCE_TASK,0,False,False,False,5,True,True,True,0,0,8,none,True,True,False,2767,863,271,7479f71c2d56885148bdcfcc015910a6e1137443ad0cc8c08ce3a9bde98c4d8c,,"Without copying the brief, evaluate the candidate claim, interpret the evidence table, and apply the idea to a new example you create.",0
ma-g7-science-u06-l12,ma-g7-science,7,middle,canonical-1.0.0,canonical-k8-middle,6,12,Correction and reflection,remediation,STUDENT_WORK_SHEET,ecosystem change,7,ERROR_ANALYSIS|COMMUNICATE_REPRESENTATION|CHECK_REVISE|ESSENTIAL_QUESTION|EVIDENCE_QUALITY|LIMITATION|PROVENANCE,3,False,False,True,False,BOUND_REFERENCE_EVIDENCE_TASK,0,False,False,False,5,True,True,True,0,0,8,none,True,True,False,2669,863,244,d137a3300e9a25399da5886b16e45549078f87ed187d4af9b1d257be5619626a,,"Locate one weakness in an earlier response, revise it with a named evidence code, and state what the revision fixes.",0
ma-g7-science-u07-l01,ma-g7-science,7,middle,canonical-1.0.0,canonical-k8-middle,7,1,Launch and diagnostic,concept,STUDENT_WORK_SHEET,water cycle driven by energy and gravity,7,ACTIVATE_PRIOR|COMMUNICATE_REPRESENTATION|CHECK_REVISE|ESSENTIAL_QUESTION|EVIDENCE_QUALITY|LIMITATION|PROVENANCE,4,False,False,True,False,BOUND_REFERENCE_EVIDENCE_TASK,0,False,False,False,5,True,True,True,0,0,8,none,True,True,False,2806,863,287,b532c224e1589ff130740cf02a8a731c9b9af1d05a71c3d8825a7d67ffa1be5a,,"Write an initial explanation, then mark which evidence item would most strongly change it.",0
ma-g7-science-u07-l02,ma-g7-science,7,middle,canonical-1.0.0,canonical-k8-middle,7,2,Concept model A,concept,STUDENT_WORK_SHEET,air masses and weather,7,MODEL_BUILD|COMMUNICATE_REPRESENTATION|CHECK_REVISE|ESSENTIAL_QUESTION|EVIDENCE_QUALITY|LIMITATION|PROVENANCE,4,False,False,True,False,BOUND_REFERENCE_EVIDENCE_TASK,0,False,False,False,5,True,True,True,0,0,8,none,True,True,False,2779,863,262,679e203601052c6511f1ba689cb03da6851c3e3c490d64b7ca69f1540a2d7bf3,,Build a labelled model that includes every accepted relationship in the science brief and test it against the case claim.,0
ma-g7-science-u07-l03,ma-g7-science,7,middle,canonical-1.0.0,canonical-k8-middle,7,3,Guided practice A,concept,STUDENT_WORK_SHEET,ocean and atmospheric circulation,7,GUIDED_PRACTICE|COMMUNICATE_REPRESENTATION|CHECK_REVISE|ESSENTIAL_QUESTION|EVIDENCE_QUALITY|LIMITATION|PROVENANCE,4,False,False,True,False,BOUND_REFERENCE_EVIDENCE_TASK,0,False,False,False,5,True,True,True,0,0,8,none,True,True,False,2776,863,257,7e3a4c95d9e2cc11477f6f0579dd75b1477fbcbf9fda97dba2f0af7e4f0aa8cc,,Use E1 with E2 first; then add E3 and revise any conclusion that no longer fits.,0
ma-g7-science-u07-l04,ma-g7-science,7,middle,canonical-1.0.0,canonical-k8-middle,7,4,Independent application A,mastery,STUDENT_WORK_SHEET,regional climates,7,APPLY_INDEPENDENT|COMMUNICATE_REPRESENTATION|CHECK_REVISE|ESSENTIAL_QUESTION|EVIDENCE_QUALITY|LIMITATION|PROVENANCE,3,False,False,True,False,BOUND_REFERENCE_EVIDENCE_TASK,0,False,False,False,5,True,True,True,0,0,8,none,True,True,False,2677,863,253,28bd18b8f5e0f0873a79c1aa8f524cd96d9dce4425e4c90845a21dbcce29a148,,Evaluate the case claim independently using at least two evidence codes and one stated limitation.,0
ma-g7-science-u07-l05,ma-g7-science,7,middle,canonical-1.0.0,canonical-k8-middle,7,5,Concept model B,concept,STUDENT_WORK_SHEET,weather maps,7,MODEL_BUILD|COMMUNICATE_REPRESENTATION|CHECK_REVISE|ESSENTIAL_QUESTION|EVIDENCE_QUALITY|LIMITATION|PROVENANCE,3,False,False,True,False,BOUND_REFERENCE_EVIDENCE_TASK,0,False,False,False,5,True,True,True,0,0,8,none,True,True,False,2699,863,248,b0ed086c51a2d16b25a134ba77f63180c2ae0fa4d9593b302dda1a476bafeb02,,Build a second representation of the same evidence and identify one feature the first model hid.,0
ma-g7-science-u07-l06,ma-g7-science,7,middle,canonical-1.0.0,canonical-k8-middle,7,6,Guided practice B,concept,STUDENT_WORK_SHEET,model uncertainty,7,GUIDED_PRACTICE|COMMUNICATE_REPRESENTATION|CHECK_REVISE|ESSENTIAL_QUESTION|EVIDENCE_QUALITY|LIMITATION|PROVENANCE,3,False,False,True,False,BOUND_REFERENCE_EVIDENCE_TASK,0,False,False,False,5,True,True,True,0,0,8,none,True,True,False,2683,863,243,235193ab255f69778f77d33cf6b69a48a912e06451152a0ef4bcecf6d93cb5a3,,"Sort all evidence as supports, challenges, or does not decide, and justify every placement.",0
ma-g7-science-u07-l07,ma-g7-science,7,middle,canonical-1.0.0,canonical-k8-middle,7,7,Investigation or close reading,inquiry/investigation,INVESTIGATION_DATA_SHEET,water cycle driven by energy and gravity,7,ANALYZE_EVIDENCE|COMMUNICATE_REPRESENTATION|CHECK_REVISE|ESSENTIAL_QUESTION|EVIDENCE_QUALITY|LIMITATION|PROVENANCE,4,False,False,True,True,DOCUMENT_INVESTIGATION,0,False,False,False,5,True,True,True,0,0,8,direct-adult,True,True,False,3269,861,276,b532c224e1589ff130740cf02a8a731c9b9af1d05a71c3d8825a7d67ffa1be5a,,Carry out the document investigation in the stated order and record the evidence tally before writing a conclusion.,0
ma-g7-science-u07-l08,ma-g7-science,7,middle,canonical-1.0.0,canonical-k8-middle,7,8,Reteach and varied practice,remediation,STUDENT_WORK_SHEET,air masses and weather,7,ERROR_ANALYSIS|COMMUNICATE_REPRESENTATION|CHECK_REVISE|ESSENTIAL_QUESTION|EVIDENCE_QUALITY|LIMITATION|PROVENANCE,4,False,False,True,False,BOUND_REFERENCE_EVIDENCE_TASK,0,False,False,False,5,True,True,True,0,0,8,none,True,True,False,2774,863,258,679e203601052c6511f1ba689cb03da6851c3e3c490d64b7ca69f1540a2d7bf3,,"Correct the candidate claim, explain the exact evidence that makes the correction necessary, and create one fresh example.",0
ma-g7-science-u07-l09,ma-g7-science,7,middle,canonical-1.0.0,canonical-k8-middle,7,9,Performance task build,assessment/project,INVESTIGATION_DATA_SHEET,ocean and atmospheric circulation,7,BUILD_PRODUCT|COMMUNICATE_REPRESENTATION|CHECK_REVISE|ESSENTIAL_QUESTION|EVIDENCE_QUALITY|LIMITATION|PROVENANCE,4,False,False,True,True,DOCUMENT_INVESTIGATION,0,False,False,False,5,True,True,True,0,0,8,direct-adult,True,True,False,3271,861,265,7e3a4c95d9e2cc11477f6f0579dd75b1477fbcbf9fda97dba2f0af7e4f0aa8cc,,Use the supplied record to build a claim-evidence-reasoning product that another reader can check line by line.,0
ma-g7-science-u07-l10,ma-g7-science,7,middle,canonical-1.0.0,canonical-k8-middle,7,10,Synthesis and review,review,STUDENT_WORK_SHEET,regional climates,7,CONNECT_UNIT|COMMUNICATE_REPRESENTATION|CHECK_REVISE|ESSENTIAL_QUESTION|EVIDENCE_QUALITY|LIMITATION|PROVENANCE,3,False,False,True,False,BOUND_REFERENCE_EVIDENCE_TASK,0,False,False,False,5,True,True,True,0,0,8,none,True,True,False,2698,863,269,28bd18b8f5e0f0873a79c1aa8f524cd96d9dce4425e4c90845a21dbcce29a148,,"Connect at least three evidence items, state the boundary of the conclusion, and answer the unit question.",0
ma-g7-science-u07-l11,ma-g7-science,7,middle,canonical-1.0.0,canonical-k8-middle,7,11,Unit assessment,assessment/project,STUDENT_WORK_SHEET,weather maps,7,DEMONSTRATE_MASTERY|COMMUNICATE_REPRESENTATION|CHECK_REVISE|ESSENTIAL_QUESTION|EVIDENCE_QUALITY|LIMITATION|PROVENANCE,3,False,False,True,False,BOUND_REFERENCE_EVIDENCE_TASK,0,False,False,False,5,True,True,True,0,0,8,none,True,True,False,2708,863,257,b0ed086c51a2d16b25a134ba77f63180c2ae0fa4d9593b302dda1a476bafeb02,,"Without copying the brief, evaluate the candidate claim, interpret the evidence table, and apply the idea to a new example you create.",0
ma-g7-science-u07-l12,ma-g7-science,7,middle,canonical-1.0.0,canonical-k8-middle,7,12,Correction and reflection,remediation,STUDENT_WORK_SHEET,model uncertainty,7,ERROR_ANALYSIS|COMMUNICATE_REPRESENTATION|CHECK_REVISE|ESSENTIAL_QUESTION|EVIDENCE_QUALITY|LIMITATION|PROVENANCE,3,False,False,True,False,BOUND_REFERENCE_EVIDENCE_TASK,0,False,False,False,5,True,True,True,0,0,8,none,True,True,False,2697,863,244,235193ab255f69778f77d33cf6b69a48a912e06451152a0ef4bcecf6d93cb5a3,,"Locate one weakness in an earlier response, revise it with a named evidence code, and state what the revision fixes.",0
ma-g7-science-u08-l01,ma-g7-science,7,middle,canonical-1.0.0,canonical-k8-middle,8,1,Launch and diagnostic,concept,STUDENT_WORK_SHEET,hazard mapping,7,ACTIVATE_PRIOR|COMMUNICATE_REPRESENTATION|CHECK_REVISE|ESSENTIAL_QUESTION|EVIDENCE_QUALITY|LIMITATION|PROVENANCE,3,False,False,True,False,BOUND_REFERENCE_EVIDENCE_TASK,0,False,False,False,5,True,True,True,0,0,8,none,True,True,False,2687,863,252,f8d73b2f48d361f01596356f29cbfd68411c8eb28ee7bad3f1916a2f958fe960,,"Write an initial explanation, then mark which evidence item would most strongly change it.",0
ma-g7-science-u08-l02,ma-g7-science,7,middle,canonical-1.0.0,canonical-k8-middle,8,2,Concept model A,concept,STUDENT_WORK_SHEET,risk and vulnerability,7,MODEL_BUILD|COMMUNICATE_REPRESENTATION|CHECK_REVISE|ESSENTIAL_QUESTION|EVIDENCE_QUALITY|LIMITATION|PROVENANCE,3,False,False,True,False,BOUND_REFERENCE_EVIDENCE_TASK,0,False,False,False,5,True,True,True,0,0,8,none,True,True,False,2692,863,255,bc9626676c135d5d83b4018a31b8dd69b8f4d701d534b302f38a73387dddbff5,,Build a labelled model that includes every accepted relationship in the science brief and test it against the case claim.,0
ma-g7-science-u08-l03,ma-g7-science,7,middle,canonical-1.0.0,canonical-k8-middle,8,3,Guided practice A,concept,STUDENT_WORK_SHEET,resource use,7,GUIDED_PRACTICE|COMMUNICATE_REPRESENTATION|CHECK_REVISE|ESSENTIAL_QUESTION|EVIDENCE_QUALITY|LIMITATION|PROVENANCE,3,False,False,True,False,BOUND_REFERENCE_EVIDENCE_TASK,0,False,False,False,5,True,True,True,0,0,8,none,True,True,False,2649,863,243,de1dd38619cf88b2fd74eebdba121f5ea2a464d52c469e85d0745a8085fadc85,,Use E1 with E2 first; then add E3 and revise any conclusion that no longer fits.,0
ma-g7-science-u08-l04,ma-g7-science,7,middle,canonical-1.0.0,canonical-k8-middle,8,4,Independent application A,mastery,STUDENT_WORK_SHEET,population and consumption,7,APPLY_INDEPENDENT|COMMUNICATE_REPRESENTATION|CHECK_REVISE|ESSENTIAL_QUESTION|EVIDENCE_QUALITY|LIMITATION|PROVENANCE,3,False,False,True,False,BOUND_REFERENCE_EVIDENCE_TASK,0,False,False,False,5,True,True,True,0,0,8,none,True,True,False,2674,863,263,4e80c030042c78f2bfc71fc8e12e17cab503f3c075ff19420be1a8c0d791063c,,Evaluate the case claim independently using at least two evidence codes and one stated limitation.,0
ma-g7-science-u08-l05,ma-g7-science,7,middle,canonical-1.0.0,canonical-k8-middle,8,5,Concept model B,concept,STUDENT_WORK_SHEET,climate evidence,7,MODEL_BUILD|COMMUNICATE_REPRESENTATION|CHECK_REVISE|ESSENTIAL_QUESTION|EVIDENCE_QUALITY|LIMITATION|PROVENANCE,4,False,False,True,False,BOUND_REFERENCE_EVIDENCE_TASK,0,False,False,False,5,True,True,True,0,0,8,none,True,True,False,2749,863,248,94cda0b226a35d9486f83ba150ec02cade4444d51a5ebee5c5cddbdb88843131,,Build a second representation of the same evidence and identify one feature the first model hid.,0
ma-g7-science-u08-l06,ma-g7-science,7,middle,canonical-1.0.0,canonical-k8-middle,8,6,Guided practice B,concept,STUDENT_WORK_SHEET,mitigation and adaptation,7,GUIDED_PRACTICE|COMMUNICATE_REPRESENTATION|CHECK_REVISE|ESSENTIAL_QUESTION|EVIDENCE_QUALITY|LIMITATION|PROVENANCE,4,False,False,True,False,BOUND_REFERENCE_EVIDENCE_TASK,0,False,False,False,5,True,True,True,0,0,8,none,True,True,False,2725,863,250,1ecb639854675baa2b7a07e24d8feae166cddfaa8bd717917fb696ac54123d4b,,"Sort all evidence as supports, challenges, or does not decide, and justify every placement.",0
ma-g7-science-u08-l07,ma-g7-science,7,middle,canonical-1.0.0,canonical-k8-middle,8,7,Investigation or close reading,inquiry/investigation,INVESTIGATION_DATA_SHEET,hazard mapping,7,ANALYZE_EVIDENCE|COMMUNICATE_REPRESENTATION|CHECK_REVISE|ESSENTIAL_QUESTION|EVIDENCE_QUALITY|LIMITATION|PROVENANCE,3,False,False,True,True,DOCUMENT_INVESTIGATION,0,False,False,False,5,True,True,True,0,0,8,direct-adult,True,True,False,3127,861,241,f8d73b2f48d361f01596356f29cbfd68411c8eb28ee7bad3f1916a2f958fe960,,Carry out the document investigation in the stated order and record the evidence tally before writing a conclusion.,0
ma-g7-science-u08-l08,ma-g7-science,7,middle,canonical-1.0.0,canonical-k8-middle,8,8,Reteach and varied practice,remediation,STUDENT_WORK_SHEET,risk and vulnerability,7,ERROR_ANALYSIS|COMMUNICATE_REPRESENTATION|CHECK_REVISE|ESSENTIAL_QUESTION|EVIDENCE_QUALITY|LIMITATION|PROVENANCE,3,False,False,True,False,BOUND_REFERENCE_EVIDENCE_TASK,0,False,False,False,5,True,True,True,0,0,8,none,True,True,False,2687,863,251,bc9626676c135d5d83b4018a31b8dd69b8f4d701d534b302f38a73387dddbff5,,"Correct the candidate claim, explain the exact evidence that makes the correction necessary, and create one fresh example.",0
ma-g7-science-u08-l09,ma-g7-science,7,middle,canonical-1.0.0,canonical-k8-middle,8,9,Performance task build,assessment/project,INVESTIGATION_DATA_SHEET,resource use,7,BUILD_PRODUCT|COMMUNICATE_REPRESENTATION|CHECK_REVISE|ESSENTIAL_QUESTION|EVIDENCE_QUALITY|LIMITATION|PROVENANCE,3,False,False,True,True,DOCUMENT_INVESTIGATION,0,False,False,False,5,True,True,True,0,0,8,direct-adult,True,True,False,3104,861,251,de1dd38619cf88b2fd74eebdba121f5ea2a464d52c469e85d0745a8085fadc85,,Use the supplied record to build a claim-evidence-reasoning product that another reader can check line by line.,0
ma-g7-science-u08-l10,ma-g7-science,7,middle,canonical-1.0.0,canonical-k8-middle,8,10,Synthesis and review,review,STUDENT_WORK_SHEET,population and consumption,7,CONNECT_UNIT|COMMUNICATE_REPRESENTATION|CHECK_REVISE|ESSENTIAL_QUESTION|EVIDENCE_QUALITY|LIMITATION|PROVENANCE,3,False,False,True,False,BOUND_REFERENCE_EVIDENCE_TASK,0,False,False,False,5,True,True,True,0,0,8,none,True,True,False,2686,863,270,4e80c030042c78f2bfc71fc8e12e17cab503f3c075ff19420be1a8c0d791063c,,"Connect at least three evidence items, state the boundary of the conclusion, and answer the unit question.",0
ma-g7-science-u08-l11,ma-g7-science,7,middle,canonical-1.0.0,canonical-k8-middle,8,11,Unit assessment,assessment/project,STUDENT_WORK_SHEET,climate evidence,7,DEMONSTRATE_MASTERY|COMMUNICATE_REPRESENTATION|CHECK_REVISE|ESSENTIAL_QUESTION|EVIDENCE_QUALITY|LIMITATION|PROVENANCE,4,False,False,True,False,BOUND_REFERENCE_EVIDENCE_TASK,0,False,False,False,5,True,True,True,0,0,8,none,True,True,False,2758,863,257,94cda0b226a35d9486f83ba150ec02cade4444d51a5ebee5c5cddbdb88843131,,"Without copying the brief, evaluate the candidate claim, interpret the evidence table, and apply the idea to a new example you create.",0
ma-g7-science-u08-l12,ma-g7-science,7,middle,canonical-1.0.0,canonical-k8-middle,8,12,Correction and reflection,remediation,STUDENT_WORK_SHEET,mitigation and adaptation,7,ERROR_ANALYSIS|COMMUNICATE_REPRESENTATION|CHECK_REVISE|ESSENTIAL_QUESTION|EVIDENCE_QUALITY|LIMITATION|PROVENANCE,4,False,False,True,False,BOUND_REFERENCE_EVIDENCE_TASK,0,False,False,False,5,True,True,True,0,0,8,none,True,True,False,2739,863,251,1ecb639854675baa2b7a07e24d8feae166cddfaa8bd717917fb696ac54123d4b,,"Locate one weakness in an earlier response, revise it with a named evidence code, and state what the revision fixes.",0
ma-g7-science-u09-l01,ma-g7-science,7,middle,canonical-1.0.0,canonical-k8-middle,9,1,Launch and diagnostic,concept,STUDENT_WORK_SHEET,defining criteria and constraints,7,ACTIVATE_PRIOR|COMMUNICATE_REPRESENTATION|CHECK_REVISE|ESSENTIAL_QUESTION|EVIDENCE_QUALITY|LIMITATION|PROVENANCE,3,False,False,True,False,BOUND_REFERENCE_EVIDENCE_TASK,0,False,True,True,5,True,True,True,0,0,8,none,True,True,False,2707,863,266,f9e8440a280ec8c3fa2a383b0b3e4369a2e37ba0b0528c06880baec82bc189ab,,"Write an initial explanation, then mark which evidence item would most strongly change it.",0
ma-g7-science-u09-l02,ma-g7-science,7,middle,canonical-1.0.0,canonical-k8-middle,9,2,Concept model A,concept,STUDENT_WORK_SHEET,evaluating competing solutions,7,MODEL_BUILD|COMMUNICATE_REPRESENTATION|CHECK_REVISE|ESSENTIAL_QUESTION|EVIDENCE_QUALITY|LIMITATION|PROVENANCE,3,False,False,True,False,BOUND_REFERENCE_EVIDENCE_TASK,0,False,True,True,5,True,True,True,0,0,8,none,True,True,False,2689,863,255,15e1b1a086689255237ea113696dc0ae479a1598c5ba528ee1e999d850490783,,Build a labelled model that includes every accepted relationship in the science brief and test it against the case claim.,0
ma-g7-science-u09-l03,ma-g7-science,7,middle,canonical-1.0.0,canonical-k8-middle,9,3,Guided practice A,concept,STUDENT_WORK_SHEET,test data,7,GUIDED_PRACTICE|COMMUNICATE_REPRESENTATION|CHECK_REVISE|ESSENTIAL_QUESTION|EVIDENCE_QUALITY|LIMITATION|PROVENANCE,3,False,False,True,False,BOUND_REFERENCE_EVIDENCE_TASK,0,False,False,True,5,True,True,True,0,0,8,none,True,True,False,2660,863,243,e9eb81618145a303bad138fcf2ffec6177c5b4fbbf39937d6ee171ea111e073b,,Use E1 with E2 first; then add E3 and revise any conclusion that no longer fits.,0
ma-g7-science-u09-l04,ma-g7-science,7,middle,canonical-1.0.0,canonical-k8-middle,9,4,Independent application A,mastery,STUDENT_WORK_SHEET,iterative modeling,7,APPLY_INDEPENDENT|COMMUNICATE_REPRESENTATION|CHECK_REVISE|ESSENTIAL_QUESTION|EVIDENCE_QUALITY|LIMITATION|PROVENANCE,3,False,False,True,False,BOUND_REFERENCE_EVIDENCE_TASK,0,False,False,True,5,True,True,True,0,0,8,none,True,True,False,2687,863,261,a0a274a8f6a0ad872a8950fa92fb7b3c5ee972d33cc03ef5e11c4f9a8468689c,,Evaluate the case claim independently using at least two evidence codes and one stated limitation.,0
ma-g7-science-u09-l05,ma-g7-science,7,middle,canonical-1.0.0,canonical-k8-middle,9,5,Concept model B,concept,STUDENT_WORK_SHEET,optimization,7,MODEL_BUILD|COMMUNICATE_REPRESENTATION|CHECK_REVISE|ESSENTIAL_QUESTION|EVIDENCE_QUALITY|LIMITATION|PROVENANCE,3,False,False,True,False,BOUND_REFERENCE_EVIDENCE_TASK,0,False,True,True,5,True,True,True,0,0,8,none,True,True,False,2639,863,241,50db3836a014db96d1800112a86ec93cdb49cd13f17d5a93533cd6003e126bc4,,Build a second representation of the same evidence and identify one feature the first model hid.,0
ma-g7-science-u09-l06,ma-g7-science,7,middle,canonical-1.0.0,canonical-k8-middle,9,6,Guided practice B,concept,STUDENT_WORK_SHEET,communicating tradeoffs,7,GUIDED_PRACTICE|COMMUNICATE_REPRESENTATION|CHECK_REVISE|ESSENTIAL_QUESTION|EVIDENCE_QUALITY|LIMITATION|PROVENANCE,3,False,False,True,False,BOUND_REFERENCE_EVIDENCE_TASK,0,False,False,True,5,True,True,True,0,0,8,none,True,True,False,2659,863,243,dddb30480ab19945f3b6440ea8f906cbaf56f74c6871ad4cf506ca61861b648e,,"Sort all evidence as supports, challenges, or does not decide, and justify every placement.",0
ma-g7-science-u09-l07,ma-g7-science,7,middle,canonical-1.0.0,canonical-k8-middle,9,7,Investigation or close reading,inquiry/investigation,INVESTIGATION_DATA_SHEET,defining criteria and constraints,7,ANALYZE_EVIDENCE|COMMUNICATE_REPRESENTATION|CHECK_REVISE|ESSENTIAL_QUESTION|EVIDENCE_QUALITY|LIMITATION|PROVENANCE,3,False,False,True,True,DOCUMENT_INVESTIGATION,0,False,True,True,5,True,True,True,0,0,8,direct-adult,True,True,False,3144,861,255,f9e8440a280ec8c3fa2a383b0b3e4369a2e37ba0b0528c06880baec82bc189ab,,Carry out the document investigation in the stated order and record the evidence tally before writing a conclusion.,0
ma-g7-science-u09-l08,ma-g7-science,7,middle,canonical-1.0.0,canonical-k8-middle,9,8,Reteach and varied practice,remediation,STUDENT_WORK_SHEET,evaluating competing solutions,7,ERROR_ANALYSIS|COMMUNICATE_REPRESENTATION|CHECK_REVISE|ESSENTIAL_QUESTION|EVIDENCE_QUALITY|LIMITATION|PROVENANCE,3,False,False,True,False,BOUND_REFERENCE_EVIDENCE_TASK,0,False,True,True,5,True,True,True,0,0,8,none,True,True,False,2684,863,251,15e1b1a086689255237ea113696dc0ae479a1598c5ba528ee1e999d850490783,,"Correct the candidate claim, explain the exact evidence that makes the correction necessary, and create one fresh example.",0
ma-g7-science-u09-l09,ma-g7-science,7,middle,canonical-1.0.0,canonical-k8-middle,9,9,Performance task build,assessment/project,INVESTIGATION_DATA_SHEET,test data,7,BUILD_PRODUCT|COMMUNICATE_REPRESENTATION|CHECK_REVISE|ESSENTIAL_QUESTION|EVIDENCE_QUALITY|LIMITATION|PROVENANCE,3,False,False,True,True,DOCUMENT_INVESTIGATION,0,False,False,True,5,True,True,True,0,0,8,direct-adult,True,True,False,3114,861,251,e9eb81618145a303bad138fcf2ffec6177c5b4fbbf39937d6ee171ea111e073b,,Use the supplied record to build a claim-evidence-reasoning product that another reader can check line by line.,0
ma-g7-science-u09-l10,ma-g7-science,7,middle,canonical-1.0.0,canonical-k8-middle,9,10,Synthesis and review,review,STUDENT_WORK_SHEET,iterative modeling,7,CONNECT_UNIT|COMMUNICATE_REPRESENTATION|CHECK_REVISE|ESSENTIAL_QUESTION|EVIDENCE_QUALITY|LIMITATION|PROVENANCE,3,False,False,True,False,BOUND_REFERENCE_EVIDENCE_TASK,0,False,False,True,5,True,True,True,0,0,8,none,True,True,False,2693,863,262,a0a274a8f6a0ad872a8950fa92fb7b3c5ee972d33cc03ef5e11c4f9a8468689c,,"Connect at least three evidence items, state the boundary of the conclusion, and answer the unit question.",0
ma-g7-science-u09-l11,ma-g7-science,7,middle,canonical-1.0.0,canonical-k8-middle,9,11,Unit assessment,assessment/project,STUDENT_WORK_SHEET,optimization,7,DEMONSTRATE_MASTERY|COMMUNICATE_REPRESENTATION|CHECK_REVISE|ESSENTIAL_QUESTION|EVIDENCE_QUALITY|LIMITATION|PROVENANCE,3,False,False,True,False,BOUND_REFERENCE_EVIDENCE_TASK,0,False,True,True,5,True,True,True,0,0,8,none,True,True,False,2648,863,250,50db3836a014db96d1800112a86ec93cdb49cd13f17d5a93533cd6003e126bc4,,"Without copying the brief, evaluate the candidate claim, interpret the evidence table, and apply the idea to a new example you create.",0
ma-g7-science-u09-l12,ma-g7-science,7,middle,canonical-1.0.0,canonical-k8-middle,9,12,Correction and reflection,remediation,STUDENT_WORK_SHEET,communicating tradeoffs,7,ERROR_ANALYSIS|COMMUNICATE_REPRESENTATION|CHECK_REVISE|ESSENTIAL_QUESTION|EVIDENCE_QUALITY|LIMITATION|PROVENANCE,3,False,False,True,False,BOUND_REFERENCE_EVIDENCE_TASK,0,False,False,True,5,True,True,True,0,0,8,none,True,True,False,2673,863,244,dddb30480ab19945f3b6440ea8f906cbaf56f74c6871ad4cf506ca61861b648e,,"Locate one weakness in an earlier response, revise it with a named evidence code, and state what the revision fixes.",0
ma-g8-science-u01-l01,ma-g8-science,8,middle,canonical-1.0.0,canonical-k8-middle,1,1,Launch and diagnostic,concept,STUDENT_WORK_SHEET,Newton’s laws at middle-school level,7,ACTIVATE_PRIOR|COMMUNICATE_REPRESENTATION|CHECK_REVISE|ESSENTIAL_QUESTION|EVIDENCE_QUALITY|LIMITATION|PROVENANCE,4,False,False,True,False,BOUND_REFERENCE_EVIDENCE_TASK,0,False,False,True,5,True,True,True,0,0,8,none,True,True,False,2810,863,273,502889f50b0d2b7c830f9bf5b3cf81d60cf4803450ace54963db6e767c01a945,,"Write an initial explanation, then mark which evidence item would most strongly change it.",0
ma-g8-science-u01-l02,ma-g8-science,8,middle,canonical-1.0.0,canonical-k8-middle,1,2,Concept model A,concept,STUDENT_WORK_SHEET,force and mass,7,MODEL_BUILD|COMMUNICATE_REPRESENTATION|CHECK_REVISE|ESSENTIAL_QUESTION|EVIDENCE_QUALITY|LIMITATION|PROVENANCE,4,False,False,True,False,BOUND_REFERENCE_EVIDENCE_TASK,0,False,False,True,5,True,True,True,0,0,8,none,True,True,False,2753,863,255,57c63c4febd52b7b2164dc87d6f074a03ca534f3b69f25dfe3279f2feb915330,,Build a labelled model that includes every accepted relationship in the science brief and test it against the case claim.,0
ma-g8-science-u01-l03,ma-g8-science,8,middle,canonical-1.0.0,canonical-k8-middle,1,3,Guided practice A,concept,STUDENT_WORK_SHEET,motion graphs,7,GUIDED_PRACTICE|COMMUNICATE_REPRESENTATION|CHECK_REVISE|ESSENTIAL_QUESTION|EVIDENCE_QUALITY|LIMITATION|PROVENANCE,4,False,False,True,False,BOUND_REFERENCE_EVIDENCE_TASK,0,True,False,True,5,True,True,True,0,0,8,none,True,True,False,2726,863,243,8918a4d4164b1a8e9f6b4e1679fd1ab36a966729f136618e55c462cf2c128cc7,,Use E1 with E2 first; then add E3 and revise any conclusion that no longer fits.,0
ma-g8-science-u01-l04,ma-g8-science,8,middle,canonical-1.0.0,canonical-k8-middle,1,4,Independent application A,mastery,STUDENT_WORK_SHEET,collisions,7,APPLY_INDEPENDENT|COMMUNICATE_REPRESENTATION|CHECK_REVISE|ESSENTIAL_QUESTION|EVIDENCE_QUALITY|LIMITATION|PROVENANCE,3,False,False,True,False,BOUND_REFERENCE_EVIDENCE_TASK,0,False,False,True,5,True,True,True,0,0,8,none,True,True,False,2685,863,252,d89333a26ff05f0d4cdad8dc7fd1b1b6af6cf02a295f1c4ca1b882fa809477d7,,Evaluate the case claim independently using at least two evidence codes and one stated limitation.,0
ma-g8-science-u01-l05,ma-g8-science,8,middle,canonical-1.0.0,canonical-k8-middle,1,5,Concept model B,concept,STUDENT_WORK_SHEET,gravitational interactions,7,MODEL_BUILD|COMMUNICATE_REPRESENTATION|CHECK_REVISE|ESSENTIAL_QUESTION|EVIDENCE_QUALITY|LIMITATION|PROVENANCE,4,False,False,True,False,BOUND_REFERENCE_EVIDENCE_TASK,0,False,False,True,5,True,True,True,0,0,8,none,True,True,False,2718,863,248,76916f41a053b815b2f70762e02aa6bb0833c956dbf58654f73b9d2f68abc01f,,Build a second representation of the same evidence and identify one feature the first model hid.,0
ma-g8-science-u01-l06,ma-g8-science,8,middle,canonical-1.0.0,canonical-k8-middle,1,6,Guided practice B,concept,STUDENT_WORK_SHEET,electric and magnetic fields,7,GUIDED_PRACTICE|COMMUNICATE_REPRESENTATION|CHECK_REVISE|ESSENTIAL_QUESTION|EVIDENCE_QUALITY|LIMITATION|PROVENANCE,4,False,False,True,False,BOUND_REFERENCE_EVIDENCE_TASK,0,False,False,True,5,True,True,True,0,0,8,none,True,True,False,2786,863,257,63742868e534c4c7f6b80d65b46d026c946bcb7f5d6ca1a66b98262e2dc439c4,,"Sort all evidence as supports, challenges, or does not decide, and justify every placement.",0
ma-g8-science-u01-l07,ma-g8-science,8,middle,canonical-1.0.0,canonical-k8-middle,1,7,Investigation or close reading,inquiry/investigation,INVESTIGATION_DATA_SHEET,Newton’s laws at middle-school level,7,ANALYZE_EVIDENCE|COMMUNICATE_REPRESENTATION|CHECK_REVISE|ESSENTIAL_QUESTION|EVIDENCE_QUALITY|LIMITATION|PROVENANCE,4,False,False,True,True,DOCUMENT_INVESTIGATION,0,False,False,True,5,True,True,True,0,0,8,direct-adult,True,True,False,3288,861,262,502889f50b0d2b7c830f9bf5b3cf81d60cf4803450ace54963db6e767c01a945,,Carry out the document investigation in the stated order and record the evidence tally before writing a conclusion.,0
ma-g8-science-u01-l08,ma-g8-science,8,middle,canonical-1.0.0,canonical-k8-middle,1,8,Reteach and varied practice,remediation,STUDENT_WORK_SHEET,force and mass,7,ERROR_ANALYSIS|COMMUNICATE_REPRESENTATION|CHECK_REVISE|ESSENTIAL_QUESTION|EVIDENCE_QUALITY|LIMITATION|PROVENANCE,4,False,False,True,False,BOUND_REFERENCE_EVIDENCE_TASK,0,False,False,True,5,True,True,True,0,0,8,none,True,True,False,2748,863,251,57c63c4febd52b7b2164dc87d6f074a03ca534f3b69f25dfe3279f2feb915330,,"Correct the candidate claim, explain the exact evidence that makes the correction necessary, and create one fresh example.",0
ma-g8-science-u01-l09,ma-g8-science,8,middle,canonical-1.0.0,canonical-k8-middle,1,9,Performance task build,assessment/project,INVESTIGATION_DATA_SHEET,motion graphs,7,BUILD_PRODUCT|COMMUNICATE_REPRESENTATION|CHECK_REVISE|ESSENTIAL_QUESTION|EVIDENCE_QUALITY|LIMITATION|PROVENANCE,4,False,False,True,True,DOCUMENT_INVESTIGATION,0,True,False,True,5,True,True,True,0,0,8,direct-adult,True,True,False,3210,861,251,8918a4d4164b1a8e9f6b4e1679fd1ab36a966729f136618e55c462cf2c128cc7,,Use the supplied record to build a claim-evidence-reasoning product that another reader can check line by line.,0
ma-g8-science-u01-l10,ma-g8-science,8,middle,canonical-1.0.0,canonical-k8-middle,1,10,Synthesis and review,review,STUDENT_WORK_SHEET,collisions,7,CONNECT_UNIT|COMMUNICATE_REPRESENTATION|CHECK_REVISE|ESSENTIAL_QUESTION|EVIDENCE_QUALITY|LIMITATION|PROVENANCE,3,False,False,True,False,BOUND_REFERENCE_EVIDENCE_TASK,0,True,False,True,5,True,True,True,0,0,8,none,True,True,False,2696,863,258,d89333a26ff05f0d4cdad8dc7fd1b1b6af6cf02a295f1c4ca1b882fa809477d7,,"Connect at least three evidence items, state the boundary of the conclusion, and answer the unit question.",0
ma-g8-science-u01-l11,ma-g8-science,8,middle,canonical-1.0.0,canonical-k8-middle,1,11,Unit assessment,assessment/project,STUDENT_WORK_SHEET,gravitational interactions,7,DEMONSTRATE_MASTERY|COMMUNICATE_REPRESENTATION|CHECK_REVISE|ESSENTIAL_QUESTION|EVIDENCE_QUALITY|LIMITATION|PROVENANCE,4,False,False,True,False,BOUND_REFERENCE_EVIDENCE_TASK,0,False,False,True,5,True,True,True,0,0,8,none,True,True,False,2727,863,257,76916f41a053b815b2f70762e02aa6bb0833c956dbf58654f73b9d2f68abc01f,,"Without copying the brief, evaluate the candidate claim, interpret the evidence table, and apply the idea to a new example you create.",0
ma-g8-science-u01-l12,ma-g8-science,8,middle,canonical-1.0.0,canonical-k8-middle,1,12,Correction and reflection,remediation,STUDENT_WORK_SHEET,electric and magnetic fields,7,ERROR_ANALYSIS|COMMUNICATE_REPRESENTATION|CHECK_REVISE|ESSENTIAL_QUESTION|EVIDENCE_QUALITY|LIMITATION|PROVENANCE,4,False,False,True,False,BOUND_REFERENCE_EVIDENCE_TASK,0,False,False,True,5,True,True,True,0,0,8,none,True,True,False,2800,863,258,63742868e534c4c7f6b80d65b46d026c946bcb7f5d6ca1a66b98262e2dc439c4,,"Locate one weakness in an earlier response, revise it with a named evidence code, and state what the revision fixes.",0
ma-g8-science-u02-l01,ma-g8-science,8,middle,canonical-1.0.0,canonical-k8-middle,2,1,Launch and diagnostic,concept,STUDENT_WORK_SHEET,wave amplitude wavelength and energy,7,ACTIVATE_PRIOR|COMMUNICATE_REPRESENTATION|CHECK_REVISE|ESSENTIAL_QUESTION|EVIDENCE_QUALITY|LIMITATION|PROVENANCE,4,False,False,True,False,BOUND_REFERENCE_EVIDENCE_TASK,0,False,False,False,5,True,True,True,0,0,8,none,True,True,False,2819,863,273,9bf42f319a374f906117fb571fff703e6e100ed410e8d8e0df3d9033def3babc,,"Write an initial explanation, then mark which evidence item would most strongly change it.",0
ma-g8-science-u02-l02,ma-g8-science,8,middle,canonical-1.0.0,canonical-k8-middle,2,2,Concept model A,concept,STUDENT_WORK_SHEET,reflection absorption and transmission,7,MODEL_BUILD|COMMUNICATE_REPRESENTATION|CHECK_REVISE|ESSENTIAL_QUESTION|EVIDENCE_QUALITY|LIMITATION|PROVENANCE,4,False,False,True,False,BOUND_REFERENCE_EVIDENCE_TASK,0,False,False,False,5,True,True,True,0,0,8,none,True,True,False,2792,863,262,570a792ee23719d208ec19103a50fa1725dd2ee40377bd29fa4d74a1ef671ba2,,Build a labelled model that includes every accepted relationship in the science brief and test it against the case claim.,0
ma-g8-science-u02-l03,ma-g8-science,8,middle,canonical-1.0.0,canonical-k8-middle,2,3,Guided practice A,concept,STUDENT_WORK_SHEET,light and sound models,7,GUIDED_PRACTICE|COMMUNICATE_REPRESENTATION|CHECK_REVISE|ESSENTIAL_QUESTION|EVIDENCE_QUALITY|LIMITATION|PROVENANCE,4,False,False,True,False,BOUND_REFERENCE_EVIDENCE_TASK,0,False,False,False,5,True,True,True,0,0,8,none,True,True,False,2737,863,257,6f272e8d72546ba5f9c708eb8d12dfe08916a712a8b0796d9c1b254fcbd8738b,,Use E1 with E2 first; then add E3 and revise any conclusion that no longer fits.,0
ma-g8-science-u02-l04,ma-g8-science,8,middle,canonical-1.0.0,canonical-k8-middle,2,4,Independent application A,mastery,STUDENT_WORK_SHEET,digital versus analog signals,7,APPLY_INDEPENDENT|COMMUNICATE_REPRESENTATION|CHECK_REVISE|ESSENTIAL_QUESTION|EVIDENCE_QUALITY|LIMITATION|PROVENANCE,4,False,False,True,False,BOUND_REFERENCE_EVIDENCE_TASK,0,False,False,False,5,True,True,True,0,0,8,none,True,True,False,2777,863,272,9ecf96e5bdf35e05a8ca77b5138e84c595e0c26f09cc7b245e7391088c862458,,Evaluate the case claim independently using at least two evidence codes and one stated limitation.,0
ma-g8-science-u02-l05,ma-g8-science,8,middle,canonical-1.0.0,canonical-k8-middle,2,5,Concept model B,concept,STUDENT_WORK_SHEET,communication technologies,7,MODEL_BUILD|COMMUNICATE_REPRESENTATION|CHECK_REVISE|ESSENTIAL_QUESTION|EVIDENCE_QUALITY|LIMITATION|PROVENANCE,3,False,False,True,False,BOUND_REFERENCE_EVIDENCE_TASK,0,False,False,False,5,True,True,True,0,0,8,none,True,True,False,2697,863,248,c6c4f40fb79923d13081231fb4c4f45d988428af60c5ad34c98b41f07bfd0be0,,Build a second representation of the same evidence and identify one feature the first model hid.,0
ma-g8-science-u02-l06,ma-g8-science,8,middle,canonical-1.0.0,canonical-k8-middle,2,6,Guided practice B,concept,STUDENT_WORK_SHEET,model limitations,7,GUIDED_PRACTICE|COMMUNICATE_REPRESENTATION|CHECK_REVISE|ESSENTIAL_QUESTION|EVIDENCE_QUALITY|LIMITATION|PROVENANCE,3,False,False,True,False,BOUND_REFERENCE_EVIDENCE_TASK,0,False,False,False,5,True,True,True,0,0,8,none,True,True,False,2685,863,243,d3fad11abc29e01c9bcd33d11c86f40435ffb293c6701667fca7eed84c040276,,"Sort all evidence as supports, challenges, or does not decide, and justify every placement.",0
ma-g8-science-u02-l07,ma-g8-science,8,middle,canonical-1.0.0,canonical-k8-middle,2,7,Investigation or close reading,inquiry/investigation,INVESTIGATION_DATA_SHEET,wave amplitude wavelength and energy,7,ANALYZE_EVIDENCE|COMMUNICATE_REPRESENTATION|CHECK_REVISE|ESSENTIAL_QUESTION|EVIDENCE_QUALITY|LIMITATION|PROVENANCE,4,False,False,True,True,DOCUMENT_INVESTIGATION,0,False,False,False,5,True,True,True,0,0,8,direct-adult,True,True,False,3301,861,262,9bf42f319a374f906117fb571fff703e6e100ed410e8d8e0df3d9033def3babc,,Carry out the document investigation in the stated order and record the evidence tally before writing a conclusion.,0
ma-g8-science-u02-l08,ma-g8-science,8,middle,canonical-1.0.0,canonical-k8-middle,2,8,Reteach and varied practice,remediation,STUDENT_WORK_SHEET,reflection absorption and transmission,7,ERROR_ANALYSIS|COMMUNICATE_REPRESENTATION|CHECK_REVISE|ESSENTIAL_QUESTION|EVIDENCE_QUALITY|LIMITATION|PROVENANCE,4,False,False,True,False,BOUND_REFERENCE_EVIDENCE_TASK,0,False,False,False,5,True,True,True,0,0,8,none,True,True,False,2787,863,258,570a792ee23719d208ec19103a50fa1725dd2ee40377bd29fa4d74a1ef671ba2,,"Correct the candidate claim, explain the exact evidence that makes the correction necessary, and create one fresh example.",0
ma-g8-science-u02-l09,ma-g8-science,8,middle,canonical-1.0.0,canonical-k8-middle,2,9,Performance task build,assessment/project,INVESTIGATION_DATA_SHEET,light and sound models,7,BUILD_PRODUCT|COMMUNICATE_REPRESENTATION|CHECK_REVISE|ESSENTIAL_QUESTION|EVIDENCE_QUALITY|LIMITATION|PROVENANCE,4,False,False,True,True,DOCUMENT_INVESTIGATION,0,False,False,False,5,True,True,True,0,0,8,direct-adult,True,True,False,3218,861,265,6f272e8d72546ba5f9c708eb8d12dfe08916a712a8b0796d9c1b254fcbd8738b,,Use the supplied record to build a claim-evidence-reasoning product that another reader can check line by line.,0
ma-g8-science-u02-l10,ma-g8-science,8,middle,canonical-1.0.0,canonical-k8-middle,2,10,Synthesis and review,review,STUDENT_WORK_SHEET,digital versus analog signals,7,CONNECT_UNIT|COMMUNICATE_REPRESENTATION|CHECK_REVISE|ESSENTIAL_QUESTION|EVIDENCE_QUALITY|LIMITATION|PROVENANCE,4,False,False,True,False,BOUND_REFERENCE_EVIDENCE_TASK,0,False,False,False,5,True,True,True,0,0,8,none,True,True,False,2793,863,283,9ecf96e5bdf35e05a8ca77b5138e84c595e0c26f09cc7b245e7391088c862458,,"Connect at least three evidence items, state the boundary of the conclusion, and answer the unit question.",0
ma-g8-science-u02-l11,ma-g8-science,8,middle,canonical-1.0.0,canonical-k8-middle,2,11,Unit assessment,assessment/project,STUDENT_WORK_SHEET,communication technologies,7,DEMONSTRATE_MASTERY|COMMUNICATE_REPRESENTATION|CHECK_REVISE|ESSENTIAL_QUESTION|EVIDENCE_QUALITY|LIMITATION|PROVENANCE,3,False,False,True,False,BOUND_REFERENCE_EVIDENCE_TASK,0,False,False,False,5,True,True,True,0,0,8,none,True,True,False,2706,863,257,c6c4f40fb79923d13081231fb4c4f45d988428af60c5ad34c98b41f07bfd0be0,,"Without copying the brief, evaluate the candidate claim, interpret the evidence table, and apply the idea to a new example you create.",0
ma-g8-science-u02-l12,ma-g8-science,8,middle,canonical-1.0.0,canonical-k8-middle,2,12,Correction and reflection,remediation,STUDENT_WORK_SHEET,model limitations,7,ERROR_ANALYSIS|COMMUNICATE_REPRESENTATION|CHECK_REVISE|ESSENTIAL_QUESTION|EVIDENCE_QUALITY|LIMITATION|PROVENANCE,3,False,False,True,False,BOUND_REFERENCE_EVIDENCE_TASK,0,False,False,False,5,True,True,True,0,0,8,none,True,True,False,2699,863,244,d3fad11abc29e01c9bcd33d11c86f40435ffb293c6701667fca7eed84c040276,,"Locate one weakness in an earlier response, revise it with a named evidence code, and state what the revision fixes.",0
ma-g8-science-u03-l01,ma-g8-science,8,middle,canonical-1.0.0,canonical-k8-middle,3,1,Launch and diagnostic,concept,STUDENT_WORK_SHEET,sexual and asexual reproduction,7,ACTIVATE_PRIOR|COMMUNICATE_REPRESENTATION|CHECK_REVISE|ESSENTIAL_QUESTION|EVIDENCE_QUALITY|LIMITATION|PROVENANCE,4,False,False,True,False,BOUND_REFERENCE_EVIDENCE_TASK,0,False,False,False,5,True,True,True,0,0,8,none,True,True,False,2768,863,266,1b71673df535f1a037e8cda5da0b722237825cb0e440d638dca55506fe833e5f,,"Write an initial explanation, then mark which evidence item would most strongly change it.",0
ma-g8-science-u03-l02,ma-g8-science,8,middle,canonical-1.0.0,canonical-k8-middle,3,2,Concept model A,concept,STUDENT_WORK_SHEET,genes chromosomes and traits,7,MODEL_BUILD|COMMUNICATE_REPRESENTATION|CHECK_REVISE|ESSENTIAL_QUESTION|EVIDENCE_QUALITY|LIMITATION|PROVENANCE,4,False,False,True,False,BOUND_REFERENCE_EVIDENCE_TASK,0,False,False,False,5,True,True,True,0,0,8,none,True,True,False,2792,863,262,7837e250ac6411c95fb30387341f6d3fb9811b6e9f09e218e83957b6ffdcd62a,,Build a labelled model that includes every accepted relationship in the science brief and test it against the case claim.,0
ma-g8-science-u03-l03,ma-g8-science,8,middle,canonical-1.0.0,canonical-k8-middle,3,3,Guided practice A,concept,STUDENT_WORK_SHEET,mutations,7,GUIDED_PRACTICE|COMMUNICATE_REPRESENTATION|CHECK_REVISE|ESSENTIAL_QUESTION|EVIDENCE_QUALITY|LIMITATION|PROVENANCE,4,False,False,True,False,BOUND_REFERENCE_EVIDENCE_TASK,0,False,False,False,5,True,True,True,0,0,8,none,True,True,False,2688,863,236,2f9842ade432976822ec2484f92a9d88a226bc222158907dcfb6af0f7c635e9d,,Use E1 with E2 first; then add E3 and revise any conclusion that no longer fits.,0
ma-g8-science-u03-l04,ma-g8-science,8,middle,canonical-1.0.0,canonical-k8-middle,3,4,Independent application A,mastery,STUDENT_WORK_SHEET,inheritance models,7,APPLY_INDEPENDENT|COMMUNICATE_REPRESENTATION|CHECK_REVISE|ESSENTIAL_QUESTION|EVIDENCE_QUALITY|LIMITATION|PROVENANCE,3,False,False,True,False,BOUND_REFERENCE_EVIDENCE_TASK,0,False,False,False,5,True,True,True,0,0,8,none,True,True,False,2704,863,260,1ece7f5c14077d57988f6c036f02af393e7dd88a1b574915d2e53f5be0a96df5,,Evaluate the case claim independently using at least two evidence codes and one stated limitation.,0
ma-g8-science-u03-l05,ma-g8-science,8,middle,canonical-1.0.0,canonical-k8-middle,3,5,Concept model B,concept,STUDENT_WORK_SHEET,environment and trait expression,7,MODEL_BUILD|COMMUNICATE_REPRESENTATION|CHECK_REVISE|ESSENTIAL_QUESTION|EVIDENCE_QUALITY|LIMITATION|PROVENANCE,3,False,False,True,False,BOUND_REFERENCE_EVIDENCE_TASK,0,False,False,False,5,True,True,True,0,0,8,none,True,True,False,2701,863,262,e2a27f0070082b973bc8944578642ed455f3448a6e4529fc925b5cb060e90e69,,Build a second representation of the same evidence and identify one feature the first model hid.,0
ma-g8-science-u03-l06,ma-g8-science,8,middle,canonical-1.0.0,canonical-k8-middle,3,6,Guided practice B,concept,STUDENT_WORK_SHEET,probability and model limits,7,GUIDED_PRACTICE|COMMUNICATE_REPRESENTATION|CHECK_REVISE|ESSENTIAL_QUESTION|EVIDENCE_QUALITY|LIMITATION|PROVENANCE,3,False,False,True,False,BOUND_REFERENCE_EVIDENCE_TASK,0,False,False,False,5,True,True,True,0,0,8,none,True,True,False,2694,863,257,e9b479a9e3d0836693702ea238cc1e7a42309fa834f5606252d211d7f386cccc,,"Sort all evidence as supports, challenges, or does not decide, and justify every placement.",0
ma-g8-science-u03-l07,ma-g8-science,8,middle,canonical-1.0.0,canonical-k8-middle,3,7,Investigation or close reading,inquiry/investigation,INVESTIGATION_DATA_SHEET,sexual and asexual reproduction,7,ANALYZE_EVIDENCE|COMMUNICATE_REPRESENTATION|CHECK_REVISE|ESSENTIAL_QUESTION|EVIDENCE_QUALITY|LIMITATION|PROVENANCE,4,False,False,True,True,DOCUMENT_INVESTIGATION,0,False,False,False,5,True,True,True,0,0,8,direct-adult,True,True,False,3231,861,255,1b71673df535f1a037e8cda5da0b722237825cb0e440d638dca55506fe833e5f,,Carry out the document investigation in the stated order and record the evidence tally before writing a conclusion.,0
ma-g8-science-u03-l08,ma-g8-science,8,middle,canonical-1.0.0,canonical-k8-middle,3,8,Reteach and varied practice,remediation,STUDENT_WORK_SHEET,genes chromosomes and traits,7,ERROR_ANALYSIS|COMMUNICATE_REPRESENTATION|CHECK_REVISE|ESSENTIAL_QUESTION|EVIDENCE_QUALITY|LIMITATION|PROVENANCE,4,False,False,True,False,BOUND_REFERENCE_EVIDENCE_TASK,0,False,False,False,5,True,True,True,0,0,8,none,True,True,False,2787,863,258,7837e250ac6411c95fb30387341f6d3fb9811b6e9f09e218e83957b6ffdcd62a,,"Correct the candidate claim, explain the exact evidence that makes the correction necessary, and create one fresh example.",0
ma-g8-science-u03-l09,ma-g8-science,8,middle,canonical-1.0.0,canonical-k8-middle,3,9,Performance task build,assessment/project,INVESTIGATION_DATA_SHEET,mutations,7,BUILD_PRODUCT|COMMUNICATE_REPRESENTATION|CHECK_REVISE|ESSENTIAL_QUESTION|EVIDENCE_QUALITY|LIMITATION|PROVENANCE,4,False,False,True,True,DOCUMENT_INVESTIGATION,0,False,False,False,5,True,True,True,0,0,8,direct-adult,True,True,False,3165,861,244,2f9842ade432976822ec2484f92a9d88a226bc222158907dcfb6af0f7c635e9d,,Use the supplied record to build a claim-evidence-reasoning product that another reader can check line by line.,0
ma-g8-science-u03-l10,ma-g8-science,8,middle,canonical-1.0.0,canonical-k8-middle,3,10,Synthesis and review,review,STUDENT_WORK_SHEET,inheritance models,7,CONNECT_UNIT|COMMUNICATE_REPRESENTATION|CHECK_REVISE|ESSENTIAL_QUESTION|EVIDENCE_QUALITY|LIMITATION|PROVENANCE,3,False,False,True,False,BOUND_REFERENCE_EVIDENCE_TASK,0,False,False,False,5,True,True,True,0,0,8,none,True,True,False,2716,863,267,1ece7f5c14077d57988f6c036f02af393e7dd88a1b574915d2e53f5be0a96df5,,"Connect at least three evidence items, state the boundary of the conclusion, and answer the unit question.",0
ma-g8-science-u03-l11,ma-g8-science,8,middle,canonical-1.0.0,canonical-k8-middle,3,11,Unit assessment,assessment/project,STUDENT_WORK_SHEET,environment and trait expression,7,DEMONSTRATE_MASTERY|COMMUNICATE_REPRESENTATION|CHECK_REVISE|ESSENTIAL_QUESTION|EVIDENCE_QUALITY|LIMITATION|PROVENANCE,3,False,False,True,False,BOUND_REFERENCE_EVIDENCE_TASK,0,False,False,False,5,True,True,True,0,0,8,none,True,True,False,2710,863,271,e2a27f0070082b973bc8944578642ed455f3448a6e4529fc925b5cb060e90e69,,"Without copying the brief, evaluate the candidate claim, interpret the evidence table, and apply the idea to a new example you create.",0
ma-g8-science-u03-l12,ma-g8-science,8,middle,canonical-1.0.0,canonical-k8-middle,3,12,Correction and reflection,remediation,STUDENT_WORK_SHEET,probability and model limits,7,ERROR_ANALYSIS|COMMUNICATE_REPRESENTATION|CHECK_REVISE|ESSENTIAL_QUESTION|EVIDENCE_QUALITY|LIMITATION|PROVENANCE,3,False,False,True,False,BOUND_REFERENCE_EVIDENCE_TASK,0,False,False,False,5,True,True,True,0,0,8,none,True,True,False,2708,863,258,e9b479a9e3d0836693702ea238cc1e7a42309fa834f5606252d211d7f386cccc,,"Locate one weakness in an earlier response, revise it with a named evidence code, and state what the revision fixes.",0
ma-g8-science-u04-l01,ma-g8-science,8,middle,canonical-1.0.0,canonical-k8-middle,4,1,Launch and diagnostic,concept,STUDENT_WORK_SHEET,fossil evidence,7,ACTIVATE_PRIOR|COMMUNICATE_REPRESENTATION|CHECK_REVISE|ESSENTIAL_QUESTION|EVIDENCE_QUALITY|LIMITATION|PROVENANCE,4,False,False,True,False,BOUND_REFERENCE_EVIDENCE_TASK,0,False,False,False,5,True,True,True,0,0,8,none,True,True,False,2758,863,252,78fef2f52accbe621e66d64f67cc59efcfc334030c37dffe59efe9fc04e1bd40,,"Write an initial explanation, then mark which evidence item would most strongly change it.",0
ma-g8-science-u04-l02,ma-g8-science,8,middle,canonical-1.0.0,canonical-k8-middle,4,2,Concept model A,concept,STUDENT_WORK_SHEET,anatomical similarities,7,MODEL_BUILD|COMMUNICATE_REPRESENTATION|CHECK_REVISE|ESSENTIAL_QUESTION|EVIDENCE_QUALITY|LIMITATION|PROVENANCE,3,False,False,True,False,BOUND_REFERENCE_EVIDENCE_TASK,0,False,False,False,5,True,True,True,0,0,8,none,True,True,False,2695,863,248,ae519997058246927510da0bb28a6ab6cf3a7853d2ac4525886e3c054408071b,,Build a labelled model that includes every accepted relationship in the science brief and test it against the case claim.,0
ma-g8-science-u04-l03,ma-g8-science,8,middle,canonical-1.0.0,canonical-k8-middle,4,3,Guided practice A,concept,STUDENT_WORK_SHEET,embryological evidence,7,GUIDED_PRACTICE|COMMUNICATE_REPRESENTATION|CHECK_REVISE|ESSENTIAL_QUESTION|EVIDENCE_QUALITY|LIMITATION|PROVENANCE,3,False,False,True,False,BOUND_REFERENCE_EVIDENCE_TASK,0,False,False,False,5,True,True,True,0,0,8,none,True,True,False,2660,863,243,b2cc2ade49b5c04a84723568e8f583098e05567b7ea4182d8f011eab0a94bbf0,,Use E1 with E2 first; then add E3 and revise any conclusion that no longer fits.,0
ma-g8-science-u04-l04,ma-g8-science,8,middle,canonical-1.0.0,canonical-k8-middle,4,4,Independent application A,mastery,STUDENT_WORK_SHEET,variation,7,APPLY_INDEPENDENT|COMMUNICATE_REPRESENTATION|CHECK_REVISE|ESSENTIAL_QUESTION|EVIDENCE_QUALITY|LIMITATION|PROVENANCE,4,False,False,True,False,BOUND_REFERENCE_EVIDENCE_TASK,0,False,False,False,5,True,True,True,0,0,8,none,True,True,False,2696,863,251,88e1b2402f8702f7d2fd651eabce6ad235ea93af8655d8d7861ee64d9b39b627,,Evaluate the case claim independently using at least two evidence codes and one stated limitation.,0
ma-g8-science-u04-l05,ma-g8-science,8,middle,canonical-1.0.0,canonical-k8-middle,4,5,Concept model B,concept,STUDENT_WORK_SHEET,natural selection,7,MODEL_BUILD|COMMUNICATE_REPRESENTATION|CHECK_REVISE|ESSENTIAL_QUESTION|EVIDENCE_QUALITY|LIMITATION|PROVENANCE,4,False,False,True,False,BOUND_REFERENCE_EVIDENCE_TASK,0,False,False,False,5,True,True,True,0,0,8,none,True,True,False,2718,863,248,c9017c1aa275b7f34350fafb4ede9661914b145eb2c2ea8c11d697720c383110,,Build a second representation of the same evidence and identify one feature the first model hid.,0
ma-g8-science-u04-l06,ma-g8-science,8,middle,canonical-1.0.0,canonical-k8-middle,4,6,Guided practice B,concept,STUDENT_WORK_SHEET,population change over generations,7,GUIDED_PRACTICE|COMMUNICATE_REPRESENTATION|CHECK_REVISE|ESSENTIAL_QUESTION|EVIDENCE_QUALITY|LIMITATION|PROVENANCE,3,False,False,True,False,BOUND_REFERENCE_EVIDENCE_TASK,0,False,False,False,5,True,True,True,0,0,8,none,True,True,False,2714,863,257,57e15dcfc668e3d077f0531a272966c50de5071cee5e9ae4462a05f7fad0e521,,"Sort all evidence as supports, challenges, or does not decide, and justify every placement.",0
ma-g8-science-u04-l07,ma-g8-science,8,middle,canonical-1.0.0,canonical-k8-middle,4,7,Investigation or close reading,inquiry/investigation,INVESTIGATION_DATA_SHEET,fossil evidence,7,ANALYZE_EVIDENCE|COMMUNICATE_REPRESENTATION|CHECK_REVISE|ESSENTIAL_QUESTION|EVIDENCE_QUALITY|LIMITATION|PROVENANCE,4,False,False,True,True,DOCUMENT_INVESTIGATION,0,False,False,False,5,True,True,True,0,0,8,direct-adult,True,True,False,3235,861,241,78fef2f52accbe621e66d64f67cc59efcfc334030c37dffe59efe9fc04e1bd40,,Carry out the document investigation in the stated order and record the evidence tally before writing a conclusion.,0
ma-g8-science-u04-l08,ma-g8-science,8,middle,canonical-1.0.0,canonical-k8-middle,4,8,Reteach and varied practice,remediation,STUDENT_WORK_SHEET,anatomical similarities,7,ERROR_ANALYSIS|COMMUNICATE_REPRESENTATION|CHECK_REVISE|ESSENTIAL_QUESTION|EVIDENCE_QUALITY|LIMITATION|PROVENANCE,3,False,False,True,False,BOUND_REFERENCE_EVIDENCE_TASK,0,False,False,False,5,True,True,True,0,0,8,none,True,True,False,2690,863,244,ae519997058246927510da0bb28a6ab6cf3a7853d2ac4525886e3c054408071b,,"Correct the candidate claim, explain the exact evidence that makes the correction necessary, and create one fresh example.",0
ma-g8-science-u04-l09,ma-g8-science,8,middle,canonical-1.0.0,canonical-k8-middle,4,9,Performance task build,assessment/project,INVESTIGATION_DATA_SHEET,embryological evidence,7,BUILD_PRODUCT|COMMUNICATE_REPRESENTATION|CHECK_REVISE|ESSENTIAL_QUESTION|EVIDENCE_QUALITY|LIMITATION|PROVENANCE,3,False,False,True,True,DOCUMENT_INVESTIGATION,0,False,False,False,5,True,True,True,0,0,8,direct-adult,True,True,False,3115,861,251,b2cc2ade49b5c04a84723568e8f583098e05567b7ea4182d8f011eab0a94bbf0,,Use the supplied record to build a claim-evidence-reasoning product that another reader can check line by line.,0
ma-g8-science-u04-l10,ma-g8-science,8,middle,canonical-1.0.0,canonical-k8-middle,4,10,Synthesis and review,review,STUDENT_WORK_SHEET,variation,7,CONNECT_UNIT|COMMUNICATE_REPRESENTATION|CHECK_REVISE|ESSENTIAL_QUESTION|EVIDENCE_QUALITY|LIMITATION|PROVENANCE,4,False,False,True,False,BOUND_REFERENCE_EVIDENCE_TASK,0,False,False,False,5,True,True,True,0,0,8,none,True,True,False,2704,863,254,88e1b2402f8702f7d2fd651eabce6ad235ea93af8655d8d7861ee64d9b39b627,,"Connect at least three evidence items, state the boundary of the conclusion, and answer the unit question.",0
ma-g8-science-u04-l11,ma-g8-science,8,middle,canonical-1.0.0,canonical-k8-middle,4,11,Unit assessment,assessment/project,STUDENT_WORK_SHEET,natural selection,7,DEMONSTRATE_MASTERY|COMMUNICATE_REPRESENTATION|CHECK_REVISE|ESSENTIAL_QUESTION|EVIDENCE_QUALITY|LIMITATION|PROVENANCE,4,False,False,True,False,BOUND_REFERENCE_EVIDENCE_TASK,0,False,False,False,5,True,True,True,0,0,8,none,True,True,False,2727,863,257,c9017c1aa275b7f34350fafb4ede9661914b145eb2c2ea8c11d697720c383110,,"Without copying the brief, evaluate the candidate claim, interpret the evidence table, and apply the idea to a new example you create.",0
ma-g8-science-u04-l12,ma-g8-science,8,middle,canonical-1.0.0,canonical-k8-middle,4,12,Correction and reflection,remediation,STUDENT_WORK_SHEET,population change over generations,7,ERROR_ANALYSIS|COMMUNICATE_REPRESENTATION|CHECK_REVISE|ESSENTIAL_QUESTION|EVIDENCE_QUALITY|LIMITATION|PROVENANCE,3,False,False,True,False,BOUND_REFERENCE_EVIDENCE_TASK,0,False,False,False,5,True,True,True,0,0,8,none,True,True,False,2728,863,258,57e15dcfc668e3d077f0531a272966c50de5071cee5e9ae4462a05f7fad0e521,,"Locate one weakness in an earlier response, revise it with a named evidence code, and state what the revision fixes.",0
ma-g8-science-u05-l01,ma-g8-science,8,middle,canonical-1.0.0,canonical-k8-middle,5,1,Launch and diagnostic,concept,STUDENT_WORK_SHEET,geologic time,7,ACTIVATE_PRIOR|COMMUNICATE_REPRESENTATION|CHECK_REVISE|ESSENTIAL_QUESTION|EVIDENCE_QUALITY|LIMITATION|PROVENANCE,4,False,False,True,False,BOUND_REFERENCE_EVIDENCE_TASK,0,False,False,False,5,True,True,True,0,0,8,none,True,True,False,2709,863,252,9a1ad84ab82112f44b42b026f5bcdfb7084c31fbb58d68def6723cbf260dae63,,"Write an initial explanation, then mark which evidence item would most strongly change it.",0
ma-g8-science-u05-l02,ma-g8-science,8,middle,canonical-1.0.0,canonical-k8-middle,5,2,Concept model A,concept,STUDENT_WORK_SHEET,rock strata and fossils,7,MODEL_BUILD|COMMUNICATE_REPRESENTATION|CHECK_REVISE|ESSENTIAL_QUESTION|EVIDENCE_QUALITY|LIMITATION|PROVENANCE,4,False,False,True,False,BOUND_REFERENCE_EVIDENCE_TASK,0,False,False,False,5,True,True,True,0,0,8,none,True,True,False,2764,863,262,ec0daacff78758f7ab90a11502ee8ae0383e0268bbdd0a9780f200f1788fd237,,Build a labelled model that includes every accepted relationship in the science brief and test it against the case claim.,0
ma-g8-science-u05-l03,ma-g8-science,8,middle,canonical-1.0.0,canonical-k8-middle,5,3,Guided practice A,concept,STUDENT_WORK_SHEET,plate tectonics,7,GUIDED_PRACTICE|COMMUNICATE_REPRESENTATION|CHECK_REVISE|ESSENTIAL_QUESTION|EVIDENCE_QUALITY|LIMITATION|PROVENANCE,4,False,False,True,False,BOUND_REFERENCE_EVIDENCE_TASK,0,False,False,False,5,True,True,True,0,0,8,none,True,True,False,2732,863,243,6bd9f611059f70c43fe442a39a24c3d3e64a15fbeb0cb5e373fb2d7361d85644,,Use E1 with E2 first; then add E3 and revise any conclusion that no longer fits.,0
ma-g8-science-u05-l04,ma-g8-science,8,middle,canonical-1.0.0,canonical-k8-middle,5,4,Independent application A,mastery,STUDENT_WORK_SHEET,cycling of Earth materials,7,APPLY_INDEPENDENT|COMMUNICATE_REPRESENTATION|CHECK_REVISE|ESSENTIAL_QUESTION|EVIDENCE_QUALITY|LIMITATION|PROVENANCE,4,False,False,True,False,BOUND_REFERENCE_EVIDENCE_TASK,0,False,False,False,5,True,True,True,0,0,8,none,True,True,False,2773,863,272,9d02f14dfa71f5050560216fadd91472443d7f2b5295c48bf5fe4aba719553ad,,Evaluate the case claim independently using at least two evidence codes and one stated limitation.,0
ma-g8-science-u05-l05,ma-g8-science,8,middle,canonical-1.0.0,canonical-k8-middle,5,5,Concept model B,concept,STUDENT_WORK_SHEET,surface processes,7,MODEL_BUILD|COMMUNICATE_REPRESENTATION|CHECK_REVISE|ESSENTIAL_QUESTION|EVIDENCE_QUALITY|LIMITATION|PROVENANCE,4,False,False,True,False,BOUND_REFERENCE_EVIDENCE_TASK,0,False,False,False,5,True,True,True,0,0,8,none,True,True,False,2694,863,248,c5728883d7a556a20a812736b10de0e2db08635ca185dbeb1889aa642c088571,,Build a second representation of the same evidence and identify one feature the first model hid.,0
ma-g8-science-u05-l06,ma-g8-science,8,middle,canonical-1.0.0,canonical-k8-middle,5,6,Guided practice B,concept,STUDENT_WORK_SHEET,evidence for past change,7,GUIDED_PRACTICE|COMMUNICATE_REPRESENTATION|CHECK_REVISE|ESSENTIAL_QUESTION|EVIDENCE_QUALITY|LIMITATION|PROVENANCE,3,False,False,True,False,BOUND_REFERENCE_EVIDENCE_TASK,0,False,False,False,5,True,True,True,0,0,8,none,True,True,False,2707,863,257,d78b3e1891822390c5062de171f1c4c22c12c282b4b22658c3c67f34c0b07310,,"Sort all evidence as supports, challenges, or does not decide, and justify every placement.",0
ma-g8-science-u05-l07,ma-g8-science,8,middle,canonical-1.0.0,canonical-k8-middle,5,7,Investigation or close reading,inquiry/investigation,INVESTIGATION_DATA_SHEET,geologic time,7,ANALYZE_EVIDENCE|COMMUNICATE_REPRESENTATION|CHECK_REVISE|ESSENTIAL_QUESTION|EVIDENCE_QUALITY|LIMITATION|PROVENANCE,4,False,False,True,True,DOCUMENT_INVESTIGATION,0,False,False,False,5,True,True,True,0,0,8,direct-adult,True,True,False,3161,861,241,9a1ad84ab82112f44b42b026f5bcdfb7084c31fbb58d68def6723cbf260dae63,,Carry out the document investigation in the stated order and record the evidence tally before writing a conclusion.,0
ma-g8-science-u05-l08,ma-g8-science,8,middle,canonical-1.0.0,canonical-k8-middle,5,8,Reteach and varied practice,remediation,STUDENT_WORK_SHEET,rock strata and fossils,7,ERROR_ANALYSIS|COMMUNICATE_REPRESENTATION|CHECK_REVISE|ESSENTIAL_QUESTION|EVIDENCE_QUALITY|LIMITATION|PROVENANCE,4,False,False,True,False,BOUND_REFERENCE_EVIDENCE_TASK,0,False,False,False,5,True,True,True,0,0,8,none,True,True,False,2759,863,258,ec0daacff78758f7ab90a11502ee8ae0383e0268bbdd0a9780f200f1788fd237,,"Correct the candidate claim, explain the exact evidence that makes the correction necessary, and create one fresh example.",0
ma-g8-science-u05-l09,ma-g8-science,8,middle,canonical-1.0.0,canonical-k8-middle,5,9,Performance task build,assessment/project,INVESTIGATION_DATA_SHEET,plate tectonics,7,BUILD_PRODUCT|COMMUNICATE_REPRESENTATION|CHECK_REVISE|ESSENTIAL_QUESTION|EVIDENCE_QUALITY|LIMITATION|PROVENANCE,4,False,False,True,True,DOCUMENT_INVESTIGATION,0,False,False,False,5,True,True,True,0,0,8,direct-adult,True,True,False,3222,861,251,6bd9f611059f70c43fe442a39a24c3d3e64a15fbeb0cb5e373fb2d7361d85644,,Use the supplied record to build a claim-evidence-reasoning product that another reader can check line by line.,0
ma-g8-science-u05-l10,ma-g8-science,8,middle,canonical-1.0.0,canonical-k8-middle,5,10,Synthesis and review,review,STUDENT_WORK_SHEET,cycling of Earth materials,7,CONNECT_UNIT|COMMUNICATE_REPRESENTATION|CHECK_REVISE|ESSENTIAL_QUESTION|EVIDENCE_QUALITY|LIMITATION|PROVENANCE,4,False,False,True,False,BOUND_REFERENCE_EVIDENCE_TASK,0,False,False,False,5,True,True,True,0,0,8,none,True,True,False,2786,863,280,9d02f14dfa71f5050560216fadd91472443d7f2b5295c48bf5fe4aba719553ad,,"Connect at least three evidence items, state the boundary of the conclusion, and answer the unit question.",0
ma-g8-science-u05-l11,ma-g8-science,8,middle,canonical-1.0.0,canonical-k8-middle,5,11,Unit assessment,assessment/project,STUDENT_WORK_SHEET,surface processes,7,DEMONSTRATE_MASTERY|COMMUNICATE_REPRESENTATION|CHECK_REVISE|ESSENTIAL_QUESTION|EVIDENCE_QUALITY|LIMITATION|PROVENANCE,4,False,False,True,False,BOUND_REFERENCE_EVIDENCE_TASK,0,False,False,False,5,True,True,True,0,0,8,none,True,True,False,2703,863,257,c5728883d7a556a20a812736b10de0e2db08635ca185dbeb1889aa642c088571,,"Without copying the brief, evaluate the candidate claim, interpret the evidence table, and apply the idea to a new example you create.",0
ma-g8-science-u05-l12,ma-g8-science,8,middle,canonical-1.0.0,canonical-k8-middle,5,12,Correction and reflection,remediation,STUDENT_WORK_SHEET,evidence for past change,7,ERROR_ANALYSIS|COMMUNICATE_REPRESENTATION|CHECK_REVISE|ESSENTIAL_QUESTION|EVIDENCE_QUALITY|LIMITATION|PROVENANCE,3,False,False,True,False,BOUND_REFERENCE_EVIDENCE_TASK,0,False,False,False,5,True,True,True,0,0,8,none,True,True,False,2721,863,258,d78b3e1891822390c5062de171f1c4c22c12c282b4b22658c3c67f34c0b07310,,"Locate one weakness in an earlier response, revise it with a named evidence code, and state what the revision fixes.",0
ma-g8-science-u06-l01,ma-g8-science,8,middle,canonical-1.0.0,canonical-k8-middle,6,1,Launch and diagnostic,concept,STUDENT_WORK_SHEET,seasons,7,ACTIVATE_PRIOR|COMMUNICATE_REPRESENTATION|CHECK_REVISE|ESSENTIAL_QUESTION|EVIDENCE_QUALITY|LIMITATION|PROVENANCE,4,False,False,True,False,BOUND_REFERENCE_EVIDENCE_TASK,0,False,False,False,5,True,True,True,0,0,8,none,True,True,False,2725,863,245,c0d46746cd6a934e5db9adf22f44c97d417b1d3269d2d4dc6818dad69877dbe4,,"Write an initial explanation, then mark which evidence item would most strongly change it.",0
ma-g8-science-u06-l02,ma-g8-science,8,middle,canonical-1.0.0,canonical-k8-middle,6,2,Concept model A,concept,STUDENT_WORK_SHEET,lunar phases and eclipses,7,MODEL_BUILD|COMMUNICATE_REPRESENTATION|CHECK_REVISE|ESSENTIAL_QUESTION|EVIDENCE_QUALITY|LIMITATION|PROVENANCE,4,False,False,True,False,BOUND_REFERENCE_EVIDENCE_TASK,0,False,False,False,5,True,True,True,0,0,8,none,True,True,False,2807,863,262,016e42bcdcb1e18680cb2b4d5dc30213b191acd1f118674c4d5b879ee0f63118,,Build a labelled model that includes every accepted relationship in the science brief and test it against the case claim.,0
ma-g8-science-u06-l03,ma-g8-science,8,middle,canonical-1.0.0,canonical-k8-middle,6,3,Guided practice A,concept,STUDENT_WORK_SHEET,gravity and orbital motion,7,GUIDED_PRACTICE|COMMUNICATE_REPRESENTATION|CHECK_REVISE|ESSENTIAL_QUESTION|EVIDENCE_QUALITY|LIMITATION|PROVENANCE,4,False,False,True,False,BOUND_REFERENCE_EVIDENCE_TASK,0,False,False,False,5,True,True,True,0,0,8,none,True,True,False,2759,863,257,27aa69c581448a658e951d0d993d73f5a9553c3ab63571ac12a1a6a7f4ca309d,,Use E1 with E2 first; then add E3 and revise any conclusion that no longer fits.,0
ma-g8-science-u06-l04,ma-g8-science,8,middle,canonical-1.0.0,canonical-k8-middle,6,4,Independent application A,mastery,STUDENT_WORK_SHEET,solar-system scale,7,APPLY_INDEPENDENT|COMMUNICATE_REPRESENTATION|CHECK_REVISE|ESSENTIAL_QUESTION|EVIDENCE_QUALITY|LIMITATION|PROVENANCE,4,False,False,True,False,BOUND_REFERENCE_EVIDENCE_TASK,0,False,False,False,5,True,True,True,0,0,8,none,True,True,False,2733,863,264,69e88e401714731c06fb7a0b02b545b6a2e0c61ef9041690a571eb30dba4a320,,Evaluate the case claim independently using at least two evidence codes and one stated limitation.,0
ma-g8-science-u06-l05,ma-g8-science,8,middle,canonical-1.0.0,canonical-k8-middle,6,5,Concept model B,concept,STUDENT_WORK_SHEET,technology and space data,7,MODEL_BUILD|COMMUNICATE_REPRESENTATION|CHECK_REVISE|ESSENTIAL_QUESTION|EVIDENCE_QUALITY|LIMITATION|PROVENANCE,3,False,False,True,False,BOUND_REFERENCE_EVIDENCE_TASK,0,False,False,False,5,True,True,True,0,0,8,none,True,True,False,2729,863,262,9d76cb985861b32e95d5ebf0ef8fbeac225bde36b37bf4dc7188c895a5a4c479,,Build a second representation of the same evidence and identify one feature the first model hid.,0
ma-g8-science-u06-l06,ma-g8-science,8,middle,canonical-1.0.0,canonical-k8-middle,6,6,Guided practice B,concept,STUDENT_WORK_SHEET,model misconceptions,7,GUIDED_PRACTICE|COMMUNICATE_REPRESENTATION|CHECK_REVISE|ESSENTIAL_QUESTION|EVIDENCE_QUALITY|LIMITATION|PROVENANCE,3,False,False,True,False,BOUND_REFERENCE_EVIDENCE_TASK,0,False,False,False,5,True,True,True,0,0,8,none,True,True,False,2669,863,243,efe6f454a0b0efdce00235a0bfa5a1641d5beb804e66efaecfd25c2a46566e46,,"Sort all evidence as supports, challenges, or does not decide, and justify every placement.",0
ma-g8-science-u06-l07,ma-g8-science,8,middle,canonical-1.0.0,canonical-k8-middle,6,7,Investigation or close reading,inquiry/investigation,INVESTIGATION_DATA_SHEET,seasons,7,ANALYZE_EVIDENCE|COMMUNICATE_REPRESENTATION|CHECK_REVISE|ESSENTIAL_QUESTION|EVIDENCE_QUALITY|LIMITATION|PROVENANCE,4,False,False,True,True,DOCUMENT_INVESTIGATION,0,False,False,False,5,True,True,True,0,0,8,direct-adult,True,True,False,3190,861,234,c0d46746cd6a934e5db9adf22f44c97d417b1d3269d2d4dc6818dad69877dbe4,,Carry out the document investigation in the stated order and record the evidence tally before writing a conclusion.,0
ma-g8-science-u06-l08,ma-g8-science,8,middle,canonical-1.0.0,canonical-k8-middle,6,8,Reteach and varied practice,remediation,STUDENT_WORK_SHEET,lunar phases and eclipses,7,ERROR_ANALYSIS|COMMUNICATE_REPRESENTATION|CHECK_REVISE|ESSENTIAL_QUESTION|EVIDENCE_QUALITY|LIMITATION|PROVENANCE,4,False,False,True,False,BOUND_REFERENCE_EVIDENCE_TASK,0,False,False,False,5,True,True,True,0,0,8,none,True,True,False,2802,863,258,016e42bcdcb1e18680cb2b4d5dc30213b191acd1f118674c4d5b879ee0f63118,,"Correct the candidate claim, explain the exact evidence that makes the correction necessary, and create one fresh example.",0
ma-g8-science-u06-l09,ma-g8-science,8,middle,canonical-1.0.0,canonical-k8-middle,6,9,Performance task build,assessment/project,INVESTIGATION_DATA_SHEET,gravity and orbital motion,7,BUILD_PRODUCT|COMMUNICATE_REPRESENTATION|CHECK_REVISE|ESSENTIAL_QUESTION|EVIDENCE_QUALITY|LIMITATION|PROVENANCE,4,False,False,True,True,DOCUMENT_INVESTIGATION,0,False,False,False,5,True,True,True,0,0,8,direct-adult,True,True,False,3252,861,265,27aa69c581448a658e951d0d993d73f5a9553c3ab63571ac12a1a6a7f4ca309d,,Use the supplied record to build a claim-evidence-reasoning product that another reader can check line by line.,0
ma-g8-science-u06-l10,ma-g8-science,8,middle,canonical-1.0.0,canonical-k8-middle,6,10,Synthesis and review,review,STUDENT_WORK_SHEET,solar-system scale,7,CONNECT_UNIT|COMMUNICATE_REPRESENTATION|CHECK_REVISE|ESSENTIAL_QUESTION|EVIDENCE_QUALITY|LIMITATION|PROVENANCE,4,False,False,True,False,BOUND_REFERENCE_EVIDENCE_TASK,0,False,False,False,5,True,True,True,0,0,8,none,True,True,False,2739,863,265,69e88e401714731c06fb7a0b02b545b6a2e0c61ef9041690a571eb30dba4a320,,"Connect at least three evidence items, state the boundary of the conclusion, and answer the unit question.",0
ma-g8-science-u06-l11,ma-g8-science,8,middle,canonical-1.0.0,canonical-k8-middle,6,11,Unit assessment,assessment/project,STUDENT_WORK_SHEET,technology and space data,7,DEMONSTRATE_MASTERY|COMMUNICATE_REPRESENTATION|CHECK_REVISE|ESSENTIAL_QUESTION|EVIDENCE_QUALITY|LIMITATION|PROVENANCE,3,False,False,True,False,BOUND_REFERENCE_EVIDENCE_TASK,0,False,False,False,5,True,True,True,0,0,8,none,True,True,False,2738,863,271,9d76cb985861b32e95d5ebf0ef8fbeac225bde36b37bf4dc7188c895a5a4c479,,"Without copying the brief, evaluate the candidate claim, interpret the evidence table, and apply the idea to a new example you create.",0
ma-g8-science-u06-l12,ma-g8-science,8,middle,canonical-1.0.0,canonical-k8-middle,6,12,Correction and reflection,remediation,STUDENT_WORK_SHEET,model misconceptions,7,ERROR_ANALYSIS|COMMUNICATE_REPRESENTATION|CHECK_REVISE|ESSENTIAL_QUESTION|EVIDENCE_QUALITY|LIMITATION|PROVENANCE,3,False,False,True,False,BOUND_REFERENCE_EVIDENCE_TASK,0,False,False,False,5,True,True,True,0,0,8,none,True,True,False,2683,863,244,efe6f454a0b0efdce00235a0bfa5a1641d5beb804e66efaecfd25c2a46566e46,,"Locate one weakness in an earlier response, revise it with a named evidence code, and state what the revision fixes.",0
ma-g8-science-u07-l01,ma-g8-science,8,middle,canonical-1.0.0,canonical-k8-middle,7,1,Launch and diagnostic,concept,STUDENT_WORK_SHEET,resource distribution,7,ACTIVATE_PRIOR|COMMUNICATE_REPRESENTATION|CHECK_REVISE|ESSENTIAL_QUESTION|EVIDENCE_QUALITY|LIMITATION|PROVENANCE,3,False,False,True,False,BOUND_REFERENCE_EVIDENCE_TASK,0,False,False,False,5,True,True,True,0,0,8,none,True,True,False,2677,863,252,121e97f04667c574a85501f5486bc6f34ea036b6bbecab6761ec90c76299e73f,,"Write an initial explanation, then mark which evidence item would most strongly change it.",0
ma-g8-science-u07-l02,ma-g8-science,8,middle,canonical-1.0.0,canonical-k8-middle,7,2,Concept model A,concept,STUDENT_WORK_SHEET,geoscience processes,7,MODEL_BUILD|COMMUNICATE_REPRESENTATION|CHECK_REVISE|ESSENTIAL_QUESTION|EVIDENCE_QUALITY|LIMITATION|PROVENANCE,3,False,False,True,False,BOUND_REFERENCE_EVIDENCE_TASK,0,False,False,False,5,True,True,True,0,0,8,none,True,True,False,2673,863,248,e5aa179dd74923538af377726cce3b305658b5b719ccfbccbe6e2047b05a5d3c,,Build a labelled model that includes every accepted relationship in the science brief and test it against the case claim.,0
ma-g8-science-u07-l03,ma-g8-science,8,middle,canonical-1.0.0,canonical-k8-middle,7,3,Guided practice A,concept,STUDENT_WORK_SHEET,population and consumption,7,GUIDED_PRACTICE|COMMUNICATE_REPRESENTATION|CHECK_REVISE|ESSENTIAL_QUESTION|EVIDENCE_QUALITY|LIMITATION|PROVENANCE,3,False,False,True,False,BOUND_REFERENCE_EVIDENCE_TASK,0,False,False,False,5,True,True,True,0,0,8,none,True,True,False,2676,863,250,6ba76d6d4474e47ea476a6b874c692e1778edc33d74a70cf060ca0544047e925,,Use E1 with E2 first; then add E3 and revise any conclusion that no longer fits.,0
ma-g8-science-u07-l04,ma-g8-science,8,middle,canonical-1.0.0,canonical-k8-middle,7,4,Independent application A,mastery,STUDENT_WORK_SHEET,climate evidence,7,APPLY_INDEPENDENT|COMMUNICATE_REPRESENTATION|CHECK_REVISE|ESSENTIAL_QUESTION|EVIDENCE_QUALITY|LIMITATION|PROVENANCE,4,False,False,True,False,BOUND_REFERENCE_EVIDENCE_TASK,0,False,False,False,5,True,True,True,0,0,8,none,True,True,False,2795,863,261,00b34482dfdff740c19066e6c9883d65bcbb5c6bbea52a6f43b275b5693cac46,,Evaluate the case claim independently using at least two evidence codes and one stated limitation.,0
ma-g8-science-u07-l05,ma-g8-science,8,middle,canonical-1.0.0,canonical-k8-middle,7,5,Concept model B,concept,STUDENT_WORK_SHEET,mitigation adaptation and tradeoffs,7,MODEL_BUILD|COMMUNICATE_REPRESENTATION|CHECK_REVISE|ESSENTIAL_QUESTION|EVIDENCE_QUALITY|LIMITATION|PROVENANCE,4,False,False,True,False,BOUND_REFERENCE_EVIDENCE_TASK,0,False,False,False,5,True,True,True,0,0,8,none,True,True,False,2746,863,262,0bb9f299e1160a95dccdd6e40b098bcd732947825b28b63ab09094c73439e589,,Build a second representation of the same evidence and identify one feature the first model hid.,0
ma-g8-science-u07-l06,ma-g8-science,8,middle,canonical-1.0.0,canonical-k8-middle,7,6,Guided practice B,concept,STUDENT_WORK_SHEET,environmental justice foundations,7,GUIDED_PRACTICE|COMMUNICATE_REPRESENTATION|CHECK_REVISE|ESSENTIAL_QUESTION|EVIDENCE_QUALITY|LIMITATION|PROVENANCE,3,False,False,True,False,BOUND_REFERENCE_EVIDENCE_TASK,0,False,False,False,5,True,True,True,0,0,8,none,True,True,False,2680,863,250,6255201b60017da2b69bb096921600a44c02abb870bcfc138b59b6ef9fdfbb3e,,"Sort all evidence as supports, challenges, or does not decide, and justify every placement.",0
ma-g8-science-u07-l07,ma-g8-science,8,middle,canonical-1.0.0,canonical-k8-middle,7,7,Investigation or close reading,inquiry/investigation,INVESTIGATION_DATA_SHEET,resource distribution,7,ANALYZE_EVIDENCE|COMMUNICATE_REPRESENTATION|CHECK_REVISE|ESSENTIAL_QUESTION|EVIDENCE_QUALITY|LIMITATION|PROVENANCE,3,False,False,True,True,DOCUMENT_INVESTIGATION,0,False,False,False,5,True,True,True,0,0,8,direct-adult,True,True,False,3112,861,241,121e97f04667c574a85501f5486bc6f34ea036b6bbecab6761ec90c76299e73f,,Carry out the document investigation in the stated order and record the evidence tally before writing a conclusion.,0
ma-g8-science-u07-l08,ma-g8-science,8,middle,canonical-1.0.0,canonical-k8-middle,7,8,Reteach and varied practice,remediation,STUDENT_WORK_SHEET,geoscience processes,7,ERROR_ANALYSIS|COMMUNICATE_REPRESENTATION|CHECK_REVISE|ESSENTIAL_QUESTION|EVIDENCE_QUALITY|LIMITATION|PROVENANCE,3,False,False,True,False,BOUND_REFERENCE_EVIDENCE_TASK,0,False,False,False,5,True,True,True,0,0,8,none,True,True,False,2668,863,244,e5aa179dd74923538af377726cce3b305658b5b719ccfbccbe6e2047b05a5d3c,,"Correct the candidate claim, explain the exact evidence that makes the correction necessary, and create one fresh example.",0
ma-g8-science-u07-l09,ma-g8-science,8,middle,canonical-1.0.0,canonical-k8-middle,7,9,Performance task build,assessment/project,INVESTIGATION_DATA_SHEET,population and consumption,7,BUILD_PRODUCT|COMMUNICATE_REPRESENTATION|CHECK_REVISE|ESSENTIAL_QUESTION|EVIDENCE_QUALITY|LIMITATION|PROVENANCE,3,False,False,True,True,DOCUMENT_INVESTIGATION,0,False,False,False,5,True,True,True,0,0,8,direct-adult,True,True,False,3133,861,258,6ba76d6d4474e47ea476a6b874c692e1778edc33d74a70cf060ca0544047e925,,Use the supplied record to build a claim-evidence-reasoning product that another reader can check line by line.,0
ma-g8-science-u07-l10,ma-g8-science,8,middle,canonical-1.0.0,canonical-k8-middle,7,10,Synthesis and review,review,STUDENT_WORK_SHEET,climate evidence,7,CONNECT_UNIT|COMMUNICATE_REPRESENTATION|CHECK_REVISE|ESSENTIAL_QUESTION|EVIDENCE_QUALITY|LIMITATION|PROVENANCE,4,False,False,True,False,BOUND_REFERENCE_EVIDENCE_TASK,0,False,False,False,5,True,True,True,0,0,8,none,True,True,False,2803,863,264,00b34482dfdff740c19066e6c9883d65bcbb5c6bbea52a6f43b275b5693cac46,,"Connect at least three evidence items, state the boundary of the conclusion, and answer the unit question.",0
ma-g8-science-u07-l11,ma-g8-science,8,middle,canonical-1.0.0,canonical-k8-middle,7,11,Unit assessment,assessment/project,STUDENT_WORK_SHEET,mitigation adaptation and tradeoffs,7,DEMONSTRATE_MASTERY|COMMUNICATE_REPRESENTATION|CHECK_REVISE|ESSENTIAL_QUESTION|EVIDENCE_QUALITY|LIMITATION|PROVENANCE,4,False,False,True,False,BOUND_REFERENCE_EVIDENCE_TASK,0,False,False,False,5,True,True,True,0,0,8,none,True,True,False,2755,863,271,0bb9f299e1160a95dccdd6e40b098bcd732947825b28b63ab09094c73439e589,,"Without copying the brief, evaluate the candidate claim, interpret the evidence table, and apply the idea to a new example you create.",0
ma-g8-science-u07-l12,ma-g8-science,8,middle,canonical-1.0.0,canonical-k8-middle,7,12,Correction and reflection,remediation,STUDENT_WORK_SHEET,environmental justice foundations,7,ERROR_ANALYSIS|COMMUNICATE_REPRESENTATION|CHECK_REVISE|ESSENTIAL_QUESTION|EVIDENCE_QUALITY|LIMITATION|PROVENANCE,3,False,False,True,False,BOUND_REFERENCE_EVIDENCE_TASK,0,False,False,False,5,True,True,True,0,0,8,none,True,True,False,2694,863,251,6255201b60017da2b69bb096921600a44c02abb870bcfc138b59b6ef9fdfbb3e,,"Locate one weakness in an earlier response, revise it with a named evidence code, and state what the revision fixes.",0
ma-g8-science-u08-l01,ma-g8-science,8,middle,canonical-1.0.0,canonical-k8-middle,8,1,Launch and diagnostic,concept,STUDENT_WORK_SHEET,biodiversity,7,ACTIVATE_PRIOR|COMMUNICATE_REPRESENTATION|CHECK_REVISE|ESSENTIAL_QUESTION|EVIDENCE_QUALITY|LIMITATION|PROVENANCE,3,False,False,True,False,BOUND_REFERENCE_EVIDENCE_TASK,0,False,False,True,5,True,True,True,0,0,8,none,True,True,False,2659,863,245,d195f832322e77c3228789bf6838a87018b494409cbf5f5ea509503ba7850d2b,,"Write an initial explanation, then mark which evidence item would most strongly change it.",0
ma-g8-science-u08-l02,ma-g8-science,8,middle,canonical-1.0.0,canonical-k8-middle,8,2,Concept model A,concept,STUDENT_WORK_SHEET,ecosystem services,7,MODEL_BUILD|COMMUNICATE_REPRESENTATION|CHECK_REVISE|ESSENTIAL_QUESTION|EVIDENCE_QUALITY|LIMITATION|PROVENANCE,3,False,False,True,False,BOUND_REFERENCE_EVIDENCE_TASK,0,False,False,True,5,True,True,True,0,0,8,none,True,True,False,2684,863,248,a0ccb7954ffbb1acadc5ff530ae7b903476b4d1b58861632d4be8300a37434cb,,Build a labelled model that includes every accepted relationship in the science brief and test it against the case claim.,0
ma-g8-science-u08-l03,ma-g8-science,8,middle,canonical-1.0.0,canonical-k8-middle,8,3,Guided practice A,concept,STUDENT_WORK_SHEET,disturbance and resilience,7,GUIDED_PRACTICE|COMMUNICATE_REPRESENTATION|CHECK_REVISE|ESSENTIAL_QUESTION|EVIDENCE_QUALITY|LIMITATION|PROVENANCE,3,False,False,True,False,BOUND_REFERENCE_EVIDENCE_TASK,0,False,False,True,5,True,True,True,0,0,8,none,True,True,False,2697,863,250,d99d48c53742bda81c66626634c31b9cc502f870ce64da81c501bf1d9137a086,,Use E1 with E2 first; then add E3 and revise any conclusion that no longer fits.,0
ma-g8-science-u08-l04,ma-g8-science,8,middle,canonical-1.0.0,canonical-k8-middle,8,4,Independent application A,mastery,STUDENT_WORK_SHEET,artificial selection,7,APPLY_INDEPENDENT|COMMUNICATE_REPRESENTATION|CHECK_REVISE|ESSENTIAL_QUESTION|EVIDENCE_QUALITY|LIMITATION|PROVENANCE,4,False,False,True,False,BOUND_REFERENCE_EVIDENCE_TASK,0,False,False,True,5,True,True,True,0,0,8,none,True,True,False,2735,863,261,03bbd281977428f0f52cf3d860eb4c65963320e65b914bdf63565b4159f17e81,,Evaluate the case claim independently using at least two evidence codes and one stated limitation.,0
ma-g8-science-u08-l05,ma-g8-science,8,middle,canonical-1.0.0,canonical-k8-middle,8,5,Concept model B,concept,STUDENT_WORK_SHEET,solution impacts,7,MODEL_BUILD|COMMUNICATE_REPRESENTATION|CHECK_REVISE|ESSENTIAL_QUESTION|EVIDENCE_QUALITY|LIMITATION|PROVENANCE,3,False,False,True,False,BOUND_REFERENCE_EVIDENCE_TASK,0,False,True,True,5,True,True,True,0,0,8,none,True,True,False,2682,863,248,0d1af3a6ba319af97cda962d4caf8af69bbe73cb1ac9aa20fd85869f05b91376,,Build a second representation of the same evidence and identify one feature the first model hid.,0
ma-g8-science-u08-l06,ma-g8-science,8,middle,canonical-1.0.0,canonical-k8-middle,8,6,Guided practice B,concept,STUDENT_WORK_SHEET,competing design criteria,7,GUIDED_PRACTICE|COMMUNICATE_REPRESENTATION|CHECK_REVISE|ESSENTIAL_QUESTION|EVIDENCE_QUALITY|LIMITATION|PROVENANCE,3,False,False,True,False,BOUND_REFERENCE_EVIDENCE_TASK,0,False,True,True,5,True,True,True,0,0,8,none,True,True,False,2689,863,250,844100e3261d05606ae3c2d52a270f8c1bd579001294eaa2c8bc93c41739fd41,,"Sort all evidence as supports, challenges, or does not decide, and justify every placement.",0
ma-g8-science-u08-l07,ma-g8-science,8,middle,canonical-1.0.0,canonical-k8-middle,8,7,Investigation or close reading,inquiry/investigation,INVESTIGATION_DATA_SHEET,biodiversity,7,ANALYZE_EVIDENCE|COMMUNICATE_REPRESENTATION|CHECK_REVISE|ESSENTIAL_QUESTION|EVIDENCE_QUALITY|LIMITATION|PROVENANCE,3,False,False,True,True,DOCUMENT_INVESTIGATION,0,False,False,True,5,True,True,True,0,0,8,direct-adult,True,True,False,3093,861,234,d195f832322e77c3228789bf6838a87018b494409cbf5f5ea509503ba7850d2b,,Carry out the document investigation in the stated order and record the evidence tally before writing a conclusion.,0
ma-g8-science-u08-l08,ma-g8-science,8,middle,canonical-1.0.0,canonical-k8-middle,8,8,Reteach and varied practice,remediation,STUDENT_WORK_SHEET,ecosystem services,7,ERROR_ANALYSIS|COMMUNICATE_REPRESENTATION|CHECK_REVISE|ESSENTIAL_QUESTION|EVIDENCE_QUALITY|LIMITATION|PROVENANCE,3,False,False,True,False,BOUND_REFERENCE_EVIDENCE_TASK,0,False,False,True,5,True,True,True,0,0,8,none,True,True,False,2679,863,244,a0ccb7954ffbb1acadc5ff530ae7b903476b4d1b58861632d4be8300a37434cb,,"Correct the candidate claim, explain the exact evidence that makes the correction necessary, and create one fresh example.",0
ma-g8-science-u08-l09,ma-g8-science,8,middle,canonical-1.0.0,canonical-k8-middle,8,9,Performance task build,assessment/project,INVESTIGATION_DATA_SHEET,disturbance and resilience,7,BUILD_PRODUCT|COMMUNICATE_REPRESENTATION|CHECK_REVISE|ESSENTIAL_QUESTION|EVIDENCE_QUALITY|LIMITATION|PROVENANCE,3,False,False,True,True,DOCUMENT_INVESTIGATION,0,False,False,True,5,True,True,True,0,0,8,direct-adult,True,True,False,3164,861,258,d99d48c53742bda81c66626634c31b9cc502f870ce64da81c501bf1d9137a086,,Use the supplied record to build a claim-evidence-reasoning product that another reader can check line by line.,0
ma-g8-science-u08-l10,ma-g8-science,8,middle,canonical-1.0.0,canonical-k8-middle,8,10,Synthesis and review,review,STUDENT_WORK_SHEET,artificial selection,7,CONNECT_UNIT|COMMUNICATE_REPRESENTATION|CHECK_REVISE|ESSENTIAL_QUESTION|EVIDENCE_QUALITY|LIMITATION|PROVENANCE,4,False,False,True,False,BOUND_REFERENCE_EVIDENCE_TASK,0,False,False,True,5,True,True,True,0,0,8,none,True,True,False,2740,863,261,03bbd281977428f0f52cf3d860eb4c65963320e65b914bdf63565b4159f17e81,,"Connect at least three evidence items, state the boundary of the conclusion, and answer the unit question.",0
ma-g8-science-u08-l11,ma-g8-science,8,middle,canonical-1.0.0,canonical-k8-middle,8,11,Unit assessment,assessment/project,STUDENT_WORK_SHEET,solution impacts,7,DEMONSTRATE_MASTERY|COMMUNICATE_REPRESENTATION|CHECK_REVISE|ESSENTIAL_QUESTION|EVIDENCE_QUALITY|LIMITATION|PROVENANCE,3,False,False,True,False,BOUND_REFERENCE_EVIDENCE_TASK,0,False,True,True,5,True,True,True,0,0,8,none,True,True,False,2691,863,257,0d1af3a6ba319af97cda962d4caf8af69bbe73cb1ac9aa20fd85869f05b91376,,"Without copying the brief, evaluate the candidate claim, interpret the evidence table, and apply the idea to a new example you create.",0
ma-g8-science-u08-l12,ma-g8-science,8,middle,canonical-1.0.0,canonical-k8-middle,8,12,Correction and reflection,remediation,STUDENT_WORK_SHEET,competing design criteria,7,ERROR_ANALYSIS|COMMUNICATE_REPRESENTATION|CHECK_REVISE|ESSENTIAL_QUESTION|EVIDENCE_QUALITY|LIMITATION|PROVENANCE,3,False,False,True,False,BOUND_REFERENCE_EVIDENCE_TASK,0,False,True,True,5,True,True,True,0,0,8,none,True,True,False,2703,863,251,844100e3261d05606ae3c2d52a270f8c1bd579001294eaa2c8bc93c41739fd41,,"Locate one weakness in an earlier response, revise it with a named evidence code, and state what the revision fixes.",0
ma-g8-science-u09-l01,ma-g8-science,8,middle,canonical-1.0.0,canonical-k8-middle,9,1,Launch and diagnostic,concept,STUDENT_WORK_SHEET,problem definition,7,ACTIVATE_PRIOR|COMMUNICATE_REPRESENTATION|CHECK_REVISE|ESSENTIAL_QUESTION|EVIDENCE_QUALITY|LIMITATION|PROVENANCE,3,False,False,True,False,BOUND_REFERENCE_EVIDENCE_TASK,0,False,False,True,5,True,True,True,0,0,8,none,True,True,False,2672,863,252,0c2dde9ec142d9d34a45a1f5b29195dc97152bc478116492e8c549481fd99246,,"Write an initial explanation, then mark which evidence item would most strongly change it.",0
ma-g8-science-u09-l02,ma-g8-science,8,middle,canonical-1.0.0,canonical-k8-middle,9,2,Concept model A,concept,STUDENT_WORK_SHEET,criteria constraints and stakeholders,7,MODEL_BUILD|COMMUNICATE_REPRESENTATION|CHECK_REVISE|ESSENTIAL_QUESTION|EVIDENCE_QUALITY|LIMITATION|PROVENANCE,3,False,False,True,False,BOUND_REFERENCE_EVIDENCE_TASK,0,False,True,True,5,True,True,True,0,0,8,none,True,True,False,2716,863,262,f354c7b9375a679795e66276afe0a5763c8976cdb7eb6acffaa663a6d50321bf,,Build a labelled model that includes every accepted relationship in the science brief and test it against the case claim.,0
ma-g8-science-u09-l03,ma-g8-science,8,middle,canonical-1.0.0,canonical-k8-middle,9,3,Guided practice A,concept,STUDENT_WORK_SHEET,data-driven comparison,7,GUIDED_PRACTICE|COMMUNICATE_REPRESENTATION|CHECK_REVISE|ESSENTIAL_QUESTION|EVIDENCE_QUALITY|LIMITATION|PROVENANCE,3,False,False,True,False,BOUND_REFERENCE_EVIDENCE_TASK,0,False,False,True,5,True,True,True,0,0,8,none,True,True,False,2654,863,243,e2effb11db10c1c1ce859ea039e4a73e18b71d5478adbc19060b536fa5c71bd0,,Use E1 with E2 first; then add E3 and revise any conclusion that no longer fits.,0
ma-g8-science-u09-l04,ma-g8-science,8,middle,canonical-1.0.0,canonical-k8-middle,9,4,Independent application A,mastery,STUDENT_WORK_SHEET,iterative modeling,7,APPLY_INDEPENDENT|COMMUNICATE_REPRESENTATION|CHECK_REVISE|ESSENTIAL_QUESTION|EVIDENCE_QUALITY|LIMITATION|PROVENANCE,3,False,False,True,False,BOUND_REFERENCE_EVIDENCE_TASK,0,False,False,True,5,True,True,True,0,0,8,none,True,True,False,2680,863,255,cc3ab18c290f4b877f1501d18e85e3ebb1185e306d57e8564e8b93647803a3ff,,Evaluate the case claim independently using at least two evidence codes and one stated limitation.,0
ma-g8-science-u09-l05,ma-g8-science,8,middle,canonical-1.0.0,canonical-k8-middle,9,5,Concept model B,concept,STUDENT_WORK_SHEET,optimization,7,MODEL_BUILD|COMMUNICATE_REPRESENTATION|CHECK_REVISE|ESSENTIAL_QUESTION|EVIDENCE_QUALITY|LIMITATION|PROVENANCE,3,False,False,True,False,BOUND_REFERENCE_EVIDENCE_TASK,0,False,True,True,5,True,True,True,0,0,8,none,True,True,False,2644,863,241,a0871270a339552d25422a3f35643c1d925282b1bea4addfc682876c652c6efa,,Build a second representation of the same evidence and identify one feature the first model hid.,0
ma-g8-science-u09-l06,ma-g8-science,8,middle,canonical-1.0.0,canonical-k8-middle,9,6,Guided practice B,concept,STUDENT_WORK_SHEET,scientific argument and communication,7,GUIDED_PRACTICE|COMMUNICATE_REPRESENTATION|CHECK_REVISE|ESSENTIAL_QUESTION|EVIDENCE_QUALITY|LIMITATION|PROVENANCE,3,False,False,True,False,BOUND_REFERENCE_EVIDENCE_TASK,0,False,False,True,5,True,True,True,0,0,8,none,True,True,False,2695,863,257,bf9c81eba3e13542ebe5e65035e93e1ed60006cfdbcb680b1e45f2d92ed1a86f,,"Sort all evidence as supports, challenges, or does not decide, and justify every placement.",0
ma-g8-science-u09-l07,ma-g8-science,8,middle,canonical-1.0.0,canonical-k8-middle,9,7,Investigation or close reading,inquiry/investigation,INVESTIGATION_DATA_SHEET,problem definition,7,ANALYZE_EVIDENCE|COMMUNICATE_REPRESENTATION|CHECK_REVISE|ESSENTIAL_QUESTION|EVIDENCE_QUALITY|LIMITATION|PROVENANCE,3,False,False,True,True,DOCUMENT_INVESTIGATION,0,False,False,True,5,True,True,True,0,0,8,direct-adult,True,True,False,3100,861,241,0c2dde9ec142d9d34a45a1f5b29195dc97152bc478116492e8c549481fd99246,,Carry out the document investigation in the stated order and record the evidence tally before writing a conclusion.,0
ma-g8-science-u09-l08,ma-g8-science,8,middle,canonical-1.0.0,canonical-k8-middle,9,8,Reteach and varied practice,remediation,STUDENT_WORK_SHEET,criteria constraints and stakeholders,7,ERROR_ANALYSIS|COMMUNICATE_REPRESENTATION|CHECK_REVISE|ESSENTIAL_QUESTION|EVIDENCE_QUALITY|LIMITATION|PROVENANCE,3,False,False,True,False,BOUND_REFERENCE_EVIDENCE_TASK,0,False,True,True,5,True,True,True,0,0,8,none,True,True,False,2711,863,258,f354c7b9375a679795e66276afe0a5763c8976cdb7eb6acffaa663a6d50321bf,,"Correct the candidate claim, explain the exact evidence that makes the correction necessary, and create one fresh example.",0
ma-g8-science-u09-l09,ma-g8-science,8,middle,canonical-1.0.0,canonical-k8-middle,9,9,Performance task build,assessment/project,INVESTIGATION_DATA_SHEET,data-driven comparison,7,BUILD_PRODUCT|COMMUNICATE_REPRESENTATION|CHECK_REVISE|ESSENTIAL_QUESTION|EVIDENCE_QUALITY|LIMITATION|PROVENANCE,3,False,False,True,True,DOCUMENT_INVESTIGATION,0,False,False,True,5,True,True,True,0,0,8,direct-adult,True,True,False,3105,861,251,e2effb11db10c1c1ce859ea039e4a73e18b71d5478adbc19060b536fa5c71bd0,,Use the supplied record to build a claim-evidence-reasoning product that another reader can check line by line.,0
ma-g8-science-u09-l10,ma-g8-science,8,middle,canonical-1.0.0,canonical-k8-middle,9,10,Synthesis and review,review,STUDENT_WORK_SHEET,iterative modeling,7,CONNECT_UNIT|COMMUNICATE_REPRESENTATION|CHECK_REVISE|ESSENTIAL_QUESTION|EVIDENCE_QUALITY|LIMITATION|PROVENANCE,3,False,False,True,False,BOUND_REFERENCE_EVIDENCE_TASK,0,False,False,True,5,True,True,True,0,0,8,none,True,True,False,2693,863,263,cc3ab18c290f4b877f1501d18e85e3ebb1185e306d57e8564e8b93647803a3ff,,"Connect at least three evidence items, state the boundary of the conclusion, and answer the unit question.",0
ma-g8-science-u09-l11,ma-g8-science,8,middle,canonical-1.0.0,canonical-k8-middle,9,11,Unit assessment,assessment/project,STUDENT_WORK_SHEET,optimization,7,DEMONSTRATE_MASTERY|COMMUNICATE_REPRESENTATION|CHECK_REVISE|ESSENTIAL_QUESTION|EVIDENCE_QUALITY|LIMITATION|PROVENANCE,3,False,False,True,False,BOUND_REFERENCE_EVIDENCE_TASK,0,False,True,True,5,True,True,True,0,0,8,none,True,True,False,2653,863,250,a0871270a339552d25422a3f35643c1d925282b1bea4addfc682876c652c6efa,,"Without copying the brief, evaluate the candidate claim, interpret the evidence table, and apply the idea to a new example you create.",0
ma-g8-science-u09-l12,ma-g8-science,8,middle,canonical-1.0.0,canonical-k8-middle,9,12,Correction and reflection,remediation,STUDENT_WORK_SHEET,scientific argument and communication,7,ERROR_ANALYSIS|COMMUNICATE_REPRESENTATION|CHECK_REVISE|ESSENTIAL_QUESTION|EVIDENCE_QUALITY|LIMITATION|PROVENANCE,3,False,False,True,False,BOUND_REFERENCE_EVIDENCE_TASK,0,False,False,True,5,True,True,True,0,0,8,none,True,True,False,2709,863,258,bf9c81eba3e13542ebe5e65035e93e1ed60006cfdbcb680b1e45f2d92ed1a86f,,"Locate one weakness in an earlier response, revise it with a named evidence code, and state what the revision fixes.",0
ma-hs10-chemistry-u01-l01,ma-hs10-chemistry,10,high,hs912-science-h4,h4-high-school,1,1,Launch and diagnostic,concept,STUDENT_WORK_SHEET,physical and chemical properties,8,PHENOMENON_QUESTION|EXPLAIN_WITH_EVIDENCE|APPLY_NEW_TASK|CHECK_REVISE_NEXT_STEP|ESSENTIAL_QUESTION|EVIDENCE_QUALITY|LIMITATION|PROVENANCE,4,False,False,True,False,BOUND_REFERENCE_EVIDENCE_TASK,0,False,False,True,5,True,True,True,1,0,8,none,True,True,False,2779,696,299,3e7bf5d0054ccc6d3b7792a1ff87d33c731876fbd9f57065faf8b49a6f1c1944,,"Write an initial explanation, then mark which evidence item would most strongly change it.",0
ma-hs10-chemistry-u01-l02,ma-hs10-chemistry,10,high,hs912-science-h4,h4-high-school,1,2,Concept model A,concept,STUDENT_WORK_SHEET,"measurement, precision, and significant figures",7,EXPLAIN_WITH_EVIDENCE|APPLY_NEW_TASK|CHECK_REVISE_NEXT_STEP|ESSENTIAL_QUESTION|EVIDENCE_QUALITY|LIMITATION|PROVENANCE,4,False,False,True,False,BOUND_REFERENCE_EVIDENCE_TASK,0,False,False,True,5,True,True,True,1,0,8,none,True,True,False,2716,696,266,dc67549ef329de1123bf225bb6d1747faefbc4215e9d6a63283482d404af4aa4,,Build a labelled model that includes every accepted relationship in the science brief and test it against the case claim.,0
ma-hs10-chemistry-u01-l03,ma-hs10-chemistry,10,high,hs912-science-h4,h4-high-school,1,3,Guided practice A,concept,STUDENT_WORK_SHEET,uncertainty and repeated trials,7,EXPLAIN_WITH_EVIDENCE|APPLY_NEW_TASK|CHECK_REVISE_NEXT_STEP|ESSENTIAL_QUESTION|EVIDENCE_QUALITY|LIMITATION|PROVENANCE,3,False,False,True,False,BOUND_REFERENCE_EVIDENCE_TASK,0,False,False,True,5,True,True,True,1,0,8,none,True,True,False,2639,696,259,fc696f9a6d7eb75d72757d951f60323a52e43fa9ba03ddc24f0a2d1bdb230250,,Use E1 with E2 first; then add E3 and revise any conclusion that no longer fits.,0
ma-hs10-chemistry-u01-l04,ma-hs10-chemistry,10,high,hs912-science-h4,h4-high-school,1,4,Independent application A,mastery,STUDENT_WORK_SHEET,density and derived quantities,7,EXPLAIN_WITH_EVIDENCE|APPLY_NEW_TASK|CHECK_REVISE_NEXT_STEP|ESSENTIAL_QUESTION|EVIDENCE_QUALITY|LIMITATION|PROVENANCE,4,False,False,True,False,BOUND_REFERENCE_EVIDENCE_TASK,0,False,False,True,5,True,True,True,1,0,8,none,True,True,False,2702,696,259,9cb2e22e0f5729d95a3df2b52f252e07f47a70179e4c049f214770b63bad7afa,,Evaluate the case claim independently using at least two evidence codes and one stated limitation.,0
ma-hs10-chemistry-u01-l05,ma-hs10-chemistry,10,high,hs912-science-h4,h4-high-school,1,5,Concept model B,concept,STUDENT_WORK_SHEET,separation of mixtures,7,EXPLAIN_WITH_EVIDENCE|APPLY_NEW_TASK|CHECK_REVISE_NEXT_STEP|ESSENTIAL_QUESTION|EVIDENCE_QUALITY|LIMITATION|PROVENANCE,4,False,False,True,False,BOUND_REFERENCE_EVIDENCE_TASK,0,False,False,True,5,True,True,True,1,0,8,none,True,True,False,2664,696,252,baafcdbee4fe6007f963213a26c61be2cd61900bcb22628fc99dba1857891ee9,,Build a second representation of the same evidence and identify one feature the first model hid.,0
ma-hs10-chemistry-u01-l06,ma-hs10-chemistry,10,high,hs912-science-h4,h4-high-school,1,6,Guided practice B,concept,STUDENT_WORK_SHEET,chemical safety and hazard reading,7,EXPLAIN_WITH_EVIDENCE|APPLY_NEW_TASK|CHECK_REVISE_NEXT_STEP|ESSENTIAL_QUESTION|EVIDENCE_QUALITY|LIMITATION|PROVENANCE,4,False,False,True,False,BOUND_REFERENCE_EVIDENCE_TASK,0,False,False,True,5,True,True,True,1,0,8,none,True,True,False,2717,696,266,9482c5adccac9d6d1a09e7a33774d015d3112498857ea5efb86e048117998c37,,"Sort all evidence as supports, challenges, or does not decide, and justify every placement.",0
ma-hs10-chemistry-u01-l07,ma-hs10-chemistry,10,high,hs912-science-h4,h4-high-school,1,7,Investigation,lab/activity,INVESTIGATION_DATA_SHEET,physical and chemical properties,8,INVESTIGATE|EXPLAIN_WITH_EVIDENCE|APPLY_NEW_TASK|CHECK_REVISE_NEXT_STEP|ESSENTIAL_QUESTION|EVIDENCE_QUALITY|LIMITATION|PROVENANCE,4,False,False,True,True,H4_PHYSICAL_INVESTIGATION,6,False,False,True,5,True,True,True,3,5,10,direct-adult,True,True,False,3575,891,309,3e7bf5d0054ccc6d3b7792a1ff87d33c731876fbd9f57065faf8b49a6f1c1944,5782954a0fde6eda8a5971adacfce50ada5736b54bbb5f4193ca659aa7f6bf16,"Choose the H4 physical route or the supplied model-data route, complete that route, and answer from the evidence you actually collected or calculated.",0
ma-hs10-chemistry-u01-l08,ma-hs10-chemistry,10,high,hs912-science-h4,h4-high-school,1,8,Reteach and varied practice,remediation,STUDENT_WORK_SHEET,"measurement, precision, and significant figures",7,EXPLAIN_WITH_EVIDENCE|APPLY_NEW_TASK|CHECK_REVISE_NEXT_STEP|ESSENTIAL_QUESTION|EVIDENCE_QUALITY|LIMITATION|PROVENANCE,4,False,False,True,False,BOUND_REFERENCE_EVIDENCE_TASK,0,False,False,True,5,True,True,True,1,0,8,none,True,True,False,2715,696,266,dc67549ef329de1123bf225bb6d1747faefbc4215e9d6a63283482d404af4aa4,,"Correct the candidate claim, explain the exact evidence that makes the correction necessary, and create one fresh example.",0
ma-hs10-chemistry-u01-l09,ma-hs10-chemistry,10,high,hs912-science-h4,h4-high-school,1,9,Performance task build,assessment/project,INVESTIGATION_DATA_SHEET,uncertainty and repeated trials,8,PERFORMANCE_EVIDENCE|EXPLAIN_WITH_EVIDENCE|APPLY_NEW_TASK|CHECK_REVISE_NEXT_STEP|ESSENTIAL_QUESTION|EVIDENCE_QUALITY|LIMITATION|PROVENANCE,3,False,False,True,True,H4_PHYSICAL_INVESTIGATION,6,False,False,True,5,True,True,True,3,5,10,direct-adult,True,True,False,3452,891,310,fc696f9a6d7eb75d72757d951f60323a52e43fa9ba03ddc24f0a2d1bdb230250,5782954a0fde6eda8a5971adacfce50ada5736b54bbb5f4193ca659aa7f6bf16,Use the supplied record to build a claim-evidence-reasoning product that another reader can check line by line.,0
ma-hs10-chemistry-u01-l10,ma-hs10-chemistry,10,high,hs912-science-h4,h4-high-school,1,10,Synthesis and review,review,STUDENT_WORK_SHEET,density and derived quantities,7,EXPLAIN_WITH_EVIDENCE|APPLY_NEW_TASK|CHECK_REVISE_NEXT_STEP|ESSENTIAL_QUESTION|EVIDENCE_QUALITY|LIMITATION|PROVENANCE,4,False,False,True,False,BOUND_REFERENCE_EVIDENCE_TASK,0,False,False,True,5,True,True,True,1,0,8,none,True,True,False,2704,696,259,9cb2e22e0f5729d95a3df2b52f252e07f47a70179e4c049f214770b63bad7afa,,"Connect at least three evidence items, state the boundary of the conclusion, and answer the unit question.",0
ma-hs10-chemistry-u01-l11,ma-hs10-chemistry,10,high,hs912-science-h4,h4-high-school,1,11,Unit assessment,assessment/project,STUDENT_WORK_SHEET,separation of mixtures,8,MASTERY_FRESH_TASK|EXPLAIN_WITH_EVIDENCE|APPLY_NEW_TASK|CHECK_REVISE_NEXT_STEP|ESSENTIAL_QUESTION|EVIDENCE_QUALITY|LIMITATION|PROVENANCE,4,False,False,True,False,BOUND_REFERENCE_EVIDENCE_TASK,0,False,False,True,5,True,True,True,1,0,8,none,True,True,False,2720,696,291,baafcdbee4fe6007f963213a26c61be2cd61900bcb22628fc99dba1857891ee9,,"Without copying the brief, evaluate the candidate claim, interpret the evidence table, and apply the idea to a new example you create.",0
ma-hs10-chemistry-u01-l12,ma-hs10-chemistry,10,high,hs912-science-h4,h4-high-school,1,12,Correction and reflection,remediation,STUDENT_WORK_SHEET,chemical safety and hazard reading,7,EXPLAIN_WITH_EVIDENCE|APPLY_NEW_TASK|CHECK_REVISE_NEXT_STEP|ESSENTIAL_QUESTION|EVIDENCE_QUALITY|LIMITATION|PROVENANCE,4,False,False,True,False,BOUND_REFERENCE_EVIDENCE_TASK,0,False,False,True,5,True,True,True,1,0,8,none,True,True,False,2723,696,266,9482c5adccac9d6d1a09e7a33774d015d3112498857ea5efb86e048117998c37,,"Locate one weakness in an earlier response, revise it with a named evidence code, and state what the revision fixes.",0
ma-hs10-chemistry-u02-l01,ma-hs10-chemistry,10,high,hs912-science-h4,h4-high-school,2,1,Launch and diagnostic,concept,STUDENT_WORK_SHEET,subatomic structure and isotopes,8,PHENOMENON_QUESTION|EXPLAIN_WITH_EVIDENCE|APPLY_NEW_TASK|CHECK_REVISE_NEXT_STEP|ESSENTIAL_QUESTION|EVIDENCE_QUALITY|LIMITATION|PROVENANCE,4,False,False,True,False,BOUND_REFERENCE_EVIDENCE_TASK,0,False,False,False,5,True,True,True,1,0,8,none,True,True,False,2784,696,299,988428a06adebff88257c5d4e294081b1c79bef5eaf4b5bb99f3a6d602977ebe,,"Write an initial explanation, then mark which evidence item would most strongly change it.",0
ma-hs10-chemistry-u02-l02,ma-hs10-chemistry,10,high,hs912-science-h4,h4-high-school,2,2,Concept model A,concept,STUDENT_WORK_SHEET,electron arrangement and energy levels,7,EXPLAIN_WITH_EVIDENCE|APPLY_NEW_TASK|CHECK_REVISE_NEXT_STEP|ESSENTIAL_QUESTION|EVIDENCE_QUALITY|LIMITATION|PROVENANCE,4,False,False,True,False,BOUND_REFERENCE_EVIDENCE_TASK,0,False,False,False,5,True,True,True,1,0,8,none,True,True,False,2761,696,266,2dcaaf7c9580684da560d46be70705ef4e7918a473ba1afe8ae101e6c451d689,,Build a labelled model that includes every accepted relationship in the science brief and test it against the case claim.,0
ma-hs10-chemistry-u02-l03,ma-hs10-chemistry,10,high,hs912-science-h4,h4-high-school,2,3,Guided practice A,concept,STUDENT_WORK_SHEET,valence electrons,7,EXPLAIN_WITH_EVIDENCE|APPLY_NEW_TASK|CHECK_REVISE_NEXT_STEP|ESSENTIAL_QUESTION|EVIDENCE_QUALITY|LIMITATION|PROVENANCE,4,False,False,True,False,BOUND_REFERENCE_EVIDENCE_TASK,0,False,False,False,5,True,True,True,1,0,8,none,True,True,False,2743,696,245,294ad0685b4c4709742e610697a15dba9c3fd0f9f465b1760a910826da2581e7,,Use E1 with E2 first; then add E3 and revise any conclusion that no longer fits.,0
ma-hs10-chemistry-u02-l04,ma-hs10-chemistry,10,high,hs912-science-h4,h4-high-school,2,4,Independent application A,mastery,STUDENT_WORK_SHEET,periodic trends in atomic radius and ionization,7,EXPLAIN_WITH_EVIDENCE|APPLY_NEW_TASK|CHECK_REVISE_NEXT_STEP|ESSENTIAL_QUESTION|EVIDENCE_QUALITY|LIMITATION|PROVENANCE,4,False,False,True,False,BOUND_REFERENCE_EVIDENCE_TASK,0,False,False,False,5,True,True,True,1,0,8,none,True,True,False,2815,696,280,bc0373597f0ea43986ce575737b211ab454675d4d7ac56e5a22844865b8179d3,,Evaluate the case claim independently using at least two evidence codes and one stated limitation.,0
ma-hs10-chemistry-u02-l05,ma-hs10-chemistry,10,high,hs912-science-h4,h4-high-school,2,5,Concept model B,concept,STUDENT_WORK_SHEET,reactivity patterns by group,7,EXPLAIN_WITH_EVIDENCE|APPLY_NEW_TASK|CHECK_REVISE_NEXT_STEP|ESSENTIAL_QUESTION|EVIDENCE_QUALITY|LIMITATION|PROVENANCE,4,False,False,True,False,BOUND_REFERENCE_EVIDENCE_TASK,0,False,False,False,5,True,True,True,1,0,8,none,True,True,False,2731,696,259,7e716a6e367bc91abedbdc6c5e8d98798cb66f6e7478cd85a8412471e0d3014f,,Build a second representation of the same evidence and identify one feature the first model hid.,0
ma-hs10-chemistry-u02-l06,ma-hs10-chemistry,10,high,hs912-science-h4,h4-high-school,2,6,Guided practice B,concept,STUDENT_WORK_SHEET,the periodic table as a predictive model,7,EXPLAIN_WITH_EVIDENCE|APPLY_NEW_TASK|CHECK_REVISE_NEXT_STEP|ESSENTIAL_QUESTION|EVIDENCE_QUALITY|LIMITATION|PROVENANCE,4,False,False,True,False,BOUND_REFERENCE_EVIDENCE_TASK,0,False,False,False,5,True,True,True,1,0,8,none,True,True,False,2791,696,280,2c2a593575a06500b96a1b4069cc8bd173c36bafac15fe0d2fa8391ac7a4e8f8,,"Sort all evidence as supports, challenges, or does not decide, and justify every placement.",0
ma-hs10-chemistry-u02-l07,ma-hs10-chemistry,10,high,hs912-science-h4,h4-high-school,2,7,Investigation,lab/activity,INVESTIGATION_DATA_SHEET,subatomic structure and isotopes,8,INVESTIGATE|EXPLAIN_WITH_EVIDENCE|APPLY_NEW_TASK|CHECK_REVISE_NEXT_STEP|ESSENTIAL_QUESTION|EVIDENCE_QUALITY|LIMITATION|PROVENANCE,4,False,False,True,True,H4_PHYSICAL_INVESTIGATION,4,True,False,False,5,True,True,True,2,5,10,nearby-adult,True,True,False,3577,886,309,988428a06adebff88257c5d4e294081b1c79bef5eaf4b5bb99f3a6d602977ebe,347696896b6e217945e4fb63a7e0401a278fa006fba6e6257ab4b65d8b749330,"Choose the H4 physical route or the supplied model-data route, complete that route, and answer from the evidence you actually collected or calculated.",0
ma-hs10-chemistry-u02-l08,ma-hs10-chemistry,10,high,hs912-science-h4,h4-high-school,2,8,Reteach and varied practice,remediation,STUDENT_WORK_SHEET,electron arrangement and energy levels,7,EXPLAIN_WITH_EVIDENCE|APPLY_NEW_TASK|CHECK_REVISE_NEXT_STEP|ESSENTIAL_QUESTION|EVIDENCE_QUALITY|LIMITATION|PROVENANCE,4,False,False,True,False,BOUND_REFERENCE_EVIDENCE_TASK,0,False,False,False,5,True,True,True,1,0,8,none,True,True,False,2760,696,266,2dcaaf7c9580684da560d46be70705ef4e7918a473ba1afe8ae101e6c451d689,,"Correct the candidate claim, explain the exact evidence that makes the correction necessary, and create one fresh example.",0
ma-hs10-chemistry-u02-l09,ma-hs10-chemistry,10,high,hs912-science-h4,h4-high-school,2,9,Performance task build,assessment/project,INVESTIGATION_DATA_SHEET,valence electrons,8,PERFORMANCE_EVIDENCE|EXPLAIN_WITH_EVIDENCE|APPLY_NEW_TASK|CHECK_REVISE_NEXT_STEP|ESSENTIAL_QUESTION|EVIDENCE_QUALITY|LIMITATION|PROVENANCE,4,False,False,True,True,H4_PHYSICAL_INVESTIGATION,4,True,False,False,5,True,True,True,2,5,10,nearby-adult,True,True,False,3554,886,299,294ad0685b4c4709742e610697a15dba9c3fd0f9f465b1760a910826da2581e7,347696896b6e217945e4fb63a7e0401a278fa006fba6e6257ab4b65d8b749330,Use the supplied record to build a claim-evidence-reasoning product that another reader can check line by line.,0
ma-hs10-chemistry-u02-l10,ma-hs10-chemistry,10,high,hs912-science-h4,h4-high-school,2,10,Synthesis and review,review,STUDENT_WORK_SHEET,periodic trends in atomic radius and ionization,7,EXPLAIN_WITH_EVIDENCE|APPLY_NEW_TASK|CHECK_REVISE_NEXT_STEP|ESSENTIAL_QUESTION|EVIDENCE_QUALITY|LIMITATION|PROVENANCE,4,False,False,True,False,BOUND_REFERENCE_EVIDENCE_TASK,0,False,False,False,5,True,True,True,1,0,8,none,True,True,False,2817,696,280,bc0373597f0ea43986ce575737b211ab454675d4d7ac56e5a22844865b8179d3,,"Connect at least three evidence items, state the boundary of the conclusion, and answer the unit question.",0
ma-hs10-chemistry-u02-l11,ma-hs10-chemistry,10,high,hs912-science-h4,h4-high-school,2,11,Unit assessment,assessment/project,STUDENT_WORK_SHEET,reactivity patterns by group,8,MASTERY_FRESH_TASK|EXPLAIN_WITH_EVIDENCE|APPLY_NEW_TASK|CHECK_REVISE_NEXT_STEP|ESSENTIAL_QUESTION|EVIDENCE_QUALITY|LIMITATION|PROVENANCE,4,False,False,True,False,BOUND_REFERENCE_EVIDENCE_TASK,0,False,False,False,5,True,True,True,1,0,8,none,True,True,False,2789,696,299,7e716a6e367bc91abedbdc6c5e8d98798cb66f6e7478cd85a8412471e0d3014f,,"Without copying the brief, evaluate the candidate claim, interpret the evidence table, and apply the idea to a new example you create.",0
ma-hs10-chemistry-u02-l12,ma-hs10-chemistry,10,high,hs912-science-h4,h4-high-school,2,12,Correction and reflection,remediation,STUDENT_WORK_SHEET,the periodic table as a predictive model,7,EXPLAIN_WITH_EVIDENCE|APPLY_NEW_TASK|CHECK_REVISE_NEXT_STEP|ESSENTIAL_QUESTION|EVIDENCE_QUALITY|LIMITATION|PROVENANCE,4,False,False,True,False,BOUND_REFERENCE_EVIDENCE_TASK,0,False,False,False,5,True,True,True,1,0,8,none,True,True,False,2797,696,280,2c2a593575a06500b96a1b4069cc8bd173c36bafac15fe0d2fa8391ac7a4e8f8,,"Locate one weakness in an earlier response, revise it with a named evidence code, and state what the revision fixes.",0
ma-hs10-chemistry-u03-l01,ma-hs10-chemistry,10,high,hs912-science-h4,h4-high-school,3,1,Launch and diagnostic,concept,STUDENT_WORK_SHEET,"ionic, covalent, and metallic bonding",8,PHENOMENON_QUESTION|EXPLAIN_WITH_EVIDENCE|APPLY_NEW_TASK|CHECK_REVISE_NEXT_STEP|ESSENTIAL_QUESTION|EVIDENCE_QUALITY|LIMITATION|PROVENANCE,4,False,False,True,False,BOUND_REFERENCE_EVIDENCE_TASK,0,False,False,True,5,True,True,True,1,0,8,none,True,True,False,2770,696,307,a82cba1766f525b9c58fd8c60f5b55d746457509df8663aca183b4e381e493c0,,"Write an initial explanation, then mark which evidence item would most strongly change it.",0
ma-hs10-chemistry-u03-l02,ma-hs10-chemistry,10,high,hs912-science-h4,h4-high-school,3,2,Concept model A,concept,STUDENT_WORK_SHEET,intermolecular forces,7,EXPLAIN_WITH_EVIDENCE|APPLY_NEW_TASK|CHECK_REVISE_NEXT_STEP|ESSENTIAL_QUESTION|EVIDENCE_QUALITY|LIMITATION|PROVENANCE,4,False,False,True,False,BOUND_REFERENCE_EVIDENCE_TASK,0,False,False,True,5,True,True,True,1,0,8,none,True,True,False,2665,696,245,357119dcbc1376b7024ae8e1cdc0888a287ef0c5e7e518b1dae65ff785181a8e,,Build a labelled model that includes every accepted relationship in the science brief and test it against the case claim.,0
ma-hs10-chemistry-u03-l03,ma-hs10-chemistry,10,high,hs912-science-h4,h4-high-school,3,3,Guided practice A,concept,STUDENT_WORK_SHEET,bulk properties as evidence of particle forces,7,EXPLAIN_WITH_EVIDENCE|APPLY_NEW_TASK|CHECK_REVISE_NEXT_STEP|ESSENTIAL_QUESTION|EVIDENCE_QUALITY|LIMITATION|PROVENANCE,3,False,False,True,False,BOUND_REFERENCE_EVIDENCE_TASK,0,False,False,True,5,True,True,True,1,0,8,none,True,True,False,2739,696,280,f35408f305fd0e229147ead684997dc73c52fed1eca944af9f972ef62e7a9145,,Use E1 with E2 first; then add E3 and revise any conclusion that no longer fits.,0
ma-hs10-chemistry-u03-l04,ma-hs10-chemistry,10,high,hs912-science-h4,h4-high-school,3,4,Independent application A,mastery,STUDENT_WORK_SHEET,"conductivity, melting point, and solubility",7,EXPLAIN_WITH_EVIDENCE|APPLY_NEW_TASK|CHECK_REVISE_NEXT_STEP|ESSENTIAL_QUESTION|EVIDENCE_QUALITY|LIMITATION|PROVENANCE,4,False,False,True,False,BOUND_REFERENCE_EVIDENCE_TASK,0,False,False,True,5,True,True,True,1,0,8,none,True,True,False,2710,696,266,85be080fd707cde9bb1cd7446d0e46fd75bf1202324581ded8d76bcf4d4ad208,,Evaluate the case claim independently using at least two evidence codes and one stated limitation.,0
ma-hs10-chemistry-u03-l05,ma-hs10-chemistry,10,high,hs912-science-h4,h4-high-school,3,5,Concept model B,concept,STUDENT_WORK_SHEET,polymers and designed materials,7,EXPLAIN_WITH_EVIDENCE|APPLY_NEW_TASK|CHECK_REVISE_NEXT_STEP|ESSENTIAL_QUESTION|EVIDENCE_QUALITY|LIMITATION|PROVENANCE,4,False,False,True,False,BOUND_REFERENCE_EVIDENCE_TASK,0,False,True,True,5,True,True,True,1,0,8,none,True,True,False,2701,696,259,2dcef9bc44057d87aea78bc4321149c82d749fd5438f9526eb5f035f9f089edc,,Build a second representation of the same evidence and identify one feature the first model hid.,0
ma-hs10-chemistry-u03-l06,ma-hs10-chemistry,10,high,hs912-science-h4,h4-high-school,3,6,Guided practice B,concept,STUDENT_WORK_SHEET,communicating technical information,7,EXPLAIN_WITH_EVIDENCE|APPLY_NEW_TASK|CHECK_REVISE_NEXT_STEP|ESSENTIAL_QUESTION|EVIDENCE_QUALITY|LIMITATION|PROVENANCE,3,False,False,True,False,BOUND_REFERENCE_EVIDENCE_TASK,0,False,False,True,5,True,True,True,1,0,8,none,True,True,False,2635,696,252,94d4858497be6e0ee1d91059bd7eba9aab68509f6fb76d40fc303e47e607a1cb,,"Sort all evidence as supports, challenges, or does not decide, and justify every placement.",0
ma-hs10-chemistry-u03-l07,ma-hs10-chemistry,10,high,hs912-science-h4,h4-high-school,3,7,Investigation,lab/activity,INVESTIGATION_DATA_SHEET,"ionic, covalent, and metallic bonding",8,INVESTIGATE|EXPLAIN_WITH_EVIDENCE|APPLY_NEW_TASK|CHECK_REVISE_NEXT_STEP|ESSENTIAL_QUESTION|EVIDENCE_QUALITY|LIMITATION|PROVENANCE,4,False,False,True,True,H4_PHYSICAL_INVESTIGATION,4,False,False,True,5,True,True,True,5,7,13,direct-adult,True,True,False,4011,1299,317,a82cba1766f525b9c58fd8c60f5b55d746457509df8663aca183b4e381e493c0,7da50b7bcb099667e2581f4b4938157915252f874e3518e5512228f8e3084236,"Choose the H4 physical route or the supplied model-data route, complete that route, and answer from the evidence you actually collected or calculated.",0
ma-hs10-chemistry-u03-l08,ma-hs10-chemistry,10,high,hs912-science-h4,h4-high-school,3,8,Reteach and varied practice,remediation,STUDENT_WORK_SHEET,intermolecular forces,7,EXPLAIN_WITH_EVIDENCE|APPLY_NEW_TASK|CHECK_REVISE_NEXT_STEP|ESSENTIAL_QUESTION|EVIDENCE_QUALITY|LIMITATION|PROVENANCE,4,False,False,True,False,BOUND_REFERENCE_EVIDENCE_TASK,0,False,False,True,5,True,True,True,1,0,8,none,True,True,False,2664,696,245,357119dcbc1376b7024ae8e1cdc0888a287ef0c5e7e518b1dae65ff785181a8e,,"Correct the candidate claim, explain the exact evidence that makes the correction necessary, and create one fresh example.",0
ma-hs10-chemistry-u03-l09,ma-hs10-chemistry,10,high,hs912-science-h4,h4-high-school,3,9,Performance task build,assessment/project,INVESTIGATION_DATA_SHEET,bulk properties as evidence of particle forces,8,PERFORMANCE_EVIDENCE|EXPLAIN_WITH_EVIDENCE|APPLY_NEW_TASK|CHECK_REVISE_NEXT_STEP|ESSENTIAL_QUESTION|EVIDENCE_QUALITY|LIMITATION|PROVENANCE,3,False,False,True,True,H4_PHYSICAL_INVESTIGATION,4,False,False,True,5,True,True,True,5,7,13,direct-adult,True,True,False,4005,1299,336,f35408f305fd0e229147ead684997dc73c52fed1eca944af9f972ef62e7a9145,7da50b7bcb099667e2581f4b4938157915252f874e3518e5512228f8e3084236,Use the supplied record to build a claim-evidence-reasoning product that another reader can check line by line.,0
ma-hs10-chemistry-u03-l10,ma-hs10-chemistry,10,high,hs912-science-h4,h4-high-school,3,10,Synthesis and review,review,STUDENT_WORK_SHEET,"conductivity, melting point, and solubility",7,EXPLAIN_WITH_EVIDENCE|APPLY_NEW_TASK|CHECK_REVISE_NEXT_STEP|ESSENTIAL_QUESTION|EVIDENCE_QUALITY|LIMITATION|PROVENANCE,4,False,False,True,False,BOUND_REFERENCE_EVIDENCE_TASK,0,False,False,True,5,True,True,True,1,0,8,none,True,True,False,2712,696,266,85be080fd707cde9bb1cd7446d0e46fd75bf1202324581ded8d76bcf4d4ad208,,"Connect at least three evidence items, state the boundary of the conclusion, and answer the unit question.",0
ma-hs10-chemistry-u03-l11,ma-hs10-chemistry,10,high,hs912-science-h4,h4-high-school,3,11,Unit assessment,assessment/project,STUDENT_WORK_SHEET,polymers and designed materials,8,MASTERY_FRESH_TASK|EXPLAIN_WITH_EVIDENCE|APPLY_NEW_TASK|CHECK_REVISE_NEXT_STEP|ESSENTIAL_QUESTION|EVIDENCE_QUALITY|LIMITATION|PROVENANCE,4,False,False,True,False,BOUND_REFERENCE_EVIDENCE_TASK,0,False,True,True,5,True,True,True,1,0,8,none,True,True,False,2759,696,299,2dcef9bc44057d87aea78bc4321149c82d749fd5438f9526eb5f035f9f089edc,,"Without copying the brief, evaluate the candidate claim, interpret the evidence table, and apply the idea to a new example you create.",0
ma-hs10-chemistry-u03-l12,ma-hs10-chemistry,10,high,hs912-science-h4,h4-high-school,3,12,Correction and reflection,remediation,STUDENT_WORK_SHEET,communicating technical information,7,EXPLAIN_WITH_EVIDENCE|APPLY_NEW_TASK|CHECK_REVISE_NEXT_STEP|ESSENTIAL_QUESTION|EVIDENCE_QUALITY|LIMITATION|PROVENANCE,3,False,False,True,False,BOUND_REFERENCE_EVIDENCE_TASK,0,False,False,True,5,True,True,True,1,0,8,none,True,True,False,2641,696,252,94d4858497be6e0ee1d91059bd7eba9aab68509f6fb76d40fc303e47e607a1cb,,"Locate one weakness in an earlier response, revise it with a named evidence code, and state what the revision fixes.",0
ma-hs10-chemistry-u04-l01,ma-hs10-chemistry,10,high,hs912-science-h4,h4-high-school,4,1,Launch and diagnostic,concept,STUDENT_WORK_SHEET,evidence of chemical change,8,PHENOMENON_QUESTION|EXPLAIN_WITH_EVIDENCE|APPLY_NEW_TASK|CHECK_REVISE_NEXT_STEP|ESSENTIAL_QUESTION|EVIDENCE_QUALITY|LIMITATION|PROVENANCE,3,False,False,True,False,BOUND_REFERENCE_EVIDENCE_TASK,0,False,False,False,5,True,True,True,1,0,8,none,True,True,False,2758,696,299,21fa76933328392239e26a87a50b1b5ca44faaf10d91bfdd3cf133e3f455585f,,"Write an initial explanation, then mark which evidence item would most strongly change it.",0
ma-hs10-chemistry-u04-l02,ma-hs10-chemistry,10,high,hs912-science-h4,h4-high-school,4,2,Concept model A,concept,STUDENT_WORK_SHEET,reaction types and patterns,7,EXPLAIN_WITH_EVIDENCE|APPLY_NEW_TASK|CHECK_REVISE_NEXT_STEP|ESSENTIAL_QUESTION|EVIDENCE_QUALITY|LIMITATION|PROVENANCE,4,False,False,True,False,BOUND_REFERENCE_EVIDENCE_TASK,0,False,False,False,5,True,True,True,1,0,8,none,True,True,False,2743,696,259,57206105f4a60b0df41698de436027588d097f6ca5f38ecaf38d16ef2a51acee,,Build a labelled model that includes every accepted relationship in the science brief and test it against the case claim.,0
ma-hs10-chemistry-u04-l03,ma-hs10-chemistry,10,high,hs912-science-h4,h4-high-school,4,3,Guided practice A,concept,STUDENT_WORK_SHEET,outermost electron states in reactions,7,EXPLAIN_WITH_EVIDENCE|APPLY_NEW_TASK|CHECK_REVISE_NEXT_STEP|ESSENTIAL_QUESTION|EVIDENCE_QUALITY|LIMITATION|PROVENANCE,4,False,False,True,False,BOUND_REFERENCE_EVIDENCE_TASK,0,False,False,False,5,True,True,True,1,0,8,none,True,True,False,2750,696,266,53354ff025a1989986c97ddbed7cacb3e35c418c6b02257ea5101f8bed0604d2,,Use E1 with E2 first; then add E3 and revise any conclusion that no longer fits.,0
ma-hs10-chemistry-u04-l04,ma-hs10-chemistry,10,high,hs912-science-h4,h4-high-school,4,4,Independent application A,mastery,STUDENT_WORK_SHEET,oxidation and reduction basics,7,EXPLAIN_WITH_EVIDENCE|APPLY_NEW_TASK|CHECK_REVISE_NEXT_STEP|ESSENTIAL_QUESTION|EVIDENCE_QUALITY|LIMITATION|PROVENANCE,4,False,False,True,False,BOUND_REFERENCE_EVIDENCE_TASK,0,False,False,False,5,True,True,True,1,0,8,none,True,True,False,2729,696,259,3665836b7839a4e20170a13d9356cc1f34f1c67fe13fa9eebef25481775a7b89,,Evaluate the case claim independently using at least two evidence codes and one stated limitation.,0
ma-hs10-chemistry-u04-l05,ma-hs10-chemistry,10,high,hs912-science-h4,h4-high-school,4,5,Concept model B,concept,STUDENT_WORK_SHEET,predicting products from periodic trends,7,EXPLAIN_WITH_EVIDENCE|APPLY_NEW_TASK|CHECK_REVISE_NEXT_STEP|ESSENTIAL_QUESTION|EVIDENCE_QUALITY|LIMITATION|PROVENANCE,3,False,False,True,False,BOUND_REFERENCE_EVIDENCE_TASK,0,False,False,False,5,True,True,True,1,0,8,none,True,True,False,2720,696,266,d651c9fe50d11a3af5fec13217aced2c7dd5de048c8d780a8df60e8634d2bbe0,,Build a second representation of the same evidence and identify one feature the first model hid.,0
ma-hs10-chemistry-u04-l06,ma-hs10-chemistry,10,high,hs912-science-h4,h4-high-school,4,6,Guided practice B,concept,STUDENT_WORK_SHEET,writing and revising explanations,7,EXPLAIN_WITH_EVIDENCE|APPLY_NEW_TASK|CHECK_REVISE_NEXT_STEP|ESSENTIAL_QUESTION|EVIDENCE_QUALITY|LIMITATION|PROVENANCE,3,False,False,True,False,BOUND_REFERENCE_EVIDENCE_TASK,0,False,False,False,5,True,True,True,1,0,8,none,True,True,False,2690,696,259,b4354e2b023cd65968a1aad590e962b5767a2414e9f40f746f1c0a87a73ac881,,"Sort all evidence as supports, challenges, or does not decide, and justify every placement.",0
ma-hs10-chemistry-u04-l07,ma-hs10-chemistry,10,high,hs912-science-h4,h4-high-school,4,7,Investigation,lab/activity,INVESTIGATION_DATA_SHEET,evidence of chemical change,8,INVESTIGATE|EXPLAIN_WITH_EVIDENCE|APPLY_NEW_TASK|CHECK_REVISE_NEXT_STEP|ESSENTIAL_QUESTION|EVIDENCE_QUALITY|LIMITATION|PROVENANCE,3,False,False,True,True,H4_PHYSICAL_INVESTIGATION,4,False,False,False,5,True,True,True,5,6,12,direct-adult,True,True,False,3960,1237,309,21fa76933328392239e26a87a50b1b5ca44faaf10d91bfdd3cf133e3f455585f,839f854b4a36ee19d86b36396e1df92d42ec36cd0f0a529c8586bdd1dc98fa50,"Choose the H4 physical route or the supplied model-data route, complete that route, and answer from the evidence you actually collected or calculated.",0
ma-hs10-chemistry-u04-l08,ma-hs10-chemistry,10,high,hs912-science-h4,h4-high-school,4,8,Reteach and varied practice,remediation,STUDENT_WORK_SHEET,reaction types and patterns,7,EXPLAIN_WITH_EVIDENCE|APPLY_NEW_TASK|CHECK_REVISE_NEXT_STEP|ESSENTIAL_QUESTION|EVIDENCE_QUALITY|LIMITATION|PROVENANCE,4,False,False,True,False,BOUND_REFERENCE_EVIDENCE_TASK,0,False,False,False,5,True,True,True,1,0,8,none,True,True,False,2742,696,259,57206105f4a60b0df41698de436027588d097f6ca5f38ecaf38d16ef2a51acee,,"Correct the candidate claim, explain the exact evidence that makes the correction necessary, and create one fresh example.",0
ma-hs10-chemistry-u04-l09,ma-hs10-chemistry,10,high,hs912-science-h4,h4-high-school,4,9,Performance task build,assessment/project,INVESTIGATION_DATA_SHEET,outermost electron states in reactions,8,PERFORMANCE_EVIDENCE|EXPLAIN_WITH_EVIDENCE|APPLY_NEW_TASK|CHECK_REVISE_NEXT_STEP|ESSENTIAL_QUESTION|EVIDENCE_QUALITY|LIMITATION|PROVENANCE,4,False,False,True,True,H4_PHYSICAL_INVESTIGATION,4,False,False,False,5,True,True,True,5,6,12,direct-adult,True,True,False,3968,1237,315,53354ff025a1989986c97ddbed7cacb3e35c418c6b02257ea5101f8bed0604d2,839f854b4a36ee19d86b36396e1df92d42ec36cd0f0a529c8586bdd1dc98fa50,Use the supplied record to build a claim-evidence-reasoning product that another reader can check line by line.,0
ma-hs10-chemistry-u04-l10,ma-hs10-chemistry,10,high,hs912-science-h4,h4-high-school,4,10,Synthesis and review,review,STUDENT_WORK_SHEET,oxidation and reduction basics,7,EXPLAIN_WITH_EVIDENCE|APPLY_NEW_TASK|CHECK_REVISE_NEXT_STEP|ESSENTIAL_QUESTION|EVIDENCE_QUALITY|LIMITATION|PROVENANCE,4,False,False,True,False,BOUND_REFERENCE_EVIDENCE_TASK,0,False,False,False,5,True,True,True,1,0,8,none,True,True,False,2731,696,259,3665836b7839a4e20170a13d9356cc1f34f1c67fe13fa9eebef25481775a7b89,,"Connect at least three evidence items, state the boundary of the conclusion, and answer the unit question.",0
ma-hs10-chemistry-u04-l11,ma-hs10-chemistry,10,high,hs912-science-h4,h4-high-school,4,11,Unit assessment,assessment/project,STUDENT_WORK_SHEET,predicting products from periodic trends,8,MASTERY_FRESH_TASK|EXPLAIN_WITH_EVIDENCE|APPLY_NEW_TASK|CHECK_REVISE_NEXT_STEP|ESSENTIAL_QUESTION|EVIDENCE_QUALITY|LIMITATION|PROVENANCE,3,False,False,True,False,BOUND_REFERENCE_EVIDENCE_TASK,0,False,False,False,5,True,True,True,1,0,8,none,True,True,False,2780,696,307,d651c9fe50d11a3af5fec13217aced2c7dd5de048c8d780a8df60e8634d2bbe0,,"Without copying the brief, evaluate the candidate claim, interpret the evidence table, and apply the idea to a new example you create.",0
ma-hs10-chemistry-u04-l12,ma-hs10-chemistry,10,high,hs912-science-h4,h4-high-school,4,12,Correction and reflection,remediation,STUDENT_WORK_SHEET,writing and revising explanations,7,EXPLAIN_WITH_EVIDENCE|APPLY_NEW_TASK|CHECK_REVISE_NEXT_STEP|ESSENTIAL_QUESTION|EVIDENCE_QUALITY|LIMITATION|PROVENANCE,3,False,False,True,False,BOUND_REFERENCE_EVIDENCE_TASK,0,False,False,False,5,True,True,True,1,0,8,none,True,True,False,2696,696,259,b4354e2b023cd65968a1aad590e962b5767a2414e9f40f746f1c0a87a73ac881,,"Locate one weakness in an earlier response, revise it with a named evidence code, and state what the revision fixes.",0
ma-hs10-chemistry-u05-l01,ma-hs10-chemistry,10,high,hs912-science-h4,h4-high-school,5,1,Launch and diagnostic,concept,STUDENT_WORK_SHEET,conservation of atoms and mass,8,PHENOMENON_QUESTION|EXPLAIN_WITH_EVIDENCE|APPLY_NEW_TASK|CHECK_REVISE_NEXT_STEP|ESSENTIAL_QUESTION|EVIDENCE_QUALITY|LIMITATION|PROVENANCE,4,False,False,True,False,BOUND_REFERENCE_EVIDENCE_TASK,0,False,False,False,5,True,True,True,1,0,8,none,True,True,False,2820,696,307,23201272933a92480d0c85e61be5bb2b39f567e0e2645694ee4f3de813d511e3,,"Write an initial explanation, then mark which evidence item would most strongly change it.",0
ma-hs10-chemistry-u05-l02,ma-hs10-chemistry,10,high,hs912-science-h4,h4-high-school,5,2,Concept model A,concept,STUDENT_WORK_SHEET,balancing equations as bookkeeping,7,EXPLAIN_WITH_EVIDENCE|APPLY_NEW_TASK|CHECK_REVISE_NEXT_STEP|ESSENTIAL_QUESTION|EVIDENCE_QUALITY|LIMITATION|PROVENANCE,4,False,False,True,False,BOUND_REFERENCE_EVIDENCE_TASK,0,False,False,False,5,True,True,True,1,0,8,none,True,True,False,2752,696,259,98aa205160be566cfbf1417fc97e0e88350a3549c56747dc27782ee6eeab92cf,,Build a labelled model that includes every accepted relationship in the science brief and test it against the case claim.,0
ma-hs10-chemistry-u05-l03,ma-hs10-chemistry,10,high,hs912-science-h4,h4-high-school,5,3,Guided practice A,concept,STUDENT_WORK_SHEET,the mole as a counting unit,7,EXPLAIN_WITH_EVIDENCE|APPLY_NEW_TASK|CHECK_REVISE_NEXT_STEP|ESSENTIAL_QUESTION|EVIDENCE_QUALITY|LIMITATION|PROVENANCE,4,False,False,True,False,BOUND_REFERENCE_EVIDENCE_TASK,0,False,False,False,5,True,True,True,1,0,8,none,True,True,False,2806,696,273,db67cd5add02318dd0735e52ec506fcacbf440de8db0b0d86086a398129f423b,,Use E1 with E2 first; then add E3 and revise any conclusion that no longer fits.,0
ma-hs10-chemistry-u05-l04,ma-hs10-chemistry,10,high,hs912-science-h4,h4-high-school,5,4,Independent application A,mastery,STUDENT_WORK_SHEET,molar mass and formula mass,7,EXPLAIN_WITH_EVIDENCE|APPLY_NEW_TASK|CHECK_REVISE_NEXT_STEP|ESSENTIAL_QUESTION|EVIDENCE_QUALITY|LIMITATION|PROVENANCE,4,False,False,True,False,BOUND_REFERENCE_EVIDENCE_TASK,0,False,False,False,5,True,True,True,1,0,8,none,True,True,False,2778,696,266,d3158ab751bd6efa68d3778cf377286da1c219913c99789fe041cf653815ee2b,,Evaluate the case claim independently using at least two evidence codes and one stated limitation.,0
ma-hs10-chemistry-u05-l05,ma-hs10-chemistry,10,high,hs912-science-h4,h4-high-school,5,5,Concept model B,concept,STUDENT_WORK_SHEET,limiting reactants,7,EXPLAIN_WITH_EVIDENCE|APPLY_NEW_TASK|CHECK_REVISE_NEXT_STEP|ESSENTIAL_QUESTION|EVIDENCE_QUALITY|LIMITATION|PROVENANCE,4,False,False,True,False,BOUND_REFERENCE_EVIDENCE_TASK,0,False,False,False,5,True,True,True,1,0,8,none,True,True,False,2713,696,245,744bb818d29eaaa617cf29cc3098d8b9b4056782e1a6889a2fa64206ce0b9f18,,Build a second representation of the same evidence and identify one feature the first model hid.,0
ma-hs10-chemistry-u05-l06,ma-hs10-chemistry,10,high,hs912-science-h4,h4-high-school,5,6,Guided practice B,concept,STUDENT_WORK_SHEET,mathematical representations of reactions,7,EXPLAIN_WITH_EVIDENCE|APPLY_NEW_TASK|CHECK_REVISE_NEXT_STEP|ESSENTIAL_QUESTION|EVIDENCE_QUALITY|LIMITATION|PROVENANCE,3,False,False,True,False,BOUND_REFERENCE_EVIDENCE_TASK,0,False,False,False,5,True,True,True,1,0,8,none,True,True,False,2706,696,259,655099e67abd8b22ef026a35801a56c99119af3a597f67a43d46dcfad294f3a9,,"Sort all evidence as supports, challenges, or does not decide, and justify every placement.",0
ma-hs10-chemistry-u05-l07,ma-hs10-chemistry,10,high,hs912-science-h4,h4-high-school,5,7,Investigation,lab/activity,INVESTIGATION_DATA_SHEET,conservation of atoms and mass,8,INVESTIGATE|EXPLAIN_WITH_EVIDENCE|APPLY_NEW_TASK|CHECK_REVISE_NEXT_STEP|ESSENTIAL_QUESTION|EVIDENCE_QUALITY|LIMITATION|PROVENANCE,4,False,False,True,True,H4_PHYSICAL_INVESTIGATION,4,False,False,False,5,True,True,True,2,6,11,direct-adult,True,True,False,3716,1003,317,23201272933a92480d0c85e61be5bb2b39f567e0e2645694ee4f3de813d511e3,3c5c8e1b9c0cccdcf4618e21937b4996648aeb001e23318930e74d85e330f8a1,"Choose the H4 physical route or the supplied model-data route, complete that route, and answer from the evidence you actually collected or calculated.",0
ma-hs10-chemistry-u05-l08,ma-hs10-chemistry,10,high,hs912-science-h4,h4-high-school,5,8,Reteach and varied practice,remediation,STUDENT_WORK_SHEET,balancing equations as bookkeeping,7,EXPLAIN_WITH_EVIDENCE|APPLY_NEW_TASK|CHECK_REVISE_NEXT_STEP|ESSENTIAL_QUESTION|EVIDENCE_QUALITY|LIMITATION|PROVENANCE,4,False,False,True,False,BOUND_REFERENCE_EVIDENCE_TASK,0,False,False,False,5,True,True,True,1,0,8,none,True,True,False,2751,696,259,98aa205160be566cfbf1417fc97e0e88350a3549c56747dc27782ee6eeab92cf,,"Correct the candidate claim, explain the exact evidence that makes the correction necessary, and create one fresh example.",0
ma-hs10-chemistry-u05-l09,ma-hs10-chemistry,10,high,hs912-science-h4,h4-high-school,5,9,Performance task build,assessment/project,INVESTIGATION_DATA_SHEET,the mole as a counting unit,8,PERFORMANCE_EVIDENCE|EXPLAIN_WITH_EVIDENCE|APPLY_NEW_TASK|CHECK_REVISE_NEXT_STEP|ESSENTIAL_QUESTION|EVIDENCE_QUALITY|LIMITATION|PROVENANCE,4,False,False,True,True,H4_PHYSICAL_INVESTIGATION,4,False,False,False,5,True,True,True,2,6,11,direct-adult,True,True,False,3721,1003,324,db67cd5add02318dd0735e52ec506fcacbf440de8db0b0d86086a398129f423b,3c5c8e1b9c0cccdcf4618e21937b4996648aeb001e23318930e74d85e330f8a1,Use the supplied record to build a claim-evidence-reasoning product that another reader can check line by line.,0
ma-hs10-chemistry-u05-l10,ma-hs10-chemistry,10,high,hs912-science-h4,h4-high-school,5,10,Synthesis and review,review,STUDENT_WORK_SHEET,molar mass and formula mass,7,EXPLAIN_WITH_EVIDENCE|APPLY_NEW_TASK|CHECK_REVISE_NEXT_STEP|ESSENTIAL_QUESTION|EVIDENCE_QUALITY|LIMITATION|PROVENANCE,4,False,False,True,False,BOUND_REFERENCE_EVIDENCE_TASK,0,False,False,False,5,True,True,True,1,0,8,none,True,True,False,2780,696,266,d3158ab751bd6efa68d3778cf377286da1c219913c99789fe041cf653815ee2b,,"Connect at least three evidence items, state the boundary of the conclusion, and answer the unit question.",0
ma-hs10-chemistry-u05-l11,ma-hs10-chemistry,10,high,hs912-science-h4,h4-high-school,5,11,Unit assessment,assessment/project,STUDENT_WORK_SHEET,limiting reactants,8,MASTERY_FRESH_TASK|EXPLAIN_WITH_EVIDENCE|APPLY_NEW_TASK|CHECK_REVISE_NEXT_STEP|ESSENTIAL_QUESTION|EVIDENCE_QUALITY|LIMITATION|PROVENANCE,4,False,False,True,False,BOUND_REFERENCE_EVIDENCE_TASK,0,False,False,False,5,True,True,True,1,0,8,none,True,True,False,2767,696,283,744bb818d29eaaa617cf29cc3098d8b9b4056782e1a6889a2fa64206ce0b9f18,,"Without copying the brief, evaluate the candidate claim, interpret the evidence table, and apply the idea to a new example you create.",0
ma-hs10-chemistry-u05-l12,ma-hs10-chemistry,10,high,hs912-science-h4,h4-high-school,5,12,Correction and reflection,remediation,STUDENT_WORK_SHEET,mathematical representations of reactions,7,EXPLAIN_WITH_EVIDENCE|APPLY_NEW_TASK|CHECK_REVISE_NEXT_STEP|ESSENTIAL_QUESTION|EVIDENCE_QUALITY|LIMITATION|PROVENANCE,3,False,False,True,False,BOUND_REFERENCE_EVIDENCE_TASK,0,False,False,False,5,True,True,True,1,0,8,none,True,True,False,2712,696,259,655099e67abd8b22ef026a35801a56c99119af3a597f67a43d46dcfad294f3a9,,"Locate one weakness in an earlier response, revise it with a named evidence code, and state what the revision fixes.",0
ma-hs10-chemistry-u06-l01,ma-hs10-chemistry,10,high,hs912-science-h4,h4-high-school,6,1,Launch and diagnostic,concept,STUDENT_WORK_SHEET,bond breaking and bond making,8,PHENOMENON_QUESTION|EXPLAIN_WITH_EVIDENCE|APPLY_NEW_TASK|CHECK_REVISE_NEXT_STEP|ESSENTIAL_QUESTION|EVIDENCE_QUALITY|LIMITATION|PROVENANCE,4,False,False,True,False,BOUND_REFERENCE_EVIDENCE_TASK,0,False,False,False,5,True,True,True,1,0,8,none,True,True,False,2794,696,307,c4e66c4893379061b610f713c4a4cf94e7b21a545bce2a97e9fee63ba34e56f2,,"Write an initial explanation, then mark which evidence item would most strongly change it.",0
ma-hs10-chemistry-u06-l02,ma-hs10-chemistry,10,high,hs912-science-h4,h4-high-school,6,2,Concept model A,concept,STUDENT_WORK_SHEET,exothermic and endothermic processes,7,EXPLAIN_WITH_EVIDENCE|APPLY_NEW_TASK|CHECK_REVISE_NEXT_STEP|ESSENTIAL_QUESTION|EVIDENCE_QUALITY|LIMITATION|PROVENANCE,4,False,False,True,False,BOUND_REFERENCE_EVIDENCE_TASK,0,False,False,False,5,True,True,True,1,0,8,none,True,True,False,2729,696,259,501e978107883632058df7a2f16a275213f9242a42a81823f2a9c4c0b32b051d,,Build a labelled model that includes every accepted relationship in the science brief and test it against the case claim.,0
ma-hs10-chemistry-u06-l03,ma-hs10-chemistry,10,high,hs912-science-h4,h4-high-school,6,3,Guided practice A,concept,STUDENT_WORK_SHEET,total bond energy changes,7,EXPLAIN_WITH_EVIDENCE|APPLY_NEW_TASK|CHECK_REVISE_NEXT_STEP|ESSENTIAL_QUESTION|EVIDENCE_QUALITY|LIMITATION|PROVENANCE,3,False,False,True,False,BOUND_REFERENCE_EVIDENCE_TASK,0,False,False,False,5,True,True,True,1,0,8,none,True,True,False,2705,696,259,eed087812d3faefc9d2321faca4d4d9771f14a1e86e70f6917710b3a477202d9,,Use E1 with E2 first; then add E3 and revise any conclusion that no longer fits.,0
ma-hs10-chemistry-u06-l04,ma-hs10-chemistry,10,high,hs912-science-h4,h4-high-school,6,4,Independent application A,mastery,STUDENT_WORK_SHEET,thermal energy transfer and equilibration,7,EXPLAIN_WITH_EVIDENCE|APPLY_NEW_TASK|CHECK_REVISE_NEXT_STEP|ESSENTIAL_QUESTION|EVIDENCE_QUALITY|LIMITATION|PROVENANCE,4,False,False,True,False,BOUND_REFERENCE_EVIDENCE_TASK,0,False,False,False,5,True,True,True,1,0,8,none,True,True,False,2745,696,266,5dcbaa1572ff15f88c24d528423714f484782edeba8883fa730473d1f0eaf99c,,Evaluate the case claim independently using at least two evidence codes and one stated limitation.,0
ma-hs10-chemistry-u06-l05,ma-hs10-chemistry,10,high,hs912-science-h4,h4-high-school,6,5,Concept model B,concept,STUDENT_WORK_SHEET,computational energy models,7,EXPLAIN_WITH_EVIDENCE|APPLY_NEW_TASK|CHECK_REVISE_NEXT_STEP|ESSENTIAL_QUESTION|EVIDENCE_QUALITY|LIMITATION|PROVENANCE,3,False,False,True,False,BOUND_REFERENCE_EVIDENCE_TASK,0,False,False,False,5,True,True,True,1,0,8,none,True,True,False,2651,696,252,f924c117585c75741e6bd0a77abfb1342ddb46a0c3b83bab8620adee2c706cc4,,Build a second representation of the same evidence and identify one feature the first model hid.,0
ma-hs10-chemistry-u06-l06,ma-hs10-chemistry,10,high,hs912-science-h4,h4-high-school,6,6,Guided practice B,concept,STUDENT_WORK_SHEET,the second law in everyday systems,7,EXPLAIN_WITH_EVIDENCE|APPLY_NEW_TASK|CHECK_REVISE_NEXT_STEP|ESSENTIAL_QUESTION|EVIDENCE_QUALITY|LIMITATION|PROVENANCE,4,False,False,True,False,BOUND_REFERENCE_EVIDENCE_TASK,0,False,False,False,5,True,True,True,1,0,8,none,True,True,False,2769,696,273,4d6626110f61ffa6299a8c50342139254f447e303c0014a374ff48895e18473b,,"Sort all evidence as supports, challenges, or does not decide, and justify every placement.",0
ma-hs10-chemistry-u06-l07,ma-hs10-chemistry,10,high,hs912-science-h4,h4-high-school,6,7,Investigation,lab/activity,INVESTIGATION_DATA_SHEET,bond breaking and bond making,8,INVESTIGATE|EXPLAIN_WITH_EVIDENCE|APPLY_NEW_TASK|CHECK_REVISE_NEXT_STEP|ESSENTIAL_QUESTION|EVIDENCE_QUALITY|LIMITATION|PROVENANCE,4,False,False,True,True,H4_PHYSICAL_INVESTIGATION,4,False,False,False,5,True,True,True,4,7,12,direct-adult,True,True,False,4091,1221,317,c4e66c4893379061b610f713c4a4cf94e7b21a545bce2a97e9fee63ba34e56f2,9b29f3cfe9fffa48d5a29a822646774840086b309c01e2161fcd589dbaae0364,"Choose the H4 physical route or the supplied model-data route, complete that route, and answer from the evidence you actually collected or calculated.",0
ma-hs10-chemistry-u06-l08,ma-hs10-chemistry,10,high,hs912-science-h4,h4-high-school,6,8,Reteach and varied practice,remediation,STUDENT_WORK_SHEET,exothermic and endothermic processes,7,EXPLAIN_WITH_EVIDENCE|APPLY_NEW_TASK|CHECK_REVISE_NEXT_STEP|ESSENTIAL_QUESTION|EVIDENCE_QUALITY|LIMITATION|PROVENANCE,4,False,False,True,False,BOUND_REFERENCE_EVIDENCE_TASK,0,False,False,False,5,True,True,True,1,0,8,none,True,True,False,2728,696,259,501e978107883632058df7a2f16a275213f9242a42a81823f2a9c4c0b32b051d,,"Correct the candidate claim, explain the exact evidence that makes the correction necessary, and create one fresh example.",0
ma-hs10-chemistry-u06-l09,ma-hs10-chemistry,10,high,hs912-science-h4,h4-high-school,6,9,Performance task build,assessment/project,INVESTIGATION_DATA_SHEET,total bond energy changes,8,PERFORMANCE_EVIDENCE|EXPLAIN_WITH_EVIDENCE|APPLY_NEW_TASK|CHECK_REVISE_NEXT_STEP|ESSENTIAL_QUESTION|EVIDENCE_QUALITY|LIMITATION|PROVENANCE,3,False,False,True,True,H4_PHYSICAL_INVESTIGATION,4,False,False,False,5,True,True,True,4,7,12,direct-adult,True,True,False,4019,1221,310,eed087812d3faefc9d2321faca4d4d9771f14a1e86e70f6917710b3a477202d9,9b29f3cfe9fffa48d5a29a822646774840086b309c01e2161fcd589dbaae0364,Use the supplied record to build a claim-evidence-reasoning product that another reader can check line by line.,0
ma-hs10-chemistry-u06-l10,ma-hs10-chemistry,10,high,hs912-science-h4,h4-high-school,6,10,Synthesis and review,review,STUDENT_WORK_SHEET,thermal energy transfer and equilibration,7,EXPLAIN_WITH_EVIDENCE|APPLY_NEW_TASK|CHECK_REVISE_NEXT_STEP|ESSENTIAL_QUESTION|EVIDENCE_QUALITY|LIMITATION|PROVENANCE,4,False,False,True,False,BOUND_REFERENCE_EVIDENCE_TASK,0,False,False,False,5,True,True,True,1,0,8,none,True,True,False,2747,696,266,5dcbaa1572ff15f88c24d528423714f484782edeba8883fa730473d1f0eaf99c,,"Connect at least three evidence items, state the boundary of the conclusion, and answer the unit question.",0
ma-hs10-chemistry-u06-l11,ma-hs10-chemistry,10,high,hs912-science-h4,h4-high-school,6,11,Unit assessment,assessment/project,STUDENT_WORK_SHEET,computational energy models,8,MASTERY_FRESH_TASK|EXPLAIN_WITH_EVIDENCE|APPLY_NEW_TASK|CHECK_REVISE_NEXT_STEP|ESSENTIAL_QUESTION|EVIDENCE_QUALITY|LIMITATION|PROVENANCE,3,False,False,True,False,BOUND_REFERENCE_EVIDENCE_TASK,0,False,False,False,5,True,True,True,1,0,8,none,True,True,False,2707,696,291,f924c117585c75741e6bd0a77abfb1342ddb46a0c3b83bab8620adee2c706cc4,,"Without copying the brief, evaluate the candidate claim, interpret the evidence table, and apply the idea to a new example you create.",0
ma-hs10-chemistry-u06-l12,ma-hs10-chemistry,10,high,hs912-science-h4,h4-high-school,6,12,Correction and reflection,remediation,STUDENT_WORK_SHEET,the second law in everyday systems,7,EXPLAIN_WITH_EVIDENCE|APPLY_NEW_TASK|CHECK_REVISE_NEXT_STEP|ESSENTIAL_QUESTION|EVIDENCE_QUALITY|LIMITATION|PROVENANCE,4,False,False,True,False,BOUND_REFERENCE_EVIDENCE_TASK,0,False,False,False,5,True,True,True,1,0,8,none,True,True,False,2775,696,273,4d6626110f61ffa6299a8c50342139254f447e303c0014a374ff48895e18473b,,"Locate one weakness in an earlier response, revise it with a named evidence code, and state what the revision fixes.",0
ma-hs10-chemistry-u07-l01,ma-hs10-chemistry,10,high,hs912-science-h4,h4-high-school,7,1,Launch and diagnostic,concept,STUDENT_WORK_SHEET,collision model of reactions,8,PHENOMENON_QUESTION|EXPLAIN_WITH_EVIDENCE|APPLY_NEW_TASK|CHECK_REVISE_NEXT_STEP|ESSENTIAL_QUESTION|EVIDENCE_QUALITY|LIMITATION|PROVENANCE,4,False,False,True,False,BOUND_REFERENCE_EVIDENCE_TASK,0,False,False,True,5,True,True,True,1,0,8,none,True,True,False,2751,696,299,e42d5482310bfd512ab8994d5b3ad2a46527dc17d01931bf622100b20f599064,,"Write an initial explanation, then mark which evidence item would most strongly change it.",0
ma-hs10-chemistry-u07-l02,ma-hs10-chemistry,10,high,hs912-science-h4,h4-high-school,7,2,Concept model A,concept,STUDENT_WORK_SHEET,temperature and reaction rate,7,EXPLAIN_WITH_EVIDENCE|APPLY_NEW_TASK|CHECK_REVISE_NEXT_STEP|ESSENTIAL_QUESTION|EVIDENCE_QUALITY|LIMITATION|PROVENANCE,4,False,False,True,False,BOUND_REFERENCE_EVIDENCE_TASK,0,False,False,True,5,True,True,True,1,0,8,none,True,True,False,2693,696,259,c16d6f76c5d42e85a132c0a65592ee172a861842a938bdf2261363c42443f75b,,Build a labelled model that includes every accepted relationship in the science brief and test it against the case claim.,0
ma-hs10-chemistry-u07-l03,ma-hs10-chemistry,10,high,hs912-science-h4,h4-high-school,7,3,Guided practice A,concept,STUDENT_WORK_SHEET,concentration and reaction rate,7,EXPLAIN_WITH_EVIDENCE|APPLY_NEW_TASK|CHECK_REVISE_NEXT_STEP|ESSENTIAL_QUESTION|EVIDENCE_QUALITY|LIMITATION|PROVENANCE,4,False,False,True,False,BOUND_REFERENCE_EVIDENCE_TASK,0,False,False,True,5,True,True,True,1,0,8,none,True,True,False,2678,696,259,534fab99435ab8b9ca6825a1327ef0c8603f4ca5618d7275694fd245c18c8621,,Use E1 with E2 first; then add E3 and revise any conclusion that no longer fits.,0
ma-hs10-chemistry-u07-l04,ma-hs10-chemistry,10,high,hs912-science-h4,h4-high-school,7,4,Independent application A,mastery,STUDENT_WORK_SHEET,surface area and mixing,7,EXPLAIN_WITH_EVIDENCE|APPLY_NEW_TASK|CHECK_REVISE_NEXT_STEP|ESSENTIAL_QUESTION|EVIDENCE_QUALITY|LIMITATION|PROVENANCE,4,False,False,True,False,BOUND_REFERENCE_EVIDENCE_TASK,0,False,False,True,5,True,True,True,1,0,8,none,True,True,False,2711,696,259,33a8ad81ae3e845bd3bcc0a2fb6e7fedd383c33fe0688211d970dae481804775,,Evaluate the case claim independently using at least two evidence codes and one stated limitation.,0
ma-hs10-chemistry-u07-l05,ma-hs10-chemistry,10,high,hs912-science-h4,h4-high-school,7,5,Concept model B,concept,STUDENT_WORK_SHEET,catalysts,7,EXPLAIN_WITH_EVIDENCE|APPLY_NEW_TASK|CHECK_REVISE_NEXT_STEP|ESSENTIAL_QUESTION|EVIDENCE_QUALITY|LIMITATION|PROVENANCE,4,False,False,True,False,BOUND_REFERENCE_EVIDENCE_TASK,0,False,False,True,5,True,True,True,1,0,8,none,True,True,False,2659,696,238,b8cee5584b267d9bfd1900fef91384036e7dcc330dd33b1911502baa18e71fc0,,Build a second representation of the same evidence and identify one feature the first model hid.,0
ma-hs10-chemistry-u07-l06,ma-hs10-chemistry,10,high,hs912-science-h4,h4-high-school,7,6,Guided practice B,concept,STUDENT_WORK_SHEET,explaining rate with scientific principles,7,EXPLAIN_WITH_EVIDENCE|APPLY_NEW_TASK|CHECK_REVISE_NEXT_STEP|ESSENTIAL_QUESTION|EVIDENCE_QUALITY|LIMITATION|PROVENANCE,3,False,False,True,False,BOUND_REFERENCE_EVIDENCE_TASK,0,False,False,True,5,True,True,True,1,0,8,none,True,True,False,2690,696,266,00df074fb04a2ee799c640b05d502595132809ee8327d38923f8d8c09264dee3,,"Sort all evidence as supports, challenges, or does not decide, and justify every placement.",0
ma-hs10-chemistry-u07-l07,ma-hs10-chemistry,10,high,hs912-science-h4,h4-high-school,7,7,Investigation,lab/activity,INVESTIGATION_DATA_SHEET,collision model of reactions,8,INVESTIGATE|EXPLAIN_WITH_EVIDENCE|APPLY_NEW_TASK|CHECK_REVISE_NEXT_STEP|ESSENTIAL_QUESTION|EVIDENCE_QUALITY|LIMITATION|PROVENANCE,4,False,False,True,True,H4_PHYSICAL_INVESTIGATION,5,False,False,True,5,True,True,True,3,5,11,direct-adult,True,True,False,3609,954,309,e42d5482310bfd512ab8994d5b3ad2a46527dc17d01931bf622100b20f599064,46ad75597cb5e126f7d08036fb78f4590a8dd00d1da2b0584f106382a5848bc2,"Choose the H4 physical route or the supplied model-data route, complete that route, and answer from the evidence you actually collected or calculated.",0
ma-hs10-chemistry-u07-l08,ma-hs10-chemistry,10,high,hs912-science-h4,h4-high-school,7,8,Reteach and varied practice,remediation,STUDENT_WORK_SHEET,temperature and reaction rate,7,EXPLAIN_WITH_EVIDENCE|APPLY_NEW_TASK|CHECK_REVISE_NEXT_STEP|ESSENTIAL_QUESTION|EVIDENCE_QUALITY|LIMITATION|PROVENANCE,4,False,False,True,False,BOUND_REFERENCE_EVIDENCE_TASK,0,False,False,True,5,True,True,True,1,0,8,none,True,True,False,2692,696,259,c16d6f76c5d42e85a132c0a65592ee172a861842a938bdf2261363c42443f75b,,"Correct the candidate claim, explain the exact evidence that makes the correction necessary, and create one fresh example.",0
ma-hs10-chemistry-u07-l09,ma-hs10-chemistry,10,high,hs912-science-h4,h4-high-school,7,9,Performance task build,assessment/project,INVESTIGATION_DATA_SHEET,concentration and reaction rate,8,PERFORMANCE_EVIDENCE|EXPLAIN_WITH_EVIDENCE|APPLY_NEW_TASK|CHECK_REVISE_NEXT_STEP|ESSENTIAL_QUESTION|EVIDENCE_QUALITY|LIMITATION|PROVENANCE,4,False,False,True,True,H4_PHYSICAL_INVESTIGATION,5,False,False,True,5,True,True,True,3,5,11,direct-adult,True,True,False,3554,954,311,534fab99435ab8b9ca6825a1327ef0c8603f4ca5618d7275694fd245c18c8621,46ad75597cb5e126f7d08036fb78f4590a8dd00d1da2b0584f106382a5848bc2,Use the supplied record to build a claim-evidence-reasoning product that another reader can check line by line.,0
ma-hs10-chemistry-u07-l10,ma-hs10-chemistry,10,high,hs912-science-h4,h4-high-school,7,10,Synthesis and review,review,STUDENT_WORK_SHEET,surface area and mixing,7,EXPLAIN_WITH_EVIDENCE|APPLY_NEW_TASK|CHECK_REVISE_NEXT_STEP|ESSENTIAL_QUESTION|EVIDENCE_QUALITY|LIMITATION|PROVENANCE,4,False,False,True,False,BOUND_REFERENCE_EVIDENCE_TASK,0,False,False,True,5,True,True,True,1,0,8,none,True,True,False,2713,696,259,33a8ad81ae3e845bd3bcc0a2fb6e7fedd383c33fe0688211d970dae481804775,,"Connect at least three evidence items, state the boundary of the conclusion, and answer the unit question.",0
ma-hs10-chemistry-u07-l11,ma-hs10-chemistry,10,high,hs912-science-h4,h4-high-school,7,11,Unit assessment,assessment/project,STUDENT_WORK_SHEET,catalysts,8,MASTERY_FRESH_TASK|EXPLAIN_WITH_EVIDENCE|APPLY_NEW_TASK|CHECK_REVISE_NEXT_STEP|ESSENTIAL_QUESTION|EVIDENCE_QUALITY|LIMITATION|PROVENANCE,4,False,False,True,False,BOUND_REFERENCE_EVIDENCE_TASK,0,False,False,True,5,True,True,True,1,0,8,none,True,True,False,2711,696,275,b8cee5584b267d9bfd1900fef91384036e7dcc330dd33b1911502baa18e71fc0,,"Without copying the brief, evaluate the candidate claim, interpret the evidence table, and apply the idea to a new example you create.",0
ma-hs10-chemistry-u07-l12,ma-hs10-chemistry,10,high,hs912-science-h4,h4-high-school,7,12,Correction and reflection,remediation,STUDENT_WORK_SHEET,explaining rate with scientific principles,7,EXPLAIN_WITH_EVIDENCE|APPLY_NEW_TASK|CHECK_REVISE_NEXT_STEP|ESSENTIAL_QUESTION|EVIDENCE_QUALITY|LIMITATION|PROVENANCE,3,False,False,True,False,BOUND_REFERENCE_EVIDENCE_TASK,0,False,False,True,5,True,True,True,1,0,8,none,True,True,False,2696,696,266,00df074fb04a2ee799c640b05d502595132809ee8327d38923f8d8c09264dee3,,"Locate one weakness in an earlier response, revise it with a named evidence code, and state what the revision fixes.",0
ma-hs10-chemistry-u08-l01,ma-hs10-chemistry,10,high,hs912-science-h4,h4-high-school,8,1,Launch and diagnostic,concept,STUDENT_WORK_SHEET,reversible reactions,8,PHENOMENON_QUESTION|EXPLAIN_WITH_EVIDENCE|APPLY_NEW_TASK|CHECK_REVISE_NEXT_STEP|ESSENTIAL_QUESTION|EVIDENCE_QUALITY|LIMITATION|PROVENANCE,4,False,False,True,False,BOUND_REFERENCE_EVIDENCE_TASK,0,False,False,True,5,True,True,True,1,0,8,none,True,True,False,2737,696,283,653021b6f4b85715148c413e09075af9df124e5323e940dea366ef73fb531e3d,,"Write an initial explanation, then mark which evidence item would most strongly change it.",0
ma-hs10-chemistry-u08-l02,ma-hs10-chemistry,10,high,hs912-science-h4,h4-high-school,8,2,Concept model A,concept,STUDENT_WORK_SHEET,dynamic equilibrium,7,EXPLAIN_WITH_EVIDENCE|APPLY_NEW_TASK|CHECK_REVISE_NEXT_STEP|ESSENTIAL_QUESTION|EVIDENCE_QUALITY|LIMITATION|PROVENANCE,4,False,False,True,False,BOUND_REFERENCE_EVIDENCE_TASK,0,False,False,True,5,True,True,True,1,0,8,none,True,True,False,2660,696,245,ac8ba80d2392d23ec2a863a0d0c333e4f23ae5ec66bec168655d7cc34a14860d,,Build a labelled model that includes every accepted relationship in the science brief and test it against the case claim.,0
ma-hs10-chemistry-u08-l03,ma-hs10-chemistry,10,high,hs912-science-h4,h4-high-school,8,3,Guided practice A,concept,STUDENT_WORK_SHEET,stress and system response,7,EXPLAIN_WITH_EVIDENCE|APPLY_NEW_TASK|CHECK_REVISE_NEXT_STEP|ESSENTIAL_QUESTION|EVIDENCE_QUALITY|LIMITATION|PROVENANCE,4,False,False,True,False,BOUND_REFERENCE_EVIDENCE_TASK,0,False,False,True,5,True,True,True,1,0,8,none,True,True,False,2739,696,259,3f222417b4f6d702eab6efb0701cc3703cb9481dc6eec1f81c6d1dc98f823d72,,Use E1 with E2 first; then add E3 and revise any conclusion that no longer fits.,0
ma-hs10-chemistry-u08-l04,ma-hs10-chemistry,10,high,hs912-science-h4,h4-high-school,8,4,Independent application A,mastery,STUDENT_WORK_SHEET,shifting equilibrium by changing conditions,7,EXPLAIN_WITH_EVIDENCE|APPLY_NEW_TASK|CHECK_REVISE_NEXT_STEP|ESSENTIAL_QUESTION|EVIDENCE_QUALITY|LIMITATION|PROVENANCE,4,False,False,True,False,BOUND_REFERENCE_EVIDENCE_TASK,0,False,False,True,5,True,True,True,1,0,8,none,True,True,False,2736,696,266,871368aeff3f5a7298f8a8306caba1f16756c94f05ebfd81e765be2d5994d2ed,,Evaluate the case claim independently using at least two evidence codes and one stated limitation.,0
ma-hs10-chemistry-u08-l05,ma-hs10-chemistry,10,high,hs912-science-h4,h4-high-school,8,5,Concept model B,concept,STUDENT_WORK_SHEET,yield and industrial trade-offs,7,EXPLAIN_WITH_EVIDENCE|APPLY_NEW_TASK|CHECK_REVISE_NEXT_STEP|ESSENTIAL_QUESTION|EVIDENCE_QUALITY|LIMITATION|PROVENANCE,3,False,False,True,False,BOUND_REFERENCE_EVIDENCE_TASK,0,False,False,True,5,True,True,True,1,0,8,none,True,True,False,2649,696,259,37711dc167bef474a1ae9dca508de7f480f3ec9df503ad5aa5e7196e6b0afdc3,,Build a second representation of the same evidence and identify one feature the first model hid.,0
ma-hs10-chemistry-u08-l06,ma-hs10-chemistry,10,high,hs912-science-h4,h4-high-school,8,6,Guided practice B,concept,STUDENT_WORK_SHEET,refining a chemical system design,7,EXPLAIN_WITH_EVIDENCE|APPLY_NEW_TASK|CHECK_REVISE_NEXT_STEP|ESSENTIAL_QUESTION|EVIDENCE_QUALITY|LIMITATION|PROVENANCE,3,False,False,True,False,BOUND_REFERENCE_EVIDENCE_TASK,0,False,True,True,5,True,True,True,1,0,8,none,True,True,False,2681,696,266,47b31ff409e283b0dc279c0d4b0f7175da6a2f637ae0a867ed5e1263ad0a822f,,"Sort all evidence as supports, challenges, or does not decide, and justify every placement.",0
ma-hs10-chemistry-u08-l07,ma-hs10-chemistry,10,high,hs912-science-h4,h4-high-school,8,7,Investigation,lab/activity,INVESTIGATION_DATA_SHEET,reversible reactions,8,INVESTIGATE|EXPLAIN_WITH_EVIDENCE|APPLY_NEW_TASK|CHECK_REVISE_NEXT_STEP|ESSENTIAL_QUESTION|EVIDENCE_QUALITY|LIMITATION|PROVENANCE,4,False,False,True,True,H4_PHYSICAL_INVESTIGATION,6,False,False,True,5,True,True,True,4,5,11,direct-adult,True,True,False,3615,973,293,653021b6f4b85715148c413e09075af9df124e5323e940dea366ef73fb531e3d,eb07341ac12e5cc1d742abe23cc627ee25c1964295a0146ce3bcced7a8f265cc,"Choose the H4 physical route or the supplied model-data route, complete that route, and answer from the evidence you actually collected or calculated.",0
ma-hs10-chemistry-u08-l08,ma-hs10-chemistry,10,high,hs912-science-h4,h4-high-school,8,8,Reteach and varied practice,remediation,STUDENT_WORK_SHEET,dynamic equilibrium,7,EXPLAIN_WITH_EVIDENCE|APPLY_NEW_TASK|CHECK_REVISE_NEXT_STEP|ESSENTIAL_QUESTION|EVIDENCE_QUALITY|LIMITATION|PROVENANCE,4,False,False,True,False,BOUND_REFERENCE_EVIDENCE_TASK,0,False,False,True,5,True,True,True,1,0,8,none,True,True,False,2659,696,245,ac8ba80d2392d23ec2a863a0d0c333e4f23ae5ec66bec168655d7cc34a14860d,,"Correct the candidate claim, explain the exact evidence that makes the correction necessary, and create one fresh example.",0
ma-hs10-chemistry-u08-l09,ma-hs10-chemistry,10,high,hs912-science-h4,h4-high-school,8,9,Performance task build,assessment/project,INVESTIGATION_DATA_SHEET,stress and system response,8,PERFORMANCE_EVIDENCE|EXPLAIN_WITH_EVIDENCE|APPLY_NEW_TASK|CHECK_REVISE_NEXT_STEP|ESSENTIAL_QUESTION|EVIDENCE_QUALITY|LIMITATION|PROVENANCE,4,False,False,True,True,H4_PHYSICAL_INVESTIGATION,6,False,False,True,5,True,True,True,4,5,11,direct-adult,True,True,False,3635,973,311,3f222417b4f6d702eab6efb0701cc3703cb9481dc6eec1f81c6d1dc98f823d72,eb07341ac12e5cc1d742abe23cc627ee25c1964295a0146ce3bcced7a8f265cc,Use the supplied record to build a claim-evidence-reasoning product that another reader can check line by line.,0
ma-hs10-chemistry-u08-l10,ma-hs10-chemistry,10,high,hs912-science-h4,h4-high-school,8,10,Synthesis and review,review,STUDENT_WORK_SHEET,shifting equilibrium by changing conditions,7,EXPLAIN_WITH_EVIDENCE|APPLY_NEW_TASK|CHECK_REVISE_NEXT_STEP|ESSENTIAL_QUESTION|EVIDENCE_QUALITY|LIMITATION|PROVENANCE,4,False,False,True,False,BOUND_REFERENCE_EVIDENCE_TASK,0,False,False,True,5,True,True,True,1,0,8,none,True,True,False,2738,696,266,871368aeff3f5a7298f8a8306caba1f16756c94f05ebfd81e765be2d5994d2ed,,"Connect at least three evidence items, state the boundary of the conclusion, and answer the unit question.",0
ma-hs10-chemistry-u08-l11,ma-hs10-chemistry,10,high,hs912-science-h4,h4-high-school,8,11,Unit assessment,assessment/project,STUDENT_WORK_SHEET,yield and industrial trade-offs,8,MASTERY_FRESH_TASK|EXPLAIN_WITH_EVIDENCE|APPLY_NEW_TASK|CHECK_REVISE_NEXT_STEP|ESSENTIAL_QUESTION|EVIDENCE_QUALITY|LIMITATION|PROVENANCE,3,False,False,True,False,BOUND_REFERENCE_EVIDENCE_TASK,0,False,False,True,5,True,True,True,1,0,8,none,True,True,False,2707,696,299,37711dc167bef474a1ae9dca508de7f480f3ec9df503ad5aa5e7196e6b0afdc3,,"Without copying the brief, evaluate the candidate claim, interpret the evidence table, and apply the idea to a new example you create.",0
ma-hs10-chemistry-u08-l12,ma-hs10-chemistry,10,high,hs912-science-h4,h4-high-school,8,12,Correction and reflection,remediation,STUDENT_WORK_SHEET,refining a chemical system design,7,EXPLAIN_WITH_EVIDENCE|APPLY_NEW_TASK|CHECK_REVISE_NEXT_STEP|ESSENTIAL_QUESTION|EVIDENCE_QUALITY|LIMITATION|PROVENANCE,3,False,False,True,False,BOUND_REFERENCE_EVIDENCE_TASK,0,False,True,True,5,True,True,True,1,0,8,none,True,True,False,2687,696,266,47b31ff409e283b0dc279c0d4b0f7175da6a2f637ae0a867ed5e1263ad0a822f,,"Locate one weakness in an earlier response, revise it with a named evidence code, and state what the revision fixes.",0
ma-hs10-chemistry-u09-l01,ma-hs10-chemistry,10,high,hs912-science-h4,h4-high-school,9,1,Launch and diagnostic,concept,STUDENT_WORK_SHEET,nuclear composition and isotopes,8,PHENOMENON_QUESTION|EXPLAIN_WITH_EVIDENCE|APPLY_NEW_TASK|CHECK_REVISE_NEXT_STEP|ESSENTIAL_QUESTION|EVIDENCE_QUALITY|LIMITATION|PROVENANCE,4,False,False,True,False,BOUND_REFERENCE_EVIDENCE_TASK,0,False,False,True,5,True,True,True,1,0,8,none,True,True,False,2809,696,299,d25657aaf1aa35cde4c0da84eab78df2567aa5c2431d47deb68efac7889d6dd1,,"Write an initial explanation, then mark which evidence item would most strongly change it.",0
ma-hs10-chemistry-u09-l02,ma-hs10-chemistry,10,high,hs912-science-h4,h4-high-school,9,2,Concept model A,concept,STUDENT_WORK_SHEET,radioactive decay and half-life,7,EXPLAIN_WITH_EVIDENCE|APPLY_NEW_TASK|CHECK_REVISE_NEXT_STEP|ESSENTIAL_QUESTION|EVIDENCE_QUALITY|LIMITATION|PROVENANCE,4,False,False,True,False,BOUND_REFERENCE_EVIDENCE_TASK,0,False,False,True,5,True,True,True,1,0,8,none,True,True,False,2770,696,259,3d1d78b3a9f0aa0c0d87372e17de0616a47f2195da903b4146e5294e89445b00,,Build a labelled model that includes every accepted relationship in the science brief and test it against the case claim.,0
ma-hs10-chemistry-u09-l03,ma-hs10-chemistry,10,high,hs912-science-h4,h4-high-school,9,3,Guided practice A,concept,STUDENT_WORK_SHEET,fission,7,EXPLAIN_WITH_EVIDENCE|APPLY_NEW_TASK|CHECK_REVISE_NEXT_STEP|ESSENTIAL_QUESTION|EVIDENCE_QUALITY|LIMITATION|PROVENANCE,4,False,False,True,False,BOUND_REFERENCE_EVIDENCE_TASK,0,False,False,True,5,True,True,True,1,0,8,none,True,True,False,2664,696,238,8a951f23898a17f6f2596f8b2878c4df70fea1c4a3153852c7d8df86ae4a2eec,,Use E1 with E2 first; then add E3 and revise any conclusion that no longer fits.,0
ma-hs10-chemistry-u09-l04,ma-hs10-chemistry,10,high,hs912-science-h4,h4-high-school,9,4,Independent application A,mastery,STUDENT_WORK_SHEET,fusion,7,EXPLAIN_WITH_EVIDENCE|APPLY_NEW_TASK|CHECK_REVISE_NEXT_STEP|ESSENTIAL_QUESTION|EVIDENCE_QUALITY|LIMITATION|PROVENANCE,4,False,False,True,False,BOUND_REFERENCE_EVIDENCE_TASK,0,False,False,True,5,True,True,True,1,0,8,none,True,True,False,2645,696,238,caf07094cef98721aeeebcce9a8397df64e8c39b038dbf2f5d88bfb862dcbb21,,Evaluate the case claim independently using at least two evidence codes and one stated limitation.,0
ma-hs10-chemistry-u09-l05,ma-hs10-chemistry,10,high,hs912-science-h4,h4-high-school,9,5,Concept model B,concept,STUDENT_WORK_SHEET,mass-energy and nuclear energy scale,7,EXPLAIN_WITH_EVIDENCE|APPLY_NEW_TASK|CHECK_REVISE_NEXT_STEP|ESSENTIAL_QUESTION|EVIDENCE_QUALITY|LIMITATION|PROVENANCE,4,False,False,True,False,BOUND_REFERENCE_EVIDENCE_TASK,0,False,False,True,5,True,True,True,1,0,8,none,True,True,False,2802,696,266,cdf999dba7a04ffc09b7625a47d60a3ffca18896b4b30ab47050d15d60f84430,,Build a second representation of the same evidence and identify one feature the first model hid.,0
ma-hs10-chemistry-u09-l06,ma-hs10-chemistry,10,high,hs912-science-h4,h4-high-school,9,6,Guided practice B,concept,STUDENT_WORK_SHEET,"criteria, constraints, and trade-offs in chemical engineering",7,EXPLAIN_WITH_EVIDENCE|APPLY_NEW_TASK|CHECK_REVISE_NEXT_STEP|ESSENTIAL_QUESTION|EVIDENCE_QUALITY|LIMITATION|PROVENANCE,3,False,False,True,False,BOUND_REFERENCE_EVIDENCE_TASK,0,False,True,True,5,True,True,True,1,0,8,none,True,True,False,2761,696,280,dbd58ed41a5d5ae3f44646dbf2501ff25f7a65348f25791f49dfea8ed6212aaa,,"Sort all evidence as supports, challenges, or does not decide, and justify every placement.",0
ma-hs10-chemistry-u09-l07,ma-hs10-chemistry,10,high,hs912-science-h4,h4-high-school,9,7,Investigation,lab/activity,INVESTIGATION_DATA_SHEET,nuclear composition and isotopes,8,INVESTIGATE|EXPLAIN_WITH_EVIDENCE|APPLY_NEW_TASK|CHECK_REVISE_NEXT_STEP|ESSENTIAL_QUESTION|EVIDENCE_QUALITY|LIMITATION|PROVENANCE,4,False,False,True,True,H4_PHYSICAL_INVESTIGATION,7,True,False,True,5,True,True,True,3,5,11,none,True,True,False,3581,915,309,d25657aaf1aa35cde4c0da84eab78df2567aa5c2431d47deb68efac7889d6dd1,dffe01a3d9332bb42b770be842fd0fc42a7298417784ea96b1d75af314549e33,"Choose the H4 physical route or the supplied model-data route, complete that route, and answer from the evidence you actually collected or calculated.",0
ma-hs10-chemistry-u09-l08,ma-hs10-chemistry,10,high,hs912-science-h4,h4-high-school,9,8,Reteach and varied practice,remediation,STUDENT_WORK_SHEET,radioactive decay and half-life,7,EXPLAIN_WITH_EVIDENCE|APPLY_NEW_TASK|CHECK_REVISE_NEXT_STEP|ESSENTIAL_QUESTION|EVIDENCE_QUALITY|LIMITATION|PROVENANCE,4,False,False,True,False,BOUND_REFERENCE_EVIDENCE_TASK,0,False,False,True,5,True,True,True,1,0,8,none,True,True,False,2769,696,259,3d1d78b3a9f0aa0c0d87372e17de0616a47f2195da903b4146e5294e89445b00,,"Correct the candidate claim, explain the exact evidence that makes the correction necessary, and create one fresh example.",0
ma-hs10-chemistry-u09-l09,ma-hs10-chemistry,10,high,hs912-science-h4,h4-high-school,9,9,Performance task build,assessment/project,INVESTIGATION_DATA_SHEET,fission,8,PERFORMANCE_EVIDENCE|EXPLAIN_WITH_EVIDENCE|APPLY_NEW_TASK|CHECK_REVISE_NEXT_STEP|ESSENTIAL_QUESTION|EVIDENCE_QUALITY|LIMITATION|PROVENANCE,4,False,False,True,True,H4_PHYSICAL_INVESTIGATION,7,True,False,True,5,True,True,True,3,5,11,none,True,True,False,3454,915,293,8a951f23898a17f6f2596f8b2878c4df70fea1c4a3153852c7d8df86ae4a2eec,dffe01a3d9332bb42b770be842fd0fc42a7298417784ea96b1d75af314549e33,Use the supplied record to build a claim-evidence-reasoning product that another reader can check line by line.,0
ma-hs10-chemistry-u09-l10,ma-hs10-chemistry,10,high,hs912-science-h4,h4-high-school,9,10,Synthesis and review,review,STUDENT_WORK_SHEET,fusion,7,EXPLAIN_WITH_EVIDENCE|APPLY_NEW_TASK|CHECK_REVISE_NEXT_STEP|ESSENTIAL_QUESTION|EVIDENCE_QUALITY|LIMITATION|PROVENANCE,4,False,False,True,False,BOUND_REFERENCE_EVIDENCE_TASK,0,False,False,True,5,True,True,True,1,0,8,none,True,True,False,2647,696,238,caf07094cef98721aeeebcce9a8397df64e8c39b038dbf2f5d88bfb862dcbb21,,"Connect at least three evidence items, state the boundary of the conclusion, and answer the unit question.",0
ma-hs10-chemistry-u09-l11,ma-hs10-chemistry,10,high,hs912-science-h4,h4-high-school,9,11,Unit assessment,assessment/project,STUDENT_WORK_SHEET,mass-energy and nuclear energy scale,8,MASTERY_FRESH_TASK|EXPLAIN_WITH_EVIDENCE|APPLY_NEW_TASK|CHECK_REVISE_NEXT_STEP|ESSENTIAL_QUESTION|EVIDENCE_QUALITY|LIMITATION|PROVENANCE,4,False,False,True,False,BOUND_REFERENCE_EVIDENCE_TASK,0,False,False,True,5,True,True,True,1,0,8,none,True,True,False,2862,696,307,cdf999dba7a04ffc09b7625a47d60a3ffca18896b4b30ab47050d15d60f84430,,"Without copying the brief, evaluate the candidate claim, interpret the evidence table, and apply the idea to a new example you create.",0
ma-hs10-chemistry-u09-l12,ma-hs10-chemistry,10,high,hs912-science-h4,h4-high-school,9,12,Correction and reflection,remediation,STUDENT_WORK_SHEET,"criteria, constraints, and trade-offs in chemical engineering",7,EXPLAIN_WITH_EVIDENCE|APPLY_NEW_TASK|CHECK_REVISE_NEXT_STEP|ESSENTIAL_QUESTION|EVIDENCE_QUALITY|LIMITATION|PROVENANCE,3,False,False,True,False,BOUND_REFERENCE_EVIDENCE_TASK,0,False,True,True,5,True,True,True,1,0,8,none,True,True,False,2767,696,280,dbd58ed41a5d5ae3f44646dbf2501ff25f7a65348f25791f49dfea8ed6212aaa,,"Locate one weakness in an earlier response, revise it with a named evidence code, and state what the revision fixes.",0
ma-hs11-physics-u01-l01,ma-hs11-physics,11,high,hs912-science-h4,h4-high-school,1,1,Launch and diagnostic,concept,STUDENT_WORK_SHEET,"position, displacement, and reference frames",8,PHENOMENON_QUESTION|EXPLAIN_WITH_EVIDENCE|APPLY_NEW_TASK|CHECK_REVISE_NEXT_STEP|ESSENTIAL_QUESTION|EVIDENCE_QUALITY|LIMITATION|PROVENANCE,4,False,False,True,False,BOUND_REFERENCE_EVIDENCE_TASK,0,False,False,False,5,True,True,True,1,0,8,none,True,True,False,2778,696,307,5ba0585eddbe8c21a2283f87d7a563ad96f1ebcda4f15b2a9cbac068b325bf70,,"Write an initial explanation, then mark which evidence item would most strongly change it.",0
ma-hs11-physics-u01-l02,ma-hs11-physics,11,high,hs912-science-h4,h4-high-school,1,2,Concept model A,concept,STUDENT_WORK_SHEET,velocity and acceleration,7,EXPLAIN_WITH_EVIDENCE|APPLY_NEW_TASK|CHECK_REVISE_NEXT_STEP|ESSENTIAL_QUESTION|EVIDENCE_QUALITY|LIMITATION|PROVENANCE,4,False,False,True,False,BOUND_REFERENCE_EVIDENCE_TASK,0,False,False,False,5,True,True,True,1,0,8,none,True,True,False,2638,696,252,79a887a90306ae63183000458a19404e0a0b726b2867b4030f5b18ccbe38ff6e,,Build a labelled model that includes every accepted relationship in the science brief and test it against the case claim.,0
ma-hs11-physics-u01-l03,ma-hs11-physics,11,high,hs912-science-h4,h4-high-school,1,3,Guided practice A,concept,STUDENT_WORK_SHEET,motion graphs and their slopes,7,EXPLAIN_WITH_EVIDENCE|APPLY_NEW_TASK|CHECK_REVISE_NEXT_STEP|ESSENTIAL_QUESTION|EVIDENCE_QUALITY|LIMITATION|PROVENANCE,4,False,False,True,False,BOUND_REFERENCE_EVIDENCE_TASK,0,True,False,False,5,True,True,True,1,0,8,none,True,True,False,2709,696,266,3ec68daefb9b9bf48ba6386a3fb4247adcf7065170ddf68b7a29267ed4b42987,,Use E1 with E2 first; then add E3 and revise any conclusion that no longer fits.,0
ma-hs11-physics-u01-l04,ma-hs11-physics,11,high,hs912-science-h4,h4-high-school,1,4,Independent application A,mastery,STUDENT_WORK_SHEET,uniform acceleration relationships,7,EXPLAIN_WITH_EVIDENCE|APPLY_NEW_TASK|CHECK_REVISE_NEXT_STEP|ESSENTIAL_QUESTION|EVIDENCE_QUALITY|LIMITATION|PROVENANCE,4,False,False,True,False,BOUND_REFERENCE_EVIDENCE_TASK,0,False,False,False,5,True,True,True,1,0,8,none,True,True,False,2654,696,252,391a72e7f9e2498ae1ed33ecdffd4db6ebc8f2564b88e317636637a8d5ab6e0a,,Evaluate the case claim independently using at least two evidence codes and one stated limitation.,0
ma-hs11-physics-u01-l05,ma-hs11-physics,11,high,hs912-science-h4,h4-high-school,1,5,Concept model B,concept,STUDENT_WORK_SHEET,measurement uncertainty in motion,7,EXPLAIN_WITH_EVIDENCE|APPLY_NEW_TASK|CHECK_REVISE_NEXT_STEP|ESSENTIAL_QUESTION|EVIDENCE_QUALITY|LIMITATION|PROVENANCE,3,False,False,True,False,BOUND_REFERENCE_EVIDENCE_TASK,0,False,False,False,5,True,True,True,1,0,8,none,True,True,False,2630,696,259,cf2f889a91fa802858a55538e96fba936ebf022a9f59201394685f9791f9c0c0,,Build a second representation of the same evidence and identify one feature the first model hid.,0
ma-hs11-physics-u01-l06,ma-hs11-physics,11,high,hs912-science-h4,h4-high-school,1,6,Guided practice B,concept,STUDENT_WORK_SHEET,vectors and components,7,EXPLAIN_WITH_EVIDENCE|APPLY_NEW_TASK|CHECK_REVISE_NEXT_STEP|ESSENTIAL_QUESTION|EVIDENCE_QUALITY|LIMITATION|PROVENANCE,4,False,False,True,False,BOUND_REFERENCE_EVIDENCE_TASK,0,False,False,False,5,True,True,True,1,0,8,none,True,True,False,2667,696,252,e5b5e5a97be395b0d6929c8d3872a00cc50b7e1bf54c4b49a1a8f814e0402740,,"Sort all evidence as supports, challenges, or does not decide, and justify every placement.",0
ma-hs11-physics-u01-l07,ma-hs11-physics,11,high,hs912-science-h4,h4-high-school,1,7,Investigation,lab/activity,INVESTIGATION_DATA_SHEET,"position, displacement, and reference frames",8,INVESTIGATE|EXPLAIN_WITH_EVIDENCE|APPLY_NEW_TASK|CHECK_REVISE_NEXT_STEP|ESSENTIAL_QUESTION|EVIDENCE_QUALITY|LIMITATION|PROVENANCE,4,False,False,True,True,H4_PHYSICAL_INVESTIGATION,6,False,False,False,5,True,True,True,1,4,10,nearby-adult,True,True,False,3457,803,317,5ba0585eddbe8c21a2283f87d7a563ad96f1ebcda4f15b2a9cbac068b325bf70,37237b3de3c7defea801070e2d83a387a63fa74ad2844ecf28a4afd239d41ea5,"Choose the H4 physical route or the supplied model-data route, complete that route, and answer from the evidence you actually collected or calculated.",0
ma-hs11-physics-u01-l08,ma-hs11-physics,11,high,hs912-science-h4,h4-high-school,1,8,Reteach and varied practice,remediation,STUDENT_WORK_SHEET,velocity and acceleration,7,EXPLAIN_WITH_EVIDENCE|APPLY_NEW_TASK|CHECK_REVISE_NEXT_STEP|ESSENTIAL_QUESTION|EVIDENCE_QUALITY|LIMITATION|PROVENANCE,4,False,False,True,False,BOUND_REFERENCE_EVIDENCE_TASK,0,False,False,False,5,True,True,True,1,0,8,none,True,True,False,2637,696,252,79a887a90306ae63183000458a19404e0a0b726b2867b4030f5b18ccbe38ff6e,,"Correct the candidate claim, explain the exact evidence that makes the correction necessary, and create one fresh example.",0
ma-hs11-physics-u01-l09,ma-hs11-physics,11,high,hs912-science-h4,h4-high-school,1,9,Performance task build,assessment/project,INVESTIGATION_DATA_SHEET,motion graphs and their slopes,8,PERFORMANCE_EVIDENCE|EXPLAIN_WITH_EVIDENCE|APPLY_NEW_TASK|CHECK_REVISE_NEXT_STEP|ESSENTIAL_QUESTION|EVIDENCE_QUALITY|LIMITATION|PROVENANCE,4,False,False,True,True,H4_PHYSICAL_INVESTIGATION,6,True,False,False,5,True,True,True,1,4,10,nearby-adult,True,True,False,3403,803,314,3ec68daefb9b9bf48ba6386a3fb4247adcf7065170ddf68b7a29267ed4b42987,37237b3de3c7defea801070e2d83a387a63fa74ad2844ecf28a4afd239d41ea5,Use the supplied record to build a claim-evidence-reasoning product that another reader can check line by line.,0
ma-hs11-physics-u01-l10,ma-hs11-physics,11,high,hs912-science-h4,h4-high-school,1,10,Synthesis and review,review,STUDENT_WORK_SHEET,uniform acceleration relationships,7,EXPLAIN_WITH_EVIDENCE|APPLY_NEW_TASK|CHECK_REVISE_NEXT_STEP|ESSENTIAL_QUESTION|EVIDENCE_QUALITY|LIMITATION|PROVENANCE,4,False,False,True,False,BOUND_REFERENCE_EVIDENCE_TASK,0,False,False,False,5,True,True,True,1,0,8,none,True,True,False,2656,696,252,391a72e7f9e2498ae1ed33ecdffd4db6ebc8f2564b88e317636637a8d5ab6e0a,,"Connect at least three evidence items, state the boundary of the conclusion, and answer the unit question.",0
ma-hs11-physics-u01-l11,ma-hs11-physics,11,high,hs912-science-h4,h4-high-school,1,11,Unit assessment,assessment/project,STUDENT_WORK_SHEET,measurement uncertainty in motion,8,MASTERY_FRESH_TASK|EXPLAIN_WITH_EVIDENCE|APPLY_NEW_TASK|CHECK_REVISE_NEXT_STEP|ESSENTIAL_QUESTION|EVIDENCE_QUALITY|LIMITATION|PROVENANCE,3,False,False,True,False,BOUND_REFERENCE_EVIDENCE_TASK,0,False,False,False,5,True,True,True,1,0,8,none,True,True,False,2688,696,299,cf2f889a91fa802858a55538e96fba936ebf022a9f59201394685f9791f9c0c0,,"Without copying the brief, evaluate the candidate claim, interpret the evidence table, and apply the idea to a new example you create.",0
ma-hs11-physics-u01-l12,ma-hs11-physics,11,high,hs912-science-h4,h4-high-school,1,12,Correction and reflection,remediation,STUDENT_WORK_SHEET,vectors and components,7,EXPLAIN_WITH_EVIDENCE|APPLY_NEW_TASK|CHECK_REVISE_NEXT_STEP|ESSENTIAL_QUESTION|EVIDENCE_QUALITY|LIMITATION|PROVENANCE,4,False,False,True,False,BOUND_REFERENCE_EVIDENCE_TASK,0,False,False,False,5,True,True,True,1,0,8,none,True,True,False,2673,696,252,e5b5e5a97be395b0d6929c8d3872a00cc50b7e1bf54c4b49a1a8f814e0402740,,"Locate one weakness in an earlier response, revise it with a named evidence code, and state what the revision fixes.",0
ma-hs11-physics-u02-l01,ma-hs11-physics,11,high,hs912-science-h4,h4-high-school,2,1,Launch and diagnostic,concept,STUDENT_WORK_SHEET,free-body diagrams,8,PHENOMENON_QUESTION|EXPLAIN_WITH_EVIDENCE|APPLY_NEW_TASK|CHECK_REVISE_NEXT_STEP|ESSENTIAL_QUESTION|EVIDENCE_QUALITY|LIMITATION|PROVENANCE,4,False,False,True,False,BOUND_REFERENCE_EVIDENCE_TASK,0,False,False,False,5,True,True,True,1,0,8,none,True,True,False,2723,696,283,f59a4e6598a121c39218590472093477d33ca36fb87e3f60423dc55584a317bf,,"Write an initial explanation, then mark which evidence item would most strongly change it.",0
ma-hs11-physics-u02-l02,ma-hs11-physics,11,high,hs912-science-h4,h4-high-school,2,2,Concept model A,concept,STUDENT_WORK_SHEET,net force,7,EXPLAIN_WITH_EVIDENCE|APPLY_NEW_TASK|CHECK_REVISE_NEXT_STEP|ESSENTIAL_QUESTION|EVIDENCE_QUALITY|LIMITATION|PROVENANCE,4,False,False,True,False,BOUND_REFERENCE_EVIDENCE_TASK,0,False,False,False,5,True,True,True,1,0,8,none,True,True,False,2643,696,245,1010478d746af837ee90a1662a499df925ada5024437b76e414a54bd9364e80c,,Build a labelled model that includes every accepted relationship in the science brief and test it against the case claim.,0
ma-hs11-physics-u02-l03,ma-hs11-physics,11,high,hs912-science-h4,h4-high-school,2,3,Guided practice A,concept,STUDENT_WORK_SHEET,Newton's second law as a mathematical relationship,7,EXPLAIN_WITH_EVIDENCE|APPLY_NEW_TASK|CHECK_REVISE_NEXT_STEP|ESSENTIAL_QUESTION|EVIDENCE_QUALITY|LIMITATION|PROVENANCE,4,False,False,True,False,BOUND_REFERENCE_EVIDENCE_TASK,0,False,False,False,5,True,True,True,1,0,8,none,True,True,False,2749,696,280,3c83602ea8d9bcc0fbe63671b7c4d3bea0e1a46a6941ffe5271d235d2c1da94e,,Use E1 with E2 first; then add E3 and revise any conclusion that no longer fits.,0
ma-hs11-physics-u02-l04,ma-hs11-physics,11,high,hs912-science-h4,h4-high-school,2,4,Independent application A,mastery,STUDENT_WORK_SHEET,mass versus weight,7,EXPLAIN_WITH_EVIDENCE|APPLY_NEW_TASK|CHECK_REVISE_NEXT_STEP|ESSENTIAL_QUESTION|EVIDENCE_QUALITY|LIMITATION|PROVENANCE,4,False,False,True,False,BOUND_REFERENCE_EVIDENCE_TASK,0,False,False,False,5,True,True,True,1,0,8,none,True,True,False,2683,696,252,d2232eecb5fe2312e9e6eacd45d8f863fa261a77c5a0175f8170e108a4ad75f2,,Evaluate the case claim independently using at least two evidence codes and one stated limitation.,0
ma-hs11-physics-u02-l05,ma-hs11-physics,11,high,hs912-science-h4,h4-high-school,2,5,Concept model B,concept,STUDENT_WORK_SHEET,friction and normal forces,7,EXPLAIN_WITH_EVIDENCE|APPLY_NEW_TASK|CHECK_REVISE_NEXT_STEP|ESSENTIAL_QUESTION|EVIDENCE_QUALITY|LIMITATION|PROVENANCE,4,False,False,True,False,BOUND_REFERENCE_EVIDENCE_TASK,0,False,False,False,5,True,True,True,1,0,8,none,True,True,False,2701,696,259,aae1076aea22f6e0bf234f9b549349ce6ab9b6c86a9227816751f1142bf91dd5,,Build a second representation of the same evidence and identify one feature the first model hid.,0
ma-hs11-physics-u02-l06,ma-hs11-physics,11,high,hs912-science-h4,h4-high-school,2,6,Guided practice B,concept,STUDENT_WORK_SHEET,analysing force data,7,EXPLAIN_WITH_EVIDENCE|APPLY_NEW_TASK|CHECK_REVISE_NEXT_STEP|ESSENTIAL_QUESTION|EVIDENCE_QUALITY|LIMITATION|PROVENANCE,3,False,False,True,False,BOUND_REFERENCE_EVIDENCE_TASK,0,False,False,False,5,True,True,True,1,0,8,none,True,True,False,2629,696,252,59df666335c15fc606b677c1ada47287578770f9a135fe9108276c3a407c652d,,"Sort all evidence as supports, challenges, or does not decide, and justify every placement.",0
ma-hs11-physics-u02-l07,ma-hs11-physics,11,high,hs912-science-h4,h4-high-school,2,7,Investigation,lab/activity,INVESTIGATION_DATA_SHEET,free-body diagrams,8,INVESTIGATE|EXPLAIN_WITH_EVIDENCE|APPLY_NEW_TASK|CHECK_REVISE_NEXT_STEP|ESSENTIAL_QUESTION|EVIDENCE_QUALITY|LIMITATION|PROVENANCE,4,False,False,True,True,H4_PHYSICAL_INVESTIGATION,6,True,False,False,5,True,True,True,2,5,10,nearby-adult,True,True,False,3452,852,293,f59a4e6598a121c39218590472093477d33ca36fb87e3f60423dc55584a317bf,0d1554e7363a948f15f28a4de10340a3011670d1eb454074ad89e3c9b851ee57,"Choose the H4 physical route or the supplied model-data route, complete that route, and answer from the evidence you actually collected or calculated.",0
ma-hs11-physics-u02-l08,ma-hs11-physics,11,high,hs912-science-h4,h4-high-school,2,8,Reteach and varied practice,remediation,STUDENT_WORK_SHEET,net force,7,EXPLAIN_WITH_EVIDENCE|APPLY_NEW_TASK|CHECK_REVISE_NEXT_STEP|ESSENTIAL_QUESTION|EVIDENCE_QUALITY|LIMITATION|PROVENANCE,4,False,False,True,False,BOUND_REFERENCE_EVIDENCE_TASK,0,False,False,False,5,True,True,True,1,0,8,none,True,True,False,2642,696,245,1010478d746af837ee90a1662a499df925ada5024437b76e414a54bd9364e80c,,"Correct the candidate claim, explain the exact evidence that makes the correction necessary, and create one fresh example.",0
ma-hs11-physics-u02-l09,ma-hs11-physics,11,high,hs912-science-h4,h4-high-school,2,9,Performance task build,assessment/project,INVESTIGATION_DATA_SHEET,Newton's second law as a mathematical relationship,8,PERFORMANCE_EVIDENCE|EXPLAIN_WITH_EVIDENCE|APPLY_NEW_TASK|CHECK_REVISE_NEXT_STEP|ESSENTIAL_QUESTION|EVIDENCE_QUALITY|LIMITATION|PROVENANCE,4,False,False,True,True,H4_PHYSICAL_INVESTIGATION,6,True,False,False,5,True,True,True,2,5,10,nearby-adult,True,True,False,3500,852,333,3c83602ea8d9bcc0fbe63671b7c4d3bea0e1a46a6941ffe5271d235d2c1da94e,0d1554e7363a948f15f28a4de10340a3011670d1eb454074ad89e3c9b851ee57,Use the supplied record to build a claim-evidence-reasoning product that another reader can check line by line.,0
ma-hs11-physics-u02-l10,ma-hs11-physics,11,high,hs912-science-h4,h4-high-school,2,10,Synthesis and review,review,STUDENT_WORK_SHEET,mass versus weight,7,EXPLAIN_WITH_EVIDENCE|APPLY_NEW_TASK|CHECK_REVISE_NEXT_STEP|ESSENTIAL_QUESTION|EVIDENCE_QUALITY|LIMITATION|PROVENANCE,4,False,False,True,False,BOUND_REFERENCE_EVIDENCE_TASK,0,False,False,False,5,True,True,True,1,0,8,none,True,True,False,2685,696,252,d2232eecb5fe2312e9e6eacd45d8f863fa261a77c5a0175f8170e108a4ad75f2,,"Connect at least three evidence items, state the boundary of the conclusion, and answer the unit question.",0
ma-hs11-physics-u02-l11,ma-hs11-physics,11,high,hs912-science-h4,h4-high-school,2,11,Unit assessment,assessment/project,STUDENT_WORK_SHEET,friction and normal forces,8,MASTERY_FRESH_TASK|EXPLAIN_WITH_EVIDENCE|APPLY_NEW_TASK|CHECK_REVISE_NEXT_STEP|ESSENTIAL_QUESTION|EVIDENCE_QUALITY|LIMITATION|PROVENANCE,4,False,False,True,False,BOUND_REFERENCE_EVIDENCE_TASK,0,False,False,False,5,True,True,True,1,0,8,none,True,True,False,2759,696,299,aae1076aea22f6e0bf234f9b549349ce6ab9b6c86a9227816751f1142bf91dd5,,"Without copying the brief, evaluate the candidate claim, interpret the evidence table, and apply the idea to a new example you create.",0
ma-hs11-physics-u02-l12,ma-hs11-physics,11,high,hs912-science-h4,h4-high-school,2,12,Correction and reflection,remediation,STUDENT_WORK_SHEET,analysing force data,7,EXPLAIN_WITH_EVIDENCE|APPLY_NEW_TASK|CHECK_REVISE_NEXT_STEP|ESSENTIAL_QUESTION|EVIDENCE_QUALITY|LIMITATION|PROVENANCE,3,False,False,True,False,BOUND_REFERENCE_EVIDENCE_TASK,0,False,False,False,5,True,True,True,1,0,8,none,True,True,False,2635,696,252,59df666335c15fc606b677c1ada47287578770f9a135fe9108276c3a407c652d,,"Locate one weakness in an earlier response, revise it with a named evidence code, and state what the revision fixes.",0
ma-hs11-physics-u03-l01,ma-hs11-physics,11,high,hs912-science-h4,h4-high-school,3,1,Launch and diagnostic,concept,STUDENT_WORK_SHEET,momentum as mass times velocity,8,PHENOMENON_QUESTION|EXPLAIN_WITH_EVIDENCE|APPLY_NEW_TASK|CHECK_REVISE_NEXT_STEP|ESSENTIAL_QUESTION|EVIDENCE_QUALITY|LIMITATION|PROVENANCE,4,False,False,True,False,BOUND_REFERENCE_EVIDENCE_TASK,0,False,False,True,5,True,True,True,1,0,8,none,True,True,False,2758,696,307,77c8baf720c1165041ce754d2493a52a4bf93c2f0dd0fcd8b1d3bb2e72df1cb9,,"Write an initial explanation, then mark which evidence item would most strongly change it.",0
ma-hs11-physics-u03-l02,ma-hs11-physics,11,high,hs912-science-h4,h4-high-school,3,2,Concept model A,concept,STUDENT_WORK_SHEET,conservation of momentum,7,EXPLAIN_WITH_EVIDENCE|APPLY_NEW_TASK|CHECK_REVISE_NEXT_STEP|ESSENTIAL_QUESTION|EVIDENCE_QUALITY|LIMITATION|PROVENANCE,4,False,False,True,False,BOUND_REFERENCE_EVIDENCE_TASK,0,False,False,True,5,True,True,True,1,0,8,none,True,True,False,2677,696,252,0841f9238fc913fc4ab28d33deefb31826de76f4fbdf25ac69985b4e565d02e9,,Build a labelled model that includes every accepted relationship in the science brief and test it against the case claim.,0
ma-hs11-physics-u03-l03,ma-hs11-physics,11,high,hs912-science-h4,h4-high-school,3,3,Guided practice A,concept,STUDENT_WORK_SHEET,impulse and contact time,7,EXPLAIN_WITH_EVIDENCE|APPLY_NEW_TASK|CHECK_REVISE_NEXT_STEP|ESSENTIAL_QUESTION|EVIDENCE_QUALITY|LIMITATION|PROVENANCE,4,False,False,True,False,BOUND_REFERENCE_EVIDENCE_TASK,0,False,False,True,5,True,True,True,1,0,8,none,True,True,False,2671,696,259,27a3fea4388cf3ad3bbb75ce8a671f6b1e6288c8a54d3aa584a5a69434857f97,,Use E1 with E2 first; then add E3 and revise any conclusion that no longer fits.,0
ma-hs11-physics-u03-l04,ma-hs11-physics,11,high,hs912-science-h4,h4-high-school,3,4,Independent application A,mastery,STUDENT_WORK_SHEET,elastic and inelastic collisions,7,EXPLAIN_WITH_EVIDENCE|APPLY_NEW_TASK|CHECK_REVISE_NEXT_STEP|ESSENTIAL_QUESTION|EVIDENCE_QUALITY|LIMITATION|PROVENANCE,4,False,False,True,False,BOUND_REFERENCE_EVIDENCE_TASK,0,False,False,True,5,True,True,True,1,0,8,none,True,True,False,2692,696,259,fe26e04af62aa49d1f4acaf2dbacc27d53511377c0af7a67c8394013eb74237c,,Evaluate the case claim independently using at least two evidence codes and one stated limitation.,0
ma-hs11-physics-u03-l05,ma-hs11-physics,11,high,hs912-science-h4,h4-high-school,3,5,Concept model B,concept,STUDENT_WORK_SHEET,collision analysis from data,7,EXPLAIN_WITH_EVIDENCE|APPLY_NEW_TASK|CHECK_REVISE_NEXT_STEP|ESSENTIAL_QUESTION|EVIDENCE_QUALITY|LIMITATION|PROVENANCE,3,False,False,True,False,BOUND_REFERENCE_EVIDENCE_TASK,0,False,False,True,5,True,True,True,1,0,8,none,True,True,False,2661,696,259,20697e85ce405bb947b7b1cab58fab48195124ea7e24ddf0c7747f486c1a77bd,,Build a second representation of the same evidence and identify one feature the first model hid.,0
ma-hs11-physics-u03-l06,ma-hs11-physics,11,high,hs912-science-h4,h4-high-school,3,6,Guided practice B,concept,STUDENT_WORK_SHEET,engineering a protective device,7,EXPLAIN_WITH_EVIDENCE|APPLY_NEW_TASK|CHECK_REVISE_NEXT_STEP|ESSENTIAL_QUESTION|EVIDENCE_QUALITY|LIMITATION|PROVENANCE,3,False,False,True,False,BOUND_REFERENCE_EVIDENCE_TASK,0,False,True,True,5,True,True,True,1,0,8,none,True,True,False,2666,696,259,571ad1f01405c9281d7b3a2445c2d79a230030fcf536af92f18fbc1fba5abf46,,"Sort all evidence as supports, challenges, or does not decide, and justify every placement.",0
ma-hs11-physics-u03-l07,ma-hs11-physics,11,high,hs912-science-h4,h4-high-school,3,7,Investigation,lab/activity,INVESTIGATION_DATA_SHEET,momentum as mass times velocity,8,INVESTIGATE|EXPLAIN_WITH_EVIDENCE|APPLY_NEW_TASK|CHECK_REVISE_NEXT_STEP|ESSENTIAL_QUESTION|EVIDENCE_QUALITY|LIMITATION|PROVENANCE,4,False,False,True,True,H4_PHYSICAL_INVESTIGATION,4,False,False,True,5,True,True,True,2,5,10,nearby-adult,True,True,False,3585,886,317,77c8baf720c1165041ce754d2493a52a4bf93c2f0dd0fcd8b1d3bb2e72df1cb9,854f02a4542932621b6dbeb7e85d07a78844681e5d5a610f07542a52fb1f850a,"Choose the H4 physical route or the supplied model-data route, complete that route, and answer from the evidence you actually collected or calculated.",0
ma-hs11-physics-u03-l08,ma-hs11-physics,11,high,hs912-science-h4,h4-high-school,3,8,Reteach and varied practice,remediation,STUDENT_WORK_SHEET,conservation of momentum,7,EXPLAIN_WITH_EVIDENCE|APPLY_NEW_TASK|CHECK_REVISE_NEXT_STEP|ESSENTIAL_QUESTION|EVIDENCE_QUALITY|LIMITATION|PROVENANCE,4,False,False,True,False,BOUND_REFERENCE_EVIDENCE_TASK,0,False,False,True,5,True,True,True,1,0,8,none,True,True,False,2676,696,252,0841f9238fc913fc4ab28d33deefb31826de76f4fbdf25ac69985b4e565d02e9,,"Correct the candidate claim, explain the exact evidence that makes the correction necessary, and create one fresh example.",0
ma-hs11-physics-u03-l09,ma-hs11-physics,11,high,hs912-science-h4,h4-high-school,3,9,Performance task build,assessment/project,INVESTIGATION_DATA_SHEET,impulse and contact time,8,PERFORMANCE_EVIDENCE|EXPLAIN_WITH_EVIDENCE|APPLY_NEW_TASK|CHECK_REVISE_NEXT_STEP|ESSENTIAL_QUESTION|EVIDENCE_QUALITY|LIMITATION|PROVENANCE,4,False,False,True,True,H4_PHYSICAL_INVESTIGATION,4,False,False,True,5,True,True,True,2,5,10,nearby-adult,True,True,False,3520,886,315,27a3fea4388cf3ad3bbb75ce8a671f6b1e6288c8a54d3aa584a5a69434857f97,854f02a4542932621b6dbeb7e85d07a78844681e5d5a610f07542a52fb1f850a,Use the supplied record to build a claim-evidence-reasoning product that another reader can check line by line.,0
ma-hs11-physics-u03-l10,ma-hs11-physics,11,high,hs912-science-h4,h4-high-school,3,10,Synthesis and review,review,STUDENT_WORK_SHEET,elastic and inelastic collisions,7,EXPLAIN_WITH_EVIDENCE|APPLY_NEW_TASK|CHECK_REVISE_NEXT_STEP|ESSENTIAL_QUESTION|EVIDENCE_QUALITY|LIMITATION|PROVENANCE,4,False,False,True,False,BOUND_REFERENCE_EVIDENCE_TASK,0,False,False,True,5,True,True,True,1,0,8,none,True,True,False,2694,696,259,fe26e04af62aa49d1f4acaf2dbacc27d53511377c0af7a67c8394013eb74237c,,"Connect at least three evidence items, state the boundary of the conclusion, and answer the unit question.",0
ma-hs11-physics-u03-l11,ma-hs11-physics,11,high,hs912-science-h4,h4-high-school,3,11,Unit assessment,assessment/project,STUDENT_WORK_SHEET,collision analysis from data,8,MASTERY_FRESH_TASK|EXPLAIN_WITH_EVIDENCE|APPLY_NEW_TASK|CHECK_REVISE_NEXT_STEP|ESSENTIAL_QUESTION|EVIDENCE_QUALITY|LIMITATION|PROVENANCE,3,False,False,True,False,BOUND_REFERENCE_EVIDENCE_TASK,0,False,False,True,5,True,True,True,1,0,8,none,True,True,False,2719,696,299,20697e85ce405bb947b7b1cab58fab48195124ea7e24ddf0c7747f486c1a77bd,,"Without copying the brief, evaluate the candidate claim, interpret the evidence table, and apply the idea to a new example you create.",0
ma-hs11-physics-u03-l12,ma-hs11-physics,11,high,hs912-science-h4,h4-high-school,3,12,Correction and reflection,remediation,STUDENT_WORK_SHEET,engineering a protective device,7,EXPLAIN_WITH_EVIDENCE|APPLY_NEW_TASK|CHECK_REVISE_NEXT_STEP|ESSENTIAL_QUESTION|EVIDENCE_QUALITY|LIMITATION|PROVENANCE,3,False,False,True,False,BOUND_REFERENCE_EVIDENCE_TASK,0,False,True,True,5,True,True,True,1,0,8,none,True,True,False,2672,696,259,571ad1f01405c9281d7b3a2445c2d79a230030fcf536af92f18fbc1fba5abf46,,"Locate one weakness in an earlier response, revise it with a named evidence code, and state what the revision fixes.",0
ma-hs11-physics-u04-l01,ma-hs11-physics,11,high,hs912-science-h4,h4-high-school,4,1,Launch and diagnostic,concept,STUDENT_WORK_SHEET,Newton's law of gravitation,8,PHENOMENON_QUESTION|EXPLAIN_WITH_EVIDENCE|APPLY_NEW_TASK|CHECK_REVISE_NEXT_STEP|ESSENTIAL_QUESTION|EVIDENCE_QUALITY|LIMITATION|PROVENANCE,4,False,False,True,False,BOUND_REFERENCE_EVIDENCE_TASK,0,False,False,False,5,True,True,True,1,0,8,none,True,True,False,2717,696,299,ea643c01dcbd0280b2d25c3b64e11c6bb4c655f5722dad5afce8e9be1552cb20,,"Write an initial explanation, then mark which evidence item would most strongly change it.",0
ma-hs11-physics-u04-l02,ma-hs11-physics,11,high,hs912-science-h4,h4-high-school,4,2,Concept model A,concept,STUDENT_WORK_SHEET,Coulomb's law,7,EXPLAIN_WITH_EVIDENCE|APPLY_NEW_TASK|CHECK_REVISE_NEXT_STEP|ESSENTIAL_QUESTION|EVIDENCE_QUALITY|LIMITATION|PROVENANCE,4,False,False,True,False,BOUND_REFERENCE_EVIDENCE_TASK,0,False,False,False,5,True,True,True,1,0,8,none,True,True,False,2644,696,245,f57dffffbfd24d7a73c2c0e2e101a1eb0c03fabd7cb535bed8acdbdd1d80716a,,Build a labelled model that includes every accepted relationship in the science brief and test it against the case claim.,0
ma-hs11-physics-u04-l03,ma-hs11-physics,11,high,hs912-science-h4,h4-high-school,4,3,Guided practice A,concept,STUDENT_WORK_SHEET,inverse-square relationships,7,EXPLAIN_WITH_EVIDENCE|APPLY_NEW_TASK|CHECK_REVISE_NEXT_STEP|ESSENTIAL_QUESTION|EVIDENCE_QUALITY|LIMITATION|PROVENANCE,4,False,False,True,False,BOUND_REFERENCE_EVIDENCE_TASK,0,False,False,False,5,True,True,True,1,0,8,none,True,True,False,2617,696,245,dc5e5567e811f8c38a0c881c836ed7953038e8dd0a9cb7fc1805dbcbc258543e,,Use E1 with E2 first; then add E3 and revise any conclusion that no longer fits.,0
ma-hs11-physics-u04-l04,ma-hs11-physics,11,high,hs912-science-h4,h4-high-school,4,4,Independent application A,mastery,STUDENT_WORK_SHEET,comparing gravitational and electrostatic strength,7,EXPLAIN_WITH_EVIDENCE|APPLY_NEW_TASK|CHECK_REVISE_NEXT_STEP|ESSENTIAL_QUESTION|EVIDENCE_QUALITY|LIMITATION|PROVENANCE,4,False,False,True,False,BOUND_REFERENCE_EVIDENCE_TASK,0,False,False,False,5,True,True,True,1,0,8,none,True,True,False,2678,696,266,d33de3a2c1361c0058c1b0e8d84adab5c401b38408b84af44720fef5b87542f6,,Evaluate the case claim independently using at least two evidence codes and one stated limitation.,0
ma-hs11-physics-u04-l05,ma-hs11-physics,11,high,hs912-science-h4,h4-high-school,4,5,Concept model B,concept,STUDENT_WORK_SHEET,field lines as representations,7,EXPLAIN_WITH_EVIDENCE|APPLY_NEW_TASK|CHECK_REVISE_NEXT_STEP|ESSENTIAL_QUESTION|EVIDENCE_QUALITY|LIMITATION|PROVENANCE,4,False,False,True,False,BOUND_REFERENCE_EVIDENCE_TASK,0,False,False,False,5,True,True,True,1,0,8,none,True,True,False,2661,696,259,c298559ff4c6d521f4d52374a540b4a7f80732e3fe7c42ce2d954ea6487d413c,,Build a second representation of the same evidence and identify one feature the first model hid.,0
ma-hs11-physics-u04-l06,ma-hs11-physics,11,high,hs912-science-h4,h4-high-school,4,6,Guided practice B,concept,STUDENT_WORK_SHEET,predicting forces mathematically,7,EXPLAIN_WITH_EVIDENCE|APPLY_NEW_TASK|CHECK_REVISE_NEXT_STEP|ESSENTIAL_QUESTION|EVIDENCE_QUALITY|LIMITATION|PROVENANCE,3,False,False,True,False,BOUND_REFERENCE_EVIDENCE_TASK,0,False,False,False,5,True,True,True,1,0,8,none,True,True,False,2619,696,252,b713ce47602fb47d150f72aedbf6c162231f5d9468ece7d0dc58b408fd7f5157,,"Sort all evidence as supports, challenges, or does not decide, and justify every placement.",0
ma-hs11-physics-u04-l07,ma-hs11-physics,11,high,hs912-science-h4,h4-high-school,4,7,Investigation,lab/activity,INVESTIGATION_DATA_SHEET,Newton's law of gravitation,8,INVESTIGATE|EXPLAIN_WITH_EVIDENCE|APPLY_NEW_TASK|CHECK_REVISE_NEXT_STEP|ESSENTIAL_QUESTION|EVIDENCE_QUALITY|LIMITATION|PROVENANCE,4,False,False,True,True,H4_PHYSICAL_INVESTIGATION,5,True,False,False,5,True,True,True,2,4,10,none,True,True,False,3462,860,309,ea643c01dcbd0280b2d25c3b64e11c6bb4c655f5722dad5afce8e9be1552cb20,103c004b0ffec620b938b87f1390540d72f40ac534a93c2685e58cdf36b7b23d,"Choose the H4 physical route or the supplied model-data route, complete that route, and answer from the evidence you actually collected or calculated.",0
ma-hs11-physics-u04-l08,ma-hs11-physics,11,high,hs912-science-h4,h4-high-school,4,8,Reteach and varied practice,remediation,STUDENT_WORK_SHEET,Coulomb's law,7,EXPLAIN_WITH_EVIDENCE|APPLY_NEW_TASK|CHECK_REVISE_NEXT_STEP|ESSENTIAL_QUESTION|EVIDENCE_QUALITY|LIMITATION|PROVENANCE,4,False,False,True,False,BOUND_REFERENCE_EVIDENCE_TASK,0,False,False,False,5,True,True,True,1,0,8,none,True,True,False,2643,696,245,f57dffffbfd24d7a73c2c0e2e101a1eb0c03fabd7cb535bed8acdbdd1d80716a,,"Correct the candidate claim, explain the exact evidence that makes the correction necessary, and create one fresh example.",0
ma-hs11-physics-u04-l09,ma-hs11-physics,11,high,hs912-science-h4,h4-high-school,4,9,Performance task build,assessment/project,INVESTIGATION_DATA_SHEET,inverse-square relationships,8,PERFORMANCE_EVIDENCE|EXPLAIN_WITH_EVIDENCE|APPLY_NEW_TASK|CHECK_REVISE_NEXT_STEP|ESSENTIAL_QUESTION|EVIDENCE_QUALITY|LIMITATION|PROVENANCE,4,False,False,True,True,H4_PHYSICAL_INVESTIGATION,5,True,False,False,5,True,True,True,2,4,10,none,True,True,False,3378,860,297,dc5e5567e811f8c38a0c881c836ed7953038e8dd0a9cb7fc1805dbcbc258543e,103c004b0ffec620b938b87f1390540d72f40ac534a93c2685e58cdf36b7b23d,Use the supplied record to build a claim-evidence-reasoning product that another reader can check line by line.,0
ma-hs11-physics-u04-l10,ma-hs11-physics,11,high,hs912-science-h4,h4-high-school,4,10,Synthesis and review,review,STUDENT_WORK_SHEET,comparing gravitational and electrostatic strength,7,EXPLAIN_WITH_EVIDENCE|APPLY_NEW_TASK|CHECK_REVISE_NEXT_STEP|ESSENTIAL_QUESTION|EVIDENCE_QUALITY|LIMITATION|PROVENANCE,4,False,False,True,False,BOUND_REFERENCE_EVIDENCE_TASK,0,False,False,False,5,True,True,True,1,0,8,none,True,True,False,2680,696,266,d33de3a2c1361c0058c1b0e8d84adab5c401b38408b84af44720fef5b87542f6,,"Connect at least three evidence items, state the boundary of the conclusion, and answer the unit question.",0
ma-hs11-physics-u04-l11,ma-hs11-physics,11,high,hs912-science-h4,h4-high-school,4,11,Unit assessment,assessment/project,STUDENT_WORK_SHEET,field lines as representations,8,MASTERY_FRESH_TASK|EXPLAIN_WITH_EVIDENCE|APPLY_NEW_TASK|CHECK_REVISE_NEXT_STEP|ESSENTIAL_QUESTION|EVIDENCE_QUALITY|LIMITATION|PROVENANCE,4,False,False,True,False,BOUND_REFERENCE_EVIDENCE_TASK,0,False,False,False,5,True,True,True,1,0,8,none,True,True,False,2719,696,299,c298559ff4c6d521f4d52374a540b4a7f80732e3fe7c42ce2d954ea6487d413c,,"Without copying the brief, evaluate the candidate claim, interpret the evidence table, and apply the idea to a new example you create.",0
ma-hs11-physics-u04-l12,ma-hs11-physics,11,high,hs912-science-h4,h4-high-school,4,12,Correction and reflection,remediation,STUDENT_WORK_SHEET,predicting forces mathematically,7,EXPLAIN_WITH_EVIDENCE|APPLY_NEW_TASK|CHECK_REVISE_NEXT_STEP|ESSENTIAL_QUESTION|EVIDENCE_QUALITY|LIMITATION|PROVENANCE,3,False,False,True,False,BOUND_REFERENCE_EVIDENCE_TASK,0,False,False,False,5,True,True,True,1,0,8,none,True,True,False,2625,696,252,b713ce47602fb47d150f72aedbf6c162231f5d9468ece7d0dc58b408fd7f5157,,"Locate one weakness in an earlier response, revise it with a named evidence code, and state what the revision fixes.",0
ma-hs11-physics-u05-l01,ma-hs11-physics,11,high,hs912-science-h4,h4-high-school,5,1,Launch and diagnostic,concept,STUDENT_WORK_SHEET,kinetic and potential energy,8,PHENOMENON_QUESTION|EXPLAIN_WITH_EVIDENCE|APPLY_NEW_TASK|CHECK_REVISE_NEXT_STEP|ESSENTIAL_QUESTION|EVIDENCE_QUALITY|LIMITATION|PROVENANCE,4,False,False,True,False,BOUND_REFERENCE_EVIDENCE_TASK,0,False,False,False,5,True,True,True,1,0,8,none,True,True,False,2778,696,299,22a676403a26889ccfb2fd7fe66b8990741e183dffbe88ddff9adeb416febada,,"Write an initial explanation, then mark which evidence item would most strongly change it.",0
ma-hs11-physics-u05-l02,ma-hs11-physics,11,high,hs912-science-h4,h4-high-school,5,2,Concept model A,concept,STUDENT_WORK_SHEET,energy as a system-level account,7,EXPLAIN_WITH_EVIDENCE|APPLY_NEW_TASK|CHECK_REVISE_NEXT_STEP|ESSENTIAL_QUESTION|EVIDENCE_QUALITY|LIMITATION|PROVENANCE,4,False,False,True,False,BOUND_REFERENCE_EVIDENCE_TASK,0,False,False,False,5,True,True,True,1,0,8,none,True,True,False,2728,696,266,f676ab48c4ffeef79b866bc461ee87ae8ce5d2a2c1a4a6d1a0ef4c9ae47584f9,,Build a labelled model that includes every accepted relationship in the science brief and test it against the case claim.,0
ma-hs11-physics-u05-l03,ma-hs11-physics,11,high,hs912-science-h4,h4-high-school,5,3,Guided practice A,concept,STUDENT_WORK_SHEET,computational energy models,7,EXPLAIN_WITH_EVIDENCE|APPLY_NEW_TASK|CHECK_REVISE_NEXT_STEP|ESSENTIAL_QUESTION|EVIDENCE_QUALITY|LIMITATION|PROVENANCE,3,False,False,True,False,BOUND_REFERENCE_EVIDENCE_TASK,0,False,False,False,5,True,True,True,1,0,8,none,True,True,False,2620,696,252,9a81fc16900a10d648f5d7b2569e9b5f45fe87a558922ba91afc6fa090c75b20,,Use E1 with E2 first; then add E3 and revise any conclusion that no longer fits.,0
ma-hs11-physics-u05-l04,ma-hs11-physics,11,high,hs912-science-h4,h4-high-school,5,4,Independent application A,mastery,STUDENT_WORK_SHEET,energy at macroscopic and particle scales,7,EXPLAIN_WITH_EVIDENCE|APPLY_NEW_TASK|CHECK_REVISE_NEXT_STEP|ESSENTIAL_QUESTION|EVIDENCE_QUALITY|LIMITATION|PROVENANCE,4,False,False,True,False,BOUND_REFERENCE_EVIDENCE_TASK,0,False,False,False,5,True,True,True,1,0,8,none,True,True,False,2743,696,273,31eaf2a33df74d3d9d8ee988353125a64c8cd1cc017b71c82a1a1444175206a5,,Evaluate the case claim independently using at least two evidence codes and one stated limitation.,0
ma-hs11-physics-u05-l05,ma-hs11-physics,11,high,hs912-science-h4,h4-high-school,5,5,Concept model B,concept,STUDENT_WORK_SHEET,energy transfer and dissipation,7,EXPLAIN_WITH_EVIDENCE|APPLY_NEW_TASK|CHECK_REVISE_NEXT_STEP|ESSENTIAL_QUESTION|EVIDENCE_QUALITY|LIMITATION|PROVENANCE,3,False,False,True,False,BOUND_REFERENCE_EVIDENCE_TASK,0,False,False,False,5,True,True,True,1,0,8,none,True,True,False,2624,696,259,e6fa0d36214a2a2fa33a412e081fda0b513fc30bc9c5ee816e7deb695cb97305,,Build a second representation of the same evidence and identify one feature the first model hid.,0
ma-hs11-physics-u05-l06,ma-hs11-physics,11,high,hs912-science-h4,h4-high-school,5,6,Guided practice B,concept,STUDENT_WORK_SHEET,building and checking an energy budget,7,EXPLAIN_WITH_EVIDENCE|APPLY_NEW_TASK|CHECK_REVISE_NEXT_STEP|ESSENTIAL_QUESTION|EVIDENCE_QUALITY|LIMITATION|PROVENANCE,3,False,False,True,False,BOUND_REFERENCE_EVIDENCE_TASK,0,False,False,False,5,True,True,True,1,0,8,none,True,True,False,2711,696,273,93be60077b9b9d3bf5f18cdafeea8eb12fe499c0eb533e3031a79f177ba1927f,,"Sort all evidence as supports, challenges, or does not decide, and justify every placement.",0
ma-hs11-physics-u05-l07,ma-hs11-physics,11,high,hs912-science-h4,h4-high-school,5,7,Investigation,lab/activity,INVESTIGATION_DATA_SHEET,kinetic and potential energy,8,INVESTIGATE|EXPLAIN_WITH_EVIDENCE|APPLY_NEW_TASK|CHECK_REVISE_NEXT_STEP|ESSENTIAL_QUESTION|EVIDENCE_QUALITY|LIMITATION|PROVENANCE,4,False,False,True,True,H4_PHYSICAL_INVESTIGATION,4,False,False,False,5,True,True,True,1,4,10,none,True,True,False,3411,778,309,22a676403a26889ccfb2fd7fe66b8990741e183dffbe88ddff9adeb416febada,c6038b5fd8ace958ef0fc005ba77985da640769cfe2bbd794c87d366a1d08717,"Choose the H4 physical route or the supplied model-data route, complete that route, and answer from the evidence you actually collected or calculated.",0
ma-hs11-physics-u05-l08,ma-hs11-physics,11,high,hs912-science-h4,h4-high-school,5,8,Reteach and varied practice,remediation,STUDENT_WORK_SHEET,energy as a system-level account,7,EXPLAIN_WITH_EVIDENCE|APPLY_NEW_TASK|CHECK_REVISE_NEXT_STEP|ESSENTIAL_QUESTION|EVIDENCE_QUALITY|LIMITATION|PROVENANCE,4,False,False,True,False,BOUND_REFERENCE_EVIDENCE_TASK,0,False,False,False,5,True,True,True,1,0,8,none,True,True,False,2727,696,266,f676ab48c4ffeef79b866bc461ee87ae8ce5d2a2c1a4a6d1a0ef4c9ae47584f9,,"Correct the candidate claim, explain the exact evidence that makes the correction necessary, and create one fresh example.",0
ma-hs11-physics-u05-l09,ma-hs11-physics,11,high,hs912-science-h4,h4-high-school,5,9,Performance task build,assessment/project,INVESTIGATION_DATA_SHEET,computational energy models,8,PERFORMANCE_EVIDENCE|EXPLAIN_WITH_EVIDENCE|APPLY_NEW_TASK|CHECK_REVISE_NEXT_STEP|ESSENTIAL_QUESTION|EVIDENCE_QUALITY|LIMITATION|PROVENANCE,3,False,False,True,True,H4_PHYSICAL_INVESTIGATION,4,False,False,False,5,True,True,True,1,4,10,none,True,True,False,3272,778,306,9a81fc16900a10d648f5d7b2569e9b5f45fe87a558922ba91afc6fa090c75b20,c6038b5fd8ace958ef0fc005ba77985da640769cfe2bbd794c87d366a1d08717,Use the supplied record to build a claim-evidence-reasoning product that another reader can check line by line.,0
ma-hs11-physics-u05-l10,ma-hs11-physics,11,high,hs912-science-h4,h4-high-school,5,10,Synthesis and review,review,STUDENT_WORK_SHEET,energy at macroscopic and particle scales,7,EXPLAIN_WITH_EVIDENCE|APPLY_NEW_TASK|CHECK_REVISE_NEXT_STEP|ESSENTIAL_QUESTION|EVIDENCE_QUALITY|LIMITATION|PROVENANCE,4,False,False,True,False,BOUND_REFERENCE_EVIDENCE_TASK,0,False,False,False,5,True,True,True,1,0,8,none,True,True,False,2745,696,273,31eaf2a33df74d3d9d8ee988353125a64c8cd1cc017b71c82a1a1444175206a5,,"Connect at least three evidence items, state the boundary of the conclusion, and answer the unit question.",0
ma-hs11-physics-u05-l11,ma-hs11-physics,11,high,hs912-science-h4,h4-high-school,5,11,Unit assessment,assessment/project,STUDENT_WORK_SHEET,energy transfer and dissipation,8,MASTERY_FRESH_TASK|EXPLAIN_WITH_EVIDENCE|APPLY_NEW_TASK|CHECK_REVISE_NEXT_STEP|ESSENTIAL_QUESTION|EVIDENCE_QUALITY|LIMITATION|PROVENANCE,3,False,False,True,False,BOUND_REFERENCE_EVIDENCE_TASK,0,False,False,False,5,True,True,True,1,0,8,none,True,True,False,2682,696,299,e6fa0d36214a2a2fa33a412e081fda0b513fc30bc9c5ee816e7deb695cb97305,,"Without copying the brief, evaluate the candidate claim, interpret the evidence table, and apply the idea to a new example you create.",0
ma-hs11-physics-u05-l12,ma-hs11-physics,11,high,hs912-science-h4,h4-high-school,5,12,Correction and reflection,remediation,STUDENT_WORK_SHEET,building and checking an energy budget,7,EXPLAIN_WITH_EVIDENCE|APPLY_NEW_TASK|CHECK_REVISE_NEXT_STEP|ESSENTIAL_QUESTION|EVIDENCE_QUALITY|LIMITATION|PROVENANCE,3,False,False,True,False,BOUND_REFERENCE_EVIDENCE_TASK,0,False,False,False,5,True,True,True,1,0,8,none,True,True,False,2717,696,273,93be60077b9b9d3bf5f18cdafeea8eb12fe499c0eb533e3031a79f177ba1927f,,"Locate one weakness in an earlier response, revise it with a named evidence code, and state what the revision fixes.",0
ma-hs11-physics-u06-l01,ma-hs11-physics,11,high,hs912-science-h4,h4-high-school,6,1,Launch and diagnostic,concept,STUDENT_WORK_SHEET,temperature versus thermal energy,8,PHENOMENON_QUESTION|EXPLAIN_WITH_EVIDENCE|APPLY_NEW_TASK|CHECK_REVISE_NEXT_STEP|ESSENTIAL_QUESTION|EVIDENCE_QUALITY|LIMITATION|PROVENANCE,4,False,False,True,False,BOUND_REFERENCE_EVIDENCE_TASK,0,False,False,False,5,True,True,True,1,0,8,none,True,True,False,2758,696,299,7afe20206ea8bb81f2f50a73b709f5fc774cea73640c922c248e3cb5aed58611,,"Write an initial explanation, then mark which evidence item would most strongly change it.",0
ma-hs11-physics-u06-l02,ma-hs11-physics,11,high,hs912-science-h4,h4-high-school,6,2,Concept model A,concept,STUDENT_WORK_SHEET,"conduction, convection, and radiation",7,EXPLAIN_WITH_EVIDENCE|APPLY_NEW_TASK|CHECK_REVISE_NEXT_STEP|ESSENTIAL_QUESTION|EVIDENCE_QUALITY|LIMITATION|PROVENANCE,4,False,False,True,False,BOUND_REFERENCE_EVIDENCE_TASK,0,False,False,False,5,True,True,True,1,0,8,none,True,True,False,2673,696,259,df5d396389c15cd32cc0f0be2277419937f48015d38534b0f31dbb772b6abbfb,,Build a labelled model that includes every accepted relationship in the science brief and test it against the case claim.,0
ma-hs11-physics-u06-l03,ma-hs11-physics,11,high,hs912-science-h4,h4-high-school,6,3,Guided practice A,concept,STUDENT_WORK_SHEET,thermal equilibrium,7,EXPLAIN_WITH_EVIDENCE|APPLY_NEW_TASK|CHECK_REVISE_NEXT_STEP|ESSENTIAL_QUESTION|EVIDENCE_QUALITY|LIMITATION|PROVENANCE,4,False,False,True,False,BOUND_REFERENCE_EVIDENCE_TASK,0,False,False,False,5,True,True,True,1,0,8,none,True,True,False,2626,696,245,79b98a77263f132caaed5012409ff24500fb6a80fde07218906b6b1cfe453f80,,Use E1 with E2 first; then add E3 and revise any conclusion that no longer fits.,0
ma-hs11-physics-u06-l04,ma-hs11-physics,11,high,hs912-science-h4,h4-high-school,6,4,Independent application A,mastery,STUDENT_WORK_SHEET,specific heat capacity,7,EXPLAIN_WITH_EVIDENCE|APPLY_NEW_TASK|CHECK_REVISE_NEXT_STEP|ESSENTIAL_QUESTION|EVIDENCE_QUALITY|LIMITATION|PROVENANCE,4,False,False,True,False,BOUND_REFERENCE_EVIDENCE_TASK,0,False,False,False,5,True,True,True,1,0,8,none,True,True,False,2669,696,252,38e35e368522c9e7c9cb29eb78b566620e20668597c86b7360d331723c303718,,Evaluate the case claim independently using at least two evidence codes and one stated limitation.,0
ma-hs11-physics-u06-l05,ma-hs11-physics,11,high,hs912-science-h4,h4-high-school,6,5,Concept model B,concept,STUDENT_WORK_SHEET,the second law of thermodynamics,7,EXPLAIN_WITH_EVIDENCE|APPLY_NEW_TASK|CHECK_REVISE_NEXT_STEP|ESSENTIAL_QUESTION|EVIDENCE_QUALITY|LIMITATION|PROVENANCE,4,False,False,True,False,BOUND_REFERENCE_EVIDENCE_TASK,0,False,False,False,5,True,True,True,1,0,8,none,True,True,False,2716,696,266,65e6330ee82714a14ea83aa4cad532db54f04972786eca6f16369c8dc05623d7,,Build a second representation of the same evidence and identify one feature the first model hid.,0
ma-hs11-physics-u06-l06,ma-hs11-physics,11,high,hs912-science-h4,h4-high-school,6,6,Guided practice B,concept,STUDENT_WORK_SHEET,investigating energy distribution,7,EXPLAIN_WITH_EVIDENCE|APPLY_NEW_TASK|CHECK_REVISE_NEXT_STEP|ESSENTIAL_QUESTION|EVIDENCE_QUALITY|LIMITATION|PROVENANCE,3,False,False,True,False,BOUND_REFERENCE_EVIDENCE_TASK,0,False,False,False,5,True,True,True,1,0,8,none,True,True,False,2616,696,252,d677293597f18cebc90f2edfe6344e8f0196fc348d46992850c4ebae7e3bfabb,,"Sort all evidence as supports, challenges, or does not decide, and justify every placement.",0
ma-hs11-physics-u06-l07,ma-hs11-physics,11,high,hs912-science-h4,h4-high-school,6,7,Investigation,lab/activity,INVESTIGATION_DATA_SHEET,temperature versus thermal energy,8,INVESTIGATE|EXPLAIN_WITH_EVIDENCE|APPLY_NEW_TASK|CHECK_REVISE_NEXT_STEP|ESSENTIAL_QUESTION|EVIDENCE_QUALITY|LIMITATION|PROVENANCE,4,False,False,True,True,H4_PHYSICAL_INVESTIGATION,5,False,False,False,5,True,True,True,2,5,11,direct-adult,True,True,False,3515,869,309,7afe20206ea8bb81f2f50a73b709f5fc774cea73640c922c248e3cb5aed58611,8b9a7e637acf220dfb2cf9aa26072e45b22aa053e8a3fbe5d4c0e18b3b33ee7b,"Choose the H4 physical route or the supplied model-data route, complete that route, and answer from the evidence you actually collected or calculated.",0
ma-hs11-physics-u06-l08,ma-hs11-physics,11,high,hs912-science-h4,h4-high-school,6,8,Reteach and varied practice,remediation,STUDENT_WORK_SHEET,"conduction, convection, and radiation",7,EXPLAIN_WITH_EVIDENCE|APPLY_NEW_TASK|CHECK_REVISE_NEXT_STEP|ESSENTIAL_QUESTION|EVIDENCE_QUALITY|LIMITATION|PROVENANCE,4,False,False,True,False,BOUND_REFERENCE_EVIDENCE_TASK,0,False,False,False,5,True,True,True,1,0,8,none,True,True,False,2672,696,259,df5d396389c15cd32cc0f0be2277419937f48015d38534b0f31dbb772b6abbfb,,"Correct the candidate claim, explain the exact evidence that makes the correction necessary, and create one fresh example.",0
ma-hs11-physics-u06-l09,ma-hs11-physics,11,high,hs912-science-h4,h4-high-school,6,9,Performance task build,assessment/project,INVESTIGATION_DATA_SHEET,thermal equilibrium,8,PERFORMANCE_EVIDENCE|EXPLAIN_WITH_EVIDENCE|APPLY_NEW_TASK|CHECK_REVISE_NEXT_STEP|ESSENTIAL_QUESTION|EVIDENCE_QUALITY|LIMITATION|PROVENANCE,4,False,False,True,True,H4_PHYSICAL_INVESTIGATION,5,False,False,False,5,True,True,True,2,5,11,direct-adult,True,True,False,3395,869,293,79b98a77263f132caaed5012409ff24500fb6a80fde07218906b6b1cfe453f80,8b9a7e637acf220dfb2cf9aa26072e45b22aa053e8a3fbe5d4c0e18b3b33ee7b,Use the supplied record to build a claim-evidence-reasoning product that another reader can check line by line.,0
ma-hs11-physics-u06-l10,ma-hs11-physics,11,high,hs912-science-h4,h4-high-school,6,10,Synthesis and review,review,STUDENT_WORK_SHEET,specific heat capacity,7,EXPLAIN_WITH_EVIDENCE|APPLY_NEW_TASK|CHECK_REVISE_NEXT_STEP|ESSENTIAL_QUESTION|EVIDENCE_QUALITY|LIMITATION|PROVENANCE,4,False,False,True,False,BOUND_REFERENCE_EVIDENCE_TASK,0,False,False,False,5,True,True,True,1,0,8,none,True,True,False,2671,696,252,38e35e368522c9e7c9cb29eb78b566620e20668597c86b7360d331723c303718,,"Connect at least three evidence items, state the boundary of the conclusion, and answer the unit question.",0
ma-hs11-physics-u06-l11,ma-hs11-physics,11,high,hs912-science-h4,h4-high-school,6,11,Unit assessment,assessment/project,STUDENT_WORK_SHEET,the second law of thermodynamics,8,MASTERY_FRESH_TASK|EXPLAIN_WITH_EVIDENCE|APPLY_NEW_TASK|CHECK_REVISE_NEXT_STEP|ESSENTIAL_QUESTION|EVIDENCE_QUALITY|LIMITATION|PROVENANCE,4,False,False,True,False,BOUND_REFERENCE_EVIDENCE_TASK,0,False,False,False,5,True,True,True,1,0,8,none,True,True,False,2776,696,307,65e6330ee82714a14ea83aa4cad532db54f04972786eca6f16369c8dc05623d7,,"Without copying the brief, evaluate the candidate claim, interpret the evidence table, and apply the idea to a new example you create.",0
ma-hs11-physics-u06-l12,ma-hs11-physics,11,high,hs912-science-h4,h4-high-school,6,12,Correction and reflection,remediation,STUDENT_WORK_SHEET,investigating energy distribution,7,EXPLAIN_WITH_EVIDENCE|APPLY_NEW_TASK|CHECK_REVISE_NEXT_STEP|ESSENTIAL_QUESTION|EVIDENCE_QUALITY|LIMITATION|PROVENANCE,3,False,False,True,False,BOUND_REFERENCE_EVIDENCE_TASK,0,False,False,False,5,True,True,True,1,0,8,none,True,True,False,2622,696,252,d677293597f18cebc90f2edfe6344e8f0196fc348d46992850c4ebae7e3bfabb,,"Locate one weakness in an earlier response, revise it with a named evidence code, and state what the revision fixes.",0
ma-hs11-physics-u07-l01,ma-hs11-physics,11,high,hs912-science-h4,h4-high-school,7,1,Launch and diagnostic,concept,STUDENT_WORK_SHEET,electric and magnetic fields,8,PHENOMENON_QUESTION|EXPLAIN_WITH_EVIDENCE|APPLY_NEW_TASK|CHECK_REVISE_NEXT_STEP|ESSENTIAL_QUESTION|EVIDENCE_QUALITY|LIMITATION|PROVENANCE,4,False,False,True,False,BOUND_REFERENCE_EVIDENCE_TASK,0,False,False,False,5,True,True,True,1,0,8,none,True,True,False,2758,696,299,35ceafc1d753e5f3bf90fd324371aa3c85ac36aa047d2a047fdce6fa3f58052a,,"Write an initial explanation, then mark which evidence item would most strongly change it.",0
ma-hs11-physics-u07-l02,ma-hs11-physics,11,high,hs912-science-h4,h4-high-school,7,2,Concept model A,concept,STUDENT_WORK_SHEET,current and magnetic field production,7,EXPLAIN_WITH_EVIDENCE|APPLY_NEW_TASK|CHECK_REVISE_NEXT_STEP|ESSENTIAL_QUESTION|EVIDENCE_QUALITY|LIMITATION|PROVENANCE,4,False,False,True,False,BOUND_REFERENCE_EVIDENCE_TASK,0,False,False,False,5,True,True,True,1,0,8,none,True,True,False,2689,696,266,9fd289e3e8d957d1df9286ea01c9b81a2801a71d8679de11f053b76cde1fea02,,Build a labelled model that includes every accepted relationship in the science brief and test it against the case claim.,0
ma-hs11-physics-u07-l03,ma-hs11-physics,11,high,hs912-science-h4,h4-high-school,7,3,Guided practice A,concept,STUDENT_WORK_SHEET,electromagnetic induction,7,EXPLAIN_WITH_EVIDENCE|APPLY_NEW_TASK|CHECK_REVISE_NEXT_STEP|ESSENTIAL_QUESTION|EVIDENCE_QUALITY|LIMITATION|PROVENANCE,4,False,False,True,False,BOUND_REFERENCE_EVIDENCE_TASK,0,False,False,False,5,True,True,True,1,0,8,none,True,True,False,2638,696,245,19c56a93796da94cde8edee0c903426ade424cce8b6d3b29c3e4f41c2ba991fa,,Use E1 with E2 first; then add E3 and revise any conclusion that no longer fits.,0
ma-hs11-physics-u07-l04,ma-hs11-physics,11,high,hs912-science-h4,h4-high-school,7,4,Independent application A,mastery,STUDENT_WORK_SHEET,field models of interaction at a distance,7,EXPLAIN_WITH_EVIDENCE|APPLY_NEW_TASK|CHECK_REVISE_NEXT_STEP|ESSENTIAL_QUESTION|EVIDENCE_QUALITY|LIMITATION|PROVENANCE,3,False,False,True,False,BOUND_REFERENCE_EVIDENCE_TASK,0,False,False,False,5,True,True,True,1,0,8,none,True,True,False,2702,696,280,839c66da20296e57087136ac7a021dabe17b773b769aaaa0b316fe17c5742e66,,Evaluate the case claim independently using at least two evidence codes and one stated limitation.,0
ma-hs11-physics-u07-l05,ma-hs11-physics,11,high,hs912-science-h4,h4-high-school,7,5,Concept model B,concept,STUDENT_WORK_SHEET,energy changes in field interactions,7,EXPLAIN_WITH_EVIDENCE|APPLY_NEW_TASK|CHECK_REVISE_NEXT_STEP|ESSENTIAL_QUESTION|EVIDENCE_QUALITY|LIMITATION|PROVENANCE,3,False,False,True,False,BOUND_REFERENCE_EVIDENCE_TASK,0,False,False,False,5,True,True,True,1,0,8,none,True,True,False,2674,696,266,d16f858b79906b4845552e2d7d1e2143a5c2b884df067584ce9a4266a867ec5c,,Build a second representation of the same evidence and identify one feature the first model hid.,0
ma-hs11-physics-u07-l06,ma-hs11-physics,11,high,hs912-science-h4,h4-high-school,7,6,Guided practice B,concept,STUDENT_WORK_SHEET,investigating induction,7,EXPLAIN_WITH_EVIDENCE|APPLY_NEW_TASK|CHECK_REVISE_NEXT_STEP|ESSENTIAL_QUESTION|EVIDENCE_QUALITY|LIMITATION|PROVENANCE,3,False,False,True,False,BOUND_REFERENCE_EVIDENCE_TASK,0,False,False,False,5,True,True,True,1,0,8,none,True,True,False,2600,696,245,978cfc2744634f9a4dfca9bc710933f513e337450c628b27643254e35b141277,,"Sort all evidence as supports, challenges, or does not decide, and justify every placement.",0
ma-hs11-physics-u07-l07,ma-hs11-physics,11,high,hs912-science-h4,h4-high-school,7,7,Investigation,lab/activity,INVESTIGATION_DATA_SHEET,electric and magnetic fields,8,INVESTIGATE|EXPLAIN_WITH_EVIDENCE|APPLY_NEW_TASK|CHECK_REVISE_NEXT_STEP|ESSENTIAL_QUESTION|EVIDENCE_QUALITY|LIMITATION|PROVENANCE,4,False,False,True,True,H4_PHYSICAL_INVESTIGATION,4,False,False,False,5,True,True,True,4,6,12,direct-adult,True,True,False,3801,1129,309,35ceafc1d753e5f3bf90fd324371aa3c85ac36aa047d2a047fdce6fa3f58052a,41c1b60893c1fdfacebae9be0a913f50a3696d63c637c50f6ad085b314108d16,"Choose the H4 physical route or the supplied model-data route, complete that route, and answer from the evidence you actually collected or calculated.",0
ma-hs11-physics-u07-l08,ma-hs11-physics,11,high,hs912-science-h4,h4-high-school,7,8,Reteach and varied practice,remediation,STUDENT_WORK_SHEET,current and magnetic field production,7,EXPLAIN_WITH_EVIDENCE|APPLY_NEW_TASK|CHECK_REVISE_NEXT_STEP|ESSENTIAL_QUESTION|EVIDENCE_QUALITY|LIMITATION|PROVENANCE,4,False,False,True,False,BOUND_REFERENCE_EVIDENCE_TASK,0,False,False,False,5,True,True,True,1,0,8,none,True,True,False,2688,696,266,9fd289e3e8d957d1df9286ea01c9b81a2801a71d8679de11f053b76cde1fea02,,"Correct the candidate claim, explain the exact evidence that makes the correction necessary, and create one fresh example.",0
ma-hs11-physics-u07-l09,ma-hs11-physics,11,high,hs912-science-h4,h4-high-school,7,9,Performance task build,assessment/project,INVESTIGATION_DATA_SHEET,electromagnetic induction,8,PERFORMANCE_EVIDENCE|EXPLAIN_WITH_EVIDENCE|APPLY_NEW_TASK|CHECK_REVISE_NEXT_STEP|ESSENTIAL_QUESTION|EVIDENCE_QUALITY|LIMITATION|PROVENANCE,4,False,False,True,True,H4_PHYSICAL_INVESTIGATION,4,False,False,False,5,True,True,True,4,6,12,direct-adult,True,True,False,3699,1129,299,19c56a93796da94cde8edee0c903426ade424cce8b6d3b29c3e4f41c2ba991fa,41c1b60893c1fdfacebae9be0a913f50a3696d63c637c50f6ad085b314108d16,Use the supplied record to build a claim-evidence-reasoning product that another reader can check line by line.,0
ma-hs11-physics-u07-l10,ma-hs11-physics,11,high,hs912-science-h4,h4-high-school,7,10,Synthesis and review,review,STUDENT_WORK_SHEET,field models of interaction at a distance,7,EXPLAIN_WITH_EVIDENCE|APPLY_NEW_TASK|CHECK_REVISE_NEXT_STEP|ESSENTIAL_QUESTION|EVIDENCE_QUALITY|LIMITATION|PROVENANCE,3,False,False,True,False,BOUND_REFERENCE_EVIDENCE_TASK,0,False,False,False,5,True,True,True,1,0,8,none,True,True,False,2704,696,280,839c66da20296e57087136ac7a021dabe17b773b769aaaa0b316fe17c5742e66,,"Connect at least three evidence items, state the boundary of the conclusion, and answer the unit question.",0
ma-hs11-physics-u07-l11,ma-hs11-physics,11,high,hs912-science-h4,h4-high-school,7,11,Unit assessment,assessment/project,STUDENT_WORK_SHEET,energy changes in field interactions,8,MASTERY_FRESH_TASK|EXPLAIN_WITH_EVIDENCE|APPLY_NEW_TASK|CHECK_REVISE_NEXT_STEP|ESSENTIAL_QUESTION|EVIDENCE_QUALITY|LIMITATION|PROVENANCE,3,False,False,True,False,BOUND_REFERENCE_EVIDENCE_TASK,0,False,False,False,5,True,True,True,1,0,8,none,True,True,False,2734,696,307,d16f858b79906b4845552e2d7d1e2143a5c2b884df067584ce9a4266a867ec5c,,"Without copying the brief, evaluate the candidate claim, interpret the evidence table, and apply the idea to a new example you create.",0
ma-hs11-physics-u07-l12,ma-hs11-physics,11,high,hs912-science-h4,h4-high-school,7,12,Correction and reflection,remediation,STUDENT_WORK_SHEET,investigating induction,7,EXPLAIN_WITH_EVIDENCE|APPLY_NEW_TASK|CHECK_REVISE_NEXT_STEP|ESSENTIAL_QUESTION|EVIDENCE_QUALITY|LIMITATION|PROVENANCE,3,False,False,True,False,BOUND_REFERENCE_EVIDENCE_TASK,0,False,False,False,5,True,True,True,1,0,8,none,True,True,False,2606,696,245,978cfc2744634f9a4dfca9bc710933f513e337450c628b27643254e35b141277,,"Locate one weakness in an earlier response, revise it with a named evidence code, and state what the revision fixes.",0
ma-hs11-physics-u08-l01,ma-hs11-physics,11,high,hs912-science-h4,h4-high-school,8,1,Launch and diagnostic,concept,STUDENT_WORK_SHEET,wave properties and terminology,8,PHENOMENON_QUESTION|EXPLAIN_WITH_EVIDENCE|APPLY_NEW_TASK|CHECK_REVISE_NEXT_STEP|ESSENTIAL_QUESTION|EVIDENCE_QUALITY|LIMITATION|PROVENANCE,4,False,False,True,False,BOUND_REFERENCE_EVIDENCE_TASK,0,False,False,False,5,True,True,True,1,0,8,none,True,True,False,2726,696,299,c67fdd337b411288cb6559b9da3ea6621730e55a3de8b060791e61a6aefc414f,,"Write an initial explanation, then mark which evidence item would most strongly change it.",0
ma-hs11-physics-u08-l02,ma-hs11-physics,11,high,hs912-science-h4,h4-high-school,8,2,Concept model A,concept,STUDENT_WORK_SHEET,the frequency-wavelength-speed relationship,7,EXPLAIN_WITH_EVIDENCE|APPLY_NEW_TASK|CHECK_REVISE_NEXT_STEP|ESSENTIAL_QUESTION|EVIDENCE_QUALITY|LIMITATION|PROVENANCE,4,False,False,True,False,BOUND_REFERENCE_EVIDENCE_TASK,0,False,False,False,5,True,True,True,1,0,8,none,True,True,False,2654,696,252,082a85c3b82e244fd5f2c8b01e3847e4810df0d57ad76402bfa41527bcd6d19b,,Build a labelled model that includes every accepted relationship in the science brief and test it against the case claim.,0
ma-hs11-physics-u08-l03,ma-hs11-physics,11,high,hs912-science-h4,h4-high-school,8,3,Guided practice A,concept,STUDENT_WORK_SHEET,waves in different media,7,EXPLAIN_WITH_EVIDENCE|APPLY_NEW_TASK|CHECK_REVISE_NEXT_STEP|ESSENTIAL_QUESTION|EVIDENCE_QUALITY|LIMITATION|PROVENANCE,4,False,False,True,False,BOUND_REFERENCE_EVIDENCE_TASK,0,False,False,False,5,True,True,True,1,0,8,none,True,True,False,2666,696,259,4db1dabfc5503130e577ddcd2dce3486ebef4bf58422ac125004e830fd9bf5ec,,Use E1 with E2 first; then add E3 and revise any conclusion that no longer fits.,0
ma-hs11-physics-u08-l04,ma-hs11-physics,11,high,hs912-science-h4,h4-high-school,8,4,Independent application A,mastery,STUDENT_WORK_SHEET,"reflection, refraction, and diffraction",7,EXPLAIN_WITH_EVIDENCE|APPLY_NEW_TASK|CHECK_REVISE_NEXT_STEP|ESSENTIAL_QUESTION|EVIDENCE_QUALITY|LIMITATION|PROVENANCE,4,False,False,True,False,BOUND_REFERENCE_EVIDENCE_TASK,0,False,False,False,5,True,True,True,1,0,8,none,True,True,False,2733,696,259,c281111815baa83043515b8dd749aa3a4f0cd17042a1b4278e3e7815aba01dbc,,Evaluate the case claim independently using at least two evidence codes and one stated limitation.,0
ma-hs11-physics-u08-l05,ma-hs11-physics,11,high,hs912-science-h4,h4-high-school,8,5,Concept model B,concept,STUDENT_WORK_SHEET,wave and particle models of light,7,EXPLAIN_WITH_EVIDENCE|APPLY_NEW_TASK|CHECK_REVISE_NEXT_STEP|ESSENTIAL_QUESTION|EVIDENCE_QUALITY|LIMITATION|PROVENANCE,4,False,False,True,False,BOUND_REFERENCE_EVIDENCE_TASK,0,False,False,False,5,True,True,True,1,0,8,none,True,True,False,2769,696,273,57cab88c6297c58ccfeed93d4a27a298bad1066911a906b63eec25842f2fedf5,,Build a second representation of the same evidence and identify one feature the first model hid.,0
ma-hs11-physics-u08-l06,ma-hs11-physics,11,high,hs912-science-h4,h4-high-school,8,6,Guided practice B,concept,STUDENT_WORK_SHEET,evaluating competing models,7,EXPLAIN_WITH_EVIDENCE|APPLY_NEW_TASK|CHECK_REVISE_NEXT_STEP|ESSENTIAL_QUESTION|EVIDENCE_QUALITY|LIMITATION|PROVENANCE,3,False,False,True,False,BOUND_REFERENCE_EVIDENCE_TASK,0,False,False,False,5,True,True,True,1,0,8,none,True,True,False,2628,696,252,b709a9cc11cce4fc1ad9b452e4de923016486fc3c21f88a965060bd662d60e9d,,"Sort all evidence as supports, challenges, or does not decide, and justify every placement.",0
ma-hs11-physics-u08-l07,ma-hs11-physics,11,high,hs912-science-h4,h4-high-school,8,7,Investigation,lab/activity,INVESTIGATION_DATA_SHEET,wave properties and terminology,8,INVESTIGATE|EXPLAIN_WITH_EVIDENCE|APPLY_NEW_TASK|CHECK_REVISE_NEXT_STEP|ESSENTIAL_QUESTION|EVIDENCE_QUALITY|LIMITATION|PROVENANCE,4,False,False,True,True,H4_PHYSICAL_INVESTIGATION,4,False,False,False,5,True,True,True,3,5,11,nearby-adult,True,True,False,3544,928,309,c67fdd337b411288cb6559b9da3ea6621730e55a3de8b060791e61a6aefc414f,7dc81656637c0a29680dd28c794c17e714d4e2ffb62404991122fb1b4d45301e,"Choose the H4 physical route or the supplied model-data route, complete that route, and answer from the evidence you actually collected or calculated.",0
ma-hs11-physics-u08-l08,ma-hs11-physics,11,high,hs912-science-h4,h4-high-school,8,8,Reteach and varied practice,remediation,STUDENT_WORK_SHEET,the frequency-wavelength-speed relationship,7,EXPLAIN_WITH_EVIDENCE|APPLY_NEW_TASK|CHECK_REVISE_NEXT_STEP|ESSENTIAL_QUESTION|EVIDENCE_QUALITY|LIMITATION|PROVENANCE,4,False,False,True,False,BOUND_REFERENCE_EVIDENCE_TASK,0,False,False,False,5,True,True,True,1,0,8,none,True,True,False,2653,696,252,082a85c3b82e244fd5f2c8b01e3847e4810df0d57ad76402bfa41527bcd6d19b,,"Correct the candidate claim, explain the exact evidence that makes the correction necessary, and create one fresh example.",0
ma-hs11-physics-u08-l09,ma-hs11-physics,11,high,hs912-science-h4,h4-high-school,8,9,Performance task build,assessment/project,INVESTIGATION_DATA_SHEET,waves in different media,8,PERFORMANCE_EVIDENCE|EXPLAIN_WITH_EVIDENCE|APPLY_NEW_TASK|CHECK_REVISE_NEXT_STEP|ESSENTIAL_QUESTION|EVIDENCE_QUALITY|LIMITATION|PROVENANCE,4,False,False,True,True,H4_PHYSICAL_INVESTIGATION,4,False,False,False,5,True,True,True,3,5,11,nearby-adult,True,True,False,3504,928,313,4db1dabfc5503130e577ddcd2dce3486ebef4bf58422ac125004e830fd9bf5ec,7dc81656637c0a29680dd28c794c17e714d4e2ffb62404991122fb1b4d45301e,Use the supplied record to build a claim-evidence-reasoning product that another reader can check line by line.,0
ma-hs11-physics-u08-l10,ma-hs11-physics,11,high,hs912-science-h4,h4-high-school,8,10,Synthesis and review,review,STUDENT_WORK_SHEET,"reflection, refraction, and diffraction",7,EXPLAIN_WITH_EVIDENCE|APPLY_NEW_TASK|CHECK_REVISE_NEXT_STEP|ESSENTIAL_QUESTION|EVIDENCE_QUALITY|LIMITATION|PROVENANCE,4,False,False,True,False,BOUND_REFERENCE_EVIDENCE_TASK,0,False,False,False,5,True,True,True,1,0,8,none,True,True,False,2735,696,259,c281111815baa83043515b8dd749aa3a4f0cd17042a1b4278e3e7815aba01dbc,,"Connect at least three evidence items, state the boundary of the conclusion, and answer the unit question.",0
ma-hs11-physics-u08-l11,ma-hs11-physics,11,high,hs912-science-h4,h4-high-school,8,11,Unit assessment,assessment/project,STUDENT_WORK_SHEET,wave and particle models of light,8,MASTERY_FRESH_TASK|EXPLAIN_WITH_EVIDENCE|APPLY_NEW_TASK|CHECK_REVISE_NEXT_STEP|ESSENTIAL_QUESTION|EVIDENCE_QUALITY|LIMITATION|PROVENANCE,4,False,False,True,False,BOUND_REFERENCE_EVIDENCE_TASK,0,False,False,False,5,True,True,True,1,0,8,none,True,True,False,2831,696,315,57cab88c6297c58ccfeed93d4a27a298bad1066911a906b63eec25842f2fedf5,,"Without copying the brief, evaluate the candidate claim, interpret the evidence table, and apply the idea to a new example you create.",0
ma-hs11-physics-u08-l12,ma-hs11-physics,11,high,hs912-science-h4,h4-high-school,8,12,Correction and reflection,remediation,STUDENT_WORK_SHEET,evaluating competing models,7,EXPLAIN_WITH_EVIDENCE|APPLY_NEW_TASK|CHECK_REVISE_NEXT_STEP|ESSENTIAL_QUESTION|EVIDENCE_QUALITY|LIMITATION|PROVENANCE,3,False,False,True,False,BOUND_REFERENCE_EVIDENCE_TASK,0,False,False,False,5,True,True,True,1,0,8,none,True,True,False,2634,696,252,b709a9cc11cce4fc1ad9b452e4de923016486fc3c21f88a965060bd662d60e9d,,"Locate one weakness in an earlier response, revise it with a named evidence code, and state what the revision fixes.",0
ma-hs11-physics-u09-l01,ma-hs11-physics,11,high,hs912-science-h4,h4-high-school,9,1,Launch and diagnostic,concept,STUDENT_WORK_SHEET,the electromagnetic spectrum,8,PHENOMENON_QUESTION|EXPLAIN_WITH_EVIDENCE|APPLY_NEW_TASK|CHECK_REVISE_NEXT_STEP|ESSENTIAL_QUESTION|EVIDENCE_QUALITY|LIMITATION|PROVENANCE,4,False,False,True,False,BOUND_REFERENCE_EVIDENCE_TASK,0,False,False,True,5,True,True,True,1,0,8,none,True,True,False,2732,696,291,93a43b722089d720c8cec7e946deec50c086632d8a7f1922bc76882a70c06b9a,,"Write an initial explanation, then mark which evidence item would most strongly change it.",0
ma-hs11-physics-u09-l02,ma-hs11-physics,11,high,hs912-science-h4,h4-high-school,9,2,Concept model A,concept,STUDENT_WORK_SHEET,absorption of radiation by matter,7,EXPLAIN_WITH_EVIDENCE|APPLY_NEW_TASK|CHECK_REVISE_NEXT_STEP|ESSENTIAL_QUESTION|EVIDENCE_QUALITY|LIMITATION|PROVENANCE,4,False,False,True,False,BOUND_REFERENCE_EVIDENCE_TASK,0,False,False,True,5,True,True,True,1,0,8,none,True,True,False,2731,696,266,e399b2cc6a0f820e56b63b9e31ef909f20e276b77ca4cde298d656255e4e265d,,Build a labelled model that includes every accepted relationship in the science brief and test it against the case claim.,0
ma-hs11-physics-u09-l03,ma-hs11-physics,11,high,hs912-science-h4,h4-high-school,9,3,Guided practice A,concept,STUDENT_WORK_SHEET,digital versus analog information,7,EXPLAIN_WITH_EVIDENCE|APPLY_NEW_TASK|CHECK_REVISE_NEXT_STEP|ESSENTIAL_QUESTION|EVIDENCE_QUALITY|LIMITATION|PROVENANCE,4,False,False,True,False,BOUND_REFERENCE_EVIDENCE_TASK,0,False,False,True,5,True,True,True,1,0,8,none,True,True,False,2700,696,259,2b654c3a8462ed7379332685ec93ad904d54f07a0d999fbf2ff16c22ca4ae8c1,,Use E1 with E2 first; then add E3 and revise any conclusion that no longer fits.,0
ma-hs11-physics-u09-l04,ma-hs11-physics,11,high,hs912-science-h4,h4-high-school,9,4,Independent application A,mastery,STUDENT_WORK_SHEET,evaluating published claims about radiation,7,EXPLAIN_WITH_EVIDENCE|APPLY_NEW_TASK|CHECK_REVISE_NEXT_STEP|ESSENTIAL_QUESTION|EVIDENCE_QUALITY|LIMITATION|PROVENANCE,4,False,False,True,False,BOUND_REFERENCE_EVIDENCE_TASK,0,False,False,True,5,True,True,True,1,0,8,none,True,True,False,2750,696,266,16929cae5cbce9ddc7aa4dc1d2bfdf1566516327d849fb2706a0a49d3e81b609,,Evaluate the case claim independently using at least two evidence codes and one stated limitation.,0
ma-hs11-physics-u09-l05,ma-hs11-physics,11,high,hs912-science-h4,h4-high-school,9,5,Concept model B,concept,STUDENT_WORK_SHEET,wave-based technologies,7,EXPLAIN_WITH_EVIDENCE|APPLY_NEW_TASK|CHECK_REVISE_NEXT_STEP|ESSENTIAL_QUESTION|EVIDENCE_QUALITY|LIMITATION|PROVENANCE,3,False,False,True,False,BOUND_REFERENCE_EVIDENCE_TASK,0,False,False,True,5,True,True,True,1,0,8,none,True,True,False,2624,696,245,07c82f9db7bfd6ba385e3f8756cfbc90f40418477bc0141a6404fcd83c07dd62,,Build a second representation of the same evidence and identify one feature the first model hid.,0
ma-hs11-physics-u09-l06,ma-hs11-physics,11,high,hs912-science-h4,h4-high-school,9,6,Guided practice B,concept,STUDENT_WORK_SHEET,energy conversion device design,7,EXPLAIN_WITH_EVIDENCE|APPLY_NEW_TASK|CHECK_REVISE_NEXT_STEP|ESSENTIAL_QUESTION|EVIDENCE_QUALITY|LIMITATION|PROVENANCE,3,False,False,True,False,BOUND_REFERENCE_EVIDENCE_TASK,0,False,True,True,5,True,True,True,1,0,8,none,True,True,False,2644,696,259,75f12eecf5680d4615ef880a123663e99c3ea37c1035da9c491c08c8271cbce6,,"Sort all evidence as supports, challenges, or does not decide, and justify every placement.",0
ma-hs11-physics-u09-l07,ma-hs11-physics,11,high,hs912-science-h4,h4-high-school,9,7,Investigation,lab/activity,INVESTIGATION_DATA_SHEET,the electromagnetic spectrum,8,INVESTIGATE|EXPLAIN_WITH_EVIDENCE|APPLY_NEW_TASK|CHECK_REVISE_NEXT_STEP|ESSENTIAL_QUESTION|EVIDENCE_QUALITY|LIMITATION|PROVENANCE,4,False,False,True,True,H4_PHYSICAL_INVESTIGATION,4,False,False,True,5,True,True,True,4,6,11,direct-adult,True,True,False,3602,996,301,93a43b722089d720c8cec7e946deec50c086632d8a7f1922bc76882a70c06b9a,eeb3dc4554b918b1dee5d87184b213116717292945039d135a76056adbdb9bdc,"Choose the H4 physical route or the supplied model-data route, complete that route, and answer from the evidence you actually collected or calculated.",0
ma-hs11-physics-u09-l08,ma-hs11-physics,11,high,hs912-science-h4,h4-high-school,9,8,Reteach and varied practice,remediation,STUDENT_WORK_SHEET,absorption of radiation by matter,7,EXPLAIN_WITH_EVIDENCE|APPLY_NEW_TASK|CHECK_REVISE_NEXT_STEP|ESSENTIAL_QUESTION|EVIDENCE_QUALITY|LIMITATION|PROVENANCE,4,False,False,True,False,BOUND_REFERENCE_EVIDENCE_TASK,0,False,False,True,5,True,True,True,1,0,8,none,True,True,False,2730,696,266,e399b2cc6a0f820e56b63b9e31ef909f20e276b77ca4cde298d656255e4e265d,,"Correct the candidate claim, explain the exact evidence that makes the correction necessary, and create one fresh example.",0
ma-hs11-physics-u09-l09,ma-hs11-physics,11,high,hs912-science-h4,h4-high-school,9,9,Performance task build,assessment/project,INVESTIGATION_DATA_SHEET,digital versus analog information,8,PERFORMANCE_EVIDENCE|EXPLAIN_WITH_EVIDENCE|APPLY_NEW_TASK|CHECK_REVISE_NEXT_STEP|ESSENTIAL_QUESTION|EVIDENCE_QUALITY|LIMITATION|PROVENANCE,4,False,False,True,True,H4_PHYSICAL_INVESTIGATION,4,False,False,True,5,True,True,True,4,6,11,direct-adult,True,True,False,3593,996,316,2b654c3a8462ed7379332685ec93ad904d54f07a0d999fbf2ff16c22ca4ae8c1,eeb3dc4554b918b1dee5d87184b213116717292945039d135a76056adbdb9bdc,Use the supplied record to build a claim-evidence-reasoning product that another reader can check line by line.,0
ma-hs11-physics-u09-l10,ma-hs11-physics,11,high,hs912-science-h4,h4-high-school,9,10,Synthesis and review,review,STUDENT_WORK_SHEET,evaluating published claims about radiation,7,EXPLAIN_WITH_EVIDENCE|APPLY_NEW_TASK|CHECK_REVISE_NEXT_STEP|ESSENTIAL_QUESTION|EVIDENCE_QUALITY|LIMITATION|PROVENANCE,4,False,False,True,False,BOUND_REFERENCE_EVIDENCE_TASK,0,False,False,True,5,True,True,True,1,0,8,none,True,True,False,2752,696,266,16929cae5cbce9ddc7aa4dc1d2bfdf1566516327d849fb2706a0a49d3e81b609,,"Connect at least three evidence items, state the boundary of the conclusion, and answer the unit question.",0
ma-hs11-physics-u09-l11,ma-hs11-physics,11,high,hs912-science-h4,h4-high-school,9,11,Unit assessment,assessment/project,STUDENT_WORK_SHEET,wave-based technologies,8,MASTERY_FRESH_TASK|EXPLAIN_WITH_EVIDENCE|APPLY_NEW_TASK|CHECK_REVISE_NEXT_STEP|ESSENTIAL_QUESTION|EVIDENCE_QUALITY|LIMITATION|PROVENANCE,3,False,False,True,False,BOUND_REFERENCE_EVIDENCE_TASK,0,False,False,True,5,True,True,True,1,0,8,none,True,True,False,2678,696,283,07c82f9db7bfd6ba385e3f8756cfbc90f40418477bc0141a6404fcd83c07dd62,,"Without copying the brief, evaluate the candidate claim, interpret the evidence table, and apply the idea to a new example you create.",0
ma-hs11-physics-u09-l12,ma-hs11-physics,11,high,hs912-science-h4,h4-high-school,9,12,Correction and reflection,remediation,STUDENT_WORK_SHEET,energy conversion device design,7,EXPLAIN_WITH_EVIDENCE|APPLY_NEW_TASK|CHECK_REVISE_NEXT_STEP|ESSENTIAL_QUESTION|EVIDENCE_QUALITY|LIMITATION|PROVENANCE,3,False,False,True,False,BOUND_REFERENCE_EVIDENCE_TASK,0,False,True,True,5,True,True,True,1,0,8,none,True,True,False,2650,696,259,75f12eecf5680d4615ef880a123663e99c3ea37c1035da9c491c08c8271cbce6,,"Locate one weakness in an earlier response, revise it with a named evidence code, and state what the revision fixes.",0
ma-hs12-earth-space-environmental-u01-l01,ma-hs12-earth-space-environmental,12,high,hs912-science-h4,h4-high-school,1,1,Launch and diagnostic,concept,STUDENT_WORK_SHEET,systems and system models,8,PHENOMENON_QUESTION|EXPLAIN_WITH_EVIDENCE|APPLY_NEW_TASK|CHECK_REVISE_NEXT_STEP|ESSENTIAL_QUESTION|EVIDENCE_QUALITY|LIMITATION|PROVENANCE,3,False,False,True,False,BOUND_REFERENCE_EVIDENCE_TASK,0,False,False,False,5,True,True,True,1,0,8,none,True,True,False,2701,696,299,2205d52894c98f16ec967798e737946598cf0e194938557794135912d8a73bc7,,"Write an initial explanation, then mark which evidence item would most strongly change it.",0
ma-hs12-earth-space-environmental-u01-l02,ma-hs12-earth-space-environmental,12,high,hs912-science-h4,h4-high-school,1,2,Concept model A,concept,STUDENT_WORK_SHEET,spatial and temporal scale,7,EXPLAIN_WITH_EVIDENCE|APPLY_NEW_TASK|CHECK_REVISE_NEXT_STEP|ESSENTIAL_QUESTION|EVIDENCE_QUALITY|LIMITATION|PROVENANCE,4,False,False,True,False,BOUND_REFERENCE_EVIDENCE_TASK,0,False,False,False,5,True,True,True,1,0,8,none,True,True,False,2716,696,259,aa126ef1f82b8308b736a88545ee53a87843eabb00c294af80b52edd69af56f7,,Build a labelled model that includes every accepted relationship in the science brief and test it against the case claim.,0
ma-hs12-earth-space-environmental-u01-l03,ma-hs12-earth-space-environmental,12,high,hs912-science-h4,h4-high-school,1,3,Guided practice A,concept,STUDENT_WORK_SHEET,proxy data and indirect evidence,7,EXPLAIN_WITH_EVIDENCE|APPLY_NEW_TASK|CHECK_REVISE_NEXT_STEP|ESSENTIAL_QUESTION|EVIDENCE_QUALITY|LIMITATION|PROVENANCE,4,False,False,True,False,BOUND_REFERENCE_EVIDENCE_TASK,0,False,False,False,5,True,True,True,1,0,8,none,True,True,False,2713,696,266,1c8906c812a653e90f027ece17a22a3ebecfb127af0dca2b50565644bb9e361b,,Use E1 with E2 first; then add E3 and revise any conclusion that no longer fits.,0
ma-hs12-earth-space-environmental-u01-l04,ma-hs12-earth-space-environmental,12,high,hs912-science-h4,h4-high-school,1,4,Independent application A,mastery,STUDENT_WORK_SHEET,uncertainty in geoscience data,7,EXPLAIN_WITH_EVIDENCE|APPLY_NEW_TASK|CHECK_REVISE_NEXT_STEP|ESSENTIAL_QUESTION|EVIDENCE_QUALITY|LIMITATION|PROVENANCE,3,False,False,True,False,BOUND_REFERENCE_EVIDENCE_TASK,0,False,False,False,5,True,True,True,1,0,8,none,True,True,False,2651,696,259,4683afa7d92bafe574c8f5a5a946a39171a7d59c75d637511931b2fd4218d057,,Evaluate the case claim independently using at least two evidence codes and one stated limitation.,0
ma-hs12-earth-space-environmental-u01-l05,ma-hs12-earth-space-environmental,12,high,hs912-science-h4,h4-high-school,1,5,Concept model B,concept,STUDENT_WORK_SHEET,reading and building graphs honestly,7,EXPLAIN_WITH_EVIDENCE|APPLY_NEW_TASK|CHECK_REVISE_NEXT_STEP|ESSENTIAL_QUESTION|EVIDENCE_QUALITY|LIMITATION|PROVENANCE,3,False,False,True,False,BOUND_REFERENCE_EVIDENCE_TASK,0,True,False,False,5,True,True,True,1,0,8,none,True,True,False,2654,696,266,ab676c6f1b87864f1ebbf977738d5a8b7a3d51b851b4e40e2aafa6671e601001,,Build a second representation of the same evidence and identify one feature the first model hid.,0
ma-hs12-earth-space-environmental-u01-l06,ma-hs12-earth-space-environmental,12,high,hs912-science-h4,h4-high-school,1,6,Guided practice B,concept,STUDENT_WORK_SHEET,distinguishing correlation and causation,7,EXPLAIN_WITH_EVIDENCE|APPLY_NEW_TASK|CHECK_REVISE_NEXT_STEP|ESSENTIAL_QUESTION|EVIDENCE_QUALITY|LIMITATION|PROVENANCE,4,False,False,True,False,BOUND_REFERENCE_EVIDENCE_TASK,0,False,False,False,5,True,True,True,1,0,8,none,True,True,False,2678,696,259,eceb2ac87a0bd0b2ff92cf9eef349a93d251838d2046f0d368749a67b0d9e387,,"Sort all evidence as supports, challenges, or does not decide, and justify every placement.",0
ma-hs12-earth-space-environmental-u01-l07,ma-hs12-earth-space-environmental,12,high,hs912-science-h4,h4-high-school,1,7,Investigation,lab/activity,INVESTIGATION_DATA_SHEET,systems and system models,8,INVESTIGATE|EXPLAIN_WITH_EVIDENCE|APPLY_NEW_TASK|CHECK_REVISE_NEXT_STEP|ESSENTIAL_QUESTION|EVIDENCE_QUALITY|LIMITATION|PROVENANCE,3,False,False,True,True,H4_PHYSICAL_INVESTIGATION,5,False,False,False,5,True,True,True,2,4,10,nearby-adult,True,True,False,3381,827,309,2205d52894c98f16ec967798e737946598cf0e194938557794135912d8a73bc7,5ccaed2a6cae24ead393b2570dfb054af9281048b0bfb87d4501c32d922c4e75,"Choose the H4 physical route or the supplied model-data route, complete that route, and answer from the evidence you actually collected or calculated.",0
ma-hs12-earth-space-environmental-u01-l08,ma-hs12-earth-space-environmental,12,high,hs912-science-h4,h4-high-school,1,8,Reteach and varied practice,remediation,STUDENT_WORK_SHEET,spatial and temporal scale,7,EXPLAIN_WITH_EVIDENCE|APPLY_NEW_TASK|CHECK_REVISE_NEXT_STEP|ESSENTIAL_QUESTION|EVIDENCE_QUALITY|LIMITATION|PROVENANCE,4,False,False,True,False,BOUND_REFERENCE_EVIDENCE_TASK,0,False,False,False,5,True,True,True,1,0,8,none,True,True,False,2715,696,259,aa126ef1f82b8308b736a88545ee53a87843eabb00c294af80b52edd69af56f7,,"Correct the candidate claim, explain the exact evidence that makes the correction necessary, and create one fresh example.",0
ma-hs12-earth-space-environmental-u01-l09,ma-hs12-earth-space-environmental,12,high,hs912-science-h4,h4-high-school,1,9,Performance task build,assessment/project,INVESTIGATION_DATA_SHEET,proxy data and indirect evidence,8,PERFORMANCE_EVIDENCE|EXPLAIN_WITH_EVIDENCE|APPLY_NEW_TASK|CHECK_REVISE_NEXT_STEP|ESSENTIAL_QUESTION|EVIDENCE_QUALITY|LIMITATION|PROVENANCE,4,False,False,True,True,H4_PHYSICAL_INVESTIGATION,5,False,False,False,5,True,True,True,2,4,10,nearby-adult,True,True,False,3407,827,313,1c8906c812a653e90f027ece17a22a3ebecfb127af0dca2b50565644bb9e361b,5ccaed2a6cae24ead393b2570dfb054af9281048b0bfb87d4501c32d922c4e75,Use the supplied record to build a claim-evidence-reasoning product that another reader can check line by line.,0
ma-hs12-earth-space-environmental-u01-l10,ma-hs12-earth-space-environmental,12,high,hs912-science-h4,h4-high-school,1,10,Synthesis and review,review,STUDENT_WORK_SHEET,uncertainty in geoscience data,7,EXPLAIN_WITH_EVIDENCE|APPLY_NEW_TASK|CHECK_REVISE_NEXT_STEP|ESSENTIAL_QUESTION|EVIDENCE_QUALITY|LIMITATION|PROVENANCE,3,False,False,True,False,BOUND_REFERENCE_EVIDENCE_TASK,0,False,False,False,5,True,True,True,1,0,8,none,True,True,False,2653,696,259,4683afa7d92bafe574c8f5a5a946a39171a7d59c75d637511931b2fd4218d057,,"Connect at least three evidence items, state the boundary of the conclusion, and answer the unit question.",0
ma-hs12-earth-space-environmental-u01-l11,ma-hs12-earth-space-environmental,12,high,hs912-science-h4,h4-high-school,1,11,Unit assessment,assessment/project,STUDENT_WORK_SHEET,reading and building graphs honestly,8,MASTERY_FRESH_TASK|EXPLAIN_WITH_EVIDENCE|APPLY_NEW_TASK|CHECK_REVISE_NEXT_STEP|ESSENTIAL_QUESTION|EVIDENCE_QUALITY|LIMITATION|PROVENANCE,3,False,False,True,False,BOUND_REFERENCE_EVIDENCE_TASK,0,True,False,False,5,True,True,True,1,0,8,none,True,True,False,2714,696,307,ab676c6f1b87864f1ebbf977738d5a8b7a3d51b851b4e40e2aafa6671e601001,,"Without copying the brief, evaluate the candidate claim, interpret the evidence table, and apply the idea to a new example you create.",0
ma-hs12-earth-space-environmental-u01-l12,ma-hs12-earth-space-environmental,12,high,hs912-science-h4,h4-high-school,1,12,Correction and reflection,remediation,STUDENT_WORK_SHEET,distinguishing correlation and causation,7,EXPLAIN_WITH_EVIDENCE|APPLY_NEW_TASK|CHECK_REVISE_NEXT_STEP|ESSENTIAL_QUESTION|EVIDENCE_QUALITY|LIMITATION|PROVENANCE,4,False,False,True,False,BOUND_REFERENCE_EVIDENCE_TASK,0,False,False,False,5,True,True,True,1,0,8,none,True,True,False,2684,696,259,eceb2ac87a0bd0b2ff92cf9eef349a93d251838d2046f0d368749a67b0d9e387,,"Locate one weakness in an earlier response, revise it with a named evidence code, and state what the revision fixes.",0
ma-hs12-earth-space-environmental-u02-l01,ma-hs12-earth-space-environmental,12,high,hs912-science-h4,h4-high-school,2,1,Launch and diagnostic,concept,STUDENT_WORK_SHEET,nuclear fusion in stellar cores,8,PHENOMENON_QUESTION|EXPLAIN_WITH_EVIDENCE|APPLY_NEW_TASK|CHECK_REVISE_NEXT_STEP|ESSENTIAL_QUESTION|EVIDENCE_QUALITY|LIMITATION|PROVENANCE,4,False,False,True,False,BOUND_REFERENCE_EVIDENCE_TASK,0,False,False,False,5,True,True,True,1,0,8,none,True,True,False,2759,696,307,41922b6ffda0299ffa51f6144c240a4fe93fca303425413c1824b4f3aa7d1729,,"Write an initial explanation, then mark which evidence item would most strongly change it.",0
ma-hs12-earth-space-environmental-u02-l02,ma-hs12-earth-space-environmental,12,high,hs912-science-h4,h4-high-school,2,2,Concept model A,concept,STUDENT_WORK_SHEET,the sun's energy budget and lifespan,7,EXPLAIN_WITH_EVIDENCE|APPLY_NEW_TASK|CHECK_REVISE_NEXT_STEP|ESSENTIAL_QUESTION|EVIDENCE_QUALITY|LIMITATION|PROVENANCE,4,False,False,True,False,BOUND_REFERENCE_EVIDENCE_TASK,0,False,False,False,5,True,True,True,1,0,8,none,True,True,False,2738,696,273,6c17d387a052b911016da737011ec69b6bcdf7bb391255be438e1b9680c76f7d,,Build a labelled model that includes every accepted relationship in the science brief and test it against the case claim.,0
ma-hs12-earth-space-environmental-u02-l03,ma-hs12-earth-space-environmental,12,high,hs912-science-h4,h4-high-school,2,3,Guided practice A,concept,STUDENT_WORK_SHEET,stellar life cycles,7,EXPLAIN_WITH_EVIDENCE|APPLY_NEW_TASK|CHECK_REVISE_NEXT_STEP|ESSENTIAL_QUESTION|EVIDENCE_QUALITY|LIMITATION|PROVENANCE,4,False,False,True,False,BOUND_REFERENCE_EVIDENCE_TASK,0,False,False,False,5,True,True,True,1,0,8,none,True,True,False,2694,696,252,b1e4e282543822fc5886fd41af5abf56d9b19ee933c6dc21a9b1eef36558ef7a,,Use E1 with E2 first; then add E3 and revise any conclusion that no longer fits.,0
ma-hs12-earth-space-environmental-u02-l04,ma-hs12-earth-space-environmental,12,high,hs912-science-h4,h4-high-school,2,4,Independent application A,mastery,STUDENT_WORK_SHEET,nucleosynthesis and element formation,7,EXPLAIN_WITH_EVIDENCE|APPLY_NEW_TASK|CHECK_REVISE_NEXT_STEP|ESSENTIAL_QUESTION|EVIDENCE_QUALITY|LIMITATION|PROVENANCE,4,False,False,True,False,BOUND_REFERENCE_EVIDENCE_TASK,0,False,False,False,5,True,True,True,1,0,8,none,True,True,False,2734,696,259,f08c5f004c918d6e65eb715a4b5d84bd40a46cf829a4e169f9ff7065f0f72c0d,,Evaluate the case claim independently using at least two evidence codes and one stated limitation.,0
ma-hs12-earth-space-environmental-u02-l05,ma-hs12-earth-space-environmental,12,high,hs912-science-h4,h4-high-school,2,5,Concept model B,concept,STUDENT_WORK_SHEET,spectra as compositional evidence,7,EXPLAIN_WITH_EVIDENCE|APPLY_NEW_TASK|CHECK_REVISE_NEXT_STEP|ESSENTIAL_QUESTION|EVIDENCE_QUALITY|LIMITATION|PROVENANCE,4,False,False,True,False,BOUND_REFERENCE_EVIDENCE_TASK,0,False,False,False,5,True,True,True,1,0,8,none,True,True,False,2700,696,259,ae5f683cf07eb8c9b3ee3a536fd12188fef86c4235729df0d53a3497e6abe8b5,,Build a second representation of the same evidence and identify one feature the first model hid.,0
ma-hs12-earth-space-environmental-u02-l06,ma-hs12-earth-space-environmental,12,high,hs912-science-h4,h4-high-school,2,6,Guided practice B,concept,STUDENT_WORK_SHEET,communicating stellar science,7,EXPLAIN_WITH_EVIDENCE|APPLY_NEW_TASK|CHECK_REVISE_NEXT_STEP|ESSENTIAL_QUESTION|EVIDENCE_QUALITY|LIMITATION|PROVENANCE,3,False,False,True,False,BOUND_REFERENCE_EVIDENCE_TASK,0,False,False,False,5,True,True,True,1,0,8,none,True,True,False,2621,696,252,6534be0fb4fff31431f7b007464a5007e60fee2577cd1b514202e535ae3552d3,,"Sort all evidence as supports, challenges, or does not decide, and justify every placement.",0
ma-hs12-earth-space-environmental-u02-l07,ma-hs12-earth-space-environmental,12,high,hs912-science-h4,h4-high-school,2,7,Investigation,lab/activity,INVESTIGATION_DATA_SHEET,nuclear fusion in stellar cores,8,INVESTIGATE|EXPLAIN_WITH_EVIDENCE|APPLY_NEW_TASK|CHECK_REVISE_NEXT_STEP|ESSENTIAL_QUESTION|EVIDENCE_QUALITY|LIMITATION|PROVENANCE,4,False,False,True,True,H4_PHYSICAL_INVESTIGATION,4,True,False,False,5,True,True,True,2,5,10,direct-adult,True,True,False,3556,910,317,41922b6ffda0299ffa51f6144c240a4fe93fca303425413c1824b4f3aa7d1729,387b1445788fc92779eb71676d935d00d12d49768ea50830072fdf95d7264781,"Choose the H4 physical route or the supplied model-data route, complete that route, and answer from the evidence you actually collected or calculated.",0
ma-hs12-earth-space-environmental-u02-l08,ma-hs12-earth-space-environmental,12,high,hs912-science-h4,h4-high-school,2,8,Reteach and varied practice,remediation,STUDENT_WORK_SHEET,the sun's energy budget and lifespan,7,EXPLAIN_WITH_EVIDENCE|APPLY_NEW_TASK|CHECK_REVISE_NEXT_STEP|ESSENTIAL_QUESTION|EVIDENCE_QUALITY|LIMITATION|PROVENANCE,4,False,False,True,False,BOUND_REFERENCE_EVIDENCE_TASK,0,False,False,False,5,True,True,True,1,0,8,none,True,True,False,2737,696,273,6c17d387a052b911016da737011ec69b6bcdf7bb391255be438e1b9680c76f7d,,"Correct the candidate claim, explain the exact evidence that makes the correction necessary, and create one fresh example.",0
ma-hs12-earth-space-environmental-u02-l09,ma-hs12-earth-space-environmental,12,high,hs912-science-h4,h4-high-school,2,9,Performance task build,assessment/project,INVESTIGATION_DATA_SHEET,stellar life cycles,8,PERFORMANCE_EVIDENCE|EXPLAIN_WITH_EVIDENCE|APPLY_NEW_TASK|CHECK_REVISE_NEXT_STEP|ESSENTIAL_QUESTION|EVIDENCE_QUALITY|LIMITATION|PROVENANCE,4,False,False,True,True,H4_PHYSICAL_INVESTIGATION,4,True,False,False,5,True,True,True,2,5,10,direct-adult,True,True,False,3507,910,303,b1e4e282543822fc5886fd41af5abf56d9b19ee933c6dc21a9b1eef36558ef7a,387b1445788fc92779eb71676d935d00d12d49768ea50830072fdf95d7264781,Use the supplied record to build a claim-evidence-reasoning product that another reader can check line by line.,0
ma-hs12-earth-space-environmental-u02-l10,ma-hs12-earth-space-environmental,12,high,hs912-science-h4,h4-high-school,2,10,Synthesis and review,review,STUDENT_WORK_SHEET,nucleosynthesis and element formation,7,EXPLAIN_WITH_EVIDENCE|APPLY_NEW_TASK|CHECK_REVISE_NEXT_STEP|ESSENTIAL_QUESTION|EVIDENCE_QUALITY|LIMITATION|PROVENANCE,4,False,False,True,False,BOUND_REFERENCE_EVIDENCE_TASK,0,False,False,False,5,True,True,True,1,0,8,none,True,True,False,2736,696,259,f08c5f004c918d6e65eb715a4b5d84bd40a46cf829a4e169f9ff7065f0f72c0d,,"Connect at least three evidence items, state the boundary of the conclusion, and answer the unit question.",0
ma-hs12-earth-space-environmental-u02-l11,ma-hs12-earth-space-environmental,12,high,hs912-science-h4,h4-high-school,2,11,Unit assessment,assessment/project,STUDENT_WORK_SHEET,spectra as compositional evidence,8,MASTERY_FRESH_TASK|EXPLAIN_WITH_EVIDENCE|APPLY_NEW_TASK|CHECK_REVISE_NEXT_STEP|ESSENTIAL_QUESTION|EVIDENCE_QUALITY|LIMITATION|PROVENANCE,4,False,False,True,False,BOUND_REFERENCE_EVIDENCE_TASK,0,False,False,False,5,True,True,True,1,0,8,none,True,True,False,2758,696,299,ae5f683cf07eb8c9b3ee3a536fd12188fef86c4235729df0d53a3497e6abe8b5,,"Without copying the brief, evaluate the candidate claim, interpret the evidence table, and apply the idea to a new example you create.",0
ma-hs12-earth-space-environmental-u02-l12,ma-hs12-earth-space-environmental,12,high,hs912-science-h4,h4-high-school,2,12,Correction and reflection,remediation,STUDENT_WORK_SHEET,communicating stellar science,7,EXPLAIN_WITH_EVIDENCE|APPLY_NEW_TASK|CHECK_REVISE_NEXT_STEP|ESSENTIAL_QUESTION|EVIDENCE_QUALITY|LIMITATION|PROVENANCE,3,False,False,True,False,BOUND_REFERENCE_EVIDENCE_TASK,0,False,False,False,5,True,True,True,1,0,8,none,True,True,False,2627,696,252,6534be0fb4fff31431f7b007464a5007e60fee2577cd1b514202e535ae3552d3,,"Locate one weakness in an earlier response, revise it with a named evidence code, and state what the revision fixes.",0
ma-hs12-earth-space-environmental-u03-l01,ma-hs12-earth-space-environmental,12,high,hs912-science-h4,h4-high-school,3,1,Launch and diagnostic,concept,STUDENT_WORK_SHEET,light spectra and redshift,8,PHENOMENON_QUESTION|EXPLAIN_WITH_EVIDENCE|APPLY_NEW_TASK|CHECK_REVISE_NEXT_STEP|ESSENTIAL_QUESTION|EVIDENCE_QUALITY|LIMITATION|PROVENANCE,4,False,False,True,False,BOUND_REFERENCE_EVIDENCE_TASK,0,False,False,False,5,True,True,True,1,0,8,none,True,True,False,2742,696,299,9f1db86e5e95de2bd9e13558c2ee6f02550b9224726acc6bbf0ff472010f0e49,,"Write an initial explanation, then mark which evidence item would most strongly change it.",0
ma-hs12-earth-space-environmental-u03-l02,ma-hs12-earth-space-environmental,12,high,hs912-science-h4,h4-high-school,3,2,Concept model A,concept,STUDENT_WORK_SHEET,motion of distant galaxies,7,EXPLAIN_WITH_EVIDENCE|APPLY_NEW_TASK|CHECK_REVISE_NEXT_STEP|ESSENTIAL_QUESTION|EVIDENCE_QUALITY|LIMITATION|PROVENANCE,4,False,False,True,False,BOUND_REFERENCE_EVIDENCE_TASK,0,False,False,False,5,True,True,True,1,0,8,none,True,True,False,2671,696,259,e40e3264b74754acadf547b86cf3dade20971f0b005655bfcf14da287c49d1b1,,Build a labelled model that includes every accepted relationship in the science brief and test it against the case claim.,0
ma-hs12-earth-space-environmental-u03-l03,ma-hs12-earth-space-environmental,12,high,hs912-science-h4,h4-high-school,3,3,Guided practice A,concept,STUDENT_WORK_SHEET,Hubble's relationship,7,EXPLAIN_WITH_EVIDENCE|APPLY_NEW_TASK|CHECK_REVISE_NEXT_STEP|ESSENTIAL_QUESTION|EVIDENCE_QUALITY|LIMITATION|PROVENANCE,4,False,False,True,False,BOUND_REFERENCE_EVIDENCE_TASK,0,False,False,False,5,True,True,True,1,0,8,none,True,True,False,2613,696,245,0d6a0c92ad2e3df23dedb42b18a533f30d32d1ab5c220714f4ce0e82100be734,,Use E1 with E2 first; then add E3 and revise any conclusion that no longer fits.,0
ma-hs12-earth-space-environmental-u03-l04,ma-hs12-earth-space-environmental,12,high,hs912-science-h4,h4-high-school,3,4,Independent application A,mastery,STUDENT_WORK_SHEET,cosmic microwave background,7,EXPLAIN_WITH_EVIDENCE|APPLY_NEW_TASK|CHECK_REVISE_NEXT_STEP|ESSENTIAL_QUESTION|EVIDENCE_QUALITY|LIMITATION|PROVENANCE,4,False,False,True,False,BOUND_REFERENCE_EVIDENCE_TASK,0,False,False,False,5,True,True,True,1,0,8,none,True,True,False,2675,696,252,e81c264617e997767968678286c0a8529b0c0a3436accf7136894173e866cc49,,Evaluate the case claim independently using at least two evidence codes and one stated limitation.,0
ma-hs12-earth-space-environmental-u03-l05,ma-hs12-earth-space-environmental,12,high,hs912-science-h4,h4-high-school,3,5,Concept model B,concept,STUDENT_WORK_SHEET,composition of matter in the universe,7,EXPLAIN_WITH_EVIDENCE|APPLY_NEW_TASK|CHECK_REVISE_NEXT_STEP|ESSENTIAL_QUESTION|EVIDENCE_QUALITY|LIMITATION|PROVENANCE,4,False,False,True,False,BOUND_REFERENCE_EVIDENCE_TASK,0,False,False,False,5,True,True,True,1,0,8,none,True,True,False,2745,696,273,902b6ee03fefaa8d1a18a4003c9d15a5fbaf4dae7952911f91164941186b9a1e,,Build a second representation of the same evidence and identify one feature the first model hid.,0
ma-hs12-earth-space-environmental-u03-l06,ma-hs12-earth-space-environmental,12,high,hs912-science-h4,h4-high-school,3,6,Guided practice B,concept,STUDENT_WORK_SHEET,constructing an explanation from multiple evidence lines,7,EXPLAIN_WITH_EVIDENCE|APPLY_NEW_TASK|CHECK_REVISE_NEXT_STEP|ESSENTIAL_QUESTION|EVIDENCE_QUALITY|LIMITATION|PROVENANCE,3,False,False,True,False,BOUND_REFERENCE_EVIDENCE_TASK,0,False,False,False,5,True,True,True,1,0,8,none,True,True,False,2697,696,280,16ed8edfa4e8b41e3add0709f36e26e7abbde7a3c890706fa9cc35a5cd9e8bc1,,"Sort all evidence as supports, challenges, or does not decide, and justify every placement.",0
ma-hs12-earth-space-environmental-u03-l07,ma-hs12-earth-space-environmental,12,high,hs912-science-h4,h4-high-school,3,7,Investigation,lab/activity,INVESTIGATION_DATA_SHEET,light spectra and redshift,8,INVESTIGATE|EXPLAIN_WITH_EVIDENCE|APPLY_NEW_TASK|CHECK_REVISE_NEXT_STEP|ESSENTIAL_QUESTION|EVIDENCE_QUALITY|LIMITATION|PROVENANCE,4,False,False,True,True,H4_PHYSICAL_INVESTIGATION,4,False,False,False,5,True,True,True,2,4,10,none,True,True,False,3403,802,309,9f1db86e5e95de2bd9e13558c2ee6f02550b9224726acc6bbf0ff472010f0e49,7e28873da05a6e8c3fab3b8322eed87766f90092b0f2187f0c400e965e696267,"Choose the H4 physical route or the supplied model-data route, complete that route, and answer from the evidence you actually collected or calculated.",0
ma-hs12-earth-space-environmental-u03-l08,ma-hs12-earth-space-environmental,12,high,hs912-science-h4,h4-high-school,3,8,Reteach and varied practice,remediation,STUDENT_WORK_SHEET,motion of distant galaxies,7,EXPLAIN_WITH_EVIDENCE|APPLY_NEW_TASK|CHECK_REVISE_NEXT_STEP|ESSENTIAL_QUESTION|EVIDENCE_QUALITY|LIMITATION|PROVENANCE,4,False,False,True,False,BOUND_REFERENCE_EVIDENCE_TASK,0,False,False,False,5,True,True,True,1,0,8,none,True,True,False,2670,696,259,e40e3264b74754acadf547b86cf3dade20971f0b005655bfcf14da287c49d1b1,,"Correct the candidate claim, explain the exact evidence that makes the correction necessary, and create one fresh example.",0
ma-hs12-earth-space-environmental-u03-l09,ma-hs12-earth-space-environmental,12,high,hs912-science-h4,h4-high-school,3,9,Performance task build,assessment/project,INVESTIGATION_DATA_SHEET,Hubble's relationship,8,PERFORMANCE_EVIDENCE|EXPLAIN_WITH_EVIDENCE|APPLY_NEW_TASK|CHECK_REVISE_NEXT_STEP|ESSENTIAL_QUESTION|EVIDENCE_QUALITY|LIMITATION|PROVENANCE,4,False,False,True,True,H4_PHYSICAL_INVESTIGATION,4,False,False,False,5,True,True,True,2,4,10,none,True,True,False,3284,802,291,0d6a0c92ad2e3df23dedb42b18a533f30d32d1ab5c220714f4ce0e82100be734,7e28873da05a6e8c3fab3b8322eed87766f90092b0f2187f0c400e965e696267,Use the supplied record to build a claim-evidence-reasoning product that another reader can check line by line.,0
ma-hs12-earth-space-environmental-u03-l10,ma-hs12-earth-space-environmental,12,high,hs912-science-h4,h4-high-school,3,10,Synthesis and review,review,STUDENT_WORK_SHEET,cosmic microwave background,7,EXPLAIN_WITH_EVIDENCE|APPLY_NEW_TASK|CHECK_REVISE_NEXT_STEP|ESSENTIAL_QUESTION|EVIDENCE_QUALITY|LIMITATION|PROVENANCE,4,False,False,True,False,BOUND_REFERENCE_EVIDENCE_TASK,0,False,False,False,5,True,True,True,1,0,8,none,True,True,False,2677,696,252,e81c264617e997767968678286c0a8529b0c0a3436accf7136894173e866cc49,,"Connect at least three evidence items, state the boundary of the conclusion, and answer the unit question.",0
ma-hs12-earth-space-environmental-u03-l11,ma-hs12-earth-space-environmental,12,high,hs912-science-h4,h4-high-school,3,11,Unit assessment,assessment/project,STUDENT_WORK_SHEET,composition of matter in the universe,8,MASTERY_FRESH_TASK|EXPLAIN_WITH_EVIDENCE|APPLY_NEW_TASK|CHECK_REVISE_NEXT_STEP|ESSENTIAL_QUESTION|EVIDENCE_QUALITY|LIMITATION|PROVENANCE,4,False,False,True,False,BOUND_REFERENCE_EVIDENCE_TASK,0,False,False,False,5,True,True,True,1,0,8,none,True,True,False,2807,696,315,902b6ee03fefaa8d1a18a4003c9d15a5fbaf4dae7952911f91164941186b9a1e,,"Without copying the brief, evaluate the candidate claim, interpret the evidence table, and apply the idea to a new example you create.",0
ma-hs12-earth-space-environmental-u03-l12,ma-hs12-earth-space-environmental,12,high,hs912-science-h4,h4-high-school,3,12,Correction and reflection,remediation,STUDENT_WORK_SHEET,constructing an explanation from multiple evidence lines,7,EXPLAIN_WITH_EVIDENCE|APPLY_NEW_TASK|CHECK_REVISE_NEXT_STEP|ESSENTIAL_QUESTION|EVIDENCE_QUALITY|LIMITATION|PROVENANCE,3,False,False,True,False,BOUND_REFERENCE_EVIDENCE_TASK,0,False,False,False,5,True,True,True,1,0,8,none,True,True,False,2703,696,280,16ed8edfa4e8b41e3add0709f36e26e7abbde7a3c890706fa9cc35a5cd9e8bc1,,"Locate one weakness in an earlier response, revise it with a named evidence code, and state what the revision fixes.",0
ma-hs12-earth-space-environmental-u04-l01,ma-hs12-earth-space-environmental,12,high,hs912-science-h4,h4-high-school,4,1,Launch and diagnostic,concept,STUDENT_WORK_SHEET,gravitational orbits,8,PHENOMENON_QUESTION|EXPLAIN_WITH_EVIDENCE|APPLY_NEW_TASK|CHECK_REVISE_NEXT_STEP|ESSENTIAL_QUESTION|EVIDENCE_QUALITY|LIMITATION|PROVENANCE,4,False,False,True,False,BOUND_REFERENCE_EVIDENCE_TASK,0,False,False,False,5,True,True,True,1,0,8,none,True,True,False,2712,696,283,b6059c108599d4e50aa18d1dde0750d1441c7a0357b15883fe6e0ed0f6e57d22,,"Write an initial explanation, then mark which evidence item would most strongly change it.",0
ma-hs12-earth-space-environmental-u04-l02,ma-hs12-earth-space-environmental,12,high,hs912-science-h4,h4-high-school,4,2,Concept model A,concept,STUDENT_WORK_SHEET,Kepler's relationships,7,EXPLAIN_WITH_EVIDENCE|APPLY_NEW_TASK|CHECK_REVISE_NEXT_STEP|ESSENTIAL_QUESTION|EVIDENCE_QUALITY|LIMITATION|PROVENANCE,4,False,False,True,False,BOUND_REFERENCE_EVIDENCE_TASK,0,False,False,False,5,True,True,True,1,0,8,none,True,True,False,2632,696,245,7f5477b1e9ece4eacd37bb1ecbd46e16618470f207a92b6cd8477362bc48185b,,Build a labelled model that includes every accepted relationship in the science brief and test it against the case claim.,0
ma-hs12-earth-space-environmental-u04-l03,ma-hs12-earth-space-environmental,12,high,hs912-science-h4,h4-high-school,4,3,Guided practice A,concept,STUDENT_WORK_SHEET,orbital period and radius,7,EXPLAIN_WITH_EVIDENCE|APPLY_NEW_TASK|CHECK_REVISE_NEXT_STEP|ESSENTIAL_QUESTION|EVIDENCE_QUALITY|LIMITATION|PROVENANCE,4,False,False,True,False,BOUND_REFERENCE_EVIDENCE_TASK,0,False,False,False,5,True,True,True,1,0,8,none,True,True,False,2667,696,259,f27e3ade69c27e3722064203eaab6b687a6490ed127613ae489f2793a5ae562c,,Use E1 with E2 first; then add E3 and revise any conclusion that no longer fits.,0
ma-hs12-earth-space-environmental-u04-l04,ma-hs12-earth-space-environmental,12,high,hs912-science-h4,h4-high-school,4,4,Independent application A,mastery,STUDENT_WORK_SHEET,elliptical orbits and orbital energy,7,EXPLAIN_WITH_EVIDENCE|APPLY_NEW_TASK|CHECK_REVISE_NEXT_STEP|ESSENTIAL_QUESTION|EVIDENCE_QUALITY|LIMITATION|PROVENANCE,4,False,False,True,False,BOUND_REFERENCE_EVIDENCE_TASK,0,False,False,False,5,True,True,True,1,0,8,none,True,True,False,2709,696,266,1c8080622bc6fb94a3adc7882ca4e034040be930cff0ded1150a764176a3ed55,,Evaluate the case claim independently using at least two evidence codes and one stated limitation.,0
ma-hs12-earth-space-environmental-u04-l05,ma-hs12-earth-space-environmental,12,high,hs912-science-h4,h4-high-school,4,5,Concept model B,concept,STUDENT_WORK_SHEET,computational prediction of orbits,7,EXPLAIN_WITH_EVIDENCE|APPLY_NEW_TASK|CHECK_REVISE_NEXT_STEP|ESSENTIAL_QUESTION|EVIDENCE_QUALITY|LIMITATION|PROVENANCE,3,False,False,True,False,BOUND_REFERENCE_EVIDENCE_TASK,0,False,False,False,5,True,True,True,1,0,8,none,True,True,False,2626,696,259,3ffbe285991b7d322fa57a765ee2ecc171fbf42bce0a5479495b007d7a0e0136,,Build a second representation of the same evidence and identify one feature the first model hid.,0
ma-hs12-earth-space-environmental-u04-l06,ma-hs12-earth-space-environmental,12,high,hs912-science-h4,h4-high-school,4,6,Guided practice B,concept,STUDENT_WORK_SHEET,solar system architecture,7,EXPLAIN_WITH_EVIDENCE|APPLY_NEW_TASK|CHECK_REVISE_NEXT_STEP|ESSENTIAL_QUESTION|EVIDENCE_QUALITY|LIMITATION|PROVENANCE,4,False,False,True,False,BOUND_REFERENCE_EVIDENCE_TASK,0,False,False,False,5,True,True,True,1,0,8,none,True,True,False,2683,696,252,c377633cb6db6f497631e293dcf03172c28dba6645c70fec5ec4b8dab1690137,,"Sort all evidence as supports, challenges, or does not decide, and justify every placement.",0
ma-hs12-earth-space-environmental-u04-l07,ma-hs12-earth-space-environmental,12,high,hs912-science-h4,h4-high-school,4,7,Investigation,lab/activity,INVESTIGATION_DATA_SHEET,gravitational orbits,8,INVESTIGATE|EXPLAIN_WITH_EVIDENCE|APPLY_NEW_TASK|CHECK_REVISE_NEXT_STEP|ESSENTIAL_QUESTION|EVIDENCE_QUALITY|LIMITATION|PROVENANCE,4,False,False,True,True,H4_PHYSICAL_INVESTIGATION,5,False,False,False,5,True,True,True,1,4,9,none,True,True,False,3339,777,293,b6059c108599d4e50aa18d1dde0750d1441c7a0357b15883fe6e0ed0f6e57d22,d46086537fb289735d0a365b6a28043aa5d928566df0146438bc9e13c8b0e029,"Choose the H4 physical route or the supplied model-data route, complete that route, and answer from the evidence you actually collected or calculated.",0
ma-hs12-earth-space-environmental-u04-l08,ma-hs12-earth-space-environmental,12,high,hs912-science-h4,h4-high-school,4,8,Reteach and varied practice,remediation,STUDENT_WORK_SHEET,Kepler's relationships,7,EXPLAIN_WITH_EVIDENCE|APPLY_NEW_TASK|CHECK_REVISE_NEXT_STEP|ESSENTIAL_QUESTION|EVIDENCE_QUALITY|LIMITATION|PROVENANCE,4,False,False,True,False,BOUND_REFERENCE_EVIDENCE_TASK,0,False,False,False,5,True,True,True,1,0,8,none,True,True,False,2631,696,245,7f5477b1e9ece4eacd37bb1ecbd46e16618470f207a92b6cd8477362bc48185b,,"Correct the candidate claim, explain the exact evidence that makes the correction necessary, and create one fresh example.",0
ma-hs12-earth-space-environmental-u04-l09,ma-hs12-earth-space-environmental,12,high,hs912-science-h4,h4-high-school,4,9,Performance task build,assessment/project,INVESTIGATION_DATA_SHEET,orbital period and radius,8,PERFORMANCE_EVIDENCE|EXPLAIN_WITH_EVIDENCE|APPLY_NEW_TASK|CHECK_REVISE_NEXT_STEP|ESSENTIAL_QUESTION|EVIDENCE_QUALITY|LIMITATION|PROVENANCE,4,False,False,True,True,H4_PHYSICAL_INVESTIGATION,5,False,False,False,5,True,True,True,1,4,9,none,True,True,False,3305,777,304,f27e3ade69c27e3722064203eaab6b687a6490ed127613ae489f2793a5ae562c,d46086537fb289735d0a365b6a28043aa5d928566df0146438bc9e13c8b0e029,Use the supplied record to build a claim-evidence-reasoning product that another reader can check line by line.,0
ma-hs12-earth-space-environmental-u04-l10,ma-hs12-earth-space-environmental,12,high,hs912-science-h4,h4-high-school,4,10,Synthesis and review,review,STUDENT_WORK_SHEET,elliptical orbits and orbital energy,7,EXPLAIN_WITH_EVIDENCE|APPLY_NEW_TASK|CHECK_REVISE_NEXT_STEP|ESSENTIAL_QUESTION|EVIDENCE_QUALITY|LIMITATION|PROVENANCE,4,False,False,True,False,BOUND_REFERENCE_EVIDENCE_TASK,0,False,False,False,5,True,True,True,1,0,8,none,True,True,False,2711,696,266,1c8080622bc6fb94a3adc7882ca4e034040be930cff0ded1150a764176a3ed55,,"Connect at least three evidence items, state the boundary of the conclusion, and answer the unit question.",0
ma-hs12-earth-space-environmental-u04-l11,ma-hs12-earth-space-environmental,12,high,hs912-science-h4,h4-high-school,4,11,Unit assessment,assessment/project,STUDENT_WORK_SHEET,computational prediction of orbits,8,MASTERY_FRESH_TASK|EXPLAIN_WITH_EVIDENCE|APPLY_NEW_TASK|CHECK_REVISE_NEXT_STEP|ESSENTIAL_QUESTION|EVIDENCE_QUALITY|LIMITATION|PROVENANCE,3,False,False,True,False,BOUND_REFERENCE_EVIDENCE_TASK,0,False,False,False,5,True,True,True,1,0,8,none,True,True,False,2684,696,299,3ffbe285991b7d322fa57a765ee2ecc171fbf42bce0a5479495b007d7a0e0136,,"Without copying the brief, evaluate the candidate claim, interpret the evidence table, and apply the idea to a new example you create.",0
ma-hs12-earth-space-environmental-u04-l12,ma-hs12-earth-space-environmental,12,high,hs912-science-h4,h4-high-school,4,12,Correction and reflection,remediation,STUDENT_WORK_SHEET,solar system architecture,7,EXPLAIN_WITH_EVIDENCE|APPLY_NEW_TASK|CHECK_REVISE_NEXT_STEP|ESSENTIAL_QUESTION|EVIDENCE_QUALITY|LIMITATION|PROVENANCE,4,False,False,True,False,BOUND_REFERENCE_EVIDENCE_TASK,0,False,False,False,5,True,True,True,1,0,8,none,True,True,False,2689,696,252,c377633cb6db6f497631e293dcf03172c28dba6645c70fec5ec4b8dab1690137,,"Locate one weakness in an earlier response, revise it with a named evidence code, and state what the revision fixes.",0
ma-hs12-earth-space-environmental-u05-l01,ma-hs12-earth-space-environmental,12,high,hs912-science-h4,h4-high-school,5,1,Launch and diagnostic,concept,STUDENT_WORK_SHEET,evidence for plate motion,8,PHENOMENON_QUESTION|EXPLAIN_WITH_EVIDENCE|APPLY_NEW_TASK|CHECK_REVISE_NEXT_STEP|ESSENTIAL_QUESTION|EVIDENCE_QUALITY|LIMITATION|PROVENANCE,4,False,False,True,False,BOUND_REFERENCE_EVIDENCE_TASK,0,False,False,False,5,True,True,True,1,0,8,none,True,True,False,2729,696,299,5c26fb9f8470da61901f0c32e7afeba5ae5163978f4e955cefcdd0db0fde412e,,"Write an initial explanation, then mark which evidence item would most strongly change it.",0
ma-hs12-earth-space-environmental-u05-l02,ma-hs12-earth-space-environmental,12,high,hs912-science-h4,h4-high-school,5,2,Concept model A,concept,STUDENT_WORK_SHEET,seafloor age and magnetic striping,7,EXPLAIN_WITH_EVIDENCE|APPLY_NEW_TASK|CHECK_REVISE_NEXT_STEP|ESSENTIAL_QUESTION|EVIDENCE_QUALITY|LIMITATION|PROVENANCE,4,False,False,True,False,BOUND_REFERENCE_EVIDENCE_TASK,0,False,False,False,5,True,True,True,1,0,8,none,True,True,False,2712,696,266,65bb4b39568eb6c525901cabf31e547a1e5f0e859b4ac15f05cd519c8115be9f,,Build a labelled model that includes every accepted relationship in the science brief and test it against the case claim.,0
ma-hs12-earth-space-environmental-u05-l03,ma-hs12-earth-space-environmental,12,high,hs912-science-h4,h4-high-school,5,3,Guided practice A,concept,STUDENT_WORK_SHEET,convection in Earth's interior,7,EXPLAIN_WITH_EVIDENCE|APPLY_NEW_TASK|CHECK_REVISE_NEXT_STEP|ESSENTIAL_QUESTION|EVIDENCE_QUALITY|LIMITATION|PROVENANCE,4,False,False,True,False,BOUND_REFERENCE_EVIDENCE_TASK,0,False,False,False,5,True,True,True,1,0,8,none,True,True,False,2696,696,259,3bee5baa16ddfa5cefe31d2b977f4d25bed94a6093e43777b778c73b64db1a6e,,Use E1 with E2 first; then add E3 and revise any conclusion that no longer fits.,0
ma-hs12-earth-space-environmental-u05-l04,ma-hs12-earth-space-environmental,12,high,hs912-science-h4,h4-high-school,5,4,Independent application A,mastery,STUDENT_WORK_SHEET,continental and oceanic crust formation,7,EXPLAIN_WITH_EVIDENCE|APPLY_NEW_TASK|CHECK_REVISE_NEXT_STEP|ESSENTIAL_QUESTION|EVIDENCE_QUALITY|LIMITATION|PROVENANCE,4,False,False,True,False,BOUND_REFERENCE_EVIDENCE_TASK,0,False,False,False,5,True,True,True,1,0,8,none,True,True,False,2696,696,266,18ce9a9fdf83e57ec1c54a00f6850d71a3a3c4956fbeb850623dd4d36573c171,,Evaluate the case claim independently using at least two evidence codes and one stated limitation.,0
ma-hs12-earth-space-environmental-u05-l05,ma-hs12-earth-space-environmental,12,high,hs912-science-h4,h4-high-school,5,5,Concept model B,concept,STUDENT_WORK_SHEET,radiometric dating and Earth's age,7,EXPLAIN_WITH_EVIDENCE|APPLY_NEW_TASK|CHECK_REVISE_NEXT_STEP|ESSENTIAL_QUESTION|EVIDENCE_QUALITY|LIMITATION|PROVENANCE,4,False,False,True,False,BOUND_REFERENCE_EVIDENCE_TASK,0,False,False,False,5,True,True,True,1,0,8,none,True,True,False,2727,696,266,c0626bf24b25123639b25ab5faccad8b07cfa272190260f25b1b0465b4b504f3,,Build a second representation of the same evidence and identify one feature the first model hid.,0
ma-hs12-earth-space-environmental-u05-l06,ma-hs12-earth-space-environmental,12,high,hs912-science-h4,h4-high-school,5,6,Guided practice B,concept,STUDENT_WORK_SHEET,reconstructing geologic history,7,EXPLAIN_WITH_EVIDENCE|APPLY_NEW_TASK|CHECK_REVISE_NEXT_STEP|ESSENTIAL_QUESTION|EVIDENCE_QUALITY|LIMITATION|PROVENANCE,3,False,False,True,False,BOUND_REFERENCE_EVIDENCE_TASK,0,False,False,False,5,True,True,True,1,0,8,none,True,True,False,2612,696,252,bb666a95e1a95f935e50c443d8e09343cb5dea0c50a54e095270e495209507f9,,"Sort all evidence as supports, challenges, or does not decide, and justify every placement.",0
ma-hs12-earth-space-environmental-u05-l07,ma-hs12-earth-space-environmental,12,high,hs912-science-h4,h4-high-school,5,7,Investigation,lab/activity,INVESTIGATION_DATA_SHEET,evidence for plate motion,8,INVESTIGATE|EXPLAIN_WITH_EVIDENCE|APPLY_NEW_TASK|CHECK_REVISE_NEXT_STEP|ESSENTIAL_QUESTION|EVIDENCE_QUALITY|LIMITATION|PROVENANCE,4,False,False,True,True,H4_PHYSICAL_INVESTIGATION,4,False,False,False,5,True,True,True,2,5,10,nearby-adult,True,True,False,3496,843,309,5c26fb9f8470da61901f0c32e7afeba5ae5163978f4e955cefcdd0db0fde412e,70562f56445d2fdaca31ecb97b83189966095ec54697cf0577413204c09a2f1c,"Choose the H4 physical route or the supplied model-data route, complete that route, and answer from the evidence you actually collected or calculated.",0
ma-hs12-earth-space-environmental-u05-l08,ma-hs12-earth-space-environmental,12,high,hs912-science-h4,h4-high-school,5,8,Reteach and varied practice,remediation,STUDENT_WORK_SHEET,seafloor age and magnetic striping,7,EXPLAIN_WITH_EVIDENCE|APPLY_NEW_TASK|CHECK_REVISE_NEXT_STEP|ESSENTIAL_QUESTION|EVIDENCE_QUALITY|LIMITATION|PROVENANCE,4,False,False,True,False,BOUND_REFERENCE_EVIDENCE_TASK,0,False,False,False,5,True,True,True,1,0,8,none,True,True,False,2711,696,266,65bb4b39568eb6c525901cabf31e547a1e5f0e859b4ac15f05cd519c8115be9f,,"Correct the candidate claim, explain the exact evidence that makes the correction necessary, and create one fresh example.",0
ma-hs12-earth-space-environmental-u05-l09,ma-hs12-earth-space-environmental,12,high,hs912-science-h4,h4-high-school,5,9,Performance task build,assessment/project,INVESTIGATION_DATA_SHEET,convection in Earth's interior,8,PERFORMANCE_EVIDENCE|EXPLAIN_WITH_EVIDENCE|APPLY_NEW_TASK|CHECK_REVISE_NEXT_STEP|ESSENTIAL_QUESTION|EVIDENCE_QUALITY|LIMITATION|PROVENANCE,4,False,False,True,True,H4_PHYSICAL_INVESTIGATION,4,False,False,False,5,True,True,True,2,5,10,nearby-adult,True,True,False,3481,843,311,3bee5baa16ddfa5cefe31d2b977f4d25bed94a6093e43777b778c73b64db1a6e,70562f56445d2fdaca31ecb97b83189966095ec54697cf0577413204c09a2f1c,Use the supplied record to build a claim-evidence-reasoning product that another reader can check line by line.,0
ma-hs12-earth-space-environmental-u05-l10,ma-hs12-earth-space-environmental,12,high,hs912-science-h4,h4-high-school,5,10,Synthesis and review,review,STUDENT_WORK_SHEET,continental and oceanic crust formation,7,EXPLAIN_WITH_EVIDENCE|APPLY_NEW_TASK|CHECK_REVISE_NEXT_STEP|ESSENTIAL_QUESTION|EVIDENCE_QUALITY|LIMITATION|PROVENANCE,4,False,False,True,False,BOUND_REFERENCE_EVIDENCE_TASK,0,False,False,False,5,True,True,True,1,0,8,none,True,True,False,2698,696,266,18ce9a9fdf83e57ec1c54a00f6850d71a3a3c4956fbeb850623dd4d36573c171,,"Connect at least three evidence items, state the boundary of the conclusion, and answer the unit question.",0
ma-hs12-earth-space-environmental-u05-l11,ma-hs12-earth-space-environmental,12,high,hs912-science-h4,h4-high-school,5,11,Unit assessment,assessment/project,STUDENT_WORK_SHEET,radiometric dating and Earth's age,8,MASTERY_FRESH_TASK|EXPLAIN_WITH_EVIDENCE|APPLY_NEW_TASK|CHECK_REVISE_NEXT_STEP|ESSENTIAL_QUESTION|EVIDENCE_QUALITY|LIMITATION|PROVENANCE,4,False,False,True,False,BOUND_REFERENCE_EVIDENCE_TASK,0,False,False,False,5,True,True,True,1,0,8,none,True,True,False,2787,696,307,c0626bf24b25123639b25ab5faccad8b07cfa272190260f25b1b0465b4b504f3,,"Without copying the brief, evaluate the candidate claim, interpret the evidence table, and apply the idea to a new example you create.",0
ma-hs12-earth-space-environmental-u05-l12,ma-hs12-earth-space-environmental,12,high,hs912-science-h4,h4-high-school,5,12,Correction and reflection,remediation,STUDENT_WORK_SHEET,reconstructing geologic history,7,EXPLAIN_WITH_EVIDENCE|APPLY_NEW_TASK|CHECK_REVISE_NEXT_STEP|ESSENTIAL_QUESTION|EVIDENCE_QUALITY|LIMITATION|PROVENANCE,3,False,False,True,False,BOUND_REFERENCE_EVIDENCE_TASK,0,False,False,False,5,True,True,True,1,0,8,none,True,True,False,2618,696,252,bb666a95e1a95f935e50c443d8e09343cb5dea0c50a54e095270e495209507f9,,"Locate one weakness in an earlier response, revise it with a named evidence code, and state what the revision fixes.",0
ma-hs12-earth-space-environmental-u06-l01,ma-hs12-earth-space-environmental,12,high,hs912-science-h4,h4-high-school,6,1,Launch and diagnostic,concept,STUDENT_WORK_SHEET,weathering and erosion,8,PHENOMENON_QUESTION|EXPLAIN_WITH_EVIDENCE|APPLY_NEW_TASK|CHECK_REVISE_NEXT_STEP|ESSENTIAL_QUESTION|EVIDENCE_QUALITY|LIMITATION|PROVENANCE,4,False,False,True,False,BOUND_REFERENCE_EVIDENCE_TASK,0,False,False,False,5,True,True,True,1,0,8,none,True,True,False,2712,696,291,c92b9e27efddccd83c7a143e2648ea478fa06a12398dbd8f76dde19ebfd9f473,,"Write an initial explanation, then mark which evidence item would most strongly change it.",0
ma-hs12-earth-space-environmental-u06-l02,ma-hs12-earth-space-environmental,12,high,hs912-science-h4,h4-high-school,6,2,Concept model A,concept,STUDENT_WORK_SHEET,the special properties of water,7,EXPLAIN_WITH_EVIDENCE|APPLY_NEW_TASK|CHECK_REVISE_NEXT_STEP|ESSENTIAL_QUESTION|EVIDENCE_QUALITY|LIMITATION|PROVENANCE,4,False,False,True,False,BOUND_REFERENCE_EVIDENCE_TASK,0,False,False,False,5,True,True,True,1,0,8,none,True,True,False,2724,696,266,76d63cab4a599983ed5a989256931d06be087d8312abb64ed43b644fff4b1360,,Build a labelled model that includes every accepted relationship in the science brief and test it against the case claim.,0
ma-hs12-earth-space-environmental-u06-l03,ma-hs12-earth-space-environmental,12,high,hs912-science-h4,h4-high-school,6,3,Guided practice A,concept,STUDENT_WORK_SHEET,surface water and groundwater systems,7,EXPLAIN_WITH_EVIDENCE|APPLY_NEW_TASK|CHECK_REVISE_NEXT_STEP|ESSENTIAL_QUESTION|EVIDENCE_QUALITY|LIMITATION|PROVENANCE,4,False,False,True,False,BOUND_REFERENCE_EVIDENCE_TASK,0,False,False,False,5,True,True,True,1,0,8,none,True,True,False,2716,696,266,94f714c430897fd40ad8be9eb91f7268d901e3f2b7cad2b40f63fad3c8ae7939,,Use E1 with E2 first; then add E3 and revise any conclusion that no longer fits.,0
ma-hs12-earth-space-environmental-u06-l04,ma-hs12-earth-space-environmental,12,high,hs912-science-h4,h4-high-school,6,4,Independent application A,mastery,STUDENT_WORK_SHEET,feedbacks between Earth systems,7,EXPLAIN_WITH_EVIDENCE|APPLY_NEW_TASK|CHECK_REVISE_NEXT_STEP|ESSENTIAL_QUESTION|EVIDENCE_QUALITY|LIMITATION|PROVENANCE,4,False,False,True,False,BOUND_REFERENCE_EVIDENCE_TASK,0,False,False,False,5,True,True,True,1,0,8,none,True,True,False,2693,696,259,6d279914ab7a7eb98c990514cf96900ba7390b60c41d9d470d5af20738e861c9,,Evaluate the case claim independently using at least two evidence codes and one stated limitation.,0
ma-hs12-earth-space-environmental-u06-l05,ma-hs12-earth-space-environmental,12,high,hs912-science-h4,h4-high-school,6,5,Concept model B,concept,STUDENT_WORK_SHEET,human alteration of surface processes,7,EXPLAIN_WITH_EVIDENCE|APPLY_NEW_TASK|CHECK_REVISE_NEXT_STEP|ESSENTIAL_QUESTION|EVIDENCE_QUALITY|LIMITATION|PROVENANCE,3,False,False,True,False,BOUND_REFERENCE_EVIDENCE_TASK,0,False,False,False,5,True,True,True,1,0,8,none,True,True,False,2658,696,266,2e564a93686171520b41eb2bcd2bf73eab84b8f66f22bf2bb79a30242e1a3def,,Build a second representation of the same evidence and identify one feature the first model hid.,0
ma-hs12-earth-space-environmental-u06-l06,ma-hs12-earth-space-environmental,12,high,hs912-science-h4,h4-high-school,6,6,Guided practice B,concept,STUDENT_WORK_SHEET,investigating water and Earth materials,7,EXPLAIN_WITH_EVIDENCE|APPLY_NEW_TASK|CHECK_REVISE_NEXT_STEP|ESSENTIAL_QUESTION|EVIDENCE_QUALITY|LIMITATION|PROVENANCE,3,False,False,True,False,BOUND_REFERENCE_EVIDENCE_TASK,0,False,False,False,5,True,True,True,1,0,8,none,True,True,False,2671,696,266,dc14c64f06131b684d907eb92632cdb31c9bacd5c9b918a8ab0504360d14362d,,"Sort all evidence as supports, challenges, or does not decide, and justify every placement.",0
ma-hs12-earth-space-environmental-u06-l07,ma-hs12-earth-space-environmental,12,high,hs912-science-h4,h4-high-school,6,7,Investigation,lab/activity,INVESTIGATION_DATA_SHEET,weathering and erosion,8,INVESTIGATE|EXPLAIN_WITH_EVIDENCE|APPLY_NEW_TASK|CHECK_REVISE_NEXT_STEP|ESSENTIAL_QUESTION|EVIDENCE_QUALITY|LIMITATION|PROVENANCE,4,False,False,True,True,H4_PHYSICAL_INVESTIGATION,5,True,False,False,5,True,True,True,4,5,10,nearby-adult,True,True,False,3615,992,301,c92b9e27efddccd83c7a143e2648ea478fa06a12398dbd8f76dde19ebfd9f473,9c6a9b2028b1c776b0f1a2a11e11cb09bafca6e2b9d8964bf6655495c03fbe38,"Choose the H4 physical route or the supplied model-data route, complete that route, and answer from the evidence you actually collected or calculated.",0
ma-hs12-earth-space-environmental-u06-l08,ma-hs12-earth-space-environmental,12,high,hs912-science-h4,h4-high-school,6,8,Reteach and varied practice,remediation,STUDENT_WORK_SHEET,the special properties of water,7,EXPLAIN_WITH_EVIDENCE|APPLY_NEW_TASK|CHECK_REVISE_NEXT_STEP|ESSENTIAL_QUESTION|EVIDENCE_QUALITY|LIMITATION|PROVENANCE,4,False,False,True,False,BOUND_REFERENCE_EVIDENCE_TASK,0,False,False,False,5,True,True,True,1,0,8,none,True,True,False,2723,696,266,76d63cab4a599983ed5a989256931d06be087d8312abb64ed43b644fff4b1360,,"Correct the candidate claim, explain the exact evidence that makes the correction necessary, and create one fresh example.",0
ma-hs12-earth-space-environmental-u06-l09,ma-hs12-earth-space-environmental,12,high,hs912-science-h4,h4-high-school,6,9,Performance task build,assessment/project,INVESTIGATION_DATA_SHEET,surface water and groundwater systems,8,PERFORMANCE_EVIDENCE|EXPLAIN_WITH_EVIDENCE|APPLY_NEW_TASK|CHECK_REVISE_NEXT_STEP|ESSENTIAL_QUESTION|EVIDENCE_QUALITY|LIMITATION|PROVENANCE,4,False,False,True,True,H4_PHYSICAL_INVESTIGATION,5,True,False,False,5,True,True,True,4,5,10,nearby-adult,True,True,False,3640,992,320,94f714c430897fd40ad8be9eb91f7268d901e3f2b7cad2b40f63fad3c8ae7939,9c6a9b2028b1c776b0f1a2a11e11cb09bafca6e2b9d8964bf6655495c03fbe38,Use the supplied record to build a claim-evidence-reasoning product that another reader can check line by line.,0
ma-hs12-earth-space-environmental-u06-l10,ma-hs12-earth-space-environmental,12,high,hs912-science-h4,h4-high-school,6,10,Synthesis and review,review,STUDENT_WORK_SHEET,feedbacks between Earth systems,7,EXPLAIN_WITH_EVIDENCE|APPLY_NEW_TASK|CHECK_REVISE_NEXT_STEP|ESSENTIAL_QUESTION|EVIDENCE_QUALITY|LIMITATION|PROVENANCE,4,False,False,True,False,BOUND_REFERENCE_EVIDENCE_TASK,0,False,False,False,5,True,True,True,1,0,8,none,True,True,False,2695,696,259,6d279914ab7a7eb98c990514cf96900ba7390b60c41d9d470d5af20738e861c9,,"Connect at least three evidence items, state the boundary of the conclusion, and answer the unit question.",0
ma-hs12-earth-space-environmental-u06-l11,ma-hs12-earth-space-environmental,12,high,hs912-science-h4,h4-high-school,6,11,Unit assessment,assessment/project,STUDENT_WORK_SHEET,human alteration of surface processes,8,MASTERY_FRESH_TASK|EXPLAIN_WITH_EVIDENCE|APPLY_NEW_TASK|CHECK_REVISE_NEXT_STEP|ESSENTIAL_QUESTION|EVIDENCE_QUALITY|LIMITATION|PROVENANCE,3,False,False,True,False,BOUND_REFERENCE_EVIDENCE_TASK,0,False,False,False,5,True,True,True,1,0,8,none,True,True,False,2718,696,307,2e564a93686171520b41eb2bcd2bf73eab84b8f66f22bf2bb79a30242e1a3def,,"Without copying the brief, evaluate the candidate claim, interpret the evidence table, and apply the idea to a new example you create.",0
ma-hs12-earth-space-environmental-u06-l12,ma-hs12-earth-space-environmental,12,high,hs912-science-h4,h4-high-school,6,12,Correction and reflection,remediation,STUDENT_WORK_SHEET,investigating water and Earth materials,7,EXPLAIN_WITH_EVIDENCE|APPLY_NEW_TASK|CHECK_REVISE_NEXT_STEP|ESSENTIAL_QUESTION|EVIDENCE_QUALITY|LIMITATION|PROVENANCE,3,False,False,True,False,BOUND_REFERENCE_EVIDENCE_TASK,0,False,False,False,5,True,True,True,1,0,8,none,True,True,False,2677,696,266,dc14c64f06131b684d907eb92632cdb31c9bacd5c9b918a8ab0504360d14362d,,"Locate one weakness in an earlier response, revise it with a named evidence code, and state what the revision fixes.",0
ma-hs12-earth-space-environmental-u07-l01,ma-hs12-earth-space-environmental,12,high,hs912-science-h4,h4-high-school,7,1,Launch and diagnostic,concept,STUDENT_WORK_SHEET,energy flow into and out of Earth systems,8,PHENOMENON_QUESTION|EXPLAIN_WITH_EVIDENCE|APPLY_NEW_TASK|CHECK_REVISE_NEXT_STEP|ESSENTIAL_QUESTION|EVIDENCE_QUALITY|LIMITATION|PROVENANCE,4,False,False,True,False,BOUND_REFERENCE_EVIDENCE_TASK,0,False,False,False,5,True,True,True,1,0,8,none,True,True,False,2822,696,331,05d9151b55b4a9b41338efabd325b4abcb7e455a083b35d5196716b82bdf4ebd,,"Write an initial explanation, then mark which evidence item would most strongly change it.",0
ma-hs12-earth-space-environmental-u07-l02,ma-hs12-earth-space-environmental,12,high,hs912-science-h4,h4-high-school,7,2,Concept model A,concept,STUDENT_WORK_SHEET,the greenhouse effect,7,EXPLAIN_WITH_EVIDENCE|APPLY_NEW_TASK|CHECK_REVISE_NEXT_STEP|ESSENTIAL_QUESTION|EVIDENCE_QUALITY|LIMITATION|PROVENANCE,4,False,False,True,False,BOUND_REFERENCE_EVIDENCE_TASK,0,False,False,False,5,True,True,True,1,0,8,none,True,True,False,2694,696,252,1d5c1fd53253f696ffaedc61a6bd97704b672ff43134dcc4dde8ab6106796f72,,Build a labelled model that includes every accepted relationship in the science brief and test it against the case claim.,0
ma-hs12-earth-space-environmental-u07-l03,ma-hs12-earth-space-environmental,12,high,hs912-science-h4,h4-high-school,7,3,Guided practice A,concept,STUDENT_WORK_SHEET,the global carbon cycle,7,EXPLAIN_WITH_EVIDENCE|APPLY_NEW_TASK|CHECK_REVISE_NEXT_STEP|ESSENTIAL_QUESTION|EVIDENCE_QUALITY|LIMITATION|PROVENANCE,4,False,False,True,False,BOUND_REFERENCE_EVIDENCE_TASK,0,False,False,False,5,True,True,True,1,0,8,none,True,True,False,2720,696,259,94f93438c600c7af9ab28a052205fb015c83d476dbde7280212d6d33c13fcb02,,Use E1 with E2 first; then add E3 and revise any conclusion that no longer fits.,0
ma-hs12-earth-space-environmental-u07-l04,ma-hs12-earth-space-environmental,12,high,hs912-science-h4,h4-high-school,7,4,Independent application A,mastery,STUDENT_WORK_SHEET,climate versus weather,7,EXPLAIN_WITH_EVIDENCE|APPLY_NEW_TASK|CHECK_REVISE_NEXT_STEP|ESSENTIAL_QUESTION|EVIDENCE_QUALITY|LIMITATION|PROVENANCE,4,False,False,True,False,BOUND_REFERENCE_EVIDENCE_TASK,0,False,False,False,5,True,True,True,1,0,8,none,True,True,False,2688,696,252,767dd780e971d73869cd254aed9017b92e53f7998210c107f420eb75e0aff7dc,,Evaluate the case claim independently using at least two evidence codes and one stated limitation.,0
ma-hs12-earth-space-environmental-u07-l05,ma-hs12-earth-space-environmental,12,high,hs912-science-h4,h4-high-school,7,5,Concept model B,concept,STUDENT_WORK_SHEET,climate models and their uncertainty,7,EXPLAIN_WITH_EVIDENCE|APPLY_NEW_TASK|CHECK_REVISE_NEXT_STEP|ESSENTIAL_QUESTION|EVIDENCE_QUALITY|LIMITATION|PROVENANCE,3,False,False,True,False,BOUND_REFERENCE_EVIDENCE_TASK,0,False,False,False,5,True,True,True,1,0,8,none,True,True,False,2668,696,266,569aaed9a0c2374509e5a33a755511ed5c1589f64d6a493df1724afd8a11f49b,,Build a second representation of the same evidence and identify one feature the first model hid.,0
ma-hs12-earth-space-environmental-u07-l06,ma-hs12-earth-space-environmental,12,high,hs912-science-h4,h4-high-school,7,6,Guided practice B,concept,STUDENT_WORK_SHEET,evidence-based forecasting,7,EXPLAIN_WITH_EVIDENCE|APPLY_NEW_TASK|CHECK_REVISE_NEXT_STEP|ESSENTIAL_QUESTION|EVIDENCE_QUALITY|LIMITATION|PROVENANCE,3,False,False,True,False,BOUND_REFERENCE_EVIDENCE_TASK,0,False,False,False,5,True,True,True,1,0,8,none,True,True,False,2591,696,245,92c7e0dd59ded50aa5fe32aa4d3da128d083747fd6ac93e8a4e0caa9a9111587,,"Sort all evidence as supports, challenges, or does not decide, and justify every placement.",0
ma-hs12-earth-space-environmental-u07-l07,ma-hs12-earth-space-environmental,12,high,hs912-science-h4,h4-high-school,7,7,Investigation,lab/activity,INVESTIGATION_DATA_SHEET,energy flow into and out of Earth systems,8,INVESTIGATE|EXPLAIN_WITH_EVIDENCE|APPLY_NEW_TASK|CHECK_REVISE_NEXT_STEP|ESSENTIAL_QUESTION|EVIDENCE_QUALITY|LIMITATION|PROVENANCE,4,False,False,True,True,H4_PHYSICAL_INVESTIGATION,4,False,False,False,5,True,True,True,2,5,10,nearby-adult,True,True,False,3542,854,341,05d9151b55b4a9b41338efabd325b4abcb7e455a083b35d5196716b82bdf4ebd,417f8385523a0bdbf3a1a37771df7d9c82c5f23fbb7ae4c18f52f830262a4018,"Choose the H4 physical route or the supplied model-data route, complete that route, and answer from the evidence you actually collected or calculated.",0
ma-hs12-earth-space-environmental-u07-l08,ma-hs12-earth-space-environmental,12,high,hs912-science-h4,h4-high-school,7,8,Reteach and varied practice,remediation,STUDENT_WORK_SHEET,the greenhouse effect,7,EXPLAIN_WITH_EVIDENCE|APPLY_NEW_TASK|CHECK_REVISE_NEXT_STEP|ESSENTIAL_QUESTION|EVIDENCE_QUALITY|LIMITATION|PROVENANCE,4,False,False,True,False,BOUND_REFERENCE_EVIDENCE_TASK,0,False,False,False,5,True,True,True,1,0,8,none,True,True,False,2693,696,252,1d5c1fd53253f696ffaedc61a6bd97704b672ff43134dcc4dde8ab6106796f72,,"Correct the candidate claim, explain the exact evidence that makes the correction necessary, and create one fresh example.",0
ma-hs12-earth-space-environmental-u07-l09,ma-hs12-earth-space-environmental,12,high,hs912-science-h4,h4-high-school,7,9,Performance task build,assessment/project,INVESTIGATION_DATA_SHEET,the global carbon cycle,8,PERFORMANCE_EVIDENCE|EXPLAIN_WITH_EVIDENCE|APPLY_NEW_TASK|CHECK_REVISE_NEXT_STEP|ESSENTIAL_QUESTION|EVIDENCE_QUALITY|LIMITATION|PROVENANCE,4,False,False,True,True,H4_PHYSICAL_INVESTIGATION,4,False,False,False,5,True,True,True,2,5,10,nearby-adult,True,True,False,3457,854,310,94f93438c600c7af9ab28a052205fb015c83d476dbde7280212d6d33c13fcb02,417f8385523a0bdbf3a1a37771df7d9c82c5f23fbb7ae4c18f52f830262a4018,Use the supplied record to build a claim-evidence-reasoning product that another reader can check line by line.,0
ma-hs12-earth-space-environmental-u07-l10,ma-hs12-earth-space-environmental,12,high,hs912-science-h4,h4-high-school,7,10,Synthesis and review,review,STUDENT_WORK_SHEET,climate versus weather,7,EXPLAIN_WITH_EVIDENCE|APPLY_NEW_TASK|CHECK_REVISE_NEXT_STEP|ESSENTIAL_QUESTION|EVIDENCE_QUALITY|LIMITATION|PROVENANCE,4,False,False,True,False,BOUND_REFERENCE_EVIDENCE_TASK,0,False,False,False,5,True,True,True,1,0,8,none,True,True,False,2690,696,252,767dd780e971d73869cd254aed9017b92e53f7998210c107f420eb75e0aff7dc,,"Connect at least three evidence items, state the boundary of the conclusion, and answer the unit question.",0
ma-hs12-earth-space-environmental-u07-l11,ma-hs12-earth-space-environmental,12,high,hs912-science-h4,h4-high-school,7,11,Unit assessment,assessment/project,STUDENT_WORK_SHEET,climate models and their uncertainty,8,MASTERY_FRESH_TASK|EXPLAIN_WITH_EVIDENCE|APPLY_NEW_TASK|CHECK_REVISE_NEXT_STEP|ESSENTIAL_QUESTION|EVIDENCE_QUALITY|LIMITATION|PROVENANCE,3,False,False,True,False,BOUND_REFERENCE_EVIDENCE_TASK,0,False,False,False,5,True,True,True,1,0,8,none,True,True,False,2728,696,307,569aaed9a0c2374509e5a33a755511ed5c1589f64d6a493df1724afd8a11f49b,,"Without copying the brief, evaluate the candidate claim, interpret the evidence table, and apply the idea to a new example you create.",0
ma-hs12-earth-space-environmental-u07-l12,ma-hs12-earth-space-environmental,12,high,hs912-science-h4,h4-high-school,7,12,Correction and reflection,remediation,STUDENT_WORK_SHEET,evidence-based forecasting,7,EXPLAIN_WITH_EVIDENCE|APPLY_NEW_TASK|CHECK_REVISE_NEXT_STEP|ESSENTIAL_QUESTION|EVIDENCE_QUALITY|LIMITATION|PROVENANCE,3,False,False,True,False,BOUND_REFERENCE_EVIDENCE_TASK,0,False,False,False,5,True,True,True,1,0,8,none,True,True,False,2597,696,245,92c7e0dd59ded50aa5fe32aa4d3da128d083747fd6ac93e8a4e0caa9a9111587,,"Locate one weakness in an earlier response, revise it with a named evidence code, and state what the revision fixes.",0
ma-hs12-earth-space-environmental-u08-l01,ma-hs12-earth-space-environmental,12,high,hs912-science-h4,h4-high-school,8,1,Launch and diagnostic,concept,STUDENT_WORK_SHEET,the Great Oxidation Event and atmospheric change,8,PHENOMENON_QUESTION|EXPLAIN_WITH_EVIDENCE|APPLY_NEW_TASK|CHECK_REVISE_NEXT_STEP|ESSENTIAL_QUESTION|EVIDENCE_QUALITY|LIMITATION|PROVENANCE,4,False,False,True,False,BOUND_REFERENCE_EVIDENCE_TASK,0,False,False,False,5,True,True,True,1,0,8,none,True,True,False,2843,696,323,ee7e9f3a33d773adde8c18b47cd02c876b8a0ea0013915c29a17a8f91c6e3ef0,,"Write an initial explanation, then mark which evidence item would most strongly change it.",0
ma-hs12-earth-space-environmental-u08-l02,ma-hs12-earth-space-environmental,12,high,hs912-science-h4,h4-high-school,8,2,Concept model A,concept,STUDENT_WORK_SHEET,coevolution of the geosphere and biosphere,7,EXPLAIN_WITH_EVIDENCE|APPLY_NEW_TASK|CHECK_REVISE_NEXT_STEP|ESSENTIAL_QUESTION|EVIDENCE_QUALITY|LIMITATION|PROVENANCE,3,False,False,True,False,BOUND_REFERENCE_EVIDENCE_TASK,0,False,False,False,5,True,True,True,1,0,8,none,True,True,False,2710,696,273,f0b1a1fc9eff53c6c9b73748d5f19c6dfa404bd499515b718e24816f0ae62217,,Build a labelled model that includes every accepted relationship in the science brief and test it against the case claim.,0
ma-hs12-earth-space-environmental-u08-l03,ma-hs12-earth-space-environmental,12,high,hs912-science-h4,h4-high-school,8,3,Guided practice A,concept,STUDENT_WORK_SHEET,distribution of natural resources,7,EXPLAIN_WITH_EVIDENCE|APPLY_NEW_TASK|CHECK_REVISE_NEXT_STEP|ESSENTIAL_QUESTION|EVIDENCE_QUALITY|LIMITATION|PROVENANCE,4,False,False,True,False,BOUND_REFERENCE_EVIDENCE_TASK,0,False,False,False,5,True,True,True,1,0,8,none,True,True,False,2713,696,259,827681945b9577b73f6a1b9ce4218f0566aeaf39ff033f1109a0af444b68a024,,Use E1 with E2 first; then add E3 and revise any conclusion that no longer fits.,0
ma-hs12-earth-space-environmental-u08-l04,ma-hs12-earth-space-environmental,12,high,hs912-science-h4,h4-high-school,8,4,Independent application A,mastery,STUDENT_WORK_SHEET,natural hazards and their causes,7,EXPLAIN_WITH_EVIDENCE|APPLY_NEW_TASK|CHECK_REVISE_NEXT_STEP|ESSENTIAL_QUESTION|EVIDENCE_QUALITY|LIMITATION|PROVENANCE,4,False,False,True,False,BOUND_REFERENCE_EVIDENCE_TASK,0,False,False,False,5,True,True,True,1,0,8,none,True,True,False,2745,696,266,0e682c508518f82bd07c63d594655cafda7aa29fa0055940afc54e26797343bc,,Evaluate the case claim independently using at least two evidence codes and one stated limitation.,0
ma-hs12-earth-space-environmental-u08-l05,ma-hs12-earth-space-environmental,12,high,hs912-science-h4,h4-high-school,8,5,Concept model B,concept,STUDENT_WORK_SHEET,resource availability and human settlement,7,EXPLAIN_WITH_EVIDENCE|APPLY_NEW_TASK|CHECK_REVISE_NEXT_STEP|ESSENTIAL_QUESTION|EVIDENCE_QUALITY|LIMITATION|PROVENANCE,3,False,False,True,False,BOUND_REFERENCE_EVIDENCE_TASK,0,False,False,False,5,True,True,True,1,0,8,none,True,True,False,2684,696,266,1004601996a11498329f30f3cf62c151effcab06ea48a32b68c3a1983b1e21a2,,Build a second representation of the same evidence and identify one feature the first model hid.,0
ma-hs12-earth-space-environmental-u08-l06,ma-hs12-earth-space-environmental,12,high,hs912-science-h4,h4-high-school,8,6,Guided practice B,concept,STUDENT_WORK_SHEET,constructing arguments from geologic and biological evidence,7,EXPLAIN_WITH_EVIDENCE|APPLY_NEW_TASK|CHECK_REVISE_NEXT_STEP|ESSENTIAL_QUESTION|EVIDENCE_QUALITY|LIMITATION|PROVENANCE,3,False,False,True,False,BOUND_REFERENCE_EVIDENCE_TASK,0,False,False,False,5,True,True,True,1,0,8,none,True,True,False,2717,696,280,aebfb916022f7122a95769d0bd05d4bb64c0ff6eddbcfd333fea2f8a6bf58494,,"Sort all evidence as supports, challenges, or does not decide, and justify every placement.",0
ma-hs12-earth-space-environmental-u08-l07,ma-hs12-earth-space-environmental,12,high,hs912-science-h4,h4-high-school,8,7,Investigation,lab/activity,INVESTIGATION_DATA_SHEET,the Great Oxidation Event and atmospheric change,8,INVESTIGATE|EXPLAIN_WITH_EVIDENCE|APPLY_NEW_TASK|CHECK_REVISE_NEXT_STEP|ESSENTIAL_QUESTION|EVIDENCE_QUALITY|LIMITATION|PROVENANCE,4,False,False,True,True,H4_PHYSICAL_INVESTIGATION,4,False,False,False,5,True,True,True,2,4,10,none,True,True,False,3504,810,333,ee7e9f3a33d773adde8c18b47cd02c876b8a0ea0013915c29a17a8f91c6e3ef0,4fae3e2396f60315b2ac570da194204e7e3376a90b9ce6652c167b56110d20fa,"Choose the H4 physical route or the supplied model-data route, complete that route, and answer from the evidence you actually collected or calculated.",0
ma-hs12-earth-space-environmental-u08-l08,ma-hs12-earth-space-environmental,12,high,hs912-science-h4,h4-high-school,8,8,Reteach and varied practice,remediation,STUDENT_WORK_SHEET,coevolution of the geosphere and biosphere,7,EXPLAIN_WITH_EVIDENCE|APPLY_NEW_TASK|CHECK_REVISE_NEXT_STEP|ESSENTIAL_QUESTION|EVIDENCE_QUALITY|LIMITATION|PROVENANCE,3,False,False,True,False,BOUND_REFERENCE_EVIDENCE_TASK,0,False,False,False,5,True,True,True,1,0,8,none,True,True,False,2709,696,273,f0b1a1fc9eff53c6c9b73748d5f19c6dfa404bd499515b718e24816f0ae62217,,"Correct the candidate claim, explain the exact evidence that makes the correction necessary, and create one fresh example.",0
ma-hs12-earth-space-environmental-u08-l09,ma-hs12-earth-space-environmental,12,high,hs912-science-h4,h4-high-school,8,9,Performance task build,assessment/project,INVESTIGATION_DATA_SHEET,distribution of natural resources,8,PERFORMANCE_EVIDENCE|EXPLAIN_WITH_EVIDENCE|APPLY_NEW_TASK|CHECK_REVISE_NEXT_STEP|ESSENTIAL_QUESTION|EVIDENCE_QUALITY|LIMITATION|PROVENANCE,4,False,False,True,True,H4_PHYSICAL_INVESTIGATION,4,False,False,False,5,True,True,True,1,0,8,none,True,True,False,3150,696,309,827681945b9577b73f6a1b9ce4218f0566aeaf39ff033f1109a0af444b68a024,4fae3e2396f60315b2ac570da194204e7e3376a90b9ce6652c167b56110d20fa,Use the supplied record to build a claim-evidence-reasoning product that another reader can check line by line.,0
ma-hs12-earth-space-environmental-u08-l10,ma-hs12-earth-space-environmental,12,high,hs912-science-h4,h4-high-school,8,10,Synthesis and review,review,STUDENT_WORK_SHEET,natural hazards and their causes,7,EXPLAIN_WITH_EVIDENCE|APPLY_NEW_TASK|CHECK_REVISE_NEXT_STEP|ESSENTIAL_QUESTION|EVIDENCE_QUALITY|LIMITATION|PROVENANCE,4,False,False,True,False,BOUND_REFERENCE_EVIDENCE_TASK,0,False,False,False,5,True,True,True,1,0,8,none,True,True,False,2747,696,266,0e682c508518f82bd07c63d594655cafda7aa29fa0055940afc54e26797343bc,,"Connect at least three evidence items, state the boundary of the conclusion, and answer the unit question.",0
ma-hs12-earth-space-environmental-u08-l11,ma-hs12-earth-space-environmental,12,high,hs912-science-h4,h4-high-school,8,11,Unit assessment,assessment/project,STUDENT_WORK_SHEET,resource availability and human settlement,8,MASTERY_FRESH_TASK|EXPLAIN_WITH_EVIDENCE|APPLY_NEW_TASK|CHECK_REVISE_NEXT_STEP|ESSENTIAL_QUESTION|EVIDENCE_QUALITY|LIMITATION|PROVENANCE,3,False,False,True,False,BOUND_REFERENCE_EVIDENCE_TASK,0,False,False,False,5,True,True,True,1,0,8,none,True,True,False,2744,696,307,1004601996a11498329f30f3cf62c151effcab06ea48a32b68c3a1983b1e21a2,,"Without copying the brief, evaluate the candidate claim, interpret the evidence table, and apply the idea to a new example you create.",0
ma-hs12-earth-space-environmental-u08-l12,ma-hs12-earth-space-environmental,12,high,hs912-science-h4,h4-high-school,8,12,Correction and reflection,remediation,STUDENT_WORK_SHEET,constructing arguments from geologic and biological evidence,7,EXPLAIN_WITH_EVIDENCE|APPLY_NEW_TASK|CHECK_REVISE_NEXT_STEP|ESSENTIAL_QUESTION|EVIDENCE_QUALITY|LIMITATION|PROVENANCE,3,False,False,True,False,BOUND_REFERENCE_EVIDENCE_TASK,0,False,False,False,5,True,True,True,1,0,8,none,True,True,False,2723,696,280,aebfb916022f7122a95769d0bd05d4bb64c0ff6eddbcfd333fea2f8a6bf58494,,"Locate one weakness in an earlier response, revise it with a named evidence code, and state what the revision fixes.",0
ma-hs12-earth-space-environmental-u09-l01,ma-hs12-earth-space-environmental,12,high,hs912-science-h4,h4-high-school,9,1,Launch and diagnostic,concept,STUDENT_WORK_SHEET,"criteria, constraints, and prioritisation",8,PHENOMENON_QUESTION|EXPLAIN_WITH_EVIDENCE|APPLY_NEW_TASK|CHECK_REVISE_NEXT_STEP|ESSENTIAL_QUESTION|EVIDENCE_QUALITY|LIMITATION|PROVENANCE,3,False,False,True,False,BOUND_REFERENCE_EVIDENCE_TASK,0,False,True,True,5,True,True,True,1,0,8,none,True,True,False,2721,696,299,9d8093b748e0e28687f251947b07331b003a74395cddf77d8ab72c846482b2de,,"Write an initial explanation, then mark which evidence item would most strongly change it.",0
ma-hs12-earth-space-environmental-u09-l02,ma-hs12-earth-space-environmental,12,high,hs912-science-h4,h4-high-school,9,2,Concept model A,concept,STUDENT_WORK_SHEET,cost-benefit analysis of energy and mineral resources,7,EXPLAIN_WITH_EVIDENCE|APPLY_NEW_TASK|CHECK_REVISE_NEXT_STEP|ESSENTIAL_QUESTION|EVIDENCE_QUALITY|LIMITATION|PROVENANCE,3,False,False,True,False,BOUND_REFERENCE_EVIDENCE_TASK,0,False,False,True,5,True,True,True,1,0,8,none,True,True,False,2746,696,280,80ef33a2343df58588dc2ccceb56bcbf17e8e8b1b8e56f67ba3512cebecdd6af,,Build a labelled model that includes every accepted relationship in the science brief and test it against the case claim.,0
ma-hs12-earth-space-environmental-u09-l03,ma-hs12-earth-space-environmental,12,high,hs912-science-h4,h4-high-school,9,3,Guided practice A,concept,STUDENT_WORK_SHEET,computational simulation of coupled systems,7,EXPLAIN_WITH_EVIDENCE|APPLY_NEW_TASK|CHECK_REVISE_NEXT_STEP|ESSENTIAL_QUESTION|EVIDENCE_QUALITY|LIMITATION|PROVENANCE,3,False,False,True,False,BOUND_REFERENCE_EVIDENCE_TASK,0,False,False,True,5,True,True,True,1,0,8,none,True,True,False,2671,696,266,e11999cf46c43c1f4f99f116f52ede849b0361e7d6632c23a66aea352a289047,,Use E1 with E2 first; then add E3 and revise any conclusion that no longer fits.,0
ma-hs12-earth-space-environmental-u09-l04,ma-hs12-earth-space-environmental,12,high,hs912-science-h4,h4-high-school,9,4,Independent application A,mastery,STUDENT_WORK_SHEET,refining technological solutions,7,EXPLAIN_WITH_EVIDENCE|APPLY_NEW_TASK|CHECK_REVISE_NEXT_STEP|ESSENTIAL_QUESTION|EVIDENCE_QUALITY|LIMITATION|PROVENANCE,3,False,False,True,False,BOUND_REFERENCE_EVIDENCE_TASK,0,False,True,True,5,True,True,True,1,0,8,none,True,True,False,2631,696,252,c5ee4f74df4f91ec83586e5b370edff61df516bae3534d44e1c1aa38d724168e,,Evaluate the case claim independently using at least two evidence codes and one stated limitation.,0
ma-hs12-earth-space-environmental-u09-l05,ma-hs12-earth-space-environmental,12,high,hs912-science-h4,h4-high-school,9,5,Concept model B,concept,STUDENT_WORK_SHEET,sustainability and human population,7,EXPLAIN_WITH_EVIDENCE|APPLY_NEW_TASK|CHECK_REVISE_NEXT_STEP|ESSENTIAL_QUESTION|EVIDENCE_QUALITY|LIMITATION|PROVENANCE,3,False,False,True,False,BOUND_REFERENCE_EVIDENCE_TASK,0,False,False,True,5,True,True,True,1,0,8,none,True,True,False,2684,696,259,5e2a419264a0bf7649689a49ac83c1cf3c9a740991ae9d13287de9197baa36a5,,Build a second representation of the same evidence and identify one feature the first model hid.,0
ma-hs12-earth-space-environmental-u09-l06,ma-hs12-earth-space-environmental,12,high,hs912-science-h4,h4-high-school,9,6,Guided practice B,concept,STUDENT_WORK_SHEET,defending a design under uncertainty,7,EXPLAIN_WITH_EVIDENCE|APPLY_NEW_TASK|CHECK_REVISE_NEXT_STEP|ESSENTIAL_QUESTION|EVIDENCE_QUALITY|LIMITATION|PROVENANCE,3,False,False,True,False,BOUND_REFERENCE_EVIDENCE_TASK,0,False,True,True,5,True,True,True,1,0,8,none,True,True,False,2670,696,266,e08b94edeeaab094afd78da6688df45195905cfebe11e9bae2360b345dc5f18c,,"Sort all evidence as supports, challenges, or does not decide, and justify every placement.",0
ma-hs12-earth-space-environmental-u09-l07,ma-hs12-earth-space-environmental,12,high,hs912-science-h4,h4-high-school,9,7,Investigation,lab/activity,INVESTIGATION_DATA_SHEET,"criteria, constraints, and prioritisation",8,INVESTIGATE|EXPLAIN_WITH_EVIDENCE|APPLY_NEW_TASK|CHECK_REVISE_NEXT_STEP|ESSENTIAL_QUESTION|EVIDENCE_QUALITY|LIMITATION|PROVENANCE,3,False,False,True,True,H4_PHYSICAL_INVESTIGATION,6,False,True,True,5,True,True,True,2,4,10,nearby-adult,True,True,False,3399,813,309,9d8093b748e0e28687f251947b07331b003a74395cddf77d8ab72c846482b2de,650c82cad8257064a803e8fa02026e50eaf7884aeb86fe7f203d92e177428806,"Choose the H4 physical route or the supplied model-data route, complete that route, and answer from the evidence you actually collected or calculated.",0
ma-hs12-earth-space-environmental-u09-l08,ma-hs12-earth-space-environmental,12,high,hs912-science-h4,h4-high-school,9,8,Reteach and varied practice,remediation,STUDENT_WORK_SHEET,cost-benefit analysis of energy and mineral resources,7,EXPLAIN_WITH_EVIDENCE|APPLY_NEW_TASK|CHECK_REVISE_NEXT_STEP|ESSENTIAL_QUESTION|EVIDENCE_QUALITY|LIMITATION|PROVENANCE,3,False,False,True,False,BOUND_REFERENCE_EVIDENCE_TASK,0,False,False,True,5,True,True,True,1,0,8,none,True,True,False,2745,696,280,80ef33a2343df58588dc2ccceb56bcbf17e8e8b1b8e56f67ba3512cebecdd6af,,"Correct the candidate claim, explain the exact evidence that makes the correction necessary, and create one fresh example.",0
ma-hs12-earth-space-environmental-u09-l09,ma-hs12-earth-space-environmental,12,high,hs912-science-h4,h4-high-school,9,9,Performance task build,assessment/project,INVESTIGATION_DATA_SHEET,computational simulation of coupled systems,8,PERFORMANCE_EVIDENCE|EXPLAIN_WITH_EVIDENCE|APPLY_NEW_TASK|CHECK_REVISE_NEXT_STEP|ESSENTIAL_QUESTION|EVIDENCE_QUALITY|LIMITATION|PROVENANCE,3,False,False,True,True,H4_PHYSICAL_INVESTIGATION,6,False,False,True,5,True,True,True,1,0,8,none,True,True,False,3128,696,327,e11999cf46c43c1f4f99f116f52ede849b0361e7d6632c23a66aea352a289047,650c82cad8257064a803e8fa02026e50eaf7884aeb86fe7f203d92e177428806,Use the supplied record to build a claim-evidence-reasoning product that another reader can check line by line.,0
ma-hs12-earth-space-environmental-u09-l10,ma-hs12-earth-space-environmental,12,high,hs912-science-h4,h4-high-school,9,10,Synthesis and review,review,STUDENT_WORK_SHEET,refining technological solutions,7,EXPLAIN_WITH_EVIDENCE|APPLY_NEW_TASK|CHECK_REVISE_NEXT_STEP|ESSENTIAL_QUESTION|EVIDENCE_QUALITY|LIMITATION|PROVENANCE,3,False,False,True,False,BOUND_REFERENCE_EVIDENCE_TASK,0,False,True,True,5,True,True,True,1,0,8,none,True,True,False,2633,696,252,c5ee4f74df4f91ec83586e5b370edff61df516bae3534d44e1c1aa38d724168e,,"Connect at least three evidence items, state the boundary of the conclusion, and answer the unit question.",0
ma-hs12-earth-space-environmental-u09-l11,ma-hs12-earth-space-environmental,12,high,hs912-science-h4,h4-high-school,9,11,Unit assessment,assessment/project,STUDENT_WORK_SHEET,sustainability and human population,8,MASTERY_FRESH_TASK|EXPLAIN_WITH_EVIDENCE|APPLY_NEW_TASK|CHECK_REVISE_NEXT_STEP|ESSENTIAL_QUESTION|EVIDENCE_QUALITY|LIMITATION|PROVENANCE,3,False,False,True,False,BOUND_REFERENCE_EVIDENCE_TASK,0,False,False,True,5,True,True,True,1,0,8,none,True,True,False,2742,696,299,5e2a419264a0bf7649689a49ac83c1cf3c9a740991ae9d13287de9197baa36a5,,"Without copying the brief, evaluate the candidate claim, interpret the evidence table, and apply the idea to a new example you create.",0
ma-hs12-earth-space-environmental-u09-l12,ma-hs12-earth-space-environmental,12,high,hs912-science-h4,h4-high-school,9,12,Correction and reflection,remediation,STUDENT_WORK_SHEET,defending a design under uncertainty,7,EXPLAIN_WITH_EVIDENCE|APPLY_NEW_TASK|CHECK_REVISE_NEXT_STEP|ESSENTIAL_QUESTION|EVIDENCE_QUALITY|LIMITATION|PROVENANCE,3,False,False,True,False,BOUND_REFERENCE_EVIDENCE_TASK,0,False,True,True,5,True,True,True,1,0,8,none,True,True,False,2676,696,266,e08b94edeeaab094afd78da6688df45195905cfebe11e9bae2360b345dc5f18c,,"Locate one weakness in an earlier response, revise it with a named evidence code, and state what the revision fixes.",0
ma-hs9-biology-u01-l01,ma-hs9-biology,9,high,hs912-science-h4,h4-high-school,1,1,Launch and diagnostic,concept,STUDENT_WORK_SHEET,biological scale and measurement,8,PHENOMENON_QUESTION|EXPLAIN_WITH_EVIDENCE|APPLY_NEW_TASK|CHECK_REVISE_NEXT_STEP|ESSENTIAL_QUESTION|EVIDENCE_QUALITY|LIMITATION|PROVENANCE,4,False,False,True,False,BOUND_REFERENCE_EVIDENCE_TASK,0,False,False,False,5,True,True,True,1,0,8,none,True,True,False,2770,696,299,6b868f9b197bec860dba15b5cec3a6529ca014abab126096476f1edad696121d,,"Write an initial explanation, then mark which evidence item would most strongly change it.",0
ma-hs9-biology-u01-l02,ma-hs9-biology,9,high,hs912-science-h4,h4-high-school,1,2,Concept model A,concept,STUDENT_WORK_SHEET,uncertainty and repeated trials,7,EXPLAIN_WITH_EVIDENCE|APPLY_NEW_TASK|CHECK_REVISE_NEXT_STEP|ESSENTIAL_QUESTION|EVIDENCE_QUALITY|LIMITATION|PROVENANCE,3,False,False,True,False,BOUND_REFERENCE_EVIDENCE_TASK,0,False,False,False,5,True,True,True,1,0,8,none,True,True,False,2644,696,259,9c0af78fcd2f55c65e444b17d20e94c770080f126d6b473f554e0604a6310308,,Build a labelled model that includes every accepted relationship in the science brief and test it against the case claim.,0
ma-hs9-biology-u01-l03,ma-hs9-biology,9,high,hs912-science-h4,h4-high-school,1,3,Guided practice A,concept,STUDENT_WORK_SHEET,carbon and macromolecule structure,7,EXPLAIN_WITH_EVIDENCE|APPLY_NEW_TASK|CHECK_REVISE_NEXT_STEP|ESSENTIAL_QUESTION|EVIDENCE_QUALITY|LIMITATION|PROVENANCE,4,False,False,True,False,BOUND_REFERENCE_EVIDENCE_TASK,0,False,False,False,5,True,True,True,1,0,8,none,True,True,False,2700,696,259,887bdb07350e6811d676555174653641baccfedb5aae9ef971fc84bf390fd3e7,,Use E1 with E2 first; then add E3 and revise any conclusion that no longer fits.,0
ma-hs9-biology-u01-l04,ma-hs9-biology,9,high,hs912-science-h4,h4-high-school,1,4,Independent application A,mastery,STUDENT_WORK_SHEET,structure-function relationships,7,EXPLAIN_WITH_EVIDENCE|APPLY_NEW_TASK|CHECK_REVISE_NEXT_STEP|ESSENTIAL_QUESTION|EVIDENCE_QUALITY|LIMITATION|PROVENANCE,3,False,False,True,False,BOUND_REFERENCE_EVIDENCE_TASK,0,False,False,False,5,True,True,True,1,0,8,none,True,True,False,2624,696,245,d5f235ca50c9a6bdf522fe469a9aed935865a36b130054d5dbdb8a5425480e41,,Evaluate the case claim independently using at least two evidence codes and one stated limitation.,0
ma-hs9-biology-u01-l05,ma-hs9-biology,9,high,hs912-science-h4,h4-high-school,1,5,Concept model B,concept,STUDENT_WORK_SHEET,enzymes and reaction conditions,7,EXPLAIN_WITH_EVIDENCE|APPLY_NEW_TASK|CHECK_REVISE_NEXT_STEP|ESSENTIAL_QUESTION|EVIDENCE_QUALITY|LIMITATION|PROVENANCE,4,False,False,True,False,BOUND_REFERENCE_EVIDENCE_TASK,0,False,False,False,5,True,True,True,1,0,8,none,True,True,False,2685,696,259,776e4a182d7e7ed941e339855017342085bbdffb18e54c4c1d4a0a58bef02883,,Build a second representation of the same evidence and identify one feature the first model hid.,0
ma-hs9-biology-u01-l06,ma-hs9-biology,9,high,hs912-science-h4,h4-high-school,1,6,Guided practice B,concept,STUDENT_WORK_SHEET,argument from evidence in biology,7,EXPLAIN_WITH_EVIDENCE|APPLY_NEW_TASK|CHECK_REVISE_NEXT_STEP|ESSENTIAL_QUESTION|EVIDENCE_QUALITY|LIMITATION|PROVENANCE,3,False,False,True,False,BOUND_REFERENCE_EVIDENCE_TASK,0,False,False,False,5,True,True,True,1,0,8,none,True,True,False,2650,696,266,d4beaff8ed98511433cbb24ed9b762481b78621f0246e4cdfcb5d893aadb0a23,,"Sort all evidence as supports, challenges, or does not decide, and justify every placement.",0
ma-hs9-biology-u01-l07,ma-hs9-biology,9,high,hs912-science-h4,h4-high-school,1,7,Investigation,lab/activity,INVESTIGATION_DATA_SHEET,biological scale and measurement,8,INVESTIGATE|EXPLAIN_WITH_EVIDENCE|APPLY_NEW_TASK|CHECK_REVISE_NEXT_STEP|ESSENTIAL_QUESTION|EVIDENCE_QUALITY|LIMITATION|PROVENANCE,4,False,False,True,True,H4_PHYSICAL_INVESTIGATION,4,True,False,False,5,True,True,True,4,5,11,direct-adult,True,True,False,3690,995,309,6b868f9b197bec860dba15b5cec3a6529ca014abab126096476f1edad696121d,e0822004cb4705b4b7b6dcfeb718097a2c4109756f8ea605f6973b9cd6d61b80,"Choose the H4 physical route or the supplied model-data route, complete that route, and answer from the evidence you actually collected or calculated.",0
ma-hs9-biology-u01-l08,ma-hs9-biology,9,high,hs912-science-h4,h4-high-school,1,8,Reteach and varied practice,remediation,STUDENT_WORK_SHEET,uncertainty and repeated trials,7,EXPLAIN_WITH_EVIDENCE|APPLY_NEW_TASK|CHECK_REVISE_NEXT_STEP|ESSENTIAL_QUESTION|EVIDENCE_QUALITY|LIMITATION|PROVENANCE,3,False,False,True,False,BOUND_REFERENCE_EVIDENCE_TASK,0,False,False,False,5,True,True,True,1,0,8,none,True,True,False,2643,696,259,9c0af78fcd2f55c65e444b17d20e94c770080f126d6b473f554e0604a6310308,,"Correct the candidate claim, explain the exact evidence that makes the correction necessary, and create one fresh example.",0
ma-hs9-biology-u01-l09,ma-hs9-biology,9,high,hs912-science-h4,h4-high-school,1,9,Performance task build,assessment/project,INVESTIGATION_DATA_SHEET,carbon and macromolecule structure,8,PERFORMANCE_EVIDENCE|EXPLAIN_WITH_EVIDENCE|APPLY_NEW_TASK|CHECK_REVISE_NEXT_STEP|ESSENTIAL_QUESTION|EVIDENCE_QUALITY|LIMITATION|PROVENANCE,4,False,False,True,True,H4_PHYSICAL_INVESTIGATION,4,True,False,False,5,True,True,True,4,5,11,direct-adult,True,True,False,3639,995,312,887bdb07350e6811d676555174653641baccfedb5aae9ef971fc84bf390fd3e7,e0822004cb4705b4b7b6dcfeb718097a2c4109756f8ea605f6973b9cd6d61b80,Use the supplied record to build a claim-evidence-reasoning product that another reader can check line by line.,0
ma-hs9-biology-u01-l10,ma-hs9-biology,9,high,hs912-science-h4,h4-high-school,1,10,Synthesis and review,review,STUDENT_WORK_SHEET,structure-function relationships,7,EXPLAIN_WITH_EVIDENCE|APPLY_NEW_TASK|CHECK_REVISE_NEXT_STEP|ESSENTIAL_QUESTION|EVIDENCE_QUALITY|LIMITATION|PROVENANCE,3,False,False,True,False,BOUND_REFERENCE_EVIDENCE_TASK,0,False,False,False,5,True,True,True,1,0,8,none,True,True,False,2626,696,245,d5f235ca50c9a6bdf522fe469a9aed935865a36b130054d5dbdb8a5425480e41,,"Connect at least three evidence items, state the boundary of the conclusion, and answer the unit question.",0
ma-hs9-biology-u01-l11,ma-hs9-biology,9,high,hs912-science-h4,h4-high-school,1,11,Unit assessment,assessment/project,STUDENT_WORK_SHEET,enzymes and reaction conditions,8,MASTERY_FRESH_TASK|EXPLAIN_WITH_EVIDENCE|APPLY_NEW_TASK|CHECK_REVISE_NEXT_STEP|ESSENTIAL_QUESTION|EVIDENCE_QUALITY|LIMITATION|PROVENANCE,4,False,False,True,False,BOUND_REFERENCE_EVIDENCE_TASK,0,False,False,False,5,True,True,True,1,0,8,none,True,True,False,2743,696,299,776e4a182d7e7ed941e339855017342085bbdffb18e54c4c1d4a0a58bef02883,,"Without copying the brief, evaluate the candidate claim, interpret the evidence table, and apply the idea to a new example you create.",0
ma-hs9-biology-u01-l12,ma-hs9-biology,9,high,hs912-science-h4,h4-high-school,1,12,Correction and reflection,remediation,STUDENT_WORK_SHEET,argument from evidence in biology,7,EXPLAIN_WITH_EVIDENCE|APPLY_NEW_TASK|CHECK_REVISE_NEXT_STEP|ESSENTIAL_QUESTION|EVIDENCE_QUALITY|LIMITATION|PROVENANCE,3,False,False,True,False,BOUND_REFERENCE_EVIDENCE_TASK,0,False,False,False,5,True,True,True,1,0,8,none,True,True,False,2656,696,266,d4beaff8ed98511433cbb24ed9b762481b78621f0246e4cdfcb5d893aadb0a23,,"Locate one weakness in an earlier response, revise it with a named evidence code, and state what the revision fixes.",0
ma-hs9-biology-u02-l01,ma-hs9-biology,9,high,hs912-science-h4,h4-high-school,2,1,Launch and diagnostic,concept,STUDENT_WORK_SHEET,DNA structure and base pairing,8,PHENOMENON_QUESTION|EXPLAIN_WITH_EVIDENCE|APPLY_NEW_TASK|CHECK_REVISE_NEXT_STEP|ESSENTIAL_QUESTION|EVIDENCE_QUALITY|LIMITATION|PROVENANCE,4,False,False,True,False,BOUND_REFERENCE_EVIDENCE_TASK,0,False,False,False,5,True,True,True,1,0,8,none,True,True,False,2764,696,307,2c291166075966c1d84887f6b8f69408dc2cd7010b57775cfc3a62af57ea433d,,"Write an initial explanation, then mark which evidence item would most strongly change it.",0
ma-hs9-biology-u02-l02,ma-hs9-biology,9,high,hs912-science-h4,h4-high-school,2,2,Concept model A,concept,STUDENT_WORK_SHEET,replication as information copying,7,EXPLAIN_WITH_EVIDENCE|APPLY_NEW_TASK|CHECK_REVISE_NEXT_STEP|ESSENTIAL_QUESTION|EVIDENCE_QUALITY|LIMITATION|PROVENANCE,4,False,False,True,False,BOUND_REFERENCE_EVIDENCE_TASK,0,False,False,False,5,True,True,True,1,0,8,none,True,True,False,2672,696,259,19b9b11b4534a2935fa64208db029b2fcc537f334db66d8842499af2cd718492,,Build a labelled model that includes every accepted relationship in the science brief and test it against the case claim.,0
ma-hs9-biology-u02-l03,ma-hs9-biology,9,high,hs912-science-h4,h4-high-school,2,3,Guided practice A,concept,STUDENT_WORK_SHEET,transcription,7,EXPLAIN_WITH_EVIDENCE|APPLY_NEW_TASK|CHECK_REVISE_NEXT_STEP|ESSENTIAL_QUESTION|EVIDENCE_QUALITY|LIMITATION|PROVENANCE,4,False,False,True,False,BOUND_REFERENCE_EVIDENCE_TASK,0,False,False,False,5,True,True,True,1,0,8,none,True,True,False,2621,696,238,688c36201b375aa15f952fe088e32a53ba40736bb60e1a4d76370d163d3daf69,,Use E1 with E2 first; then add E3 and revise any conclusion that no longer fits.,0
ma-hs9-biology-u02-l04,ma-hs9-biology,9,high,hs912-science-h4,h4-high-school,2,4,Independent application A,mastery,STUDENT_WORK_SHEET,translation and the genetic code,7,EXPLAIN_WITH_EVIDENCE|APPLY_NEW_TASK|CHECK_REVISE_NEXT_STEP|ESSENTIAL_QUESTION|EVIDENCE_QUALITY|LIMITATION|PROVENANCE,4,False,False,True,False,BOUND_REFERENCE_EVIDENCE_TASK,0,False,False,False,5,True,True,True,1,0,8,none,True,True,False,2705,696,266,2627d4cc10aa321e0917fee31f8df94e91c30f3dd288ac188721982a2431b98a,,Evaluate the case claim independently using at least two evidence codes and one stated limitation.,0
ma-hs9-biology-u02-l05,ma-hs9-biology,9,high,hs912-science-h4,h4-high-school,2,5,Concept model B,concept,STUDENT_WORK_SHEET,protein folding and function,7,EXPLAIN_WITH_EVIDENCE|APPLY_NEW_TASK|CHECK_REVISE_NEXT_STEP|ESSENTIAL_QUESTION|EVIDENCE_QUALITY|LIMITATION|PROVENANCE,4,False,False,True,False,BOUND_REFERENCE_EVIDENCE_TASK,0,False,False,False,5,True,True,True,1,0,8,none,True,True,False,2713,696,259,f788a3338a147d4ffdbdddc0db99b35329e7dbd7e6604d7dde5ae1299d433879,,Build a second representation of the same evidence and identify one feature the first model hid.,0
ma-hs9-biology-u02-l06,ma-hs9-biology,9,high,hs912-science-h4,h4-high-school,2,6,Guided practice B,concept,STUDENT_WORK_SHEET,mutation and its consequences,7,EXPLAIN_WITH_EVIDENCE|APPLY_NEW_TASK|CHECK_REVISE_NEXT_STEP|ESSENTIAL_QUESTION|EVIDENCE_QUALITY|LIMITATION|PROVENANCE,4,False,False,True,False,BOUND_REFERENCE_EVIDENCE_TASK,0,False,False,False,5,True,True,True,1,0,8,none,True,True,False,2720,696,259,15cd944bf1c1c2649b8c6a3f36439d24177f370b0eaa5d4314041c846ddc359c,,"Sort all evidence as supports, challenges, or does not decide, and justify every placement.",0
ma-hs9-biology-u02-l07,ma-hs9-biology,9,high,hs912-science-h4,h4-high-school,2,7,Investigation,lab/activity,INVESTIGATION_DATA_SHEET,DNA structure and base pairing,8,INVESTIGATE|EXPLAIN_WITH_EVIDENCE|APPLY_NEW_TASK|CHECK_REVISE_NEXT_STEP|ESSENTIAL_QUESTION|EVIDENCE_QUALITY|LIMITATION|PROVENANCE,4,False,False,True,True,H4_PHYSICAL_INVESTIGATION,6,False,False,False,5,True,True,True,2,5,11,direct-adult,True,True,False,3580,931,317,2c291166075966c1d84887f6b8f69408dc2cd7010b57775cfc3a62af57ea433d,4290ac926bc16995f494e03b48336e938a6aa82b149b9657ba4145d52cd980a7,"Choose the H4 physical route or the supplied model-data route, complete that route, and answer from the evidence you actually collected or calculated.",0
ma-hs9-biology-u02-l08,ma-hs9-biology,9,high,hs912-science-h4,h4-high-school,2,8,Reteach and varied practice,remediation,STUDENT_WORK_SHEET,replication as information copying,7,EXPLAIN_WITH_EVIDENCE|APPLY_NEW_TASK|CHECK_REVISE_NEXT_STEP|ESSENTIAL_QUESTION|EVIDENCE_QUALITY|LIMITATION|PROVENANCE,4,False,False,True,False,BOUND_REFERENCE_EVIDENCE_TASK,0,False,False,False,5,True,True,True,1,0,8,none,True,True,False,2671,696,259,19b9b11b4534a2935fa64208db029b2fcc537f334db66d8842499af2cd718492,,"Correct the candidate claim, explain the exact evidence that makes the correction necessary, and create one fresh example.",0
ma-hs9-biology-u02-l09,ma-hs9-biology,9,high,hs912-science-h4,h4-high-school,2,9,Performance task build,assessment/project,INVESTIGATION_DATA_SHEET,transcription,8,PERFORMANCE_EVIDENCE|EXPLAIN_WITH_EVIDENCE|APPLY_NEW_TASK|CHECK_REVISE_NEXT_STEP|ESSENTIAL_QUESTION|EVIDENCE_QUALITY|LIMITATION|PROVENANCE,4,False,False,True,True,H4_PHYSICAL_INVESTIGATION,6,False,False,False,5,True,True,True,2,5,11,direct-adult,True,True,False,3451,931,289,688c36201b375aa15f952fe088e32a53ba40736bb60e1a4d76370d163d3daf69,4290ac926bc16995f494e03b48336e938a6aa82b149b9657ba4145d52cd980a7,Use the supplied record to build a claim-evidence-reasoning product that another reader can check line by line.,0
ma-hs9-biology-u02-l10,ma-hs9-biology,9,high,hs912-science-h4,h4-high-school,2,10,Synthesis and review,review,STUDENT_WORK_SHEET,translation and the genetic code,7,EXPLAIN_WITH_EVIDENCE|APPLY_NEW_TASK|CHECK_REVISE_NEXT_STEP|ESSENTIAL_QUESTION|EVIDENCE_QUALITY|LIMITATION|PROVENANCE,4,False,False,True,False,BOUND_REFERENCE_EVIDENCE_TASK,0,False,False,False,5,True,True,True,1,0,8,none,True,True,False,2707,696,266,2627d4cc10aa321e0917fee31f8df94e91c30f3dd288ac188721982a2431b98a,,"Connect at least three evidence items, state the boundary of the conclusion, and answer the unit question.",0
ma-hs9-biology-u02-l11,ma-hs9-biology,9,high,hs912-science-h4,h4-high-school,2,11,Unit assessment,assessment/project,STUDENT_WORK_SHEET,protein folding and function,8,MASTERY_FRESH_TASK|EXPLAIN_WITH_EVIDENCE|APPLY_NEW_TASK|CHECK_REVISE_NEXT_STEP|ESSENTIAL_QUESTION|EVIDENCE_QUALITY|LIMITATION|PROVENANCE,4,False,False,True,False,BOUND_REFERENCE_EVIDENCE_TASK,0,False,False,False,5,True,True,True,1,0,8,none,True,True,False,2771,696,299,f788a3338a147d4ffdbdddc0db99b35329e7dbd7e6604d7dde5ae1299d433879,,"Without copying the brief, evaluate the candidate claim, interpret the evidence table, and apply the idea to a new example you create.",0
ma-hs9-biology-u02-l12,ma-hs9-biology,9,high,hs912-science-h4,h4-high-school,2,12,Correction and reflection,remediation,STUDENT_WORK_SHEET,mutation and its consequences,7,EXPLAIN_WITH_EVIDENCE|APPLY_NEW_TASK|CHECK_REVISE_NEXT_STEP|ESSENTIAL_QUESTION|EVIDENCE_QUALITY|LIMITATION|PROVENANCE,4,False,False,True,False,BOUND_REFERENCE_EVIDENCE_TASK,0,False,False,False,5,True,True,True,1,0,8,none,True,True,False,2726,696,259,15cd944bf1c1c2649b8c6a3f36439d24177f370b0eaa5d4314041c846ddc359c,,"Locate one weakness in an earlier response, revise it with a named evidence code, and state what the revision fixes.",0
ma-hs9-biology-u03-l01,ma-hs9-biology,9,high,hs912-science-h4,h4-high-school,3,1,Launch and diagnostic,concept,STUDENT_WORK_SHEET,cell theory and cell types,8,PHENOMENON_QUESTION|EXPLAIN_WITH_EVIDENCE|APPLY_NEW_TASK|CHECK_REVISE_NEXT_STEP|ESSENTIAL_QUESTION|EVIDENCE_QUALITY|LIMITATION|PROVENANCE,4,False,False,True,False,BOUND_REFERENCE_EVIDENCE_TASK,0,False,False,False,5,True,True,True,1,0,8,none,True,True,False,2779,696,307,929d8998fdb2d34cf6295a65fe36b6ba2a7af399b2c784b9ddaf7574c7d5b43d,,"Write an initial explanation, then mark which evidence item would most strongly change it.",0
ma-hs9-biology-u03-l02,ma-hs9-biology,9,high,hs912-science-h4,h4-high-school,3,2,Concept model A,concept,STUDENT_WORK_SHEET,organelles as interacting subsystems,7,EXPLAIN_WITH_EVIDENCE|APPLY_NEW_TASK|CHECK_REVISE_NEXT_STEP|ESSENTIAL_QUESTION|EVIDENCE_QUALITY|LIMITATION|PROVENANCE,4,False,False,True,False,BOUND_REFERENCE_EVIDENCE_TASK,0,False,False,False,5,True,True,True,1,0,8,none,True,True,False,2700,696,259,ca4884e84533d9781c09228c30ac913fdb1605dc4f9f1f7e5b0faa872b470b0f,,Build a labelled model that includes every accepted relationship in the science brief and test it against the case claim.,0
ma-hs9-biology-u03-l03,ma-hs9-biology,9,high,hs912-science-h4,h4-high-school,3,3,Guided practice A,concept,STUDENT_WORK_SHEET,"tissues, organs, and organ systems",7,EXPLAIN_WITH_EVIDENCE|APPLY_NEW_TASK|CHECK_REVISE_NEXT_STEP|ESSENTIAL_QUESTION|EVIDENCE_QUALITY|LIMITATION|PROVENANCE,4,False,False,True,False,BOUND_REFERENCE_EVIDENCE_TASK,0,False,False,False,5,True,True,True,1,0,8,none,True,True,False,2677,696,266,6f6aee7c48152b06275aec532f91980e08c0fb5fbc1feb12ebc33d98b607e51c,,Use E1 with E2 first; then add E3 and revise any conclusion that no longer fits.,0
ma-hs9-biology-u03-l04,ma-hs9-biology,9,high,hs912-science-h4,h4-high-school,3,4,Independent application A,mastery,STUDENT_WORK_SHEET,the cell cycle and mitosis,7,EXPLAIN_WITH_EVIDENCE|APPLY_NEW_TASK|CHECK_REVISE_NEXT_STEP|ESSENTIAL_QUESTION|EVIDENCE_QUALITY|LIMITATION|PROVENANCE,4,False,False,True,False,BOUND_REFERENCE_EVIDENCE_TASK,0,False,False,False,5,True,True,True,1,0,8,none,True,True,False,2675,696,266,762fbb897ac8e46a1b29130485dd7465e8d9469cc6eed1fe4622125cd43d6708,,Evaluate the case claim independently using at least two evidence codes and one stated limitation.,0
ma-hs9-biology-u03-l05,ma-hs9-biology,9,high,hs912-science-h4,h4-high-school,3,5,Concept model B,concept,STUDENT_WORK_SHEET,differentiation and stem cells,7,EXPLAIN_WITH_EVIDENCE|APPLY_NEW_TASK|CHECK_REVISE_NEXT_STEP|ESSENTIAL_QUESTION|EVIDENCE_QUALITY|LIMITATION|PROVENANCE,4,False,False,True,False,BOUND_REFERENCE_EVIDENCE_TASK,0,False,False,False,5,True,True,True,1,0,8,none,True,True,False,2685,696,259,32e60c4a066e4c3ae69deda30a43b0f2062c7b7d2b63d9948b881e8924e8136e,,Build a second representation of the same evidence and identify one feature the first model hid.,0
ma-hs9-biology-u03-l06,ma-hs9-biology,9,high,hs912-science-h4,h4-high-school,3,6,Guided practice B,concept,STUDENT_WORK_SHEET,scale and surface-area-to-volume,7,EXPLAIN_WITH_EVIDENCE|APPLY_NEW_TASK|CHECK_REVISE_NEXT_STEP|ESSENTIAL_QUESTION|EVIDENCE_QUALITY|LIMITATION|PROVENANCE,4,False,False,True,False,BOUND_REFERENCE_EVIDENCE_TASK,0,False,False,False,5,True,True,True,1,0,8,none,True,True,False,2678,696,252,f3778e0687b9819437c90bdb79c1805233eedfe5c0329ea903508ea9cad22009,,"Sort all evidence as supports, challenges, or does not decide, and justify every placement.",0
ma-hs9-biology-u03-l07,ma-hs9-biology,9,high,hs912-science-h4,h4-high-school,3,7,Investigation,lab/activity,INVESTIGATION_DATA_SHEET,cell theory and cell types,8,INVESTIGATE|EXPLAIN_WITH_EVIDENCE|APPLY_NEW_TASK|CHECK_REVISE_NEXT_STEP|ESSENTIAL_QUESTION|EVIDENCE_QUALITY|LIMITATION|PROVENANCE,4,False,False,True,True,H4_PHYSICAL_INVESTIGATION,6,False,False,False,5,True,True,True,3,5,10,direct-adult,True,True,False,3606,902,317,929d8998fdb2d34cf6295a65fe36b6ba2a7af399b2c784b9ddaf7574c7d5b43d,ff9c71300d072b8eaa201d119c4c8340e3cdd4066b848cd4bfefc2c19af5cde2,"Choose the H4 physical route or the supplied model-data route, complete that route, and answer from the evidence you actually collected or calculated.",0
ma-hs9-biology-u03-l08,ma-hs9-biology,9,high,hs912-science-h4,h4-high-school,3,8,Reteach and varied practice,remediation,STUDENT_WORK_SHEET,organelles as interacting subsystems,7,EXPLAIN_WITH_EVIDENCE|APPLY_NEW_TASK|CHECK_REVISE_NEXT_STEP|ESSENTIAL_QUESTION|EVIDENCE_QUALITY|LIMITATION|PROVENANCE,4,False,False,True,False,BOUND_REFERENCE_EVIDENCE_TASK,0,False,False,False,5,True,True,True,1,0,8,none,True,True,False,2699,696,259,ca4884e84533d9781c09228c30ac913fdb1605dc4f9f1f7e5b0faa872b470b0f,,"Correct the candidate claim, explain the exact evidence that makes the correction necessary, and create one fresh example.",0
ma-hs9-biology-u03-l09,ma-hs9-biology,9,high,hs912-science-h4,h4-high-school,3,9,Performance task build,assessment/project,INVESTIGATION_DATA_SHEET,"tissues, organs, and organ systems",8,PERFORMANCE_EVIDENCE|EXPLAIN_WITH_EVIDENCE|APPLY_NEW_TASK|CHECK_REVISE_NEXT_STEP|ESSENTIAL_QUESTION|EVIDENCE_QUALITY|LIMITATION|PROVENANCE,4,False,False,True,True,H4_PHYSICAL_INVESTIGATION,6,False,False,False,5,True,True,True,3,5,10,direct-adult,True,True,False,3520,902,315,6f6aee7c48152b06275aec532f91980e08c0fb5fbc1feb12ebc33d98b607e51c,ff9c71300d072b8eaa201d119c4c8340e3cdd4066b848cd4bfefc2c19af5cde2,Use the supplied record to build a claim-evidence-reasoning product that another reader can check line by line.,0
ma-hs9-biology-u03-l10,ma-hs9-biology,9,high,hs912-science-h4,h4-high-school,3,10,Synthesis and review,review,STUDENT_WORK_SHEET,the cell cycle and mitosis,7,EXPLAIN_WITH_EVIDENCE|APPLY_NEW_TASK|CHECK_REVISE_NEXT_STEP|ESSENTIAL_QUESTION|EVIDENCE_QUALITY|LIMITATION|PROVENANCE,4,False,False,True,False,BOUND_REFERENCE_EVIDENCE_TASK,0,False,False,False,5,True,True,True,1,0,8,none,True,True,False,2677,696,266,762fbb897ac8e46a1b29130485dd7465e8d9469cc6eed1fe4622125cd43d6708,,"Connect at least three evidence items, state the boundary of the conclusion, and answer the unit question.",0
ma-hs9-biology-u03-l11,ma-hs9-biology,9,high,hs912-science-h4,h4-high-school,3,11,Unit assessment,assessment/project,STUDENT_WORK_SHEET,differentiation and stem cells,8,MASTERY_FRESH_TASK|EXPLAIN_WITH_EVIDENCE|APPLY_NEW_TASK|CHECK_REVISE_NEXT_STEP|ESSENTIAL_QUESTION|EVIDENCE_QUALITY|LIMITATION|PROVENANCE,4,False,False,True,False,BOUND_REFERENCE_EVIDENCE_TASK,0,False,False,False,5,True,True,True,1,0,8,none,True,True,False,2743,696,299,32e60c4a066e4c3ae69deda30a43b0f2062c7b7d2b63d9948b881e8924e8136e,,"Without copying the brief, evaluate the candidate claim, interpret the evidence table, and apply the idea to a new example you create.",0
ma-hs9-biology-u03-l12,ma-hs9-biology,9,high,hs912-science-h4,h4-high-school,3,12,Correction and reflection,remediation,STUDENT_WORK_SHEET,scale and surface-area-to-volume,7,EXPLAIN_WITH_EVIDENCE|APPLY_NEW_TASK|CHECK_REVISE_NEXT_STEP|ESSENTIAL_QUESTION|EVIDENCE_QUALITY|LIMITATION|PROVENANCE,4,False,False,True,False,BOUND_REFERENCE_EVIDENCE_TASK,0,False,False,False,5,True,True,True,1,0,8,none,True,True,False,2684,696,252,f3778e0687b9819437c90bdb79c1805233eedfe5c0329ea903508ea9cad22009,,"Locate one weakness in an earlier response, revise it with a named evidence code, and state what the revision fixes.",0
ma-hs9-biology-u04-l01,ma-hs9-biology,9,high,hs912-science-h4,h4-high-school,4,1,Launch and diagnostic,concept,STUDENT_WORK_SHEET,setpoints and tolerance ranges,8,PHENOMENON_QUESTION|EXPLAIN_WITH_EVIDENCE|APPLY_NEW_TASK|CHECK_REVISE_NEXT_STEP|ESSENTIAL_QUESTION|EVIDENCE_QUALITY|LIMITATION|PROVENANCE,4,False,False,True,False,BOUND_REFERENCE_EVIDENCE_TASK,0,False,False,False,5,True,True,True,1,0,8,none,True,True,False,2724,696,299,5642d89ded717842ea7470eb3670c2d7e4c2703c6927256f3f4d12501c50ed79,,"Write an initial explanation, then mark which evidence item would most strongly change it.",0
ma-hs9-biology-u04-l02,ma-hs9-biology,9,high,hs912-science-h4,h4-high-school,4,2,Concept model A,concept,STUDENT_WORK_SHEET,negative feedback loops,7,EXPLAIN_WITH_EVIDENCE|APPLY_NEW_TASK|CHECK_REVISE_NEXT_STEP|ESSENTIAL_QUESTION|EVIDENCE_QUALITY|LIMITATION|PROVENANCE,4,False,False,True,False,BOUND_REFERENCE_EVIDENCE_TASK,0,False,False,False,5,True,True,True,1,0,8,none,True,True,False,2679,696,252,dfb5f843531855559d6e79bc438056b283b7c420a603322c47a6a922ef2fc4e3,,Build a labelled model that includes every accepted relationship in the science brief and test it against the case claim.,0
ma-hs9-biology-u04-l03,ma-hs9-biology,9,high,hs912-science-h4,h4-high-school,4,3,Guided practice A,concept,STUDENT_WORK_SHEET,positive feedback loops,7,EXPLAIN_WITH_EVIDENCE|APPLY_NEW_TASK|CHECK_REVISE_NEXT_STEP|ESSENTIAL_QUESTION|EVIDENCE_QUALITY|LIMITATION|PROVENANCE,4,False,False,True,False,BOUND_REFERENCE_EVIDENCE_TASK,0,False,False,False,5,True,True,True,1,0,8,none,True,True,False,2658,696,252,154c2051a147eaee681a0380b1cefb5e6580f01710735b036a691adbb6cec0ec,,Use E1 with E2 first; then add E3 and revise any conclusion that no longer fits.,0
ma-hs9-biology-u04-l04,ma-hs9-biology,9,high,hs912-science-h4,h4-high-school,4,4,Independent application A,mastery,STUDENT_WORK_SHEET,feedback failure and disease,7,EXPLAIN_WITH_EVIDENCE|APPLY_NEW_TASK|CHECK_REVISE_NEXT_STEP|ESSENTIAL_QUESTION|EVIDENCE_QUALITY|LIMITATION|PROVENANCE,3,False,False,True,False,BOUND_REFERENCE_EVIDENCE_TASK,0,False,False,False,5,True,True,True,1,0,8,none,True,True,False,2658,696,259,913bdd4be8b6ff763046729e90ed59dc90df94fc5f0295c73da483b126fa1cb5,,Evaluate the case claim independently using at least two evidence codes and one stated limitation.,0
ma-hs9-biology-u04-l05,ma-hs9-biology,9,high,hs912-science-h4,h4-high-school,4,5,Concept model B,concept,STUDENT_WORK_SHEET,regulation across organ systems,7,EXPLAIN_WITH_EVIDENCE|APPLY_NEW_TASK|CHECK_REVISE_NEXT_STEP|ESSENTIAL_QUESTION|EVIDENCE_QUALITY|LIMITATION|PROVENANCE,3,False,False,True,False,BOUND_REFERENCE_EVIDENCE_TASK,0,False,False,False,5,True,True,True,1,0,8,none,True,True,False,2637,696,259,251d10a809fe7567a81af62975b0a80707ed419417fbbdf3fd674b7ded41e81c,,Build a second representation of the same evidence and identify one feature the first model hid.,0
ma-hs9-biology-u04-l06,ma-hs9-biology,9,high,hs912-science-h4,h4-high-school,4,6,Guided practice B,concept,STUDENT_WORK_SHEET,modelling feedback quantitatively,7,EXPLAIN_WITH_EVIDENCE|APPLY_NEW_TASK|CHECK_REVISE_NEXT_STEP|ESSENTIAL_QUESTION|EVIDENCE_QUALITY|LIMITATION|PROVENANCE,3,False,False,True,False,BOUND_REFERENCE_EVIDENCE_TASK,0,False,False,False,5,True,True,True,1,0,8,none,True,True,False,2618,696,252,013c5216537f61df0ee5a6cab19081881213f47020f3208e4d8b455dee548c2f,,"Sort all evidence as supports, challenges, or does not decide, and justify every placement.",0
ma-hs9-biology-u04-l07,ma-hs9-biology,9,high,hs912-science-h4,h4-high-school,4,7,Investigation,lab/activity,INVESTIGATION_DATA_SHEET,setpoints and tolerance ranges,8,INVESTIGATE|EXPLAIN_WITH_EVIDENCE|APPLY_NEW_TASK|CHECK_REVISE_NEXT_STEP|ESSENTIAL_QUESTION|EVIDENCE_QUALITY|LIMITATION|PROVENANCE,4,False,False,True,True,H4_PHYSICAL_INVESTIGATION,6,False,False,False,5,True,True,True,2,4,10,nearby-adult,True,True,False,3444,847,309,5642d89ded717842ea7470eb3670c2d7e4c2703c6927256f3f4d12501c50ed79,a7cf63cc0a0c2293fac53cf26cf7166d5c43bd8f407a14267236819a57b42ed1,"Choose the H4 physical route or the supplied model-data route, complete that route, and answer from the evidence you actually collected or calculated.",0
ma-hs9-biology-u04-l08,ma-hs9-biology,9,high,hs912-science-h4,h4-high-school,4,8,Reteach and varied practice,remediation,STUDENT_WORK_SHEET,negative feedback loops,7,EXPLAIN_WITH_EVIDENCE|APPLY_NEW_TASK|CHECK_REVISE_NEXT_STEP|ESSENTIAL_QUESTION|EVIDENCE_QUALITY|LIMITATION|PROVENANCE,4,False,False,True,False,BOUND_REFERENCE_EVIDENCE_TASK,0,False,False,False,5,True,True,True,1,0,8,none,True,True,False,2678,696,252,dfb5f843531855559d6e79bc438056b283b7c420a603322c47a6a922ef2fc4e3,,"Correct the candidate claim, explain the exact evidence that makes the correction necessary, and create one fresh example.",0
ma-hs9-biology-u04-l09,ma-hs9-biology,9,high,hs912-science-h4,h4-high-school,4,9,Performance task build,assessment/project,INVESTIGATION_DATA_SHEET,positive feedback loops,8,PERFORMANCE_EVIDENCE|EXPLAIN_WITH_EVIDENCE|APPLY_NEW_TASK|CHECK_REVISE_NEXT_STEP|ESSENTIAL_QUESTION|EVIDENCE_QUALITY|LIMITATION|PROVENANCE,4,False,False,True,True,H4_PHYSICAL_INVESTIGATION,6,False,False,False,5,True,True,True,2,4,10,nearby-adult,True,True,False,3399,847,308,154c2051a147eaee681a0380b1cefb5e6580f01710735b036a691adbb6cec0ec,a7cf63cc0a0c2293fac53cf26cf7166d5c43bd8f407a14267236819a57b42ed1,Use the supplied record to build a claim-evidence-reasoning product that another reader can check line by line.,0
ma-hs9-biology-u04-l10,ma-hs9-biology,9,high,hs912-science-h4,h4-high-school,4,10,Synthesis and review,review,STUDENT_WORK_SHEET,feedback failure and disease,7,EXPLAIN_WITH_EVIDENCE|APPLY_NEW_TASK|CHECK_REVISE_NEXT_STEP|ESSENTIAL_QUESTION|EVIDENCE_QUALITY|LIMITATION|PROVENANCE,3,False,False,True,False,BOUND_REFERENCE_EVIDENCE_TASK,0,False,False,False,5,True,True,True,1,0,8,none,True,True,False,2660,696,259,913bdd4be8b6ff763046729e90ed59dc90df94fc5f0295c73da483b126fa1cb5,,"Connect at least three evidence items, state the boundary of the conclusion, and answer the unit question.",0
ma-hs9-biology-u04-l11,ma-hs9-biology,9,high,hs912-science-h4,h4-high-school,4,11,Unit assessment,assessment/project,STUDENT_WORK_SHEET,regulation across organ systems,8,MASTERY_FRESH_TASK|EXPLAIN_WITH_EVIDENCE|APPLY_NEW_TASK|CHECK_REVISE_NEXT_STEP|ESSENTIAL_QUESTION|EVIDENCE_QUALITY|LIMITATION|PROVENANCE,3,False,False,True,False,BOUND_REFERENCE_EVIDENCE_TASK,0,False,False,False,5,True,True,True,1,0,8,none,True,True,False,2695,696,299,251d10a809fe7567a81af62975b0a80707ed419417fbbdf3fd674b7ded41e81c,,"Without copying the brief, evaluate the candidate claim, interpret the evidence table, and apply the idea to a new example you create.",0
ma-hs9-biology-u04-l12,ma-hs9-biology,9,high,hs912-science-h4,h4-high-school,4,12,Correction and reflection,remediation,STUDENT_WORK_SHEET,modelling feedback quantitatively,7,EXPLAIN_WITH_EVIDENCE|APPLY_NEW_TASK|CHECK_REVISE_NEXT_STEP|ESSENTIAL_QUESTION|EVIDENCE_QUALITY|LIMITATION|PROVENANCE,3,False,False,True,False,BOUND_REFERENCE_EVIDENCE_TASK,0,False,False,False,5,True,True,True,1,0,8,none,True,True,False,2624,696,252,013c5216537f61df0ee5a6cab19081881213f47020f3208e4d8b455dee548c2f,,"Locate one weakness in an earlier response, revise it with a named evidence code, and state what the revision fixes.",0
ma-hs9-biology-u05-l01,ma-hs9-biology,9,high,hs912-science-h4,h4-high-school,5,1,Launch and diagnostic,concept,STUDENT_WORK_SHEET,light energy capture,8,PHENOMENON_QUESTION|EXPLAIN_WITH_EVIDENCE|APPLY_NEW_TASK|CHECK_REVISE_NEXT_STEP|ESSENTIAL_QUESTION|EVIDENCE_QUALITY|LIMITATION|PROVENANCE,4,False,False,True,False,BOUND_REFERENCE_EVIDENCE_TASK,0,False,False,False,5,True,True,True,1,0,8,none,True,True,False,2705,696,291,324e6cca70e290c7ed6d23e77707ed3fd657fa202bd6dbe0e3d050302a926b6f,,"Write an initial explanation, then mark which evidence item would most strongly change it.",0
ma-hs9-biology-u05-l02,ma-hs9-biology,9,high,hs912-science-h4,h4-high-school,5,2,Concept model A,concept,STUDENT_WORK_SHEET,photosynthesis as matter and energy transformation,7,EXPLAIN_WITH_EVIDENCE|APPLY_NEW_TASK|CHECK_REVISE_NEXT_STEP|ESSENTIAL_QUESTION|EVIDENCE_QUALITY|LIMITATION|PROVENANCE,4,False,False,True,False,BOUND_REFERENCE_EVIDENCE_TASK,0,False,False,False,5,True,True,True,1,0,8,none,True,True,False,2698,696,273,899586e2441dab2d79216fc649b0931d7e6f190f1197ca0c1d904635a80a71a2,,Build a labelled model that includes every accepted relationship in the science brief and test it against the case claim.,0
ma-hs9-biology-u05-l03,ma-hs9-biology,9,high,hs912-science-h4,h4-high-school,5,3,Guided practice A,concept,STUDENT_WORK_SHEET,cellular respiration,7,EXPLAIN_WITH_EVIDENCE|APPLY_NEW_TASK|CHECK_REVISE_NEXT_STEP|ESSENTIAL_QUESTION|EVIDENCE_QUALITY|LIMITATION|PROVENANCE,4,False,False,True,False,BOUND_REFERENCE_EVIDENCE_TASK,0,False,False,False,5,True,True,True,1,0,8,none,True,True,False,2604,696,245,293095a4caf6069bec3237e89860c4ece0c148d024b9bf828c08650159862a67,,Use E1 with E2 first; then add E3 and revise any conclusion that no longer fits.,0
ma-hs9-biology-u05-l04,ma-hs9-biology,9,high,hs912-science-h4,h4-high-school,5,4,Independent application A,mastery,STUDENT_WORK_SHEET,aerobic and anaerobic pathways,7,EXPLAIN_WITH_EVIDENCE|APPLY_NEW_TASK|CHECK_REVISE_NEXT_STEP|ESSENTIAL_QUESTION|EVIDENCE_QUALITY|LIMITATION|PROVENANCE,4,False,False,True,False,BOUND_REFERENCE_EVIDENCE_TASK,0,False,False,False,5,True,True,True,1,0,8,none,True,True,False,2661,696,259,6ddf5a2037e0ac3a549cca0808fb4f4c94279e7a96ecb1bb909dbaa762ebc846,,Evaluate the case claim independently using at least two evidence codes and one stated limitation.,0
ma-hs9-biology-u05-l05,ma-hs9-biology,9,high,hs912-science-h4,h4-high-school,5,5,Concept model B,concept,STUDENT_WORK_SHEET,conservation of matter in metabolism,7,EXPLAIN_WITH_EVIDENCE|APPLY_NEW_TASK|CHECK_REVISE_NEXT_STEP|ESSENTIAL_QUESTION|EVIDENCE_QUALITY|LIMITATION|PROVENANCE,4,False,False,True,False,BOUND_REFERENCE_EVIDENCE_TASK,0,False,False,False,5,True,True,True,1,0,8,none,True,True,False,2688,696,266,da7277e7d8c3d0624587660d7ae75c11532e238ccc70caf27518321385f9748f,,Build a second representation of the same evidence and identify one feature the first model hid.,0
ma-hs9-biology-u05-l06,ma-hs9-biology,9,high,hs912-science-h4,h4-high-school,5,6,Guided practice B,concept,STUDENT_WORK_SHEET,energy accounting in organisms,7,EXPLAIN_WITH_EVIDENCE|APPLY_NEW_TASK|CHECK_REVISE_NEXT_STEP|ESSENTIAL_QUESTION|EVIDENCE_QUALITY|LIMITATION|PROVENANCE,3,False,False,True,False,BOUND_REFERENCE_EVIDENCE_TASK,0,False,False,False,5,True,True,True,1,0,8,none,True,True,False,2628,696,259,1bec7513ccfdd2b8191f92f819ff3893e4256a00abbcd68df92d11f077fac5c1,,"Sort all evidence as supports, challenges, or does not decide, and justify every placement.",0
ma-hs9-biology-u05-l07,ma-hs9-biology,9,high,hs912-science-h4,h4-high-school,5,7,Investigation,lab/activity,INVESTIGATION_DATA_SHEET,light energy capture,8,INVESTIGATE|EXPLAIN_WITH_EVIDENCE|APPLY_NEW_TASK|CHECK_REVISE_NEXT_STEP|ESSENTIAL_QUESTION|EVIDENCE_QUALITY|LIMITATION|PROVENANCE,4,False,False,True,True,H4_PHYSICAL_INVESTIGATION,6,True,False,False,5,True,True,True,4,5,10,direct-adult,True,True,False,3564,959,301,324e6cca70e290c7ed6d23e77707ed3fd657fa202bd6dbe0e3d050302a926b6f,aaf9aa98f1c206d3802dca961434cfc7b1f7d550dae3ebef874f9bbbec7be1b7,"Choose the H4 physical route or the supplied model-data route, complete that route, and answer from the evidence you actually collected or calculated.",0
ma-hs9-biology-u05-l08,ma-hs9-biology,9,high,hs912-science-h4,h4-high-school,5,8,Reteach and varied practice,remediation,STUDENT_WORK_SHEET,photosynthesis as matter and energy transformation,7,EXPLAIN_WITH_EVIDENCE|APPLY_NEW_TASK|CHECK_REVISE_NEXT_STEP|ESSENTIAL_QUESTION|EVIDENCE_QUALITY|LIMITATION|PROVENANCE,4,False,False,True,False,BOUND_REFERENCE_EVIDENCE_TASK,0,False,False,False,5,True,True,True,1,0,8,none,True,True,False,2697,696,273,899586e2441dab2d79216fc649b0931d7e6f190f1197ca0c1d904635a80a71a2,,"Correct the candidate claim, explain the exact evidence that makes the correction necessary, and create one fresh example.",0
ma-hs9-biology-u05-l09,ma-hs9-biology,9,high,hs912-science-h4,h4-high-school,5,9,Performance task build,assessment/project,INVESTIGATION_DATA_SHEET,cellular respiration,8,PERFORMANCE_EVIDENCE|EXPLAIN_WITH_EVIDENCE|APPLY_NEW_TASK|CHECK_REVISE_NEXT_STEP|ESSENTIAL_QUESTION|EVIDENCE_QUALITY|LIMITATION|PROVENANCE,4,False,False,True,True,H4_PHYSICAL_INVESTIGATION,6,True,False,False,5,True,True,True,4,5,10,direct-adult,True,True,False,3476,959,294,293095a4caf6069bec3237e89860c4ece0c148d024b9bf828c08650159862a67,aaf9aa98f1c206d3802dca961434cfc7b1f7d550dae3ebef874f9bbbec7be1b7,Use the supplied record to build a claim-evidence-reasoning product that another reader can check line by line.,0
ma-hs9-biology-u05-l10,ma-hs9-biology,9,high,hs912-science-h4,h4-high-school,5,10,Synthesis and review,review,STUDENT_WORK_SHEET,aerobic and anaerobic pathways,7,EXPLAIN_WITH_EVIDENCE|APPLY_NEW_TASK|CHECK_REVISE_NEXT_STEP|ESSENTIAL_QUESTION|EVIDENCE_QUALITY|LIMITATION|PROVENANCE,4,False,False,True,False,BOUND_REFERENCE_EVIDENCE_TASK,0,False,False,False,5,True,True,True,1,0,8,none,True,True,False,2663,696,259,6ddf5a2037e0ac3a549cca0808fb4f4c94279e7a96ecb1bb909dbaa762ebc846,,"Connect at least three evidence items, state the boundary of the conclusion, and answer the unit question.",0
ma-hs9-biology-u05-l11,ma-hs9-biology,9,high,hs912-science-h4,h4-high-school,5,11,Unit assessment,assessment/project,STUDENT_WORK_SHEET,conservation of matter in metabolism,8,MASTERY_FRESH_TASK|EXPLAIN_WITH_EVIDENCE|APPLY_NEW_TASK|CHECK_REVISE_NEXT_STEP|ESSENTIAL_QUESTION|EVIDENCE_QUALITY|LIMITATION|PROVENANCE,4,False,False,True,False,BOUND_REFERENCE_EVIDENCE_TASK,0,False,False,False,5,True,True,True,1,0,8,none,True,True,False,2748,696,307,da7277e7d8c3d0624587660d7ae75c11532e238ccc70caf27518321385f9748f,,"Without copying the brief, evaluate the candidate claim, interpret the evidence table, and apply the idea to a new example you create.",0
ma-hs9-biology-u05-l12,ma-hs9-biology,9,high,hs912-science-h4,h4-high-school,5,12,Correction and reflection,remediation,STUDENT_WORK_SHEET,energy accounting in organisms,7,EXPLAIN_WITH_EVIDENCE|APPLY_NEW_TASK|CHECK_REVISE_NEXT_STEP|ESSENTIAL_QUESTION|EVIDENCE_QUALITY|LIMITATION|PROVENANCE,3,False,False,True,False,BOUND_REFERENCE_EVIDENCE_TASK,0,False,False,False,5,True,True,True,1,0,8,none,True,True,False,2634,696,259,1bec7513ccfdd2b8191f92f819ff3893e4256a00abbcd68df92d11f077fac5c1,,"Locate one weakness in an earlier response, revise it with a named evidence code, and state what the revision fixes.",0
ma-hs9-biology-u06-l01,ma-hs9-biology,9,high,hs912-science-h4,h4-high-school,6,1,Launch and diagnostic,concept,STUDENT_WORK_SHEET,trophic levels and energy transfer,8,PHENOMENON_QUESTION|EXPLAIN_WITH_EVIDENCE|APPLY_NEW_TASK|CHECK_REVISE_NEXT_STEP|ESSENTIAL_QUESTION|EVIDENCE_QUALITY|LIMITATION|PROVENANCE,4,False,False,True,False,BOUND_REFERENCE_EVIDENCE_TASK,0,False,False,False,5,True,True,True,1,0,8,none,True,True,False,2751,696,307,6b1759c0958586cb30582d8e6380683bad6c7276402b1d5d491b99a25398cd2d,,"Write an initial explanation, then mark which evidence item would most strongly change it.",0
ma-hs9-biology-u06-l02,ma-hs9-biology,9,high,hs912-science-h4,h4-high-school,6,2,Concept model A,concept,STUDENT_WORK_SHEET,food webs and matter flow,7,EXPLAIN_WITH_EVIDENCE|APPLY_NEW_TASK|CHECK_REVISE_NEXT_STEP|ESSENTIAL_QUESTION|EVIDENCE_QUALITY|LIMITATION|PROVENANCE,3,False,False,True,False,BOUND_REFERENCE_EVIDENCE_TASK,0,False,False,False,5,True,True,True,1,0,8,none,True,True,False,2650,696,266,9eda9f8bd82cb586b7535772455455443f82556ca662303fc19d9a2f732d98a4,,Build a labelled model that includes every accepted relationship in the science brief and test it against the case claim.,0
ma-hs9-biology-u06-l03,ma-hs9-biology,9,high,hs912-science-h4,h4-high-school,6,3,Guided practice A,concept,STUDENT_WORK_SHEET,the carbon cycle in ecosystems,7,EXPLAIN_WITH_EVIDENCE|APPLY_NEW_TASK|CHECK_REVISE_NEXT_STEP|ESSENTIAL_QUESTION|EVIDENCE_QUALITY|LIMITATION|PROVENANCE,4,False,False,True,False,BOUND_REFERENCE_EVIDENCE_TASK,0,False,False,False,5,True,True,True,1,0,8,none,True,True,False,2684,696,266,6ed8c1d184ef6d668d38e728efe2ec7d1d0d92499bbc1c074830ca7fc13d63ed,,Use E1 with E2 first; then add E3 and revise any conclusion that no longer fits.,0
ma-hs9-biology-u06-l04,ma-hs9-biology,9,high,hs912-science-h4,h4-high-school,6,4,Independent application A,mastery,STUDENT_WORK_SHEET,nitrogen and nutrient cycling,7,EXPLAIN_WITH_EVIDENCE|APPLY_NEW_TASK|CHECK_REVISE_NEXT_STEP|ESSENTIAL_QUESTION|EVIDENCE_QUALITY|LIMITATION|PROVENANCE,4,False,False,True,False,BOUND_REFERENCE_EVIDENCE_TASK,0,False,False,False,5,True,True,True,1,0,8,none,True,True,False,2645,696,259,91bcbd7b2eff42de89e80f98c36119d586bb34ea537e461c5f4f323a2729a7d1,,Evaluate the case claim independently using at least two evidence codes and one stated limitation.,0
ma-hs9-biology-u06-l05,ma-hs9-biology,9,high,hs912-science-h4,h4-high-school,6,5,Concept model B,concept,STUDENT_WORK_SHEET,decomposition,7,EXPLAIN_WITH_EVIDENCE|APPLY_NEW_TASK|CHECK_REVISE_NEXT_STEP|ESSENTIAL_QUESTION|EVIDENCE_QUALITY|LIMITATION|PROVENANCE,3,False,False,True,False,BOUND_REFERENCE_EVIDENCE_TASK,0,False,False,False,5,True,True,True,1,0,8,none,True,True,False,2548,696,238,6a10d809e425e0973ea94670c52526e392fb98e670d7d502b4255212c37a700b,,Build a second representation of the same evidence and identify one feature the first model hid.,0
ma-hs9-biology-u06-l06,ma-hs9-biology,9,high,hs912-science-h4,h4-high-school,6,6,Guided practice B,concept,STUDENT_WORK_SHEET,quantitative ecosystem models,7,EXPLAIN_WITH_EVIDENCE|APPLY_NEW_TASK|CHECK_REVISE_NEXT_STEP|ESSENTIAL_QUESTION|EVIDENCE_QUALITY|LIMITATION|PROVENANCE,3,False,False,True,False,BOUND_REFERENCE_EVIDENCE_TASK,0,False,False,False,5,True,True,True,1,0,8,none,True,True,False,2584,696,252,a8605ee5b666d184d2b955c6df2dad845cad8799934b707622bbb37795d409f5,,"Sort all evidence as supports, challenges, or does not decide, and justify every placement.",0
ma-hs9-biology-u06-l07,ma-hs9-biology,9,high,hs912-science-h4,h4-high-school,6,7,Investigation,lab/activity,INVESTIGATION_DATA_SHEET,trophic levels and energy transfer,8,INVESTIGATE|EXPLAIN_WITH_EVIDENCE|APPLY_NEW_TASK|CHECK_REVISE_NEXT_STEP|ESSENTIAL_QUESTION|EVIDENCE_QUALITY|LIMITATION|PROVENANCE,4,False,False,True,True,H4_PHYSICAL_INVESTIGATION,4,False,False,False,5,True,True,True,3,6,11,nearby-adult,True,True,False,3677,1045,317,6b1759c0958586cb30582d8e6380683bad6c7276402b1d5d491b99a25398cd2d,0c0e222cdf1b28d9e3ee6e9d909c6552d6e35e6025f9e039f68f7279e4048573,"Choose the H4 physical route or the supplied model-data route, complete that route, and answer from the evidence you actually collected or calculated.",0
ma-hs9-biology-u06-l08,ma-hs9-biology,9,high,hs912-science-h4,h4-high-school,6,8,Reteach and varied practice,remediation,STUDENT_WORK_SHEET,food webs and matter flow,7,EXPLAIN_WITH_EVIDENCE|APPLY_NEW_TASK|CHECK_REVISE_NEXT_STEP|ESSENTIAL_QUESTION|EVIDENCE_QUALITY|LIMITATION|PROVENANCE,3,False,False,True,False,BOUND_REFERENCE_EVIDENCE_TASK,0,False,False,False,5,True,True,True,1,0,8,none,True,True,False,2649,696,266,9eda9f8bd82cb586b7535772455455443f82556ca662303fc19d9a2f732d98a4,,"Correct the candidate claim, explain the exact evidence that makes the correction necessary, and create one fresh example.",0
ma-hs9-biology-u06-l09,ma-hs9-biology,9,high,hs912-science-h4,h4-high-school,6,9,Performance task build,assessment/project,INVESTIGATION_DATA_SHEET,the carbon cycle in ecosystems,8,PERFORMANCE_EVIDENCE|EXPLAIN_WITH_EVIDENCE|APPLY_NEW_TASK|CHECK_REVISE_NEXT_STEP|ESSENTIAL_QUESTION|EVIDENCE_QUALITY|LIMITATION|PROVENANCE,4,False,False,True,True,H4_PHYSICAL_INVESTIGATION,4,False,False,False,5,True,True,True,3,6,11,nearby-adult,True,True,False,3623,1045,312,6ed8c1d184ef6d668d38e728efe2ec7d1d0d92499bbc1c074830ca7fc13d63ed,0c0e222cdf1b28d9e3ee6e9d909c6552d6e35e6025f9e039f68f7279e4048573,Use the supplied record to build a claim-evidence-reasoning product that another reader can check line by line.,0
ma-hs9-biology-u06-l10,ma-hs9-biology,9,high,hs912-science-h4,h4-high-school,6,10,Synthesis and review,review,STUDENT_WORK_SHEET,nitrogen and nutrient cycling,7,EXPLAIN_WITH_EVIDENCE|APPLY_NEW_TASK|CHECK_REVISE_NEXT_STEP|ESSENTIAL_QUESTION|EVIDENCE_QUALITY|LIMITATION|PROVENANCE,4,False,False,True,False,BOUND_REFERENCE_EVIDENCE_TASK,0,False,False,False,5,True,True,True,1,0,8,none,True,True,False,2647,696,259,91bcbd7b2eff42de89e80f98c36119d586bb34ea537e461c5f4f323a2729a7d1,,"Connect at least three evidence items, state the boundary of the conclusion, and answer the unit question.",0
ma-hs9-biology-u06-l11,ma-hs9-biology,9,high,hs912-science-h4,h4-high-school,6,11,Unit assessment,assessment/project,STUDENT_WORK_SHEET,decomposition,8,MASTERY_FRESH_TASK|EXPLAIN_WITH_EVIDENCE|APPLY_NEW_TASK|CHECK_REVISE_NEXT_STEP|ESSENTIAL_QUESTION|EVIDENCE_QUALITY|LIMITATION|PROVENANCE,3,False,False,True,False,BOUND_REFERENCE_EVIDENCE_TASK,0,False,False,False,5,True,True,True,1,0,8,none,True,True,False,2600,696,275,6a10d809e425e0973ea94670c52526e392fb98e670d7d502b4255212c37a700b,,"Without copying the brief, evaluate the candidate claim, interpret the evidence table, and apply the idea to a new example you create.",0
ma-hs9-biology-u06-l12,ma-hs9-biology,9,high,hs912-science-h4,h4-high-school,6,12,Correction and reflection,remediation,STUDENT_WORK_SHEET,quantitative ecosystem models,7,EXPLAIN_WITH_EVIDENCE|APPLY_NEW_TASK|CHECK_REVISE_NEXT_STEP|ESSENTIAL_QUESTION|EVIDENCE_QUALITY|LIMITATION|PROVENANCE,3,False,False,True,False,BOUND_REFERENCE_EVIDENCE_TASK,0,False,False,False,5,True,True,True,1,0,8,none,True,True,False,2590,696,252,a8605ee5b666d184d2b955c6df2dad845cad8799934b707622bbb37795d409f5,,"Locate one weakness in an earlier response, revise it with a named evidence code, and state what the revision fixes.",0
ma-hs9-biology-u07-l01,ma-hs9-biology,9,high,hs912-science-h4,h4-high-school,7,1,Launch and diagnostic,concept,STUDENT_WORK_SHEET,exponential and logistic growth,8,PHENOMENON_QUESTION|EXPLAIN_WITH_EVIDENCE|APPLY_NEW_TASK|CHECK_REVISE_NEXT_STEP|ESSENTIAL_QUESTION|EVIDENCE_QUALITY|LIMITATION|PROVENANCE,4,False,False,True,False,BOUND_REFERENCE_EVIDENCE_TASK,0,False,False,False,5,True,True,True,1,0,8,none,True,True,False,2721,696,299,d724d41bf275bd1bb2c78cb8aac6b54ee1e431eefcfb3127eb7c8f96bcbfca99,,"Write an initial explanation, then mark which evidence item would most strongly change it.",0
ma-hs9-biology-u07-l02,ma-hs9-biology,9,high,hs912-science-h4,h4-high-school,7,2,Concept model A,concept,STUDENT_WORK_SHEET,carrying capacity and limiting factors,7,EXPLAIN_WITH_EVIDENCE|APPLY_NEW_TASK|CHECK_REVISE_NEXT_STEP|ESSENTIAL_QUESTION|EVIDENCE_QUALITY|LIMITATION|PROVENANCE,4,False,False,True,False,BOUND_REFERENCE_EVIDENCE_TASK,0,False,False,False,5,True,True,True,1,0,8,none,True,True,False,2719,696,266,1df674650faf30377ebe8cc83fabf0f96500650828a3d0d963cde9e2ce273c57,,Build a labelled model that includes every accepted relationship in the science brief and test it against the case claim.,0
ma-hs9-biology-u07-l03,ma-hs9-biology,9,high,hs912-science-h4,h4-high-school,7,3,Guided practice A,concept,STUDENT_WORK_SHEET,interspecific interactions,7,EXPLAIN_WITH_EVIDENCE|APPLY_NEW_TASK|CHECK_REVISE_NEXT_STEP|ESSENTIAL_QUESTION|EVIDENCE_QUALITY|LIMITATION|PROVENANCE,4,False,False,True,False,BOUND_REFERENCE_EVIDENCE_TASK,0,False,False,False,5,True,True,True,1,0,8,none,True,True,False,2676,696,245,772f52fb65d6bfdd74076ebc569ee27d42a56a971c5f5c023a1744bb2862774d,,Use E1 with E2 first; then add E3 and revise any conclusion that no longer fits.,0
ma-hs9-biology-u07-l04,ma-hs9-biology,9,high,hs912-science-h4,h4-high-school,7,4,Independent application A,mastery,STUDENT_WORK_SHEET,biodiversity measurement,7,EXPLAIN_WITH_EVIDENCE|APPLY_NEW_TASK|CHECK_REVISE_NEXT_STEP|ESSENTIAL_QUESTION|EVIDENCE_QUALITY|LIMITATION|PROVENANCE,3,False,False,True,False,BOUND_REFERENCE_EVIDENCE_TASK,0,False,False,False,5,True,True,True,1,0,8,none,True,True,False,2595,696,245,ef81522e4df08507ceaa59f08e8d0c944a53cbb9f0a5dcf3a4bd3e76dd9146a9,,Evaluate the case claim independently using at least two evidence codes and one stated limitation.,0
ma-hs9-biology-u07-l05,ma-hs9-biology,9,high,hs912-science-h4,h4-high-school,7,5,Concept model B,concept,STUDENT_WORK_SHEET,ecosystem resilience and disturbance,7,EXPLAIN_WITH_EVIDENCE|APPLY_NEW_TASK|CHECK_REVISE_NEXT_STEP|ESSENTIAL_QUESTION|EVIDENCE_QUALITY|LIMITATION|PROVENANCE,3,False,False,True,False,BOUND_REFERENCE_EVIDENCE_TASK,0,False,False,False,5,True,True,True,1,0,8,none,True,True,False,2622,696,259,67fac5cdda272bd30aa15fbc09f34c177981be55d9c51e3ee11424a880d89831,,Build a second representation of the same evidence and identify one feature the first model hid.,0
ma-hs9-biology-u07-l06,ma-hs9-biology,9,high,hs912-science-h4,h4-high-school,7,6,Guided practice B,concept,STUDENT_WORK_SHEET,group behaviour and survival,7,EXPLAIN_WITH_EVIDENCE|APPLY_NEW_TASK|CHECK_REVISE_NEXT_STEP|ESSENTIAL_QUESTION|EVIDENCE_QUALITY|LIMITATION|PROVENANCE,3,False,False,True,False,BOUND_REFERENCE_EVIDENCE_TASK,0,False,False,False,5,True,True,True,1,0,8,none,True,True,False,2638,696,259,e0021ef5d0c97781cd67a5907eb5664c42868fb2915c7952719937e023cad1bb,,"Sort all evidence as supports, challenges, or does not decide, and justify every placement.",0
ma-hs9-biology-u07-l07,ma-hs9-biology,9,high,hs912-science-h4,h4-high-school,7,7,Investigation,lab/activity,INVESTIGATION_DATA_SHEET,exponential and logistic growth,8,INVESTIGATE|EXPLAIN_WITH_EVIDENCE|APPLY_NEW_TASK|CHECK_REVISE_NEXT_STEP|ESSENTIAL_QUESTION|EVIDENCE_QUALITY|LIMITATION|PROVENANCE,4,False,False,True,True,H4_PHYSICAL_INVESTIGATION,7,True,False,False,5,True,True,True,2,4,9,nearby-adult,True,True,False,3444,846,309,d724d41bf275bd1bb2c78cb8aac6b54ee1e431eefcfb3127eb7c8f96bcbfca99,eaca93f58138961a726bbff711f9c4c2c812b1bbf324c6dd002357425298aea1,"Choose the H4 physical route or the supplied model-data route, complete that route, and answer from the evidence you actually collected or calculated.",0
ma-hs9-biology-u07-l08,ma-hs9-biology,9,high,hs912-science-h4,h4-high-school,7,8,Reteach and varied practice,remediation,STUDENT_WORK_SHEET,carrying capacity and limiting factors,7,EXPLAIN_WITH_EVIDENCE|APPLY_NEW_TASK|CHECK_REVISE_NEXT_STEP|ESSENTIAL_QUESTION|EVIDENCE_QUALITY|LIMITATION|PROVENANCE,4,False,False,True,False,BOUND_REFERENCE_EVIDENCE_TASK,0,False,False,False,5,True,True,True,1,0,8,none,True,True,False,2718,696,266,1df674650faf30377ebe8cc83fabf0f96500650828a3d0d963cde9e2ce273c57,,"Correct the candidate claim, explain the exact evidence that makes the correction necessary, and create one fresh example.",0
ma-hs9-biology-u07-l09,ma-hs9-biology,9,high,hs912-science-h4,h4-high-school,7,9,Performance task build,assessment/project,INVESTIGATION_DATA_SHEET,interspecific interactions,8,PERFORMANCE_EVIDENCE|EXPLAIN_WITH_EVIDENCE|APPLY_NEW_TASK|CHECK_REVISE_NEXT_STEP|ESSENTIAL_QUESTION|EVIDENCE_QUALITY|LIMITATION|PROVENANCE,4,False,False,True,True,H4_PHYSICAL_INVESTIGATION,7,True,False,False,5,True,True,True,2,4,9,nearby-adult,True,True,False,3414,846,296,772f52fb65d6bfdd74076ebc569ee27d42a56a971c5f5c023a1744bb2862774d,eaca93f58138961a726bbff711f9c4c2c812b1bbf324c6dd002357425298aea1,Use the supplied record to build a claim-evidence-reasoning product that another reader can check line by line.,0
ma-hs9-biology-u07-l10,ma-hs9-biology,9,high,hs912-science-h4,h4-high-school,7,10,Synthesis and review,review,STUDENT_WORK_SHEET,biodiversity measurement,7,EXPLAIN_WITH_EVIDENCE|APPLY_NEW_TASK|CHECK_REVISE_NEXT_STEP|ESSENTIAL_QUESTION|EVIDENCE_QUALITY|LIMITATION|PROVENANCE,3,False,False,True,False,BOUND_REFERENCE_EVIDENCE_TASK,0,False,False,False,5,True,True,True,1,0,8,none,True,True,False,2597,696,245,ef81522e4df08507ceaa59f08e8d0c944a53cbb9f0a5dcf3a4bd3e76dd9146a9,,"Connect at least three evidence items, state the boundary of the conclusion, and answer the unit question.",0
ma-hs9-biology-u07-l11,ma-hs9-biology,9,high,hs912-science-h4,h4-high-school,7,11,Unit assessment,assessment/project,STUDENT_WORK_SHEET,ecosystem resilience and disturbance,8,MASTERY_FRESH_TASK|EXPLAIN_WITH_EVIDENCE|APPLY_NEW_TASK|CHECK_REVISE_NEXT_STEP|ESSENTIAL_QUESTION|EVIDENCE_QUALITY|LIMITATION|PROVENANCE,3,False,False,True,False,BOUND_REFERENCE_EVIDENCE_TASK,0,False,False,False,5,True,True,True,1,0,8,none,True,True,False,2680,696,299,67fac5cdda272bd30aa15fbc09f34c177981be55d9c51e3ee11424a880d89831,,"Without copying the brief, evaluate the candidate claim, interpret the evidence table, and apply the idea to a new example you create.",0
ma-hs9-biology-u07-l12,ma-hs9-biology,9,high,hs912-science-h4,h4-high-school,7,12,Correction and reflection,remediation,STUDENT_WORK_SHEET,group behaviour and survival,7,EXPLAIN_WITH_EVIDENCE|APPLY_NEW_TASK|CHECK_REVISE_NEXT_STEP|ESSENTIAL_QUESTION|EVIDENCE_QUALITY|LIMITATION|PROVENANCE,3,False,False,True,False,BOUND_REFERENCE_EVIDENCE_TASK,0,False,False,False,5,True,True,True,1,0,8,none,True,True,False,2644,696,259,e0021ef5d0c97781cd67a5907eb5664c42868fb2915c7952719937e023cad1bb,,"Locate one weakness in an earlier response, revise it with a named evidence code, and state what the revision fixes.",0
ma-hs9-biology-u08-l01,ma-hs9-biology,9,high,hs912-science-h4,h4-high-school,8,1,Launch and diagnostic,concept,STUDENT_WORK_SHEET,chromosomes and gene loci,8,PHENOMENON_QUESTION|EXPLAIN_WITH_EVIDENCE|APPLY_NEW_TASK|CHECK_REVISE_NEXT_STEP|ESSENTIAL_QUESTION|EVIDENCE_QUALITY|LIMITATION|PROVENANCE,4,False,False,True,False,BOUND_REFERENCE_EVIDENCE_TASK,0,False,False,False,5,True,True,True,1,0,8,none,True,True,False,2736,696,299,399eb4875b7c16d7fee391606dbfadd50472c1ea916aa661f01bd636ced332c6,,"Write an initial explanation, then mark which evidence item would most strongly change it.",0
ma-hs9-biology-u08-l02,ma-hs9-biology,9,high,hs912-science-h4,h4-high-school,8,2,Concept model A,concept,STUDENT_WORK_SHEET,meiosis and recombination,7,EXPLAIN_WITH_EVIDENCE|APPLY_NEW_TASK|CHECK_REVISE_NEXT_STEP|ESSENTIAL_QUESTION|EVIDENCE_QUALITY|LIMITATION|PROVENANCE,4,False,False,True,False,BOUND_REFERENCE_EVIDENCE_TASK,0,False,False,False,5,True,True,True,1,0,8,none,True,True,False,2644,696,252,3af39549288f7ab75d79fe288bc50334c014d6352151ce0704cfcdb01a9d3f26,,Build a labelled model that includes every accepted relationship in the science brief and test it against the case claim.,0
ma-hs9-biology-u08-l03,ma-hs9-biology,9,high,hs912-science-h4,h4-high-school,8,3,Guided practice A,concept,STUDENT_WORK_SHEET,sources of genetic variation,7,EXPLAIN_WITH_EVIDENCE|APPLY_NEW_TASK|CHECK_REVISE_NEXT_STEP|ESSENTIAL_QUESTION|EVIDENCE_QUALITY|LIMITATION|PROVENANCE,4,False,False,True,False,BOUND_REFERENCE_EVIDENCE_TASK,0,False,False,False,5,True,True,True,1,0,8,none,True,True,False,2653,696,259,9d38340b8634aacb048d15d16edbc2f92f15edbe3874e3f4c2eb5080ce7cf2c7,,Use E1 with E2 first; then add E3 and revise any conclusion that no longer fits.,0
ma-hs9-biology-u08-l04,ma-hs9-biology,9,high,hs912-science-h4,h4-high-school,8,4,Independent application A,mastery,STUDENT_WORK_SHEET,probability and Punnett models,7,EXPLAIN_WITH_EVIDENCE|APPLY_NEW_TASK|CHECK_REVISE_NEXT_STEP|ESSENTIAL_QUESTION|EVIDENCE_QUALITY|LIMITATION|PROVENANCE,4,False,False,True,False,BOUND_REFERENCE_EVIDENCE_TASK,0,False,False,False,5,True,True,True,1,0,8,none,True,True,False,2665,696,259,58699dcc4093081c9ab2a089c928186509de5cd243729bc74f2cb5f79683f608,,Evaluate the case claim independently using at least two evidence codes and one stated limitation.,0
ma-hs9-biology-u08-l05,ma-hs9-biology,9,high,hs912-science-h4,h4-high-school,8,5,Concept model B,concept,STUDENT_WORK_SHEET,polygenic and environmental effects,7,EXPLAIN_WITH_EVIDENCE|APPLY_NEW_TASK|CHECK_REVISE_NEXT_STEP|ESSENTIAL_QUESTION|EVIDENCE_QUALITY|LIMITATION|PROVENANCE,4,False,False,True,False,BOUND_REFERENCE_EVIDENCE_TASK,0,False,False,False,5,True,True,True,1,0,8,none,True,True,False,2694,696,259,e29d074def0038705c7891c4fa268e61fe484160788ec9078cd7ca8344c77089,,Build a second representation of the same evidence and identify one feature the first model hid.,0
ma-hs9-biology-u08-l06,ma-hs9-biology,9,high,hs912-science-h4,h4-high-school,8,6,Guided practice B,concept,STUDENT_WORK_SHEET,distribution of expressed traits,7,EXPLAIN_WITH_EVIDENCE|APPLY_NEW_TASK|CHECK_REVISE_NEXT_STEP|ESSENTIAL_QUESTION|EVIDENCE_QUALITY|LIMITATION|PROVENANCE,3,False,False,True,False,BOUND_REFERENCE_EVIDENCE_TASK,0,False,False,False,5,True,True,True,1,0,8,none,True,True,False,2616,696,259,52ef17a007606e493a7d2a12797ad17929a3ef44796e6cc21eaed21e6cf587fe,,"Sort all evidence as supports, challenges, or does not decide, and justify every placement.",0
ma-hs9-biology-u08-l07,ma-hs9-biology,9,high,hs912-science-h4,h4-high-school,8,7,Investigation,lab/activity,INVESTIGATION_DATA_SHEET,chromosomes and gene loci,8,INVESTIGATE|EXPLAIN_WITH_EVIDENCE|APPLY_NEW_TASK|CHECK_REVISE_NEXT_STEP|ESSENTIAL_QUESTION|EVIDENCE_QUALITY|LIMITATION|PROVENANCE,4,False,False,True,True,H4_PHYSICAL_INVESTIGATION,8,False,False,False,5,True,True,True,4,5,10,nearby-adult,True,True,False,3608,1002,309,399eb4875b7c16d7fee391606dbfadd50472c1ea916aa661f01bd636ced332c6,d856801931d671eed172d9b19c689ef9293ac365cebfba6ba47b5d92620481ac,"Choose the H4 physical route or the supplied model-data route, complete that route, and answer from the evidence you actually collected or calculated.",0
ma-hs9-biology-u08-l08,ma-hs9-biology,9,high,hs912-science-h4,h4-high-school,8,8,Reteach and varied practice,remediation,STUDENT_WORK_SHEET,meiosis and recombination,7,EXPLAIN_WITH_EVIDENCE|APPLY_NEW_TASK|CHECK_REVISE_NEXT_STEP|ESSENTIAL_QUESTION|EVIDENCE_QUALITY|LIMITATION|PROVENANCE,4,False,False,True,False,BOUND_REFERENCE_EVIDENCE_TASK,0,False,False,False,5,True,True,True,1,0,8,none,True,True,False,2643,696,252,3af39549288f7ab75d79fe288bc50334c014d6352151ce0704cfcdb01a9d3f26,,"Correct the candidate claim, explain the exact evidence that makes the correction necessary, and create one fresh example.",0
ma-hs9-biology-u08-l09,ma-hs9-biology,9,high,hs912-science-h4,h4-high-school,8,9,Performance task build,assessment/project,INVESTIGATION_DATA_SHEET,sources of genetic variation,8,PERFORMANCE_EVIDENCE|EXPLAIN_WITH_EVIDENCE|APPLY_NEW_TASK|CHECK_REVISE_NEXT_STEP|ESSENTIAL_QUESTION|EVIDENCE_QUALITY|LIMITATION|PROVENANCE,4,False,False,True,True,H4_PHYSICAL_INVESTIGATION,8,False,False,False,5,True,True,True,4,5,10,nearby-adult,True,True,False,3542,1002,310,9d38340b8634aacb048d15d16edbc2f92f15edbe3874e3f4c2eb5080ce7cf2c7,d856801931d671eed172d9b19c689ef9293ac365cebfba6ba47b5d92620481ac,Use the supplied record to build a claim-evidence-reasoning product that another reader can check line by line.,0
ma-hs9-biology-u08-l10,ma-hs9-biology,9,high,hs912-science-h4,h4-high-school,8,10,Synthesis and review,review,STUDENT_WORK_SHEET,probability and Punnett models,7,EXPLAIN_WITH_EVIDENCE|APPLY_NEW_TASK|CHECK_REVISE_NEXT_STEP|ESSENTIAL_QUESTION|EVIDENCE_QUALITY|LIMITATION|PROVENANCE,4,False,False,True,False,BOUND_REFERENCE_EVIDENCE_TASK,0,False,False,False,5,True,True,True,1,0,8,none,True,True,False,2667,696,259,58699dcc4093081c9ab2a089c928186509de5cd243729bc74f2cb5f79683f608,,"Connect at least three evidence items, state the boundary of the conclusion, and answer the unit question.",0
ma-hs9-biology-u08-l11,ma-hs9-biology,9,high,hs912-science-h4,h4-high-school,8,11,Unit assessment,assessment/project,STUDENT_WORK_SHEET,polygenic and environmental effects,8,MASTERY_FRESH_TASK|EXPLAIN_WITH_EVIDENCE|APPLY_NEW_TASK|CHECK_REVISE_NEXT_STEP|ESSENTIAL_QUESTION|EVIDENCE_QUALITY|LIMITATION|PROVENANCE,4,False,False,True,False,BOUND_REFERENCE_EVIDENCE_TASK,0,False,False,False,5,True,True,True,1,0,8,none,True,True,False,2752,696,299,e29d074def0038705c7891c4fa268e61fe484160788ec9078cd7ca8344c77089,,"Without copying the brief, evaluate the candidate claim, interpret the evidence table, and apply the idea to a new example you create.",0
ma-hs9-biology-u08-l12,ma-hs9-biology,9,high,hs912-science-h4,h4-high-school,8,12,Correction and reflection,remediation,STUDENT_WORK_SHEET,distribution of expressed traits,7,EXPLAIN_WITH_EVIDENCE|APPLY_NEW_TASK|CHECK_REVISE_NEXT_STEP|ESSENTIAL_QUESTION|EVIDENCE_QUALITY|LIMITATION|PROVENANCE,3,False,False,True,False,BOUND_REFERENCE_EVIDENCE_TASK,0,False,False,False,5,True,True,True,1,0,8,none,True,True,False,2622,696,259,52ef17a007606e493a7d2a12797ad17929a3ef44796e6cc21eaed21e6cf587fe,,"Locate one weakness in an earlier response, revise it with a named evidence code, and state what the revision fixes.",0
ma-hs9-biology-u09-l01,ma-hs9-biology,9,high,hs912-science-h4,h4-high-school,9,1,Launch and diagnostic,concept,STUDENT_WORK_SHEET,multiple lines of evidence for common ancestry,8,PHENOMENON_QUESTION|EXPLAIN_WITH_EVIDENCE|APPLY_NEW_TASK|CHECK_REVISE_NEXT_STEP|ESSENTIAL_QUESTION|EVIDENCE_QUALITY|LIMITATION|PROVENANCE,4,False,False,True,False,BOUND_REFERENCE_EVIDENCE_TASK,0,False,False,True,5,True,True,True,1,0,8,none,True,True,False,2811,696,323,d7d6e145fab1c2a86d08df9ea6f4437e2de6848a5284e405deb867636684f65c,,"Write an initial explanation, then mark which evidence item would most strongly change it.",0
ma-hs9-biology-u09-l02,ma-hs9-biology,9,high,hs912-science-h4,h4-high-school,9,2,Concept model A,concept,STUDENT_WORK_SHEET,the four factors driving natural selection,7,EXPLAIN_WITH_EVIDENCE|APPLY_NEW_TASK|CHECK_REVISE_NEXT_STEP|ESSENTIAL_QUESTION|EVIDENCE_QUALITY|LIMITATION|PROVENANCE,4,False,False,True,False,BOUND_REFERENCE_EVIDENCE_TASK,0,False,False,True,5,True,True,True,1,0,8,none,True,True,False,2747,696,273,5cf55b794d18be046668c79240e2de9645581b4176e12585666cc0d3468bea7a,,Build a labelled model that includes every accepted relationship in the science brief and test it against the case claim.,0
ma-hs9-biology-u09-l03,ma-hs9-biology,9,high,hs912-science-h4,h4-high-school,9,3,Guided practice A,concept,STUDENT_WORK_SHEET,statistics of advantageous traits,7,EXPLAIN_WITH_EVIDENCE|APPLY_NEW_TASK|CHECK_REVISE_NEXT_STEP|ESSENTIAL_QUESTION|EVIDENCE_QUALITY|LIMITATION|PROVENANCE,3,False,False,True,False,BOUND_REFERENCE_EVIDENCE_TASK,0,False,False,True,5,True,True,True,1,0,8,none,True,True,False,2646,696,259,46e9505ef342145fa3f74a9b08d4407370bd06770c9b4f70676645aefee7ddb8,,Use E1 with E2 first; then add E3 and revise any conclusion that no longer fits.,0
ma-hs9-biology-u09-l04,ma-hs9-biology,9,high,hs912-science-h4,h4-high-school,9,4,Independent application A,mastery,STUDENT_WORK_SHEET,adaptation of populations,7,EXPLAIN_WITH_EVIDENCE|APPLY_NEW_TASK|CHECK_REVISE_NEXT_STEP|ESSENTIAL_QUESTION|EVIDENCE_QUALITY|LIMITATION|PROVENANCE,4,False,False,True,False,BOUND_REFERENCE_EVIDENCE_TASK,0,False,False,True,5,True,True,True,1,0,8,none,True,True,False,2693,696,252,ed58c1601f2d01e161ff9c2a3868ccd8e5ed52acde97b03aa712b87a09205664,,Evaluate the case claim independently using at least two evidence codes and one stated limitation.,0
ma-hs9-biology-u09-l05,ma-hs9-biology,9,high,hs912-science-h4,h4-high-school,9,5,Concept model B,concept,STUDENT_WORK_SHEET,environmental change and extinction,7,EXPLAIN_WITH_EVIDENCE|APPLY_NEW_TASK|CHECK_REVISE_NEXT_STEP|ESSENTIAL_QUESTION|EVIDENCE_QUALITY|LIMITATION|PROVENANCE,3,False,False,True,False,BOUND_REFERENCE_EVIDENCE_TASK,0,False,False,True,5,True,True,True,1,0,8,none,True,True,False,2674,696,259,06b768aea37afc2b4285a9d320dc69ecc9f835a8db66171c9ff692b045dfd755,,Build a second representation of the same evidence and identify one feature the first model hid.,0
ma-hs9-biology-u09-l06,ma-hs9-biology,9,high,hs912-science-h4,h4-high-school,9,6,Guided practice B,concept,STUDENT_WORK_SHEET,engineering solutions for biodiversity,7,EXPLAIN_WITH_EVIDENCE|APPLY_NEW_TASK|CHECK_REVISE_NEXT_STEP|ESSENTIAL_QUESTION|EVIDENCE_QUALITY|LIMITATION|PROVENANCE,3,False,False,True,False,BOUND_REFERENCE_EVIDENCE_TASK,0,False,True,True,5,True,True,True,1,0,8,none,True,True,False,2631,696,259,b908faf2b6bfb33443ede88ca43487628030d04e1c6cfd0afef5b160bb68f21a,,"Sort all evidence as supports, challenges, or does not decide, and justify every placement.",0
ma-hs9-biology-u09-l07,ma-hs9-biology,9,high,hs912-science-h4,h4-high-school,9,7,Investigation,lab/activity,INVESTIGATION_DATA_SHEET,multiple lines of evidence for common ancestry,8,INVESTIGATE|EXPLAIN_WITH_EVIDENCE|APPLY_NEW_TASK|CHECK_REVISE_NEXT_STEP|ESSENTIAL_QUESTION|EVIDENCE_QUALITY|LIMITATION|PROVENANCE,4,False,False,True,True,H4_PHYSICAL_INVESTIGATION,6,True,False,True,5,True,True,True,2,4,9,none,True,True,False,3494,808,333,d7d6e145fab1c2a86d08df9ea6f4437e2de6848a5284e405deb867636684f65c,c84ca925783c510a5e46aaa9e9d740dfd026d1b5088f65c325f6ca4cf8dce3eb,"Choose the H4 physical route or the supplied model-data route, complete that route, and answer from the evidence you actually collected or calculated.",0
ma-hs9-biology-u09-l08,ma-hs9-biology,9,high,hs912-science-h4,h4-high-school,9,8,Reteach and varied practice,remediation,STUDENT_WORK_SHEET,the four factors driving natural selection,7,EXPLAIN_WITH_EVIDENCE|APPLY_NEW_TASK|CHECK_REVISE_NEXT_STEP|ESSENTIAL_QUESTION|EVIDENCE_QUALITY|LIMITATION|PROVENANCE,4,False,False,True,False,BOUND_REFERENCE_EVIDENCE_TASK,0,False,False,True,5,True,True,True,1,0,8,none,True,True,False,2746,696,273,5cf55b794d18be046668c79240e2de9645581b4176e12585666cc0d3468bea7a,,"Correct the candidate claim, explain the exact evidence that makes the correction necessary, and create one fresh example.",0
ma-hs9-biology-u09-l09,ma-hs9-biology,9,high,hs912-science-h4,h4-high-school,9,9,Performance task build,assessment/project,INVESTIGATION_DATA_SHEET,statistics of advantageous traits,8,PERFORMANCE_EVIDENCE|EXPLAIN_WITH_EVIDENCE|APPLY_NEW_TASK|CHECK_REVISE_NEXT_STEP|ESSENTIAL_QUESTION|EVIDENCE_QUALITY|LIMITATION|PROVENANCE,3,False,False,True,True,H4_PHYSICAL_INVESTIGATION,6,True,False,True,5,True,True,True,2,4,9,none,True,True,False,3348,808,312,46e9505ef342145fa3f74a9b08d4407370bd06770c9b4f70676645aefee7ddb8,c84ca925783c510a5e46aaa9e9d740dfd026d1b5088f65c325f6ca4cf8dce3eb,Use the supplied record to build a claim-evidence-reasoning product that another reader can check line by line.,0
ma-hs9-biology-u09-l10,ma-hs9-biology,9,high,hs912-science-h4,h4-high-school,9,10,Synthesis and review,review,STUDENT_WORK_SHEET,adaptation of populations,7,EXPLAIN_WITH_EVIDENCE|APPLY_NEW_TASK|CHECK_REVISE_NEXT_STEP|ESSENTIAL_QUESTION|EVIDENCE_QUALITY|LIMITATION|PROVENANCE,4,False,False,True,False,BOUND_REFERENCE_EVIDENCE_TASK,0,False,False,True,5,True,True,True,1,0,8,none,True,True,False,2695,696,252,ed58c1601f2d01e161ff9c2a3868ccd8e5ed52acde97b03aa712b87a09205664,,"Connect at least three evidence items, state the boundary of the conclusion, and answer the unit question.",0
ma-hs9-biology-u09-l11,ma-hs9-biology,9,high,hs912-science-h4,h4-high-school,9,11,Unit assessment,assessment/project,STUDENT_WORK_SHEET,environmental change and extinction,8,MASTERY_FRESH_TASK|EXPLAIN_WITH_EVIDENCE|APPLY_NEW_TASK|CHECK_REVISE_NEXT_STEP|ESSENTIAL_QUESTION|EVIDENCE_QUALITY|LIMITATION|PROVENANCE,3,False,False,True,False,BOUND_REFERENCE_EVIDENCE_TASK,0,False,False,True,5,True,True,True,1,0,8,none,True,True,False,2732,696,299,06b768aea37afc2b4285a9d320dc69ecc9f835a8db66171c9ff692b045dfd755,,"Without copying the brief, evaluate the candidate claim, interpret the evidence table, and apply the idea to a new example you create.",0
ma-hs9-biology-u09-l12,ma-hs9-biology,9,high,hs912-science-h4,h4-high-school,9,12,Correction and reflection,remediation,STUDENT_WORK_SHEET,engineering solutions for biodiversity,7,EXPLAIN_WITH_EVIDENCE|APPLY_NEW_TASK|CHECK_REVISE_NEXT_STEP|ESSENTIAL_QUESTION|EVIDENCE_QUALITY|LIMITATION|PROVENANCE,3,False,False,True,False,BOUND_REFERENCE_EVIDENCE_TASK,0,False,True,True,5,True,True,True,1,0,8,none,True,True,False,2637,696,259,b908faf2b6bfb33443ede88ca43487628030d04e1c6cfd0afef5b160bb68f21a,,"Locate one weakness in an earlier response, revise it with a named evidence code, and state what the revision fixes.",0
