lesson_id,course_id,grade,subject,course_day,unit_number,unit_title,day_in_unit,title,phase,focus,standards,evidence_mode,assessed,text_id
ma-g3-english-language-arts-u01-l01,ma-g3-english-language-arts,3,english-language-arts,1,1,"Readers and Writers Begin: Habits, Print, and Sentences",1,"Launch and baseline: what strong readers and writers do, and a no-penalty baseline",Launch and baseline,"what strong readers and writers do, and a no-penalty baseline",3.RL.1;3.RI.1;3.SL.1,guided,no,g3-text-01
ma-g3-english-language-arts-u01-l02,ma-g3-english-language-arts,3,english-language-arts,2,1,"Readers and Writers Begin: Habits, Print, and Sentences",2,Word work and decoding focus: hearing syllables and finding known parts inside longer words,Word work and decoding focus,hearing syllables and finding known parts inside longer words,3.RF.3,guided,no,g3-text-02
ma-g3-english-language-arts-u01-l03,ma-g3-english-language-arts,3,english-language-arts,3,1,"Readers and Writers Begin: Habits, Print, and Sentences",3,Explicit model A: asking questions the words on the page can answer,Explicit model A,asking questions the words on the page can answer,3.RL.1;3.RI.1,guided,no,g3-text-01
ma-g3-english-language-arts-u01-l04,ma-g3-english-language-arts,3,english-language-arts,4,1,"Readers and Writers Begin: Habits, Print, and Sentences",4,Guided practice A: answering by pointing to the exact sentence that proves it,Guided practice A,answering by pointing to the exact sentence that proves it,3.RL.1;3.RI.1,guided,no,g3-text-02
ma-g3-english-language-arts-u01-l05,ma-g3-english-language-arts,3,english-language-arts,5,1,"Readers and Writers Begin: Habits, Print, and Sentences",5,Fluency and rereading practice: reading a short passage smoothly and rereading the line that slowed you down,Fluency and rereading practice,reading a short passage smoothly and rereading the line that slowed you down,3.RF.4,guided,no,g3-text-01
ma-g3-english-language-arts-u01-l06,ma-g3-english-language-arts,3,english-language-arts,6,1,"Readers and Writers Begin: Habits, Print, and Sentences",6,Independent application A: reading a new short passage and recording one question and one proved answer,Independent application A,reading a new short passage and recording one question and one proved answer,3.RL.1;3.RF.4,independent,no,g3-text-02
ma-g3-english-language-arts-u01-l07,ma-g3-english-language-arts,3,english-language-arts,7,1,"Readers and Writers Begin: Habits, Print, and Sentences",7,Explicit model B: what a complete sentence needs: a naming part and an action part,Explicit model B,what a complete sentence needs: a naming part and an action part,3.L.1,guided,no,g3-text-01
ma-g3-english-language-arts-u01-l08,ma-g3-english-language-arts,3,english-language-arts,8,1,"Readers and Writers Begin: Habits, Print, and Sentences",8,Guided practice B: turning a two-word answer into a full sentence that stands alone,Guided practice B,turning a two-word answer into a full sentence that stands alone,3.L.1;3.SL.6,guided,no,g3-text-02
ma-g3-english-language-arts-u01-l09,ma-g3-english-language-arts,3,english-language-arts,9,1,"Readers and Writers Begin: Habits, Print, and Sentences",9,"Shared close reading: reading one original passage together for who, what, where, and when",Shared close reading,"reading one original passage together for who, what, where, and when",3.RL.1;3.RI.1,guided,no,g3-text-01
ma-g3-english-language-arts-u01-l10,ma-g3-english-language-arts,3,english-language-arts,10,1,"Readers and Writers Begin: Habits, Print, and Sentences",10,Reteach and varied practice: fixing answers that sound right but do not point to the text,Reteach and varied practice,fixing answers that sound right but do not point to the text,3.RL.1;3.RI.1,guided,no,g3-text-02
ma-g3-english-language-arts-u01-l11,ma-g3-english-language-arts,3,english-language-arts,11,1,"Readers and Writers Begin: Habits, Print, and Sentences",11,"Vocabulary and language study: capital letters, end marks, and reading a sentence aloud to check it",Vocabulary and language study,"capital letters, end marks, and reading a sentence aloud to check it",3.L.2;3.L.1,guided,no,g3-text-01
ma-g3-english-language-arts-u01-l12,ma-g3-english-language-arts,3,english-language-arts,12,1,"Readers and Writers Begin: Habits, Print, and Sentences",12,Writing plan and draft: planning three sentences about one reading habit that helps you,Writing plan and draft,planning three sentences about one reading habit that helps you,3.W.10;3.L.1,guided,no,learner-produced
ma-g3-english-language-arts-u01-l13,ma-g3-english-language-arts,3,english-language-arts,13,1,"Readers and Writers Begin: Habits, Print, and Sentences",13,Writing revise and edit: revising for one clear idea and editing every end mark,Writing revise and edit,revising for one clear idea and editing every end mark,3.W.10;3.L.2,guided,no,learner-produced
ma-g3-english-language-arts-u01-l14,ma-g3-english-language-arts,3,english-language-arts,14,1,"Readers and Writers Begin: Habits, Print, and Sentences",14,"Talk and listening practice: discussion norms: listen, wait, build on, and disagree kindly",Talk and listening practice,"discussion norms: listen, wait, build on, and disagree kindly",3.SL.1;3.SL.6,guided,no,g3-text-02
ma-g3-english-language-arts-u01-l15,ma-g3-english-language-arts,3,english-language-arts,15,1,"Readers and Writers Begin: Habits, Print, and Sentences",15,Skill consolidation and retrieval: retrieving the unit's reading moves and sentence moves together,Skill consolidation and retrieval,retrieving the unit's reading moves and sentence moves together,3.RL.1;3.RI.1;3.L.1,independent,no,g3-text-01
ma-g3-english-language-arts-u01-l16,ma-g3-english-language-arts,3,english-language-arts,16,1,"Readers and Writers Begin: Habits, Print, and Sentences",16,Transfer to a new text: using the same moves on an unfamiliar informational passage,Transfer to a new text,using the same moves on an unfamiliar informational passage,3.RI.1;3.RF.4,independent,no,g3-text-02
ma-g3-english-language-arts-u01-l17,ma-g3-english-language-arts,3,english-language-arts,17,1,"Readers and Writers Begin: Habits, Print, and Sentences",17,Unit assessment: unit evidence: text-based answers written in complete sentences,Unit assessment,unit evidence: text-based answers written in complete sentences,3.RL.1;3.RI.1;3.L.1;3.L.2,independent,yes,g3-text-01
ma-g3-english-language-arts-u01-l18,ma-g3-english-language-arts,3,english-language-arts,18,1,"Readers and Writers Begin: Habits, Print, and Sentences",18,"Correction, publication, and reflection: correcting one item and publishing the Reader-and-Writer Plan card","Correction, publication, and reflection",correcting one item and publishing the Reader-and-Writer Plan card,3.W.10;3.SL.6,guided,no,g3-text-02
ma-g3-english-language-arts-u02-l01,ma-g3-english-language-arts,3,english-language-arts,19,2,"Word Builders: Syllables, Prefixes, Suffixes, and Roots",1,Launch and baseline: reading longer words aloud and noticing exactly where you slow down,Launch and baseline,reading longer words aloud and noticing exactly where you slow down,3.RF.3;3.RF.4,guided,no,g3-text-03
ma-g3-english-language-arts-u02-l02,ma-g3-english-language-arts,3,english-language-arts,20,2,"Word Builders: Syllables, Prefixes, Suffixes, and Roots",2,Word work and decoding focus: syllable patterns and where a longer word can be split,Word work and decoding focus,syllable patterns and where a longer word can be split,3.RF.3,guided,no,g3-text-04
ma-g3-english-language-arts-u02-l03,ma-g3-english-language-arts,3,english-language-arts,21,2,"Word Builders: Syllables, Prefixes, Suffixes, and Roots",3,"Explicit model A: prefixes un-, re-, pre-, and dis- and what each does to meaning",Explicit model A,"prefixes un-, re-, pre-, and dis- and what each does to meaning",3.RF.3;3.L.4,guided,no,g3-text-03
ma-g3-english-language-arts-u02-l04,ma-g3-english-language-arts,3,english-language-arts,22,2,"Word Builders: Syllables, Prefixes, Suffixes, and Roots",4,Guided practice A: reading and explaining prefixed words inside real sentences,Guided practice A,reading and explaining prefixed words inside real sentences,3.RF.3;3.L.4,guided,no,g3-text-04
ma-g3-english-language-arts-u02-l05,ma-g3-english-language-arts,3,english-language-arts,23,2,"Word Builders: Syllables, Prefixes, Suffixes, and Roots",5,Fluency and rereading practice: rereading a passage until its longer words no longer interrupt you,Fluency and rereading practice,rereading a passage until its longer words no longer interrupt you,3.RF.4,guided,no,g3-text-03
ma-g3-english-language-arts-u02-l06,ma-g3-english-language-arts,3,english-language-arts,24,2,"Word Builders: Syllables, Prefixes, Suffixes, and Roots",6,Independent application A: decoding six new multisyllabic words and checking each meaning,Independent application A,decoding six new multisyllabic words and checking each meaning,3.RF.3;3.L.4,independent,no,g3-text-04
ma-g3-english-language-arts-u02-l07,ma-g3-english-language-arts,3,english-language-arts,25,2,"Word Builders: Syllables, Prefixes, Suffixes, and Roots",7,"Explicit model B: suffixes -ful, -less, -ly, -ness, and the Latin -ment, -tion, and -able",Explicit model B,"suffixes -ful, -less, -ly, -ness, and the Latin -ment, -tion, and -able",3.RF.3;3.L.4,guided,no,g3-text-03
ma-g3-english-language-arts-u02-l08,ma-g3-english-language-arts,3,english-language-arts,26,2,"Word Builders: Syllables, Prefixes, Suffixes, and Roots",8,Guided practice B: adding and removing endings without breaking the base word,Guided practice B,adding and removing endings without breaking the base word,3.L.2;3.RF.3,guided,no,g3-text-04
ma-g3-english-language-arts-u02-l09,ma-g3-english-language-arts,3,english-language-arts,27,2,"Word Builders: Syllables, Prefixes, Suffixes, and Roots",9,Shared close reading: finding word parts at work inside an informational passage,Shared close reading,finding word parts at work inside an informational passage,3.RI.4;3.RF.3,guided,no,g3-text-03
ma-g3-english-language-arts-u02-l10,ma-g3-english-language-arts,3,english-language-arts,28,2,"Word Builders: Syllables, Prefixes, Suffixes, and Roots",10,Reteach and varied practice: words that break the pattern and have to be known on sight,Reteach and varied practice,words that break the pattern and have to be known on sight,3.RF.3,guided,no,g3-text-04
ma-g3-english-language-arts-u02-l11,ma-g3-english-language-arts,3,english-language-arts,29,2,"Word Builders: Syllables, Prefixes, Suffixes, and Roots",11,"Vocabulary and language study: using a known root to predict a meaning, then checking a glossary",Vocabulary and language study,"using a known root to predict a meaning, then checking a glossary",3.L.4,guided,no,g3-text-03
ma-g3-english-language-arts-u02-l12,ma-g3-english-language-arts,3,english-language-arts,30,2,"Word Builders: Syllables, Prefixes, Suffixes, and Roots",12,Writing plan and draft: drafting a toolkit entry that teaches one word to another reader,Writing plan and draft,drafting a toolkit entry that teaches one word to another reader,3.W.2;3.L.4,guided,no,learner-produced
ma-g3-english-language-arts-u02-l13,ma-g3-english-language-arts,3,english-language-arts,31,2,"Word Builders: Syllables, Prefixes, Suffixes, and Roots",13,Writing revise and edit: editing spelling when an ending is added to a base word,Writing revise and edit,editing spelling when an ending is added to a base word,3.L.2,guided,no,learner-produced
ma-g3-english-language-arts-u02-l14,ma-g3-english-language-arts,3,english-language-arts,32,2,"Word Builders: Syllables, Prefixes, Suffixes, and Roots",14,Talk and listening practice: explaining a word's meaning aloud so a listener can use it correctly,Talk and listening practice,explaining a word's meaning aloud so a listener can use it correctly,3.SL.4,guided,no,g3-text-04
ma-g3-english-language-arts-u02-l15,ma-g3-english-language-arts,3,english-language-arts,33,2,"Word Builders: Syllables, Prefixes, Suffixes, and Roots",15,"Skill consolidation and retrieval: retrieving prefixes, suffixes, roots, and syllable moves together",Skill consolidation and retrieval,"retrieving prefixes, suffixes, roots, and syllable moves together",3.RF.3;3.L.4,independent,no,g3-text-03
ma-g3-english-language-arts-u02-l16,ma-g3-english-language-arts,3,english-language-arts,34,2,"Word Builders: Syllables, Prefixes, Suffixes, and Roots",16,Transfer to a new text: decoding unfamiliar words in a new science-style passage,Transfer to a new text,decoding unfamiliar words in a new science-style passage,3.RF.3;3.RI.4,independent,no,g3-text-04
ma-g3-english-language-arts-u02-l17,ma-g3-english-language-arts,3,english-language-arts,35,2,"Word Builders: Syllables, Prefixes, Suffixes, and Roots",17,"Unit assessment: unit evidence: decoding, word-part reasoning, and correct use",Unit assessment,"unit evidence: decoding, word-part reasoning, and correct use",3.RF.3;3.L.4;3.L.2,independent,yes,g3-text-03
ma-g3-english-language-arts-u02-l18,ma-g3-english-language-arts,3,english-language-arts,36,2,"Word Builders: Syllables, Prefixes, Suffixes, and Roots",18,"Correction, publication, and reflection: correcting one entry and publishing the Word-Parts toolkit","Correction, publication, and reflection",correcting one entry and publishing the Word-Parts toolkit,3.W.2;3.L.4,guided,no,g3-text-04
ma-g3-english-language-arts-u03-l01,ma-g3-english-language-arts,3,english-language-arts,37,3,"Story Elements: Characters, Problems, and Lessons",1,Launch and baseline: retelling a short story in order without adding anything new,Launch and baseline,retelling a short story in order without adding anything new,3.RL.2,guided,no,g3-text-05
ma-g3-english-language-arts-u03-l02,ma-g3-english-language-arts,3,english-language-arts,38,3,"Story Elements: Characters, Problems, and Lessons",2,"Word work and decoding focus: reading character words such as stubborn, uneasy, and determined",Word work and decoding focus,"reading character words such as stubborn, uneasy, and determined",3.RF.3;3.L.4,guided,no,g3-text-06
ma-g3-english-language-arts-u03-l03,ma-g3-english-language-arts,3,english-language-arts,39,3,"Story Elements: Characters, Problems, and Lessons",3,"Explicit model A: traits, feelings, and motivations are shown through actions",Explicit model A,"traits, feelings, and motivations are shown through actions",3.RL.3,guided,no,g3-text-17
ma-g3-english-language-arts-u03-l04,ma-g3-english-language-arts,3,english-language-arts,40,3,"Story Elements: Characters, Problems, and Lessons",4,Guided practice A: naming a trait and proving it with one action from the text,Guided practice A,naming a trait and proving it with one action from the text,3.RL.3;3.RL.1,guided,no,g3-text-05
ma-g3-english-language-arts-u03-l05,ma-g3-english-language-arts,3,english-language-arts,41,3,"Story Elements: Characters, Problems, and Lessons",5,Fluency and rereading practice: reading dialogue with expression that matches the character,Fluency and rereading practice,reading dialogue with expression that matches the character,3.RF.4,guided,no,g3-text-06
ma-g3-english-language-arts-u03-l06,ma-g3-english-language-arts,3,english-language-arts,42,3,"Story Elements: Characters, Problems, and Lessons",6,Independent application A: charting one character's actions from the beginning to the end,Independent application A,charting one character's actions from the beginning to the end,3.RL.3;3.RL.1,independent,no,g3-text-17
ma-g3-english-language-arts-u03-l07,ma-g3-english-language-arts,3,english-language-arts,43,3,"Story Elements: Characters, Problems, and Lessons",7,Explicit model B: how one action causes the events that follow it,Explicit model B,how one action causes the events that follow it,3.RL.3,guided,no,g3-text-05
ma-g3-english-language-arts-u03-l08,ma-g3-english-language-arts,3,english-language-arts,44,3,"Story Elements: Characters, Problems, and Lessons",8,Guided practice B: putting cause and effect in order inside a story,Guided practice B,putting cause and effect in order inside a story,3.RL.3;3.RL.2,guided,no,g3-text-06
ma-g3-english-language-arts-u03-l09,ma-g3-english-language-arts,3,english-language-arts,45,3,"Story Elements: Characters, Problems, and Lessons",9,Shared close reading: what an illustration or described figure adds at the moment a character changes,Shared close reading,what an illustration or described figure adds at the moment a character changes,3.RL.1;3.RL.3;3.RL.7,guided,no,g3-text-17
ma-g3-english-language-arts-u03-l10,ma-g3-english-language-arts,3,english-language-arts,46,3,"Story Elements: Characters, Problems, and Lessons",10,Reteach and varied practice: repairing retellings that include events the story never told,Reteach and varied practice,repairing retellings that include events the story never told,3.RL.2,guided,no,g3-text-05
ma-g3-english-language-arts-u03-l11,ma-g3-english-language-arts,3,english-language-arts,47,3,"Story Elements: Characters, Problems, and Lessons",11,Vocabulary and language study: words an author uses to show a feeling without naming it,Vocabulary and language study,words an author uses to show a feeling without naming it,3.RL.4;3.L.5,guided,no,g3-text-06
ma-g3-english-language-arts-u03-l12,ma-g3-english-language-arts,3,english-language-arts,48,3,"Story Elements: Characters, Problems, and Lessons",12,Writing plan and draft: planning a retelling that keeps order and leaves out extras,Writing plan and draft,planning a retelling that keeps order and leaves out extras,3.RL.2;3.W.10,guided,no,learner-produced
ma-g3-english-language-arts-u03-l13,ma-g3-english-language-arts,3,english-language-arts,49,3,"Story Elements: Characters, Problems, and Lessons",13,Writing revise and edit: revising a lesson statement so the text supports it,Writing revise and edit,revising a lesson statement so the text supports it,3.RL.2;3.RL.1,guided,no,learner-produced
ma-g3-english-language-arts-u03-l14,ma-g3-english-language-arts,3,english-language-arts,50,3,"Story Elements: Characters, Problems, and Lessons",14,Talk and listening practice: stating a lesson claim aloud and listening for a different claim,Talk and listening practice,stating a lesson claim aloud and listening for a different claim,3.SL.1,guided,no,g3-text-06
ma-g3-english-language-arts-u03-l15,ma-g3-english-language-arts,3,english-language-arts,51,3,"Story Elements: Characters, Problems, and Lessons",15,"Skill consolidation and retrieval: retrieving trait, motivation, sequence, and lesson together",Skill consolidation and retrieval,"retrieving trait, motivation, sequence, and lesson together",3.RL.2;3.RL.3,independent,no,g3-text-17
ma-g3-english-language-arts-u03-l16,ma-g3-english-language-arts,3,english-language-arts,52,3,"Story Elements: Characters, Problems, and Lessons",16,Transfer to a new text: comparing two stories about the same character by the same author,Transfer to a new text,comparing two stories about the same character by the same author,3.RL.9,independent,no,g3-text-05
ma-g3-english-language-arts-u03-l17,ma-g3-english-language-arts,3,english-language-arts,53,3,"Story Elements: Characters, Problems, and Lessons",17,"Unit assessment: unit evidence: retelling, lesson statement, and text support",Unit assessment,"unit evidence: retelling, lesson statement, and text support",3.RL.1;3.RL.2;3.RL.3,independent,yes,g3-text-06
ma-g3-english-language-arts-u03-l18,ma-g3-english-language-arts,3,english-language-arts,54,3,"Story Elements: Characters, Problems, and Lessons",18,"Correction, publication, and reflection: correcting one claim and publishing the story study","Correction, publication, and reflection",correcting one claim and publishing the story study,3.RL.2;3.RL.7,guided,no,g3-text-17
ma-g3-english-language-arts-u04-l01,ma-g3-english-language-arts,3,english-language-arts,55,4,Reading to Learn: Main Idea and Key Details,1,"Launch and baseline: what an informational text is for, and a no-penalty baseline",Launch and baseline,"what an informational text is for, and a no-penalty baseline",3.RI.1;3.RI.2,guided,no,g3-text-07
ma-g3-english-language-arts-u04-l02,ma-g3-english-language-arts,3,english-language-arts,56,4,Reading to Learn: Main Idea and Key Details,2,Word work and decoding focus: reading topic words with three or more syllables,Word work and decoding focus,reading topic words with three or more syllables,3.RF.3;3.RI.4,guided,no,g3-text-08
ma-g3-english-language-arts-u04-l03,ma-g3-english-language-arts,3,english-language-arts,57,4,Reading to Learn: Main Idea and Key Details,3,Explicit model A: a paragraph's main idea is what all its sentences share,Explicit model A,a paragraph's main idea is what all its sentences share,3.RI.2,guided,no,g3-text-07
ma-g3-english-language-arts-u04-l04,ma-g3-english-language-arts,3,english-language-arts,58,4,Reading to Learn: Main Idea and Key Details,4,Guided practice A: naming a paragraph's main idea and underlining two details,Guided practice A,naming a paragraph's main idea and underlining two details,3.RI.2;3.RI.1,guided,no,g3-text-08
ma-g3-english-language-arts-u04-l05,ma-g3-english-language-arts,3,english-language-arts,59,4,Reading to Learn: Main Idea and Key Details,5,Fluency and rereading practice: reading an informational paragraph at a pace that keeps meaning,Fluency and rereading practice,reading an informational paragraph at a pace that keeps meaning,3.RF.4,guided,no,g3-text-07
ma-g3-english-language-arts-u04-l06,ma-g3-english-language-arts,3,english-language-arts,60,4,Reading to Learn: Main Idea and Key Details,6,Independent application A: finding the main idea of a new paragraph independently,Independent application A,finding the main idea of a new paragraph independently,3.RI.2,independent,no,g3-text-08
ma-g3-english-language-arts-u04-l07,ma-g3-english-language-arts,3,english-language-arts,61,4,Reading to Learn: Main Idea and Key Details,7,Explicit model B: a whole text's main idea holds all its paragraphs together,Explicit model B,a whole text's main idea holds all its paragraphs together,3.RI.2,guided,no,g3-text-07
ma-g3-english-language-arts-u04-l08,ma-g3-english-language-arts,3,english-language-arts,62,4,Reading to Learn: Main Idea and Key Details,8,Guided practice B: choosing the detail that best supports a stated main idea,Guided practice B,choosing the detail that best supports a stated main idea,3.RI.1;3.RI.2,guided,no,g3-text-08
ma-g3-english-language-arts-u04-l09,ma-g3-english-language-arts,3,english-language-arts,63,4,Reading to Learn: Main Idea and Key Details,9,Shared close reading: close reading a passage for topic words and what they mean here,Shared close reading,close reading a passage for topic words and what they mean here,3.RI.4,guided,no,g3-text-07
ma-g3-english-language-arts-u04-l10,ma-g3-english-language-arts,3,english-language-arts,64,4,Reading to Learn: Main Idea and Key Details,10,Reteach and varied practice: sorting out details that are interesting but not supporting,Reteach and varied practice,sorting out details that are interesting but not supporting,3.RI.2;3.RI.1,guided,no,g3-text-08
ma-g3-english-language-arts-u04-l11,ma-g3-english-language-arts,3,english-language-arts,65,4,Reading to Learn: Main Idea and Key Details,11,"Vocabulary and language study: reading a diagram, map, or photograph together with the words that explain it",Vocabulary and language study,"reading a diagram, map, or photograph together with the words that explain it",3.RI.7;3.RI.4,guided,no,g3-text-07
ma-g3-english-language-arts-u04-l12,ma-g3-english-language-arts,3,english-language-arts,66,4,Reading to Learn: Main Idea and Key Details,12,Writing plan and draft: planning a main-idea card with three ordered details,Writing plan and draft,planning a main-idea card with three ordered details,3.RI.2;3.W.10,guided,no,learner-produced
ma-g3-english-language-arts-u04-l13,ma-g3-english-language-arts,3,english-language-arts,67,4,Reading to Learn: Main Idea and Key Details,13,Writing revise and edit: revising so every detail on the card actually supports the idea,Writing revise and edit,revising so every detail on the card actually supports the idea,3.RI.1;3.W.10,guided,no,learner-produced
ma-g3-english-language-arts-u04-l14,ma-g3-english-language-arts,3,english-language-arts,68,4,Reading to Learn: Main Idea and Key Details,14,"Talk and listening practice: main ideas and supporting details of a text read aloud, with transcript",Talk and listening practice,"main ideas and supporting details of a text read aloud, with transcript",3.SL.2,guided,no,g3-text-08
ma-g3-english-language-arts-u04-l15,ma-g3-english-language-arts,3,english-language-arts,69,4,Reading to Learn: Main Idea and Key Details,15,"Skill consolidation and retrieval: retrieving main idea, detail, and vocabulary moves together",Skill consolidation and retrieval,"retrieving main idea, detail, and vocabulary moves together",3.RI.2;3.RI.4,independent,no,g3-text-07
ma-g3-english-language-arts-u04-l16,ma-g3-english-language-arts,3,english-language-arts,70,4,Reading to Learn: Main Idea and Key Details,16,Transfer to a new text: finding the main idea of an unfamiliar passage on a new topic,Transfer to a new text,finding the main idea of an unfamiliar passage on a new topic,3.RI.2,independent,no,g3-text-08
ma-g3-english-language-arts-u04-l17,ma-g3-english-language-arts,3,english-language-arts,71,4,Reading to Learn: Main Idea and Key Details,17,"Unit assessment: unit evidence: main idea, supporting details, and word meaning",Unit assessment,"unit evidence: main idea, supporting details, and word meaning",3.RI.1;3.RI.2;3.RI.4,independent,yes,g3-text-07
ma-g3-english-language-arts-u04-l18,ma-g3-english-language-arts,3,english-language-arts,72,4,Reading to Learn: Main Idea and Key Details,18,"Correction, publication, and reflection: correcting one detail and publishing the main-idea card","Correction, publication, and reflection",correcting one detail and publishing the main-idea card,3.RI.7;3.W.10,guided,no,g3-text-08
ma-g3-english-language-arts-u05-l01,ma-g3-english-language-arts,3,english-language-arts,73,5,"How Information Texts Are Built: Sequence, Cause, and Comparison",1,Launch and baseline: noticing how a text moves a reader through its ideas,Launch and baseline,noticing how a text moves a reader through its ideas,3.RI.3;3.RI.8,guided,no,g3-text-09
ma-g3-english-language-arts-u05-l02,ma-g3-english-language-arts,3,english-language-arts,74,5,"How Information Texts Are Built: Sequence, Cause, and Comparison",2,"Word work and decoding focus: reading signal words such as because, after, and however",Word work and decoding focus,"reading signal words such as because, after, and however",3.RF.3;3.L.6,guided,no,g3-text-10
ma-g3-english-language-arts-u05-l03,ma-g3-english-language-arts,3,english-language-arts,75,5,"How Information Texts Are Built: Sequence, Cause, and Comparison",3,Explicit model A: sequence: how a text carries a reader through steps or time,Explicit model A,sequence: how a text carries a reader through steps or time,3.RI.3;3.RI.8,guided,no,g3-text-09
ma-g3-english-language-arts-u05-l04,ma-g3-english-language-arts,3,english-language-arts,76,5,"How Information Texts Are Built: Sequence, Cause, and Comparison",4,Guided practice A: mapping a sequence passage and naming its signal words,Guided practice A,mapping a sequence passage and naming its signal words,3.RI.3;3.L.6,guided,no,g3-text-10
ma-g3-english-language-arts-u05-l05,ma-g3-english-language-arts,3,english-language-arts,77,5,"How Information Texts Are Built: Sequence, Cause, and Comparison",5,Fluency and rereading practice: reading a procedure aloud accurately enough to follow it,Fluency and rereading practice,reading a procedure aloud accurately enough to follow it,3.RF.4,guided,no,g3-text-09
ma-g3-english-language-arts-u05-l06,ma-g3-english-language-arts,3,english-language-arts,78,5,"How Information Texts Are Built: Sequence, Cause, and Comparison",6,Independent application A: mapping a new sequence passage without prompts,Independent application A,mapping a new sequence passage without prompts,3.RI.3,independent,no,g3-text-10
ma-g3-english-language-arts-u05-l07,ma-g3-english-language-arts,3,english-language-arts,79,5,"How Information Texts Are Built: Sequence, Cause, and Comparison",7,Explicit model B: cause and effect: what happened and what it led to,Explicit model B,cause and effect: what happened and what it led to,3.RI.3;3.RI.8,guided,no,g3-text-09
ma-g3-english-language-arts-u05-l08,ma-g3-english-language-arts,3,english-language-arts,80,5,"How Information Texts Are Built: Sequence, Cause, and Comparison",8,Guided practice B: separating a cause from an effect that looks like one,Guided practice B,separating a cause from an effect that looks like one,3.RI.8,guided,no,g3-text-10
ma-g3-english-language-arts-u05-l09,ma-g3-english-language-arts,3,english-language-arts,81,5,"How Information Texts Are Built: Sequence, Cause, and Comparison",9,Shared close reading: close reading how one paragraph connects to the next,Shared close reading,close reading how one paragraph connects to the next,3.RI.8,guided,no,g3-text-09
ma-g3-english-language-arts-u05-l10,ma-g3-english-language-arts,3,english-language-arts,82,5,"How Information Texts Are Built: Sequence, Cause, and Comparison",10,Reteach and varied practice: repairing structure maps that mix up order and cause,Reteach and varied practice,repairing structure maps that mix up order and cause,3.RI.3;3.RI.8,guided,no,g3-text-10
ma-g3-english-language-arts-u05-l11,ma-g3-english-language-arts,3,english-language-arts,83,5,"How Information Texts Are Built: Sequence, Cause, and Comparison",11,Vocabulary and language study: the words and text features that help you find and name a connection,Vocabulary and language study,the words and text features that help you find and name a connection,3.RI.5;3.L.6,guided,no,g3-text-09
ma-g3-english-language-arts-u05-l12,ma-g3-english-language-arts,3,english-language-arts,84,5,"How Information Texts Are Built: Sequence, Cause, and Comparison",12,Writing plan and draft: planning a compare-and-contrast map of two passages,Writing plan and draft,planning a compare-and-contrast map of two passages,3.RI.9,guided,no,learner-produced
ma-g3-english-language-arts-u05-l13,ma-g3-english-language-arts,3,english-language-arts,85,5,"How Information Texts Are Built: Sequence, Cause, and Comparison",13,Writing revise and edit: revising the map so each column names its evidence,Writing revise and edit,revising the map so each column names its evidence,3.RI.9;3.RI.1,guided,no,learner-produced
ma-g3-english-language-arts-u05-l14,ma-g3-english-language-arts,3,english-language-arts,86,5,"How Information Texts Are Built: Sequence, Cause, and Comparison",14,Talk and listening practice: explaining a structure to a listener who has not read the text,Talk and listening practice,explaining a structure to a listener who has not read the text,3.SL.4,guided,no,g3-text-10
ma-g3-english-language-arts-u05-l15,ma-g3-english-language-arts,3,english-language-arts,87,5,"How Information Texts Are Built: Sequence, Cause, and Comparison",15,"Skill consolidation and retrieval: retrieving sequence, cause, comparison, and features together",Skill consolidation and retrieval,"retrieving sequence, cause, comparison, and features together",3.RI.3;3.RI.5;3.RI.9,independent,no,g3-text-09
ma-g3-english-language-arts-u05-l16,ma-g3-english-language-arts,3,english-language-arts,88,5,"How Information Texts Are Built: Sequence, Cause, and Comparison",16,"Transfer to a new text: naming how an unfamiliar text connects its ideas, and proving it",Transfer to a new text,"naming how an unfamiliar text connects its ideas, and proving it",3.RI.3;3.RI.8,independent,no,g3-text-10
ma-g3-english-language-arts-u05-l17,ma-g3-english-language-arts,3,english-language-arts,89,5,"How Information Texts Are Built: Sequence, Cause, and Comparison",17,"Unit assessment: unit evidence: idea connections, text features, signal words, and comparison",Unit assessment,"unit evidence: idea connections, text features, signal words, and comparison",3.RI.3;3.RI.5;3.RI.8;3.RI.9,independent,yes,g3-text-09
ma-g3-english-language-arts-u05-l18,ma-g3-english-language-arts,3,english-language-arts,90,5,"How Information Texts Are Built: Sequence, Cause, and Comparison",18,"Correction, publication, and reflection: correcting one column and publishing the text-structure map","Correction, publication, and reflection",correcting one column and publishing the text-structure map,3.RI.7;3.RI.9,guided,no,g3-text-10
ma-g3-english-language-arts-u06-l01,ma-g3-english-language-arts,3,english-language-arts,91,6,Paragraph Power: Informative and Explanatory Writing,1,Launch and baseline: what a teaching paragraph does that a list of facts does not,Launch and baseline,what a teaching paragraph does that a list of facts does not,3.W.2;3.RI.2,guided,no,g3-text-11
ma-g3-english-language-arts-u06-l02,ma-g3-english-language-arts,3,english-language-arts,92,6,Paragraph Power: Informative and Explanatory Writing,2,Word work and decoding focus: spelling patterns for the words this unit needs most,Word work and decoding focus,spelling patterns for the words this unit needs most,3.L.2;3.RF.3,guided,no,g3-text-07
ma-g3-english-language-arts-u06-l03,ma-g3-english-language-arts,3,english-language-arts,93,6,Paragraph Power: Informative and Explanatory Writing,3,Explicit model A: a topic sentence names the one idea the paragraph will teach,Explicit model A,a topic sentence names the one idea the paragraph will teach,3.W.2,guided,no,g3-text-11
ma-g3-english-language-arts-u06-l04,ma-g3-english-language-arts,3,english-language-arts,94,6,Paragraph Power: Informative and Explanatory Writing,4,Guided practice A: writing a topic sentence for three given fact sets,Guided practice A,writing a topic sentence for three given fact sets,3.W.2;3.W.4,guided,no,g3-text-07
ma-g3-english-language-arts-u06-l05,ma-g3-english-language-arts,3,english-language-arts,95,6,Paragraph Power: Informative and Explanatory Writing,5,Fluency and rereading practice: reading your own paragraph aloud to hear where it breaks,Fluency and rereading practice,reading your own paragraph aloud to hear where it breaks,3.RF.4;3.W.5,guided,no,g3-text-11
ma-g3-english-language-arts-u06-l06,ma-g3-english-language-arts,3,english-language-arts,96,6,Paragraph Power: Informative and Explanatory Writing,6,Independent application A: drafting one full paragraph on a familiar topic,Independent application A,drafting one full paragraph on a familiar topic,3.W.2;3.W.4,independent,no,g3-text-07
ma-g3-english-language-arts-u06-l07,ma-g3-english-language-arts,3,english-language-arts,97,6,Paragraph Power: Informative and Explanatory Writing,7,"Explicit model B: facts, definitions, and details that develop the topic sentence",Explicit model B,"facts, definitions, and details that develop the topic sentence",3.W.2,guided,no,g3-text-11
ma-g3-english-language-arts-u06-l08,ma-g3-english-language-arts,3,english-language-arts,98,6,Paragraph Power: Informative and Explanatory Writing,8,Guided practice B: choosing which two facts belong and which one wanders off,Guided practice B,choosing which two facts belong and which one wanders off,3.W.2;3.W.5,guided,no,g3-text-07
ma-g3-english-language-arts-u06-l09,ma-g3-english-language-arts,3,english-language-arts,99,6,Paragraph Power: Informative and Explanatory Writing,9,Shared close reading: reading a model explainer to see how it is put together,Shared close reading,reading a model explainer to see how it is put together,3.RI.2;3.W.2,guided,no,g3-text-11
ma-g3-english-language-arts-u06-l10,ma-g3-english-language-arts,3,english-language-arts,100,6,Paragraph Power: Informative and Explanatory Writing,10,Reteach and varied practice: repairing paragraphs with two ideas mixed into one,Reteach and varied practice,repairing paragraphs with two ideas mixed into one,3.W.2;3.W.5,guided,no,g3-text-07
ma-g3-english-language-arts-u06-l11,ma-g3-english-language-arts,3,english-language-arts,101,6,Paragraph Power: Informative and Explanatory Writing,11,"Vocabulary and language study: linking words: also, another, for example, because, finally",Vocabulary and language study,"linking words: also, another, for example, because, finally",3.W.2;3.L.3,guided,no,g3-text-11
ma-g3-english-language-arts-u06-l12,ma-g3-english-language-arts,3,english-language-arts,102,6,Paragraph Power: Informative and Explanatory Writing,12,Writing plan and draft: planning a two-paragraph explainer with grouped facts,Writing plan and draft,planning a two-paragraph explainer with grouped facts,3.W.2;3.W.4,guided,no,learner-produced
ma-g3-english-language-arts-u06-l13,ma-g3-english-language-arts,3,english-language-arts,103,6,Paragraph Power: Informative and Explanatory Writing,13,"Writing revise and edit: revising for clarity, then editing subject-verb agreement and spelling",Writing revise and edit,"revising for clarity, then editing subject-verb agreement and spelling",3.W.5;3.L.1;3.L.2,guided,no,learner-produced
ma-g3-english-language-arts-u06-l14,ma-g3-english-language-arts,3,english-language-arts,104,6,Paragraph Power: Informative and Explanatory Writing,14,Talk and listening practice: reading a paragraph aloud and taking one listener question,Talk and listening practice,reading a paragraph aloud and taking one listener question,3.SL.4;3.SL.6,guided,no,g3-text-07
ma-g3-english-language-arts-u06-l15,ma-g3-english-language-arts,3,english-language-arts,105,6,Paragraph Power: Informative and Explanatory Writing,15,"Skill consolidation and retrieval: retrieving topic sentence, development, linking, and closing",Skill consolidation and retrieval,"retrieving topic sentence, development, linking, and closing",3.W.2;3.W.4,independent,no,g3-text-11
ma-g3-english-language-arts-u06-l16,ma-g3-english-language-arts,3,english-language-arts,106,6,Paragraph Power: Informative and Explanatory Writing,16,Transfer to a new text: writing a short explainer on an unfamiliar topic from given facts,Transfer to a new text,writing a short explainer on an unfamiliar topic from given facts,3.W.2;3.W.4,independent,no,g3-text-07
ma-g3-english-language-arts-u06-l17,ma-g3-english-language-arts,3,english-language-arts,107,6,Paragraph Power: Informative and Explanatory Writing,17,Unit assessment: unit evidence: an independently written explanatory paragraph pair,Unit assessment,unit evidence: an independently written explanatory paragraph pair,3.W.2;3.W.4;3.L.1;3.L.2,independent,yes,g3-text-11
ma-g3-english-language-arts-u06-l18,ma-g3-english-language-arts,3,english-language-arts,108,6,Paragraph Power: Informative and Explanatory Writing,18,"Correction, publication, and reflection: correcting one paragraph and publishing the explainer","Correction, publication, and reflection",correcting one paragraph and publishing the explainer,3.W.5;3.W.6,guided,no,g3-text-07
ma-g3-english-language-arts-u07-l01,ma-g3-english-language-arts,3,english-language-arts,109,7,Opinion Writing: Reasons That Convince,1,"Launch and baseline: the difference between a fact, a feeling, and an opinion",Launch and baseline,"the difference between a fact, a feeling, and an opinion",3.W.1;3.RI.8,guided,no,g3-text-12
ma-g3-english-language-arts-u07-l02,ma-g3-english-language-arts,3,english-language-arts,110,7,Opinion Writing: Reasons That Convince,2,Word work and decoding focus: reading opinion words and the endings that change them,Word work and decoding focus,reading opinion words and the endings that change them,3.RF.3;3.L.4,guided,no,g3-text-09
ma-g3-english-language-arts-u07-l03,ma-g3-english-language-arts,3,english-language-arts,111,7,Opinion Writing: Reasons That Convince,3,Explicit model A: an opinion statement says what you think in one sentence,Explicit model A,an opinion statement says what you think in one sentence,3.W.1,guided,no,g3-text-12
ma-g3-english-language-arts-u07-l04,ma-g3-english-language-arts,3,english-language-arts,112,7,Opinion Writing: Reasons That Convince,4,Guided practice A: writing an opinion statement three different ways and picking one,Guided practice A,writing an opinion statement three different ways and picking one,3.W.1;3.W.5,guided,no,g3-text-09
ma-g3-english-language-arts-u07-l05,ma-g3-english-language-arts,3,english-language-arts,113,7,Opinion Writing: Reasons That Convince,5,Fluency and rereading practice: reading an opinion paragraph aloud so the position is clear,Fluency and rereading practice,reading an opinion paragraph aloud so the position is clear,3.RF.4;3.SL.4,guided,no,g3-text-12
ma-g3-english-language-arts-u07-l06,ma-g3-english-language-arts,3,english-language-arts,114,7,Opinion Writing: Reasons That Convince,6,Independent application A: drafting an opinion statement plus one supporting reason,Independent application A,drafting an opinion statement plus one supporting reason,3.W.1,independent,no,g3-text-09
ma-g3-english-language-arts-u07-l07,ma-g3-english-language-arts,3,english-language-arts,115,7,Opinion Writing: Reasons That Convince,7,Explicit model B: a reason answers the question 'why should anyone agree?',Explicit model B,a reason answers the question 'why should anyone agree?',3.W.1;3.RI.8,guided,no,g3-text-12
ma-g3-english-language-arts-u07-l08,ma-g3-english-language-arts,3,english-language-arts,116,7,Opinion Writing: Reasons That Convince,8,Guided practice B: sorting strong reasons from restatements of the opinion,Guided practice B,sorting strong reasons from restatements of the opinion,3.W.1;3.RI.8,guided,no,g3-text-09
ma-g3-english-language-arts-u07-l09,ma-g3-english-language-arts,3,english-language-arts,117,7,Opinion Writing: Reasons That Convince,9,Shared close reading: close reading to name the author's point of view and say how yours differs,Shared close reading,close reading to name the author's point of view and say how yours differs,3.RI.6,guided,no,g3-text-12
ma-g3-english-language-arts-u07-l10,ma-g3-english-language-arts,3,english-language-arts,118,7,Opinion Writing: Reasons That Convince,10,Reteach and varied practice: repairing reasons that do not connect to the opinion,Reteach and varied practice,repairing reasons that do not connect to the opinion,3.W.1;3.W.5,guided,no,g3-text-09
ma-g3-english-language-arts-u07-l11,ma-g3-english-language-arts,3,english-language-arts,119,7,Opinion Writing: Reasons That Convince,11,"Vocabulary and language study: linking words for opinion: because, therefore, since, for example",Vocabulary and language study,"linking words for opinion: because, therefore, since, for example",3.W.1;3.L.6;3.L.3,guided,no,g3-text-12
ma-g3-english-language-arts-u07-l12,ma-g3-english-language-arts,3,english-language-arts,120,7,Opinion Writing: Reasons That Convince,12,Writing plan and draft: planning three reasons in the order that convinces best,Writing plan and draft,planning three reasons in the order that convinces best,3.W.1;3.W.4,guided,no,learner-produced
ma-g3-english-language-arts-u07-l13,ma-g3-english-language-arts,3,english-language-arts,121,7,Opinion Writing: Reasons That Convince,13,Writing revise and edit: revising the conclusion so it does more than repeat the opening,Writing revise and edit,revising the conclusion so it does more than repeat the opening,3.W.1;3.W.5,guided,no,learner-produced
ma-g3-english-language-arts-u07-l14,ma-g3-english-language-arts,3,english-language-arts,122,7,Opinion Writing: Reasons That Convince,14,"Talk and listening practice: presenting an opinion at an understandable pace, or in print",Talk and listening practice,"presenting an opinion at an understandable pace, or in print",3.SL.4,guided,no,g3-text-09
ma-g3-english-language-arts-u07-l15,ma-g3-english-language-arts,3,english-language-arts,123,7,Opinion Writing: Reasons That Convince,15,"Skill consolidation and retrieval: retrieving opinion, reason, order, linking, and conclusion",Skill consolidation and retrieval,"retrieving opinion, reason, order, linking, and conclusion",3.W.1;3.W.4,independent,no,g3-text-12
ma-g3-english-language-arts-u07-l16,ma-g3-english-language-arts,3,english-language-arts,124,7,Opinion Writing: Reasons That Convince,16,Transfer to a new text: writing an opinion on a new question about a familiar topic,Transfer to a new text,writing an opinion on a new question about a familiar topic,3.W.1,independent,no,g3-text-09
ma-g3-english-language-arts-u07-l17,ma-g3-english-language-arts,3,english-language-arts,125,7,Opinion Writing: Reasons That Convince,17,Unit assessment: unit evidence: an independently written opinion piece,Unit assessment,unit evidence: an independently written opinion piece,3.W.1;3.W.4;3.RI.8,independent,yes,g3-text-12
ma-g3-english-language-arts-u07-l18,ma-g3-english-language-arts,3,english-language-arts,126,7,Opinion Writing: Reasons That Convince,18,"Correction, publication, and reflection: correcting one reason and publishing or privately filing the piece","Correction, publication, and reflection",correcting one reason and publishing or privately filing the piece,3.W.5;3.RI.6,guided,no,g3-text-09
ma-g3-english-language-arts-u08-l01,ma-g3-english-language-arts,3,english-language-arts,127,8,"Poems, Plays, and Words That Mean More",1,Launch and baseline: how a poem and a play look different from a story on the page,Launch and baseline,how a poem and a play look different from a story on the page,3.RL.5,guided,no,g3-text-13
ma-g3-english-language-arts-u08-l02,ma-g3-english-language-arts,3,english-language-arts,128,8,"Poems, Plays, and Words That Mean More",2,"Word work and decoding focus: hearing rhyme, rhythm, and repeated sounds in words",Word work and decoding focus,"hearing rhyme, rhythm, and repeated sounds in words",3.RF.3;3.RL.4,guided,no,g3-text-14
ma-g3-english-language-arts-u08-l03,ma-g3-english-language-arts,3,english-language-arts,129,8,"Poems, Plays, and Words That Mean More",3,Explicit model A: stanzas and lines in poems; scenes and casts in plays,Explicit model A,stanzas and lines in poems; scenes and casts in plays,3.RL.5,guided,no,g3-text-13
ma-g3-english-language-arts-u08-l04,ma-g3-english-language-arts,3,english-language-arts,130,8,"Poems, Plays, and Words That Mean More",4,Guided practice A: labeling the parts of a poem and the parts of a scene,Guided practice A,labeling the parts of a poem and the parts of a scene,3.RL.5,guided,no,g3-text-14
ma-g3-english-language-arts-u08-l05,ma-g3-english-language-arts,3,english-language-arts,131,8,"Poems, Plays, and Words That Mean More",5,"Fluency and rereading practice: reading a poem aloud, or silently with a marked rhythm, twice",Fluency and rereading practice,"reading a poem aloud, or silently with a marked rhythm, twice",3.RF.4,guided,no,g3-text-13
ma-g3-english-language-arts-u08-l06,ma-g3-english-language-arts,3,english-language-arts,132,8,"Poems, Plays, and Words That Mean More",6,Independent application A: marking the structure of a new poem independently,Independent application A,marking the structure of a new poem independently,3.RL.5,independent,no,g3-text-14
ma-g3-english-language-arts-u08-l07,ma-g3-english-language-arts,3,english-language-arts,133,8,"Poems, Plays, and Words That Mean More",7,Explicit model B: literal and nonliteral meaning: when words mean something else,Explicit model B,literal and nonliteral meaning: when words mean something else,3.RL.4;3.L.5,guided,no,g3-text-13
ma-g3-english-language-arts-u08-l08,ma-g3-english-language-arts,3,english-language-arts,134,8,"Poems, Plays, and Words That Mean More",8,Guided practice B: explaining what a phrase means here and how you can tell,Guided practice B,explaining what a phrase means here and how you can tell,3.RL.4;3.L.5,guided,no,g3-text-14
ma-g3-english-language-arts-u08-l09,ma-g3-english-language-arts,3,english-language-arts,135,8,"Poems, Plays, and Words That Mean More",9,Shared close reading: close reading an original poem for imagery and word choice,Shared close reading,close reading an original poem for imagery and word choice,3.RL.4,guided,no,g3-text-13
ma-g3-english-language-arts-u08-l10,ma-g3-english-language-arts,3,english-language-arts,136,8,"Poems, Plays, and Words That Mean More",10,Reteach and varied practice: repairing readings that take a figure of speech literally,Reteach and varied practice,repairing readings that take a figure of speech literally,3.L.5,guided,no,g3-text-14
ma-g3-english-language-arts-u08-l11,ma-g3-english-language-arts,3,english-language-arts,137,8,"Poems, Plays, and Words That Mean More",11,Vocabulary and language study: shades of meaning between words that seem to be the same,Vocabulary and language study,shades of meaning between words that seem to be the same,3.L.5,guided,no,g3-text-13
ma-g3-english-language-arts-u08-l12,ma-g3-english-language-arts,3,english-language-arts,138,8,"Poems, Plays, and Words That Mean More",12,Writing plan and draft: planning an original poem or short scene with one craft choice,Writing plan and draft,planning an original poem or short scene with one craft choice,3.W.10;3.RL.5,guided,no,learner-produced
ma-g3-english-language-arts-u08-l13,ma-g3-english-language-arts,3,english-language-arts,139,8,"Poems, Plays, and Words That Mean More",13,"Writing revise and edit: revising for sound and image, then editing the layout",Writing revise and edit,"revising for sound and image, then editing the layout",3.W.10;3.RL.4,guided,no,learner-produced
ma-g3-english-language-arts-u08-l14,ma-g3-english-language-arts,3,english-language-arts,140,8,"Poems, Plays, and Words That Mean More",14,"Talk and listening practice: presenting a reading aloud, in print, or through a caption track",Talk and listening practice,"presenting a reading aloud, in print, or through a caption track",3.SL.5,guided,no,g3-text-14
ma-g3-english-language-arts-u08-l15,ma-g3-english-language-arts,3,english-language-arts,141,8,"Poems, Plays, and Words That Mean More",15,"Skill consolidation and retrieval: retrieving structure, figurative language, and point of view",Skill consolidation and retrieval,"retrieving structure, figurative language, and point of view",3.RL.4;3.RL.5;3.RL.6,independent,no,g3-text-13
ma-g3-english-language-arts-u08-l16,ma-g3-english-language-arts,3,english-language-arts,142,8,"Poems, Plays, and Words That Mean More",16,Transfer to a new text: comparing your point of view with the narrator's in a new poem,Transfer to a new text,comparing your point of view with the narrator's in a new poem,3.RL.6,independent,no,g3-text-14
ma-g3-english-language-arts-u08-l17,ma-g3-english-language-arts,3,english-language-arts,143,8,"Poems, Plays, and Words That Mean More",17,"Unit assessment: unit evidence: structure, nonliteral meaning, and craft explanation",Unit assessment,"unit evidence: structure, nonliteral meaning, and craft explanation",3.RL.4;3.RL.5;3.L.5,independent,yes,g3-text-13
ma-g3-english-language-arts-u08-l18,ma-g3-english-language-arts,3,english-language-arts,144,8,"Poems, Plays, and Words That Mean More",18,"Correction, publication, and reflection: correcting one note and publishing or privately filing the set","Correction, publication, and reflection",correcting one note and publishing or privately filing the set,3.W.10;3.SL.5,guided,no,g3-text-14
ma-g3-english-language-arts-u09-l01,ma-g3-english-language-arts,3,english-language-arts,145,9,"Small Research: Questions, Sources, and Notes",1,Launch and baseline: what makes a question researchable instead of unanswerable,Launch and baseline,what makes a question researchable instead of unanswerable,3.W.7,guided,no,g3-text-08
ma-g3-english-language-arts-u09-l02,ma-g3-english-language-arts,3,english-language-arts,146,9,"Small Research: Questions, Sources, and Notes",2,Word work and decoding focus: reading topic vocabulary you will need for this question,Word work and decoding focus,reading topic vocabulary you will need for this question,3.RF.3;3.L.4,guided,no,g3-text-10
ma-g3-english-language-arts-u09-l03,ma-g3-english-language-arts,3,english-language-arts,147,9,"Small Research: Questions, Sources, and Notes",3,Explicit model A: gathering what you already know before you look anything up,Explicit model A,gathering what you already know before you look anything up,3.W.8,guided,no,g3-text-08
ma-g3-english-language-arts-u09-l04,ma-g3-english-language-arts,3,english-language-arts,148,9,"Small Research: Questions, Sources, and Notes",4,Guided practice A: turning a broad wondering into one answerable question,Guided practice A,turning a broad wondering into one answerable question,3.W.7,guided,no,g3-text-10
ma-g3-english-language-arts-u09-l05,ma-g3-english-language-arts,3,english-language-arts,149,9,"Small Research: Questions, Sources, and Notes",5,Fluency and rereading practice: reading a source passage carefully enough to take notes,Fluency and rereading practice,reading a source passage carefully enough to take notes,3.RF.4,guided,no,g3-text-08
ma-g3-english-language-arts-u09-l06,ma-g3-english-language-arts,3,english-language-arts,150,9,"Small Research: Questions, Sources, and Notes",6,Independent application A: locating the part of a source that answers your question,Independent application A,locating the part of a source that answers your question,3.RI.5;3.W.8,independent,no,g3-text-10
ma-g3-english-language-arts-u09-l07,ma-g3-english-language-arts,3,english-language-arts,151,9,"Small Research: Questions, Sources, and Notes",7,Explicit model B: notes in your own words: why copying is not note-taking,Explicit model B,notes in your own words: why copying is not note-taking,3.W.8,guided,no,g3-text-08
ma-g3-english-language-arts-u09-l08,ma-g3-english-language-arts,3,english-language-arts,152,9,"Small Research: Questions, Sources, and Notes",8,Guided practice B: shortening a sentence into a note without changing its meaning,Guided practice B,shortening a sentence into a note without changing its meaning,3.W.8,guided,no,g3-text-10
ma-g3-english-language-arts-u09-l09,ma-g3-english-language-arts,3,english-language-arts,153,9,"Small Research: Questions, Sources, and Notes",9,Shared close reading: close reading a second source on the same topic,Shared close reading,close reading a second source on the same topic,3.RI.9,guided,no,g3-text-08
ma-g3-english-language-arts-u09-l10,ma-g3-english-language-arts,3,english-language-arts,154,9,"Small Research: Questions, Sources, and Notes",10,Reteach and varied practice: repairing notes that copied wording or lost the meaning,Reteach and varied practice,repairing notes that copied wording or lost the meaning,3.W.8,guided,no,g3-text-10
ma-g3-english-language-arts-u09-l11,ma-g3-english-language-arts,3,english-language-arts,155,9,"Small Research: Questions, Sources, and Notes",11,"Vocabulary and language study: the words a source record needs: who made it, what it is, and where you found it",Vocabulary and language study,"the words a source record needs: who made it, what it is, and where you found it",3.W.8;3.L.6,guided,no,g3-text-08
ma-g3-english-language-arts-u09-l12,ma-g3-english-language-arts,3,english-language-arts,156,9,"Small Research: Questions, Sources, and Notes",12,"Writing plan and draft: sorting notes into the categories you were given, then planning the answer",Writing plan and draft,"sorting notes into the categories you were given, then planning the answer",3.W.8;3.W.4,guided,no,learner-produced
ma-g3-english-language-arts-u09-l13,ma-g3-english-language-arts,3,english-language-arts,157,9,"Small Research: Questions, Sources, and Notes",13,Writing revise and edit: revising the answer so each part traces to a note,Writing revise and edit,revising the answer so each part traces to a note,3.W.7;3.W.4,guided,no,learner-produced
ma-g3-english-language-arts-u09-l14,ma-g3-english-language-arts,3,english-language-arts,158,9,"Small Research: Questions, Sources, and Notes",14,Talk and listening practice: asking a speaker a question and answering one about your notes,Talk and listening practice,asking a speaker a question and answering one about your notes,3.SL.3,guided,no,g3-text-10
ma-g3-english-language-arts-u09-l15,ma-g3-english-language-arts,3,english-language-arts,159,9,"Small Research: Questions, Sources, and Notes",15,"Skill consolidation and retrieval: retrieving question, gather, note, categorize, and cite",Skill consolidation and retrieval,"retrieving question, gather, note, categorize, and cite",3.W.7;3.W.8,independent,no,g3-text-08
ma-g3-english-language-arts-u09-l16,ma-g3-english-language-arts,3,english-language-arts,160,9,"Small Research: Questions, Sources, and Notes",16,Transfer to a new text: running the whole routine on a new question in one session,Transfer to a new text,running the whole routine on a new question in one session,3.W.7;3.W.8,independent,no,g3-text-10
ma-g3-english-language-arts-u09-l17,ma-g3-english-language-arts,3,english-language-arts,161,9,"Small Research: Questions, Sources, and Notes",17,Unit assessment: unit evidence: a research card with sources and own-words notes,Unit assessment,unit evidence: a research card with sources and own-words notes,3.W.7;3.W.8;3.RI.9,independent,yes,g3-text-08
ma-g3-english-language-arts-u09-l18,ma-g3-english-language-arts,3,english-language-arts,162,9,"Small Research: Questions, Sources, and Notes",18,"Correction, publication, and reflection: correcting one note and publishing the research card","Correction, publication, and reflection",correcting one note and publishing the research card,3.W.8;3.W.4,guided,no,g3-text-10
ma-g3-english-language-arts-u10-l01,ma-g3-english-language-arts,3,english-language-arts,163,10,Narrative Craft and the Year-End Portfolio,1,"Launch and baseline: what makes a story easy to follow, and choosing a portfolio piece",Launch and baseline,"what makes a story easy to follow, and choosing a portfolio piece",3.W.3;3.RL.10,guided,no,g3-text-15
ma-g3-english-language-arts-u10-l02,ma-g3-english-language-arts,3,english-language-arts,164,10,Narrative Craft and the Year-End Portfolio,2,Word work and decoding focus: reading and spelling the words your own story needs,Word work and decoding focus,reading and spelling the words your own story needs,3.RF.3;3.L.2,guided,no,g3-text-16
ma-g3-english-language-arts-u10-l03,ma-g3-english-language-arts,3,english-language-arts,165,10,Narrative Craft and the Year-End Portfolio,3,"Explicit model A: establishing a situation, a narrator, and characters",Explicit model A,"establishing a situation, a narrator, and characters",3.W.3,guided,no,g3-text-15
ma-g3-english-language-arts-u10-l04,ma-g3-english-language-arts,3,english-language-arts,166,10,Narrative Craft and the Year-End Portfolio,4,Guided practice A: writing an opening that sets up a real problem,Guided practice A,writing an opening that sets up a real problem,3.W.3;3.W.4,guided,no,g3-text-16
ma-g3-english-language-arts-u10-l05,ma-g3-english-language-arts,3,english-language-arts,167,10,Narrative Craft and the Year-End Portfolio,5,Fluency and rereading practice: reading a draft aloud to hear where a reader would get lost,Fluency and rereading practice,reading a draft aloud to hear where a reader would get lost,3.RF.4;3.W.5,guided,no,g3-text-15
ma-g3-english-language-arts-u10-l06,ma-g3-english-language-arts,3,english-language-arts,168,10,Narrative Craft and the Year-End Portfolio,6,Independent application A: drafting the middle events in an order that unfolds naturally,Independent application A,drafting the middle events in an order that unfolds naturally,3.W.3,independent,no,g3-text-16
ma-g3-english-language-arts-u10-l07,ma-g3-english-language-arts,3,english-language-arts,169,10,Narrative Craft and the Year-End Portfolio,7,"Explicit model B: dialogue that shows feeling, punctuated with quotation marks and commas",Explicit model B,"dialogue that shows feeling, punctuated with quotation marks and commas",3.W.3;3.L.2;3.L.3,guided,no,g3-text-15
ma-g3-english-language-arts-u10-l08,ma-g3-english-language-arts,3,english-language-arts,170,10,Narrative Craft and the Year-End Portfolio,8,Guided practice B: replacing told feelings with shown actions and words,Guided practice B,replacing told feelings with shown actions and words,3.W.3;3.W.5,guided,no,g3-text-16
ma-g3-english-language-arts-u10-l09,ma-g3-english-language-arts,3,english-language-arts,171,10,Narrative Craft and the Year-End Portfolio,9,Shared close reading: reading a published narrative for closure and last lines,Shared close reading,reading a published narrative for closure and last lines,3.RL.10;3.W.3,guided,no,g3-text-15
ma-g3-english-language-arts-u10-l10,ma-g3-english-language-arts,3,english-language-arts,172,10,Narrative Craft and the Year-End Portfolio,10,"Reteach and varied practice: repairing sequences that jump, repeat, or stop without closure",Reteach and varied practice,"repairing sequences that jump, repeat, or stop without closure",3.W.3;3.W.5,guided,no,g3-text-16
ma-g3-english-language-arts-u10-l11,ma-g3-english-language-arts,3,english-language-arts,173,10,Narrative Craft and the Year-End Portfolio,11,Vocabulary and language study: temporal words and phrases that keep a reader oriented,Vocabulary and language study,temporal words and phrases that keep a reader oriented,3.W.3;3.L.1,guided,no,g3-text-15
ma-g3-english-language-arts-u10-l12,ma-g3-english-language-arts,3,english-language-arts,174,10,Narrative Craft and the Year-End Portfolio,12,"Writing plan and draft: planning the portfolio: selection, order, and reflection prompts",Writing plan and draft,"planning the portfolio: selection, order, and reflection prompts",3.W.4;3.W.6,guided,no,learner-produced
ma-g3-english-language-arts-u10-l13,ma-g3-english-language-arts,3,english-language-arts,175,10,Narrative Craft and the Year-End Portfolio,13,"Writing revise and edit: revising the narrative, then editing grammar and end punctuation",Writing revise and edit,"revising the narrative, then editing grammar and end punctuation",3.W.5;3.L.1,guided,no,learner-produced
ma-g3-english-language-arts-u10-l14,ma-g3-english-language-arts,3,english-language-arts,176,10,Narrative Craft and the Year-End Portfolio,14,"Talk and listening practice: presenting one portfolio piece aloud, in print, or privately",Talk and listening practice,"presenting one portfolio piece aloud, in print, or privately",3.SL.4;3.SL.6,guided,no,g3-text-16
ma-g3-english-language-arts-u10-l15,ma-g3-english-language-arts,3,english-language-arts,177,10,Narrative Craft and the Year-End Portfolio,15,Skill consolidation and retrieval: retrieving the year's reading and writing moves in one sitting,Skill consolidation and retrieval,retrieving the year's reading and writing moves in one sitting,3.RL.10;3.RI.10;3.W.4,independent,no,g3-text-15
ma-g3-english-language-arts-u10-l16,ma-g3-english-language-arts,3,english-language-arts,178,10,Narrative Craft and the Year-End Portfolio,16,Transfer to a new text: reading an unfamiliar grade-level text and responding in writing,Transfer to a new text,reading an unfamiliar grade-level text and responding in writing,3.RL.10;3.RI.10,independent,no,g3-text-16
ma-g3-english-language-arts-u10-l17,ma-g3-english-language-arts,3,english-language-arts,179,10,Narrative Craft and the Year-End Portfolio,17,Unit assessment: unit evidence: an independently written narrative and reflection,Unit assessment,unit evidence: an independently written narrative and reflection,3.W.3;3.W.4;3.L.1,independent,yes,g3-text-15
ma-g3-english-language-arts-u10-l18,ma-g3-english-language-arts,3,english-language-arts,180,10,Narrative Craft and the Year-End Portfolio,18,"Correction, publication, and reflection: correcting one section and publishing the year-end portfolio","Correction, publication, and reflection",correcting one section and publishing the year-end portfolio,3.W.5;3.W.6,guided,no,g3-text-16
ma-g4-english-language-arts-u01-l01,ma-g4-english-language-arts,4,english-language-arts,1,1,"An Evidence Habit: Details, Examples, and Inferences",1,"Launch and diagnostic: what evidence is, and a no-penalty diagnostic across both text types",Launch and diagnostic,"what evidence is, and a no-penalty diagnostic across both text types",4.RL.1;4.RI.1,guided,no,g4-text-01
ma-g4-english-language-arts-u01-l02,ma-g4-english-language-arts,4,english-language-arts,2,1,"An Evidence Habit: Details, Examples, and Inferences",2,"Word study and morphology: attacking an unfamiliar multisyllabic word with sound, syllables, and parts",Word study and morphology,"attacking an unfamiliar multisyllabic word with sound, syllables, and parts",4.RF.3,guided,no,g4-text-02
ma-g4-english-language-arts-u01-l03,ma-g4-english-language-arts,4,english-language-arts,3,1,"An Evidence Habit: Details, Examples, and Inferences",3,Concept model A: explicit meaning: what the text states outright,Concept model A,explicit meaning: what the text states outright,4.RL.1;4.RI.1,guided,no,g4-text-01
ma-g4-english-language-arts-u01-l04,ma-g4-english-language-arts,4,english-language-arts,4,1,"An Evidence Habit: Details, Examples, and Inferences",4,Guided practice A: locating the detail or example that answers a question exactly,Guided practice A,locating the detail or example that answers a question exactly,4.RL.1;4.RI.1,guided,no,g4-text-02
ma-g4-english-language-arts-u01-l05,ma-g4-english-language-arts,4,english-language-arts,5,1,"An Evidence Habit: Details, Examples, and Inferences",5,Close reading with evidence: close reading one passage for stated facts and unstated implications,Close reading with evidence,close reading one passage for stated facts and unstated implications,4.RL.1;4.RF.4,guided,no,g4-text-01
ma-g4-english-language-arts-u01-l06,ma-g4-english-language-arts,4,english-language-arts,6,1,"An Evidence Habit: Details, Examples, and Inferences",6,Independent application A: answering two questions on a new passage with cited support,Independent application A,answering two questions on a new passage with cited support,4.RI.1;4.W.4,independent,no,g4-text-02
ma-g4-english-language-arts-u01-l07,ma-g4-english-language-arts,4,english-language-arts,7,1,"An Evidence Habit: Details, Examples, and Inferences",7,Concept model B: inference: what the text makes true without saying it,Concept model B,inference: what the text makes true without saying it,4.RL.1;4.RI.1,guided,no,g4-text-01
ma-g4-english-language-arts-u01-l08,ma-g4-english-language-arts,4,english-language-arts,8,1,"An Evidence Habit: Details, Examples, and Inferences",8,Guided practice B: separating a supported inference from a guess the text does not carry,Guided practice B,separating a supported inference from a guess the text does not carry,4.RL.1;4.RI.1,guided,no,g4-text-02
ma-g4-english-language-arts-u01-l09,ma-g4-english-language-arts,4,english-language-arts,9,1,"An Evidence Habit: Details, Examples, and Inferences",9,Reteach and varied practice: repairing responses whose evidence does not match the claim,Reteach and varied practice,repairing responses whose evidence does not match the claim,4.RI.1;4.W.4,guided,no,g4-text-01
ma-g4-english-language-arts-u01-l10,ma-g4-english-language-arts,4,english-language-arts,10,1,"An Evidence Habit: Details, Examples, and Inferences",10,"Craft or structure analysis: how quoting and paraphrasing differ, and when each is honest",Craft or structure analysis,"how quoting and paraphrasing differ, and when each is honest",4.W.4;4.RI.1,guided,no,g4-text-02
ma-g4-english-language-arts-u01-l11,ma-g4-english-language-arts,4,english-language-arts,11,1,"An Evidence Habit: Details, Examples, and Inferences",11,Source or research work: recording where a piece of evidence came from inside a passage,Source or research work,recording where a piece of evidence came from inside a passage,4.W.8;4.RI.1,guided,no,g4-text-01
ma-g4-english-language-arts-u01-l12,ma-g4-english-language-arts,4,english-language-arts,12,1,"An Evidence Habit: Details, Examples, and Inferences",12,Writing plan and draft: planning a written response for a named audience,Writing plan and draft,planning a written response for a named audience,4.W.4;4.W.10,guided,no,learner-produced
ma-g4-english-language-arts-u01-l13,ma-g4-english-language-arts,4,english-language-arts,13,1,"An Evidence Habit: Details, Examples, and Inferences",13,"Writing revision workshop: revising a response so every claim carries its evidence, then editing for complete sentences",Writing revision workshop,"revising a response so every claim carries its evidence, then editing for complete sentences",4.W.4;4.W.5;4.L.1,guided,no,learner-produced
ma-g4-english-language-arts-u01-l14,ma-g4-english-language-arts,4,english-language-arts,14,1,"An Evidence Habit: Details, Examples, and Inferences",14,"Discussion or presentation practice: discussion roles, preparation, and drawing on what you read",Discussion or presentation practice,"discussion roles, preparation, and drawing on what you read",4.SL.1,guided,no,g4-text-02
ma-g4-english-language-arts-u01-l15,ma-g4-english-language-arts,4,english-language-arts,15,1,"An Evidence Habit: Details, Examples, and Inferences",15,Transfer challenge: using the evidence habit on an unfamiliar pair of passages,Transfer challenge,using the evidence habit on an unfamiliar pair of passages,4.RL.1;4.RI.1,independent,no,g4-text-01
ma-g4-english-language-arts-u01-l16,ma-g4-english-language-arts,4,english-language-arts,16,1,"An Evidence Habit: Details, Examples, and Inferences",16,"Retrieval and assessment preparation: retrieving explicit meaning, inference, quotation, and paraphrase",Retrieval and assessment preparation,"retrieving explicit meaning, inference, quotation, and paraphrase",4.RL.1;4.RI.1;4.W.4,independent,no,g4-text-02
ma-g4-english-language-arts-u01-l17,ma-g4-english-language-arts,4,english-language-arts,17,1,"An Evidence Habit: Details, Examples, and Inferences",17,Unit assessment: unit evidence: cited literary and informational responses,Unit assessment,unit evidence: cited literary and informational responses,4.RL.1;4.RI.1;4.W.4;4.L.1,independent,yes,g4-text-01
ma-g4-english-language-arts-u01-l18,ma-g4-english-language-arts,4,english-language-arts,18,1,"An Evidence Habit: Details, Examples, and Inferences",18,"Targeted correction, publication, and reflection: correcting one response and publishing the evidence-habits page","Targeted correction, publication, and reflection",correcting one response and publishing the evidence-habits page,4.W.5;4.W.10,guided,no,g4-text-02
ma-g4-english-language-arts-u02-l01,ma-g4-english-language-arts,4,english-language-arts,19,2,Summary and Theme: Saying What a Story Means,1,"Launch and diagnostic: summary, retelling, and opinion are three different things",Launch and diagnostic,"summary, retelling, and opinion are three different things",4.RL.2,guided,no,g4-text-03
ma-g4-english-language-arts-u02-l02,ma-g4-english-language-arts,4,english-language-arts,20,2,Summary and Theme: Saying What a Story Means,2,Word study and morphology: Greek and Latin roots inside this unit's vocabulary,Word study and morphology,Greek and Latin roots inside this unit's vocabulary,4.L.4;4.RF.3,guided,no,g4-text-04
ma-g4-english-language-arts-u02-l03,ma-g4-english-language-arts,4,english-language-arts,21,2,Summary and Theme: Saying What a Story Means,3,Concept model A: an objective summary keeps events and leaves out judgment,Concept model A,an objective summary keeps events and leaves out judgment,4.RL.2,guided,no,g4-text-03
ma-g4-english-language-arts-u02-l04,ma-g4-english-language-arts,4,english-language-arts,22,2,Summary and Theme: Saying What a Story Means,4,Guided practice A: cutting a retelling down to a summary without losing the spine,Guided practice A,cutting a retelling down to a summary without losing the spine,4.RL.2,guided,no,g4-text-04
ma-g4-english-language-arts-u02-l05,ma-g4-english-language-arts,4,english-language-arts,23,2,Summary and Theme: Saying What a Story Means,5,Close reading with evidence: close reading a story for the details a summary must keep,Close reading with evidence,close reading a story for the details a summary must keep,4.RL.1;4.RL.2;4.RF.4,guided,no,g4-text-03
ma-g4-english-language-arts-u02-l06,ma-g4-english-language-arts,4,english-language-arts,24,2,Summary and Theme: Saying What a Story Means,6,Independent application A: summarizing an unfamiliar story independently,Independent application A,summarizing an unfamiliar story independently,4.RL.2,independent,no,g4-text-04
ma-g4-english-language-arts-u02-l07,ma-g4-english-language-arts,4,english-language-arts,25,2,Summary and Theme: Saying What a Story Means,7,"Concept model B: a theme is what the whole text says about something, not its topic",Concept model B,"a theme is what the whole text says about something, not its topic",4.RL.2,guided,no,g4-text-03
ma-g4-english-language-arts-u02-l08,ma-g4-english-language-arts,4,english-language-arts,26,2,Summary and Theme: Saying What a Story Means,8,Guided practice B: testing a proposed theme against the events of the text,Guided practice B,testing a proposed theme against the events of the text,4.RL.2;4.RL.1,guided,no,g4-text-04
ma-g4-english-language-arts-u02-l09,ma-g4-english-language-arts,4,english-language-arts,27,2,Summary and Theme: Saying What a Story Means,9,"Reteach and varied practice: repairing themes that are really topics, morals, or opinions",Reteach and varied practice,"repairing themes that are really topics, morals, or opinions",4.RL.2,guided,no,g4-text-03
ma-g4-english-language-arts-u02-l10,ma-g4-english-language-arts,4,english-language-arts,28,2,Summary and Theme: Saying What a Story Means,10,Craft or structure analysis: how theme works differently in a poem and in a drama,Craft or structure analysis,how theme works differently in a poem and in a drama,4.RL.2;4.RL.5,guided,no,g4-text-04
ma-g4-english-language-arts-u02-l11,ma-g4-english-language-arts,4,english-language-arts,29,2,Summary and Theme: Saying What a Story Means,11,Source or research work: gathering the two strongest details that support a theme,Source or research work,gathering the two strongest details that support a theme,4.W.9a;4.RL.1,guided,no,g4-text-03
ma-g4-english-language-arts-u02-l12,ma-g4-english-language-arts,4,english-language-arts,30,2,Summary and Theme: Saying What a Story Means,12,Writing plan and draft: planning a summary-and-theme response for a reader who has not read it,Writing plan and draft,planning a summary-and-theme response for a reader who has not read it,4.W.4;4.W.9a,guided,no,learner-produced
ma-g4-english-language-arts-u02-l13,ma-g4-english-language-arts,4,english-language-arts,31,2,Summary and Theme: Saying What a Story Means,13,Writing revision workshop: revising so the theme statement is a full sentence the text can carry,Writing revision workshop,revising so the theme statement is a full sentence the text can carry,4.RL.2;4.W.5,guided,no,learner-produced
ma-g4-english-language-arts-u02-l14,ma-g4-english-language-arts,4,english-language-arts,32,2,Summary and Theme: Saying What a Story Means,14,Discussion or presentation practice: presenting a theme claim and reviewing the key ideas others raised,Discussion or presentation practice,presenting a theme claim and reviewing the key ideas others raised,4.SL.1,guided,no,g4-text-04
ma-g4-english-language-arts-u02-l15,ma-g4-english-language-arts,4,english-language-arts,33,2,Summary and Theme: Saying What a Story Means,15,"Transfer challenge: summarizing and theming a text in the grades 4-5 band, with scaffolding at the hard parts",Transfer challenge,"summarizing and theming a text in the grades 4-5 band, with scaffolding at the hard parts",4.RL.10;4.RL.2,independent,no,g4-text-03
ma-g4-english-language-arts-u02-l16,ma-g4-english-language-arts,4,english-language-arts,34,2,Summary and Theme: Saying What a Story Means,16,"Retrieval and assessment preparation: retrieving summary, theme, and literary evidence together",Retrieval and assessment preparation,"retrieving summary, theme, and literary evidence together",4.RL.2;4.W.9a,independent,no,g4-text-04
ma-g4-english-language-arts-u02-l17,ma-g4-english-language-arts,4,english-language-arts,35,2,Summary and Theme: Saying What a Story Means,17,Unit assessment: unit evidence: objective summary plus supported theme statement,Unit assessment,unit evidence: objective summary plus supported theme statement,4.RL.1;4.RL.2;4.W.9a,independent,yes,g4-text-03
ma-g4-english-language-arts-u02-l18,ma-g4-english-language-arts,4,english-language-arts,36,2,Summary and Theme: Saying What a Story Means,18,"Targeted correction, publication, and reflection: correcting one statement and publishing the summary-and-theme study","Targeted correction, publication, and reflection",correcting one statement and publishing the summary-and-theme study,4.W.5;4.RL.2,guided,no,g4-text-04
ma-g4-english-language-arts-u03-l01,ma-g4-english-language-arts,4,english-language-arts,37,3,"In-Depth Study: Character, Setting, Event, and Point of View",1,Launch and diagnostic: the difference between mentioning a character and describing one in depth,Launch and diagnostic,the difference between mentioning a character and describing one in depth,4.RL.3,guided,no,g4-text-05
ma-g4-english-language-arts-u03-l02,ma-g4-english-language-arts,4,english-language-arts,38,3,"In-Depth Study: Character, Setting, Event, and Point of View",2,Word study and morphology: words that name precise emotions and states of being,Word study and morphology,words that name precise emotions and states of being,4.L.6,guided,no,g4-text-06
ma-g4-english-language-arts-u03-l03,ma-g4-english-language-arts,4,english-language-arts,39,3,"In-Depth Study: Character, Setting, Event, and Point of View",3,Concept model A: in-depth description is built from a stack of specific details,Concept model A,in-depth description is built from a stack of specific details,4.RL.3;4.RL.1,guided,no,g4-text-05
ma-g4-english-language-arts-u03-l04,ma-g4-english-language-arts,4,english-language-arts,40,3,"In-Depth Study: Character, Setting, Event, and Point of View",4,Guided practice A: collecting four details that describe one character,Guided practice A,collecting four details that describe one character,4.RL.3;4.RL.1,guided,no,g4-text-06
ma-g4-english-language-arts-u03-l05,ma-g4-english-language-arts,4,english-language-arts,41,3,"In-Depth Study: Character, Setting, Event, and Point of View",5,Close reading with evidence: close reading a setting for the details that make it matter,Close reading with evidence,close reading a setting for the details that make it matter,4.RL.3;4.RL.1;4.RF.4,guided,no,g4-text-05
ma-g4-english-language-arts-u03-l06,ma-g4-english-language-arts,4,english-language-arts,42,3,"In-Depth Study: Character, Setting, Event, and Point of View",6,Independent application A: writing an in-depth description of an event independently,Independent application A,writing an in-depth description of an event independently,4.RL.3;4.W.9a,independent,no,g4-text-06
ma-g4-english-language-arts-u03-l07,ma-g4-english-language-arts,4,english-language-arts,43,3,"In-Depth Study: Character, Setting, Event, and Point of View",7,Concept model B: first-person and third-person narration and how each limits what we know,Concept model B,first-person and third-person narration and how each limits what we know,4.RL.6,guided,no,g4-text-05
ma-g4-english-language-arts-u03-l08,ma-g4-english-language-arts,4,english-language-arts,44,3,"In-Depth Study: Character, Setting, Event, and Point of View",8,Guided practice B: comparing what two narrators can and cannot tell us,Guided practice B,comparing what two narrators can and cannot tell us,4.RL.6,guided,no,g4-text-06
ma-g4-english-language-arts-u03-l09,ma-g4-english-language-arts,4,english-language-arts,45,3,"In-Depth Study: Character, Setting, Event, and Point of View",9,Reteach and varied practice: repairing descriptions built on impression instead of detail,Reteach and varied practice,repairing descriptions built on impression instead of detail,4.RL.3,guided,no,g4-text-05
ma-g4-english-language-arts-u03-l10,ma-g4-english-language-arts,4,english-language-arts,46,3,"In-Depth Study: Character, Setting, Event, and Point of View",10,Craft or structure analysis: similes and metaphors an author uses to build a character,Craft or structure analysis,similes and metaphors an author uses to build a character,4.L.5;4.RL.4,guided,no,g4-text-06
ma-g4-english-language-arts-u03-l11,ma-g4-english-language-arts,4,english-language-arts,47,3,"In-Depth Study: Character, Setting, Event, and Point of View",11,Source or research work: connecting a text to a visual or oral presentation of the same story,Source or research work,connecting a text to a visual or oral presentation of the same story,4.RL.7,guided,no,g4-text-05
ma-g4-english-language-arts-u03-l12,ma-g4-english-language-arts,4,english-language-arts,48,3,"In-Depth Study: Character, Setting, Event, and Point of View",12,Writing plan and draft: planning an in-depth study with a claim and four details,Writing plan and draft,planning an in-depth study with a claim and four details,4.W.9a;4.W.4,guided,no,learner-produced
ma-g4-english-language-arts-u03-l13,ma-g4-english-language-arts,4,english-language-arts,49,3,"In-Depth Study: Character, Setting, Event, and Point of View",13,Writing revision workshop: revising to replace general adjectives with cited detail,Writing revision workshop,revising to replace general adjectives with cited detail,4.RL.3;4.W.5,guided,no,learner-produced
ma-g4-english-language-arts-u03-l14,ma-g4-english-language-arts,4,english-language-arts,50,3,"In-Depth Study: Character, Setting, Event, and Point of View",14,Discussion or presentation practice: posing and responding to specific questions about another study,Discussion or presentation practice,posing and responding to specific questions about another study,4.SL.1,guided,no,g4-text-06
ma-g4-english-language-arts-u03-l15,ma-g4-english-language-arts,4,english-language-arts,51,3,"In-Depth Study: Character, Setting, Event, and Point of View",15,Transfer challenge: comparing similar themes and patterns of events across cultures,Transfer challenge,comparing similar themes and patterns of events across cultures,4.RL.9,independent,no,g4-text-05
ma-g4-english-language-arts-u03-l16,ma-g4-english-language-arts,4,english-language-arts,52,3,"In-Depth Study: Character, Setting, Event, and Point of View",16,"Retrieval and assessment preparation: retrieving depth, narration, figurative language, and comparison",Retrieval and assessment preparation,"retrieving depth, narration, figurative language, and comparison",4.RL.3;4.RL.6;4.L.5,independent,no,g4-text-06
ma-g4-english-language-arts-u03-l17,ma-g4-english-language-arts,4,english-language-arts,53,3,"In-Depth Study: Character, Setting, Event, and Point of View",17,Unit assessment: unit evidence: an in-depth study with cited detail and point of view,Unit assessment,unit evidence: an in-depth study with cited detail and point of view,4.RL.1;4.RL.3;4.RL.6,independent,yes,g4-text-05
ma-g4-english-language-arts-u03-l18,ma-g4-english-language-arts,4,english-language-arts,54,3,"In-Depth Study: Character, Setting, Event, and Point of View",18,"Targeted correction, publication, and reflection: correcting one paragraph and publishing the in-depth study","Targeted correction, publication, and reflection",correcting one paragraph and publishing the in-depth study,4.W.5;4.RL.7,guided,no,g4-text-06
ma-g4-english-language-arts-u04-l01,ma-g4-english-language-arts,4,english-language-arts,55,4,"Informational Main Idea, Summary, and Explanation",1,"Launch and diagnostic: what a main idea has to account for, and a no-penalty diagnostic",Launch and diagnostic,"what a main idea has to account for, and a no-penalty diagnostic",4.RI.2,guided,no,g4-text-07
ma-g4-english-language-arts-u04-l02,ma-g4-english-language-arts,4,english-language-arts,56,4,"Informational Main Idea, Summary, and Explanation",2,Word study and morphology: domain vocabulary and the roots that unlock it,Word study and morphology,domain vocabulary and the roots that unlock it,4.RI.4;4.L.4;4.RF.3,guided,no,g4-text-08
ma-g4-english-language-arts-u04-l03,ma-g4-english-language-arts,4,english-language-arts,57,4,"Informational Main Idea, Summary, and Explanation",3,"Concept model A: a main idea is supported by key details, not merely near them",Concept model A,"a main idea is supported by key details, not merely near them",4.RI.2,guided,no,g4-text-07
ma-g4-english-language-arts-u04-l04,ma-g4-english-language-arts,4,english-language-arts,58,4,"Informational Main Idea, Summary, and Explanation",4,Guided practice A: stating a main idea and naming the three details that carry it,Guided practice A,stating a main idea and naming the three details that carry it,4.RI.2;4.RI.1,guided,no,g4-text-08
ma-g4-english-language-arts-u04-l05,ma-g4-english-language-arts,4,english-language-arts,59,4,"Informational Main Idea, Summary, and Explanation",5,Close reading with evidence: close reading for the details a summary of this text must keep,Close reading with evidence,close reading for the details a summary of this text must keep,4.RI.1;4.RI.2;4.RF.4,guided,no,g4-text-07
ma-g4-english-language-arts-u04-l06,ma-g4-english-language-arts,4,english-language-arts,60,4,"Informational Main Idea, Summary, and Explanation",6,Independent application A: summarizing an unfamiliar informational passage independently,Independent application A,summarizing an unfamiliar informational passage independently,4.RI.2,independent,no,g4-text-08
ma-g4-english-language-arts-u04-l07,ma-g4-english-language-arts,4,english-language-arts,61,4,"Informational Main Idea, Summary, and Explanation",7,Concept model B: explaining a process: the steps and why they run in that order,Concept model B,explaining a process: the steps and why they run in that order,4.RI.3,guided,no,g4-text-07
ma-g4-english-language-arts-u04-l08,ma-g4-english-language-arts,4,english-language-arts,62,4,"Informational Main Idea, Summary, and Explanation",8,Guided practice B: explaining a historical or scientific event: what happened and why,Guided practice B,explaining a historical or scientific event: what happened and why,4.RI.3,guided,no,g4-text-08
ma-g4-english-language-arts-u04-l09,ma-g4-english-language-arts,4,english-language-arts,63,4,"Informational Main Idea, Summary, and Explanation",9,Reteach and varied practice: repairing summaries that smuggle in opinion or drop the main idea,Reteach and varied practice,repairing summaries that smuggle in opinion or drop the main idea,4.RI.2,guided,no,g4-text-07
ma-g4-english-language-arts-u04-l10,ma-g4-english-language-arts,4,english-language-arts,64,4,"Informational Main Idea, Summary, and Explanation",10,Craft or structure analysis: how a writer's word choice signals precision in a technical passage,Craft or structure analysis,how a writer's word choice signals precision in a technical passage,4.RI.4;4.L.6,guided,no,g4-text-08
ma-g4-english-language-arts-u04-l11,ma-g4-english-language-arts,4,english-language-arts,65,4,"Informational Main Idea, Summary, and Explanation",11,Source or research work: gathering informational evidence to support an explanation,Source or research work,gathering informational evidence to support an explanation,4.W.9b;4.RI.1,guided,no,g4-text-07
ma-g4-english-language-arts-u04-l12,ma-g4-english-language-arts,4,english-language-arts,66,4,"Informational Main Idea, Summary, and Explanation",12,Writing plan and draft: planning a main-idea and summary brief for a stated audience,Writing plan and draft,planning a main-idea and summary brief for a stated audience,4.W.4;4.W.9b,guided,no,learner-produced
ma-g4-english-language-arts-u04-l13,ma-g4-english-language-arts,4,english-language-arts,67,4,"Informational Main Idea, Summary, and Explanation",13,"Writing revision workshop: revising the explanation so causes and effects are not reversed, and placing prepositional phrases where they belong",Writing revision workshop,"revising the explanation so causes and effects are not reversed, and placing prepositional phrases where they belong",4.RI.3;4.W.5;4.L.1,guided,no,learner-produced
ma-g4-english-language-arts-u04-l14,ma-g4-english-language-arts,4,english-language-arts,68,4,"Informational Main Idea, Summary, and Explanation",14,"Discussion or presentation practice: explaining a process aloud, in writing, or through a labeled sequence",Discussion or presentation practice,"explaining a process aloud, in writing, or through a labeled sequence",4.SL.4,guided,no,g4-text-08
ma-g4-english-language-arts-u04-l15,ma-g4-english-language-arts,4,english-language-arts,69,4,"Informational Main Idea, Summary, and Explanation",15,Transfer challenge: summarizing and explaining an unfamiliar technical passage,Transfer challenge,summarizing and explaining an unfamiliar technical passage,4.RI.2;4.RI.3,independent,no,g4-text-07
ma-g4-english-language-arts-u04-l16,ma-g4-english-language-arts,4,english-language-arts,70,4,"Informational Main Idea, Summary, and Explanation",16,"Retrieval and assessment preparation: retrieving main idea, support, summary, and explanation",Retrieval and assessment preparation,"retrieving main idea, support, summary, and explanation",4.RI.2;4.RI.3;4.W.9b,independent,no,g4-text-08
ma-g4-english-language-arts-u04-l17,ma-g4-english-language-arts,4,english-language-arts,71,4,"Informational Main Idea, Summary, and Explanation",17,"Unit assessment: unit evidence: main idea, objective summary, and causal explanation",Unit assessment,"unit evidence: main idea, objective summary, and causal explanation",4.RI.1;4.RI.2;4.RI.3,independent,yes,g4-text-07
ma-g4-english-language-arts-u04-l18,ma-g4-english-language-arts,4,english-language-arts,72,4,"Informational Main Idea, Summary, and Explanation",18,"Targeted correction, publication, and reflection: correcting one explanation and publishing the brief","Targeted correction, publication, and reflection",correcting one explanation and publishing the brief,4.W.5;4.RI.4,guided,no,g4-text-08
ma-g4-english-language-arts-u05-l01,ma-g4-english-language-arts,4,english-language-arts,73,5,How Informational Texts Are Structured and Shown,1,Launch and diagnostic: naming the shape of a text instead of only finding facts in it,Launch and diagnostic,naming the shape of a text instead of only finding facts in it,4.RI.5,guided,no,g4-text-10
ma-g4-english-language-arts-u05-l02,ma-g4-english-language-arts,4,english-language-arts,74,5,How Informational Texts Are Structured and Shown,2,Word study and morphology: signal vocabulary that marks each structure,Word study and morphology,signal vocabulary that marks each structure,4.L.6;4.RI.4,guided,no,g4-text-08
ma-g4-english-language-arts-u05-l03,ma-g4-english-language-arts,4,english-language-arts,75,5,How Informational Texts Are Structured and Shown,3,Concept model A: chronology and problem-and-solution as whole-text structures,Concept model A,chronology and problem-and-solution as whole-text structures,4.RI.5,guided,no,g4-text-10
ma-g4-english-language-arts-u05-l04,ma-g4-english-language-arts,4,english-language-arts,76,5,How Informational Texts Are Structured and Shown,4,Guided practice A: naming a passage's overall structure and proving it with signals,Guided practice A,naming a passage's overall structure and proving it with signals,4.RI.5;4.RI.1,guided,no,g4-text-08
ma-g4-english-language-arts-u05-l05,ma-g4-english-language-arts,4,english-language-arts,77,5,How Informational Texts Are Structured and Shown,5,Close reading with evidence: close reading a passage whose parts use different structures,Close reading with evidence,close reading a passage whose parts use different structures,4.RI.5;4.RI.1;4.RF.4,guided,no,g4-text-10
ma-g4-english-language-arts-u05-l06,ma-g4-english-language-arts,4,english-language-arts,78,5,How Informational Texts Are Structured and Shown,6,Independent application A: describing the structure of an unfamiliar passage independently,Independent application A,describing the structure of an unfamiliar passage independently,4.RI.5,independent,no,g4-text-08
ma-g4-english-language-arts-u05-l07,ma-g4-english-language-arts,4,english-language-arts,79,5,How Informational Texts Are Structured and Shown,7,Concept model B: comparison and cause-and-effect as whole-text structures,Concept model B,comparison and cause-and-effect as whole-text structures,4.RI.5,guided,no,g4-text-10
ma-g4-english-language-arts-u05-l08,ma-g4-english-language-arts,4,english-language-arts,80,5,How Informational Texts Are Structured and Shown,8,Guided practice B: choosing between two plausible structure labels using evidence,Guided practice B,choosing between two plausible structure labels using evidence,4.RI.5;4.RI.1,guided,no,g4-text-08
ma-g4-english-language-arts-u05-l09,ma-g4-english-language-arts,4,english-language-arts,81,5,How Informational Texts Are Structured and Shown,9,Reteach and varied practice: repairing analyses that name a structure the text does not use,Reteach and varied practice,repairing analyses that name a structure the text does not use,4.RI.5,guided,no,g4-text-10
ma-g4-english-language-arts-u05-l10,ma-g4-english-language-arts,4,english-language-arts,82,5,How Informational Texts Are Structured and Shown,10,"Craft or structure analysis: how a chart, timeline, or diagram carries information the prose does not",Craft or structure analysis,"how a chart, timeline, or diagram carries information the prose does not",4.RI.7,guided,no,g4-text-08
ma-g4-english-language-arts-u05-l11,ma-g4-english-language-arts,4,english-language-arts,83,5,How Informational Texts Are Structured and Shown,11,Source or research work: writing the text-only description that replaces a visual,Source or research work,writing the text-only description that replaces a visual,4.RI.7;4.W.9b,guided,no,g4-text-10
ma-g4-english-language-arts-u05-l12,ma-g4-english-language-arts,4,english-language-arts,84,5,How Informational Texts Are Structured and Shown,12,Writing plan and draft: planning a structure-and-features analysis of one passage,Writing plan and draft,planning a structure-and-features analysis of one passage,4.RI.5;4.RI.7,guided,no,learner-produced
ma-g4-english-language-arts-u05-l13,ma-g4-english-language-arts,4,english-language-arts,85,5,How Informational Texts Are Structured and Shown,13,"Writing revision workshop: revising so each structural claim names its evidence, joining ideas with relative pronouns and adverbs",Writing revision workshop,"revising so each structural claim names its evidence, joining ideas with relative pronouns and adverbs",4.RI.5;4.W.5;4.L.1,guided,no,learner-produced
ma-g4-english-language-arts-u05-l14,ma-g4-english-language-arts,4,english-language-arts,86,5,How Informational Texts Are Structured and Shown,14,Discussion or presentation practice: paraphrasing a portion of a text read aloud or presented in media,Discussion or presentation practice,paraphrasing a portion of a text read aloud or presented in media,4.SL.2,guided,no,g4-text-08
ma-g4-english-language-arts-u05-l15,ma-g4-english-language-arts,4,english-language-arts,87,5,How Informational Texts Are Structured and Shown,15,Transfer challenge: analyzing structure and visuals in an unfamiliar technical text,Transfer challenge,analyzing structure and visuals in an unfamiliar technical text,4.RI.5;4.RI.7,independent,no,g4-text-10
ma-g4-english-language-arts-u05-l16,ma-g4-english-language-arts,4,english-language-arts,88,5,How Informational Texts Are Structured and Shown,16,"Retrieval and assessment preparation: retrieving structure names, signals, and visual interpretation",Retrieval and assessment preparation,"retrieving structure names, signals, and visual interpretation",4.RI.5;4.RI.7,independent,no,g4-text-08
ma-g4-english-language-arts-u05-l17,ma-g4-english-language-arts,4,english-language-arts,89,5,How Informational Texts Are Structured and Shown,17,"Unit assessment: unit evidence: overall structure, signals, and visual interpretation",Unit assessment,"unit evidence: overall structure, signals, and visual interpretation",4.RI.5;4.RI.7;4.RI.1,independent,yes,g4-text-10
ma-g4-english-language-arts-u05-l18,ma-g4-english-language-arts,4,english-language-arts,90,5,How Informational Texts Are Structured and Shown,18,"Targeted correction, publication, and reflection: correcting one label and publishing the structure analysis","Targeted correction, publication, and reflection",correcting one label and publishing the structure analysis,4.W.5;4.RI.7,guided,no,g4-text-08
ma-g4-english-language-arts-u06-l01,ma-g4-english-language-arts,4,english-language-arts,91,6,"Explanatory Writing: Grouping, Precision, and Development",1,Launch and diagnostic: what separates an explanatory piece from a pile of related facts,Launch and diagnostic,what separates an explanatory piece from a pile of related facts,4.W.2,guided,no,g4-text-07
ma-g4-english-language-arts-u06-l02,ma-g4-english-language-arts,4,english-language-arts,92,6,"Explanatory Writing: Grouping, Precision, and Development",2,Word study and morphology: precise verbs and domain nouns this piece will need,Word study and morphology,precise verbs and domain nouns this piece will need,4.L.6;4.W.2,guided,no,g4-text-11
ma-g4-english-language-arts-u06-l03,ma-g4-english-language-arts,4,english-language-arts,93,6,"Explanatory Writing: Grouping, Precision, and Development",3,Concept model A: grouping related information into paragraphs and sections,Concept model A,grouping related information into paragraphs and sections,4.W.2,guided,no,g4-text-07
ma-g4-english-language-arts-u06-l04,ma-g4-english-language-arts,4,english-language-arts,94,6,"Explanatory Writing: Grouping, Precision, and Development",4,Guided practice A: sorting a mixed fact set into three defensible groups,Guided practice A,sorting a mixed fact set into three defensible groups,4.W.2;4.W.4,guided,no,g4-text-11
ma-g4-english-language-arts-u06-l05,ma-g4-english-language-arts,4,english-language-arts,95,6,"Explanatory Writing: Grouping, Precision, and Development",5,Close reading with evidence: close reading a model explanatory text for how it is built,Close reading with evidence,close reading a model explanatory text for how it is built,4.RI.5;4.W.2;4.RF.4,guided,no,g4-text-07
ma-g4-english-language-arts-u06-l06,ma-g4-english-language-arts,4,english-language-arts,96,6,"Explanatory Writing: Grouping, Precision, and Development",6,Independent application A: drafting two grouped paragraphs with an introduction,Independent application A,drafting two grouped paragraphs with an introduction,4.W.2;4.W.4,independent,no,g4-text-11
ma-g4-english-language-arts-u06-l07,ma-g4-english-language-arts,4,english-language-arts,97,6,"Explanatory Writing: Grouping, Precision, and Development",7,"Concept model B: developing a group with facts, definitions, details, and a quotation",Concept model B,"developing a group with facts, definitions, details, and a quotation",4.W.2;4.W.9b,guided,no,g4-text-07
ma-g4-english-language-arts-u06-l08,ma-g4-english-language-arts,4,english-language-arts,98,6,"Explanatory Writing: Grouping, Precision, and Development",8,Guided practice B: choosing the concrete detail that develops rather than decorates,Guided practice B,choosing the concrete detail that develops rather than decorates,4.W.2;4.W.5,guided,no,g4-text-11
ma-g4-english-language-arts-u06-l09,ma-g4-english-language-arts,4,english-language-arts,99,6,"Explanatory Writing: Grouping, Precision, and Development",9,"Reteach and varied practice: repairing sections that repeat, wander, or state without developing",Reteach and varied practice,"repairing sections that repeat, wander, or state without developing",4.W.2;4.W.5,guided,no,g4-text-07
ma-g4-english-language-arts-u06-l10,ma-g4-english-language-arts,4,english-language-arts,100,6,"Explanatory Writing: Grouping, Precision, and Development",10,Craft or structure analysis: precise language: replacing a vague word with the exact one,Craft or structure analysis,precise language: replacing a vague word with the exact one,4.W.2;4.L.3,guided,no,g4-text-11
ma-g4-english-language-arts-u06-l11,ma-g4-english-language-arts,4,english-language-arts,101,6,"Explanatory Writing: Grouping, Precision, and Development",11,"Source or research work: using headings, a caption, or a list where it genuinely helps",Source or research work,"using headings, a caption, or a list where it genuinely helps",4.W.2;4.W.6,guided,no,g4-text-07
ma-g4-english-language-arts-u06-l12,ma-g4-english-language-arts,4,english-language-arts,102,6,"Explanatory Writing: Grouping, Precision, and Development",12,"Writing plan and draft: planning the full piece: introduction, sections, and conclusion",Writing plan and draft,"planning the full piece: introduction, sections, and conclusion",4.W.2;4.W.4,guided,no,learner-produced
ma-g4-english-language-arts-u06-l13,ma-g4-english-language-arts,4,english-language-arts,103,6,"Explanatory Writing: Grouping, Precision, and Development",13,"Writing revision workshop: revising for development, then editing fragments, run-ons, and confusables",Writing revision workshop,"revising for development, then editing fragments, run-ons, and confusables",4.W.5;4.L.1;4.L.2,guided,no,learner-produced
ma-g4-english-language-arts-u06-l14,ma-g4-english-language-arts,4,english-language-arts,104,6,"Explanatory Writing: Grouping, Precision, and Development",14,Discussion or presentation practice: choosing formal or informal English for this audience,Discussion or presentation practice,choosing formal or informal English for this audience,4.L.3;4.SL.6,guided,no,g4-text-11
ma-g4-english-language-arts-u06-l15,ma-g4-english-language-arts,4,english-language-arts,105,6,"Explanatory Writing: Grouping, Precision, and Development",15,Transfer challenge: writing a short explanatory piece on an unfamiliar topic from given sources,Transfer challenge,writing a short explanatory piece on an unfamiliar topic from given sources,4.W.2;4.W.9b,independent,no,g4-text-07
ma-g4-english-language-arts-u06-l16,ma-g4-english-language-arts,4,english-language-arts,106,6,"Explanatory Writing: Grouping, Precision, and Development",16,"Retrieval and assessment preparation: retrieving grouping, development, precision, linking, and conclusion",Retrieval and assessment preparation,"retrieving grouping, development, precision, linking, and conclusion",4.W.2;4.W.4,independent,no,g4-text-11
ma-g4-english-language-arts-u06-l17,ma-g4-english-language-arts,4,english-language-arts,107,6,"Explanatory Writing: Grouping, Precision, and Development",17,Unit assessment: unit evidence: an independently written multi-paragraph explanatory piece,Unit assessment,unit evidence: an independently written multi-paragraph explanatory piece,4.W.2;4.W.4;4.L.1;4.L.2,independent,yes,g4-text-07
ma-g4-english-language-arts-u06-l18,ma-g4-english-language-arts,4,english-language-arts,108,6,"Explanatory Writing: Grouping, Precision, and Development",18,"Targeted correction, publication, and reflection: correcting one section and publishing with a typed page","Targeted correction, publication, and reflection",correcting one section and publishing with a typed page,4.W.5;4.W.6,guided,no,g4-text-11
ma-g4-english-language-arts-u07-l01,ma-g4-english-language-arts,4,english-language-arts,109,7,"Opinion and Argument: Reasons, Evidence, and Fair Reading",1,Launch and diagnostic: an opinion that can be supported versus one that cannot,Launch and diagnostic,an opinion that can be supported versus one that cannot,4.W.1,guided,no,g4-text-12
ma-g4-english-language-arts-u07-l02,ma-g4-english-language-arts,4,english-language-arts,110,7,"Opinion and Argument: Reasons, Evidence, and Fair Reading",2,Word study and morphology: vocabulary that states a position precisely,Word study and morphology,vocabulary that states a position precisely,4.L.6;4.L.3,guided,no,g4-text-09
ma-g4-english-language-arts-u07-l03,ma-g4-english-language-arts,4,english-language-arts,111,7,"Opinion and Argument: Reasons, Evidence, and Fair Reading",3,Concept model A: a reason at Grade 4 must be supported by facts and details,Concept model A,a reason at Grade 4 must be supported by facts and details,4.W.1,guided,no,g4-text-12
ma-g4-english-language-arts-u07-l04,ma-g4-english-language-arts,4,english-language-arts,112,7,"Opinion and Argument: Reasons, Evidence, and Fair Reading",4,Guided practice A: attaching two facts to a reason that previously stood alone,Guided practice A,attaching two facts to a reason that previously stood alone,4.W.1;4.W.9b,guided,no,g4-text-09
ma-g4-english-language-arts-u07-l05,ma-g4-english-language-arts,4,english-language-arts,113,7,"Opinion and Argument: Reasons, Evidence, and Fair Reading",5,Close reading with evidence: close reading how an author uses reasons and evidence for a point,Close reading with evidence,close reading how an author uses reasons and evidence for a point,4.RI.8;4.RI.1;4.RF.4,guided,no,g4-text-12
ma-g4-english-language-arts-u07-l06,ma-g4-english-language-arts,4,english-language-arts,114,7,"Opinion and Argument: Reasons, Evidence, and Fair Reading",6,Independent application A: evaluating whether one author's evidence actually supports the point,Independent application A,evaluating whether one author's evidence actually supports the point,4.RI.8,independent,no,g4-text-09
ma-g4-english-language-arts-u07-l07,ma-g4-english-language-arts,4,english-language-arts,115,7,"Opinion and Argument: Reasons, Evidence, and Fair Reading",7,Concept model B: grouping related reasons so the structure supports the purpose,Concept model B,grouping related reasons so the structure supports the purpose,4.W.1,guided,no,g4-text-12
ma-g4-english-language-arts-u07-l08,ma-g4-english-language-arts,4,english-language-arts,116,7,"Opinion and Argument: Reasons, Evidence, and Fair Reading",8,Guided practice B: ordering grouped reasons and linking them to the opinion,Guided practice B,ordering grouped reasons and linking them to the opinion,4.W.1;4.L.3,guided,no,g4-text-09
ma-g4-english-language-arts-u07-l09,ma-g4-english-language-arts,4,english-language-arts,117,7,"Opinion and Argument: Reasons, Evidence, and Fair Reading",9,Reteach and varied practice: repairing reasons that restate the opinion or cite nothing,Reteach and varied practice,repairing reasons that restate the opinion or cite nothing,4.W.1;4.RI.8,guided,no,g4-text-12
ma-g4-english-language-arts-u07-l10,ma-g4-english-language-arts,4,english-language-arts,118,7,"Opinion and Argument: Reasons, Evidence, and Fair Reading",10,Craft or structure analysis: firsthand and secondhand accounts of the same event,Craft or structure analysis,firsthand and secondhand accounts of the same event,4.RI.6,guided,no,g4-text-09
ma-g4-english-language-arts-u07-l11,ma-g4-english-language-arts,4,english-language-arts,119,7,"Opinion and Argument: Reasons, Evidence, and Fair Reading",11,"Source or research work: drawing evidence from a firsthand and a secondhand source, and recording both",Source or research work,"drawing evidence from a firsthand and a secondhand source, and recording both",4.W.9b;4.W.8;4.RI.6,guided,no,g4-text-12
ma-g4-english-language-arts-u07-l12,ma-g4-english-language-arts,4,english-language-arts,120,7,"Opinion and Argument: Reasons, Evidence, and Fair Reading",12,"Writing plan and draft: planning the piece: position, grouped reasons, and the evidence behind each",Writing plan and draft,"planning the piece: position, grouped reasons, and the evidence behind each",4.W.1;4.W.4,guided,no,learner-produced
ma-g4-english-language-arts-u07-l13,ma-g4-english-language-arts,4,english-language-arts,121,7,"Opinion and Argument: Reasons, Evidence, and Fair Reading",13,"Writing revision workshop: revising the conclusion so it follows from the reasons, using modal auxiliaries precisely",Writing revision workshop,"revising the conclusion so it follows from the reasons, using modal auxiliaries precisely",4.W.1;4.W.5;4.L.1,guided,no,learner-produced
ma-g4-english-language-arts-u07-l14,ma-g4-english-language-arts,4,english-language-arts,122,7,"Opinion and Argument: Reasons, Evidence, and Fair Reading",14,Discussion or presentation practice: identifying the reasons and evidence a speaker provides,Discussion or presentation practice,identifying the reasons and evidence a speaker provides,4.SL.3;4.SL.4,guided,no,g4-text-09
ma-g4-english-language-arts-u07-l15,ma-g4-english-language-arts,4,english-language-arts,123,7,"Opinion and Argument: Reasons, Evidence, and Fair Reading",15,Transfer challenge: writing an evidence-based opinion on a new question and source pair,Transfer challenge,writing an evidence-based opinion on a new question and source pair,4.W.1;4.W.9b,independent,no,g4-text-12
ma-g4-english-language-arts-u07-l16,ma-g4-english-language-arts,4,english-language-arts,124,7,"Opinion and Argument: Reasons, Evidence, and Fair Reading",16,"Retrieval and assessment preparation: retrieving position, grouped reasons, evidence, and conclusion",Retrieval and assessment preparation,"retrieving position, grouped reasons, evidence, and conclusion",4.W.1;4.RI.8,independent,no,g4-text-09
ma-g4-english-language-arts-u07-l17,ma-g4-english-language-arts,4,english-language-arts,125,7,"Opinion and Argument: Reasons, Evidence, and Fair Reading",17,Unit assessment: unit evidence: an independently written evidence-based opinion piece,Unit assessment,unit evidence: an independently written evidence-based opinion piece,4.W.1;4.W.9b;4.RI.8,independent,yes,g4-text-12
ma-g4-english-language-arts-u07-l18,ma-g4-english-language-arts,4,english-language-arts,126,7,"Opinion and Argument: Reasons, Evidence, and Fair Reading",18,"Targeted correction, publication, and reflection: correcting one reason's evidence and publishing or privately filing the piece","Targeted correction, publication, and reflection",correcting one reason's evidence and publishing or privately filing the piece,4.W.5;4.RI.6,guided,no,g4-text-09
ma-g4-english-language-arts-u08-l01,ma-g4-english-language-arts,4,english-language-arts,127,8,"Poetry, Drama, and Prose: Structure, Craft, and Figurative Language",1,"Launch and diagnostic: the major differences among poetry, drama, and prose on the page",Launch and diagnostic,"the major differences among poetry, drama, and prose on the page",4.RL.5,guided,no,g4-text-13
ma-g4-english-language-arts-u08-l02,ma-g4-english-language-arts,4,english-language-arts,128,8,"Poetry, Drama, and Prose: Structure, Craft, and Figurative Language",2,"Word study and morphology: words built from myth and story, and what they carry with them",Word study and morphology,"words built from myth and story, and what they carry with them",4.RL.4;4.L.4;4.RF.3,guided,no,g4-text-14
ma-g4-english-language-arts-u08-l03,ma-g4-english-language-arts,4,english-language-arts,129,8,"Poetry, Drama, and Prose: Structure, Craft, and Figurative Language",3,"Concept model A: structural elements of poetry: verse, rhythm, meter, stanza",Concept model A,"structural elements of poetry: verse, rhythm, meter, stanza",4.RL.5,guided,no,g4-text-13
ma-g4-english-language-arts-u08-l04,ma-g4-english-language-arts,4,english-language-arts,130,8,"Poetry, Drama, and Prose: Structure, Craft, and Figurative Language",4,Guided practice A: labeling the structural elements of a poem and a scene,Guided practice A,labeling the structural elements of a poem and a scene,4.RL.5,guided,no,g4-text-14
ma-g4-english-language-arts-u08-l05,ma-g4-english-language-arts,4,english-language-arts,131,8,"Poetry, Drama, and Prose: Structure, Craft, and Figurative Language",5,Close reading with evidence: close reading a poem for how its structure shapes its meaning,Close reading with evidence,close reading a poem for how its structure shapes its meaning,4.RL.5;4.RL.4;4.RF.4,guided,no,g4-text-13
ma-g4-english-language-arts-u08-l06,ma-g4-english-language-arts,4,english-language-arts,132,8,"Poetry, Drama, and Prose: Structure, Craft, and Figurative Language",6,Independent application A: analyzing the structure of an unfamiliar poem or scene independently,Independent application A,analyzing the structure of an unfamiliar poem or scene independently,4.RL.5,independent,no,g4-text-14
ma-g4-english-language-arts-u08-l07,ma-g4-english-language-arts,4,english-language-arts,133,8,"Poetry, Drama, and Prose: Structure, Craft, and Figurative Language",7,Concept model B: allusions: when a word points to a story outside this text,Concept model B,allusions: when a word points to a story outside this text,4.RL.4,guided,no,g4-text-13
ma-g4-english-language-arts-u08-l08,ma-g4-english-language-arts,4,english-language-arts,134,8,"Poetry, Drama, and Prose: Structure, Craft, and Figurative Language",8,Guided practice B: explaining what an allusion adds that a plain word would not,Guided practice B,explaining what an allusion adds that a plain word would not,4.RL.4;4.L.5,guided,no,g4-text-14
ma-g4-english-language-arts-u08-l09,ma-g4-english-language-arts,4,english-language-arts,135,8,"Poetry, Drama, and Prose: Structure, Craft, and Figurative Language",9,Reteach and varied practice: repairing readings that treat an idiom or metaphor literally,Reteach and varied practice,repairing readings that treat an idiom or metaphor literally,4.L.5,guided,no,g4-text-13
ma-g4-english-language-arts-u08-l10,ma-g4-english-language-arts,4,english-language-arts,136,8,"Poetry, Drama, and Prose: Structure, Craft, and Figurative Language",10,"Craft or structure analysis: similes, metaphors, idioms, adages, and proverbs side by side",Craft or structure analysis,"similes, metaphors, idioms, adages, and proverbs side by side",4.L.5,guided,no,g4-text-14
ma-g4-english-language-arts-u08-l11,ma-g4-english-language-arts,4,english-language-arts,137,8,"Poetry, Drama, and Prose: Structure, Craft, and Figurative Language",11,"Source or research work: synonyms and antonyms as tools for precision, not decoration",Source or research work,"synonyms and antonyms as tools for precision, not decoration",4.L.5;4.L.3,guided,no,g4-text-13
ma-g4-english-language-arts-u08-l12,ma-g4-english-language-arts,4,english-language-arts,138,8,"Poetry, Drama, and Prose: Structure, Craft, and Figurative Language",12,Writing plan and draft: planning an original poem or scene with one deliberate craft choice,Writing plan and draft,planning an original poem or scene with one deliberate craft choice,4.W.10;4.RL.5,guided,no,learner-produced
ma-g4-english-language-arts-u08-l13,ma-g4-english-language-arts,4,english-language-arts,139,8,"Poetry, Drama, and Prose: Structure, Craft, and Figurative Language",13,"Writing revision workshop: revising for sound and image, ordering adjectives and punctuating for effect",Writing revision workshop,"revising for sound and image, ordering adjectives and punctuating for effect",4.W.10;4.RL.5;4.L.1;4.L.3,guided,no,learner-produced
ma-g4-english-language-arts-u08-l14,ma-g4-english-language-arts,4,english-language-arts,140,8,"Poetry, Drama, and Prose: Structure, Craft, and Figurative Language",14,"Discussion or presentation practice: presenting a reading aloud, in print, or with a caption track",Discussion or presentation practice,"presenting a reading aloud, in print, or with a caption track",4.SL.5,guided,no,g4-text-14
ma-g4-english-language-arts-u08-l15,ma-g4-english-language-arts,4,english-language-arts,141,8,"Poetry, Drama, and Prose: Structure, Craft, and Figurative Language",15,Transfer challenge: connecting a written scene to a visual or oral presentation of it,Transfer challenge,connecting a written scene to a visual or oral presentation of it,4.RL.7,independent,no,g4-text-13
ma-g4-english-language-arts-u08-l16,ma-g4-english-language-arts,4,english-language-arts,142,8,"Poetry, Drama, and Prose: Structure, Craft, and Figurative Language",16,"Retrieval and assessment preparation: retrieving form, structure, allusion, and figurative language",Retrieval and assessment preparation,"retrieving form, structure, allusion, and figurative language",4.RL.4;4.RL.5;4.L.5,independent,no,g4-text-14
ma-g4-english-language-arts-u08-l17,ma-g4-english-language-arts,4,english-language-arts,143,8,"Poetry, Drama, and Prose: Structure, Craft, and Figurative Language",17,Unit assessment: unit evidence: structural analysis and figurative-language explanation,Unit assessment,unit evidence: structural analysis and figurative-language explanation,4.RL.4;4.RL.5;4.L.5,independent,yes,g4-text-13
ma-g4-english-language-arts-u08-l18,ma-g4-english-language-arts,4,english-language-arts,144,8,"Poetry, Drama, and Prose: Structure, Craft, and Figurative Language",18,"Targeted correction, publication, and reflection: correcting one note and publishing or privately filing the craft study","Targeted correction, publication, and reflection",correcting one note and publishing or privately filing the craft study,4.W.10;4.SL.5,guided,no,g4-text-14
ma-g4-english-language-arts-u09-l01,ma-g4-english-language-arts,4,english-language-arts,145,9,"Research, Sources, and Honest Note-Taking",1,Launch and diagnostic: turning a topic into a question with investigable aspects,Launch and diagnostic,turning a topic into a question with investigable aspects,4.W.7,guided,no,g4-text-08
ma-g4-english-language-arts-u09-l02,ma-g4-english-language-arts,4,english-language-arts,146,9,"Research, Sources, and Honest Note-Taking",2,"Word study and morphology: reference tools: dictionary, glossary, and thesaurus for precise meaning",Word study and morphology,"reference tools: dictionary, glossary, and thesaurus for precise meaning",4.L.4,guided,no,g4-text-10
ma-g4-english-language-arts-u09-l03,ma-g4-english-language-arts,4,english-language-arts,147,9,"Research, Sources, and Honest Note-Taking",3,Concept model A: choosing which aspects of a topic your project will actually cover,Concept model A,choosing which aspects of a topic your project will actually cover,4.W.7,guided,no,g4-text-08
ma-g4-english-language-arts-u09-l04,ma-g4-english-language-arts,4,english-language-arts,148,9,"Research, Sources, and Honest Note-Taking",4,Guided practice A: splitting one question into three aspects and assigning a source to each,Guided practice A,splitting one question into three aspects and assigning a source to each,4.W.7;4.W.8,guided,no,g4-text-10
ma-g4-english-language-arts-u09-l05,ma-g4-english-language-arts,4,english-language-arts,149,9,"Research, Sources, and Honest Note-Taking",5,Close reading with evidence: close reading a source for information relevant to one aspect,Close reading with evidence,close reading a source for information relevant to one aspect,4.W.8;4.RI.1;4.RF.4,guided,no,g4-text-08
ma-g4-english-language-arts-u09-l06,ma-g4-english-language-arts,4,english-language-arts,150,9,"Research, Sources, and Honest Note-Taking",6,Independent application A: gathering relevant notes from a new source independently,Independent application A,gathering relevant notes from a new source independently,4.W.8,independent,no,g4-text-10
ma-g4-english-language-arts-u09-l07,ma-g4-english-language-arts,4,english-language-arts,151,9,"Research, Sources, and Honest Note-Taking",7,Concept model B: paraphrase: rewriting a source idea without borrowing its wording,Concept model B,paraphrase: rewriting a source idea without borrowing its wording,4.W.8,guided,no,g4-text-08
ma-g4-english-language-arts-u09-l08,ma-g4-english-language-arts,4,english-language-arts,152,9,"Research, Sources, and Honest Note-Taking",8,Guided practice B: checking a paraphrase against the original for accuracy and independence,Guided practice B,checking a paraphrase against the original for accuracy and independence,4.W.8,guided,no,g4-text-10
ma-g4-english-language-arts-u09-l09,ma-g4-english-language-arts,4,english-language-arts,153,9,"Research, Sources, and Honest Note-Taking",9,Reteach and varied practice: repairing notes that copied phrasing or drifted from the source,Reteach and varied practice,repairing notes that copied phrasing or drifted from the source,4.W.8,guided,no,g4-text-08
ma-g4-english-language-arts-u09-l10,ma-g4-english-language-arts,4,english-language-arts,154,9,"Research, Sources, and Honest Note-Taking",10,Craft or structure analysis: interpreting a chart or table inside a source and noting what it shows,Craft or structure analysis,interpreting a chart or table inside a source and noting what it shows,4.RI.7,guided,no,g4-text-10
ma-g4-english-language-arts-u09-l11,ma-g4-english-language-arts,4,english-language-arts,155,9,"Research, Sources, and Honest Note-Taking",11,"Source or research work: building the source list: who, what, when, and where you found it",Source or research work,"building the source list: who, what, when, and where you found it",4.W.8,guided,no,g4-text-08
ma-g4-english-language-arts-u09-l12,ma-g4-english-language-arts,4,english-language-arts,156,9,"Research, Sources, and Honest Note-Taking",12,Writing plan and draft: planning an answer that integrates two texts rather than stacking them,Writing plan and draft,planning an answer that integrates two texts rather than stacking them,4.RI.9;4.W.9b,guided,no,learner-produced
ma-g4-english-language-arts-u09-l13,ma-g4-english-language-arts,4,english-language-arts,157,9,"Research, Sources, and Honest Note-Taking",13,"Writing revision workshop: revising so every integrated claim traces to a note, punctuating quotations from a text",Writing revision workshop,"revising so every integrated claim traces to a note, punctuating quotations from a text",4.W.9b;4.W.5;4.L.2,guided,no,learner-produced
ma-g4-english-language-arts-u09-l14,ma-g4-english-language-arts,4,english-language-arts,158,9,"Research, Sources, and Honest Note-Taking",14,Discussion or presentation practice: paraphrasing a source read aloud and identifying a speaker's evidence,Discussion or presentation practice,paraphrasing a source read aloud and identifying a speaker's evidence,4.SL.2;4.SL.3,guided,no,g4-text-10
ma-g4-english-language-arts-u09-l15,ma-g4-english-language-arts,4,english-language-arts,159,9,"Research, Sources, and Honest Note-Taking",15,Transfer challenge: running the full research routine on a new question in one session,Transfer challenge,running the full research routine on a new question in one session,4.W.7;4.W.8,independent,no,g4-text-08
ma-g4-english-language-arts-u09-l16,ma-g4-english-language-arts,4,english-language-arts,160,9,"Research, Sources, and Honest Note-Taking",16,"Retrieval and assessment preparation: retrieving question, aspects, notes, paraphrase, sources, integration",Retrieval and assessment preparation,"retrieving question, aspects, notes, paraphrase, sources, integration",4.W.7;4.W.8;4.RI.9,independent,no,g4-text-10
ma-g4-english-language-arts-u09-l17,ma-g4-english-language-arts,4,english-language-arts,161,9,"Research, Sources, and Honest Note-Taking",17,Unit assessment: unit evidence: a research brief with source list and paraphrased notes,Unit assessment,unit evidence: a research brief with source list and paraphrased notes,4.W.7;4.W.8;4.RI.9,independent,yes,g4-text-08
ma-g4-english-language-arts-u09-l18,ma-g4-english-language-arts,4,english-language-arts,162,9,"Research, Sources, and Honest Note-Taking",18,"Targeted correction, publication, and reflection: correcting one note and publishing the research brief","Targeted correction, publication, and reflection",correcting one note and publishing the research brief,4.W.8;4.W.9b,guided,no,g4-text-10
ma-g4-english-language-arts-u10-l01,ma-g4-english-language-arts,4,english-language-arts,163,10,"Narrative Craft, Comparison, and the Year-End Portfolio",1,"Launch and diagnostic: what orients a reader in the first paragraph, and portfolio selection",Launch and diagnostic,"what orients a reader in the first paragraph, and portfolio selection",4.W.3;4.RL.10,guided,no,g4-text-15
ma-g4-english-language-arts-u10-l02,ma-g4-english-language-arts,4,english-language-arts,164,10,"Narrative Craft, Comparison, and the Year-End Portfolio",2,Word study and morphology: precise verbs and sensory nouns your own narrative will need,Word study and morphology,precise verbs and sensory nouns your own narrative will need,4.L.6;4.W.3,guided,no,g4-text-16
ma-g4-english-language-arts-u10-l03,ma-g4-english-language-arts,4,english-language-arts,165,10,"Narrative Craft, Comparison, and the Year-End Portfolio",3,"Concept model A: orienting the reader: situation, narrator, and characters",Concept model A,"orienting the reader: situation, narrator, and characters",4.W.3,guided,no,g4-text-15
ma-g4-english-language-arts-u10-l04,ma-g4-english-language-arts,4,english-language-arts,166,10,"Narrative Craft, Comparison, and the Year-End Portfolio",4,Guided practice A: drafting an opening that establishes a situation worth following,Guided practice A,drafting an opening that establishes a situation worth following,4.W.3;4.W.4,guided,no,g4-text-16
ma-g4-english-language-arts-u10-l05,ma-g4-english-language-arts,4,english-language-arts,167,10,"Narrative Craft, Comparison, and the Year-End Portfolio",5,Close reading with evidence: close reading a published narrative for how its ending is earned,Close reading with evidence,close reading a published narrative for how its ending is earned,4.RL.10;4.W.3;4.RF.4,guided,no,g4-text-15
ma-g4-english-language-arts-u10-l06,ma-g4-english-language-arts,4,english-language-arts,168,10,"Narrative Craft, Comparison, and the Year-End Portfolio",6,Independent application A: drafting the middle events with a managed sequence,Independent application A,drafting the middle events with a managed sequence,4.W.3,independent,no,g4-text-16
ma-g4-english-language-arts-u10-l07,ma-g4-english-language-arts,4,english-language-arts,169,10,"Narrative Craft, Comparison, and the Year-End Portfolio",7,Concept model B: dialogue and description that develop a character's response,Concept model B,dialogue and description that develop a character's response,4.W.3,guided,no,g4-text-15
ma-g4-english-language-arts-u10-l08,ma-g4-english-language-arts,4,english-language-arts,170,10,"Narrative Craft, Comparison, and the Year-End Portfolio",8,Guided practice B: replacing summary of feeling with shown action and speech,Guided practice B,replacing summary of feeling with shown action and speech,4.W.3;4.W.5,guided,no,g4-text-16
ma-g4-english-language-arts-u10-l09,ma-g4-english-language-arts,4,english-language-arts,171,10,"Narrative Craft, Comparison, and the Year-End Portfolio",9,"Reteach and varied practice: repairing narratives that stall, skip, or end without following through",Reteach and varied practice,"repairing narratives that stall, skip, or end without following through",4.W.3;4.W.5,guided,no,g4-text-15
ma-g4-english-language-arts-u10-l10,ma-g4-english-language-arts,4,english-language-arts,172,10,"Narrative Craft, Comparison, and the Year-End Portfolio",10,Craft or structure analysis: concrete words and sensory details that convey experience precisely,Craft or structure analysis,concrete words and sensory details that convey experience precisely,4.W.3,guided,no,g4-text-16
ma-g4-english-language-arts-u10-l11,ma-g4-english-language-arts,4,english-language-arts,173,10,"Narrative Craft, Comparison, and the Year-End Portfolio",11,Source or research work: comparing similar themes and patterns of events in texts from different cultures,Source or research work,comparing similar themes and patterns of events in texts from different cultures,4.RL.9,guided,no,g4-text-15
ma-g4-english-language-arts-u10-l12,ma-g4-english-language-arts,4,english-language-arts,174,10,"Narrative Craft, Comparison, and the Year-End Portfolio",12,"Writing plan and draft: planning the portfolio: selection, order, comparison, and reflection",Writing plan and draft,"planning the portfolio: selection, order, comparison, and reflection",4.W.4;4.W.6,guided,no,learner-produced
ma-g4-english-language-arts-u10-l13,ma-g4-english-language-arts,4,english-language-arts,175,10,"Narrative Craft, Comparison, and the Year-End Portfolio",13,"Writing revision workshop: revising the narrative, then correcting fragments, run-ons, and frequently confused words",Writing revision workshop,"revising the narrative, then correcting fragments, run-ons, and frequently confused words",4.W.5;4.L.1;4.L.2,guided,no,learner-produced
ma-g4-english-language-arts-u10-l14,ma-g4-english-language-arts,4,english-language-arts,176,10,"Narrative Craft, Comparison, and the Year-End Portfolio",14,"Discussion or presentation practice: presenting one portfolio piece in an organized way, or privately",Discussion or presentation practice,"presenting one portfolio piece in an organized way, or privately",4.SL.4;4.SL.6,guided,no,g4-text-16
ma-g4-english-language-arts-u10-l15,ma-g4-english-language-arts,4,english-language-arts,177,10,"Narrative Craft, Comparison, and the Year-End Portfolio",15,Transfer challenge: reading an unfamiliar grades 4-5 band text and responding in writing,Transfer challenge,reading an unfamiliar grades 4-5 band text and responding in writing,4.RL.10;4.RI.10,independent,no,g4-text-15
ma-g4-english-language-arts-u10-l16,ma-g4-english-language-arts,4,english-language-arts,178,10,"Narrative Craft, Comparison, and the Year-End Portfolio",16,"Retrieval and assessment preparation: retrieving the year's reading, writing, research, and language moves",Retrieval and assessment preparation,"retrieving the year's reading, writing, research, and language moves",4.RL.10;4.RI.10;4.W.4,independent,no,g4-text-16
ma-g4-english-language-arts-u10-l17,ma-g4-english-language-arts,4,english-language-arts,179,10,"Narrative Craft, Comparison, and the Year-End Portfolio",17,Unit assessment: unit evidence: an independently written narrative and growth reflection,Unit assessment,unit evidence: an independently written narrative and growth reflection,4.W.3;4.W.4;4.L.1,independent,yes,g4-text-15
ma-g4-english-language-arts-u10-l18,ma-g4-english-language-arts,4,english-language-arts,180,10,"Narrative Craft, Comparison, and the Year-End Portfolio",18,"Targeted correction, publication, and reflection: correcting one section and publishing the portfolio with its two-text comparison","Targeted correction, publication, and reflection",correcting one section and publishing the portfolio with its two-text comparison,4.W.5;4.W.6,guided,no,g4-text-16
