lesson_id,course_id,grade,subject,course_day,unit_number,unit_title,day_in_unit,title,phase,focus,standards
ma-g5-mathematics-u01-l01,ma-g5-mathematics,5,mathematics,1,1,Mathematical Habits and Whole-Number Reasoning,1,Launch and diagnostic: problem-solving routines,Launch and diagnostic,problem-solving routines,5.OA.1;5.OA.2;5.NBT.1;MP.1;MP.3;MP.6
ma-g5-mathematics-u01-l02,ma-g5-mathematics,5,mathematics,2,1,Mathematical Habits and Whole-Number Reasoning,2,Concept model A: reading and writing numerical expressions,Concept model A,reading and writing numerical expressions,5.OA.1;5.OA.2;5.NBT.1;MP.1;MP.3;MP.6
ma-g5-mathematics-u01-l03,ma-g5-mathematics,5,mathematics,3,1,Mathematical Habits and Whole-Number Reasoning,3,Guided practice A: place-value language,Guided practice A,place-value language,5.OA.1;5.OA.2;5.NBT.1;MP.1;MP.3;MP.6
ma-g5-mathematics-u01-l04,ma-g5-mathematics,5,mathematics,4,1,Mathematical Habits and Whole-Number Reasoning,4,Independent application A: estimation and reasonableness,Independent application A,estimation and reasonableness,5.OA.1;5.OA.2;5.NBT.1;MP.1;MP.3;MP.6
ma-g5-mathematics-u01-l05,ma-g5-mathematics,5,mathematics,5,1,Mathematical Habits and Whole-Number Reasoning,5,Concept model B: explaining strategies,Concept model B,explaining strategies,5.OA.1;5.OA.2;5.NBT.1;MP.1;MP.3;MP.6
ma-g5-mathematics-u01-l06,ma-g5-mathematics,5,mathematics,6,1,Mathematical Habits and Whole-Number Reasoning,6,Guided practice B: analyzing errors,Guided practice B,analyzing errors,5.OA.1;5.OA.2;5.NBT.1;MP.1;MP.3;MP.6
ma-g5-mathematics-u01-l07,ma-g5-mathematics,5,mathematics,7,1,Mathematical Habits and Whole-Number Reasoning,7,Investigation or close reading: problem-solving routines,Investigation or close reading,problem-solving routines,5.OA.1;5.OA.2;5.NBT.1;MP.1;MP.3;MP.6
ma-g5-mathematics-u01-l08,ma-g5-mathematics,5,mathematics,8,1,Mathematical Habits and Whole-Number Reasoning,8,Reteach and varied practice: reading and writing numerical expressions,Reteach and varied practice,reading and writing numerical expressions,5.OA.1;5.OA.2;5.NBT.1;MP.1;MP.3;MP.6
ma-g5-mathematics-u01-l09,ma-g5-mathematics,5,mathematics,9,1,Mathematical Habits and Whole-Number Reasoning,9,Concept model C: place-value language,Concept model C,place-value language,5.OA.1;5.OA.2;5.NBT.1;MP.1;MP.3;MP.6
ma-g5-mathematics-u01-l10,ma-g5-mathematics,5,mathematics,10,1,Mathematical Habits and Whole-Number Reasoning,10,Discussion or problem seminar: estimation and reasonableness,Discussion or problem seminar,estimation and reasonableness,5.OA.1;5.OA.2;5.NBT.1;MP.1;MP.3;MP.6
ma-g5-mathematics-u01-l11,ma-g5-mathematics,5,mathematics,11,1,Mathematical Habits and Whole-Number Reasoning,11,Performance task planning: explaining strategies,Performance task planning,explaining strategies,5.OA.1;5.OA.2;5.NBT.1;MP.1;MP.3;MP.6
ma-g5-mathematics-u01-l12,ma-g5-mathematics,5,mathematics,12,1,Mathematical Habits and Whole-Number Reasoning,12,Performance task build: analyzing errors,Performance task build,analyzing errors,5.OA.1;5.OA.2;5.NBT.1;MP.1;MP.3;MP.6
ma-g5-mathematics-u01-l13,ma-g5-mathematics,5,mathematics,13,1,Mathematical Habits and Whole-Number Reasoning,13,Skill consolidation: problem-solving routines,Skill consolidation,problem-solving routines,5.OA.1;5.OA.2;5.NBT.1;MP.1;MP.3;MP.6
ma-g5-mathematics-u01-l14,ma-g5-mathematics,5,mathematics,14,1,Mathematical Habits and Whole-Number Reasoning,14,Transfer challenge: reading and writing numerical expressions,Transfer challenge,reading and writing numerical expressions,5.OA.1;5.OA.2;5.NBT.1;MP.1;MP.3;MP.6
ma-g5-mathematics-u01-l15,ma-g5-mathematics,5,mathematics,15,1,Mathematical Habits and Whole-Number Reasoning,15,Assessment preparation: place-value language,Assessment preparation,place-value language,5.OA.1;5.OA.2;5.NBT.1;MP.1;MP.3;MP.6
ma-g5-mathematics-u01-l16,ma-g5-mathematics,5,mathematics,16,1,Mathematical Habits and Whole-Number Reasoning,16,Unit assessment: estimation and reasonableness,Unit assessment,estimation and reasonableness,5.OA.1;5.OA.2;5.NBT.1;MP.1;MP.3;MP.6
ma-g5-mathematics-u01-l17,ma-g5-mathematics,5,mathematics,17,1,Mathematical Habits and Whole-Number Reasoning,17,Targeted correction: explaining strategies,Targeted correction,explaining strategies,5.OA.1;5.OA.2;5.NBT.1;MP.1;MP.3;MP.6
ma-g5-mathematics-u01-l18,ma-g5-mathematics,5,mathematics,18,1,Mathematical Habits and Whole-Number Reasoning,18,"Publication, presentation, or reflection: analyzing errors","Publication, presentation, or reflection",analyzing errors,5.OA.1;5.OA.2;5.NBT.1;MP.1;MP.3;MP.6
ma-g5-mathematics-u02-l01,ma-g5-mathematics,5,mathematics,19,2,"Place Value, Powers of Ten, and Decimals",1,Launch and diagnostic: powers-of-ten patterns,Launch and diagnostic,powers-of-ten patterns,5.NBT.1;5.NBT.2;5.NBT.3;5.NBT.4
ma-g5-mathematics-u02-l02,ma-g5-mathematics,5,mathematics,20,2,"Place Value, Powers of Ten, and Decimals",2,Concept model A: reading decimals through thousandths,Concept model A,reading decimals through thousandths,5.NBT.1;5.NBT.2;5.NBT.3;5.NBT.4
ma-g5-mathematics-u02-l03,ma-g5-mathematics,5,mathematics,21,2,"Place Value, Powers of Ten, and Decimals",3,Guided practice A: expanded form,Guided practice A,expanded form,5.NBT.1;5.NBT.2;5.NBT.3;5.NBT.4
ma-g5-mathematics-u02-l04,ma-g5-mathematics,5,mathematics,22,2,"Place Value, Powers of Ten, and Decimals",4,Independent application A: comparing decimals,Independent application A,comparing decimals,5.NBT.1;5.NBT.2;5.NBT.3;5.NBT.4
ma-g5-mathematics-u02-l05,ma-g5-mathematics,5,mathematics,23,2,"Place Value, Powers of Ten, and Decimals",5,Concept model B: rounding decimals,Concept model B,rounding decimals,5.NBT.1;5.NBT.2;5.NBT.3;5.NBT.4
ma-g5-mathematics-u02-l06,ma-g5-mathematics,5,mathematics,24,2,"Place Value, Powers of Ten, and Decimals",6,Guided practice B: number lines and place-value charts,Guided practice B,number lines and place-value charts,5.NBT.1;5.NBT.2;5.NBT.3;5.NBT.4
ma-g5-mathematics-u02-l07,ma-g5-mathematics,5,mathematics,25,2,"Place Value, Powers of Ten, and Decimals",7,Investigation or close reading: powers-of-ten patterns,Investigation or close reading,powers-of-ten patterns,5.NBT.1;5.NBT.2;5.NBT.3;5.NBT.4
ma-g5-mathematics-u02-l08,ma-g5-mathematics,5,mathematics,26,2,"Place Value, Powers of Ten, and Decimals",8,Reteach and varied practice: reading decimals through thousandths,Reteach and varied practice,reading decimals through thousandths,5.NBT.1;5.NBT.2;5.NBT.3;5.NBT.4
ma-g5-mathematics-u02-l09,ma-g5-mathematics,5,mathematics,27,2,"Place Value, Powers of Ten, and Decimals",9,Concept model C: expanded form,Concept model C,expanded form,5.NBT.1;5.NBT.2;5.NBT.3;5.NBT.4
ma-g5-mathematics-u02-l10,ma-g5-mathematics,5,mathematics,28,2,"Place Value, Powers of Ten, and Decimals",10,Discussion or problem seminar: comparing decimals,Discussion or problem seminar,comparing decimals,5.NBT.1;5.NBT.2;5.NBT.3;5.NBT.4
ma-g5-mathematics-u02-l11,ma-g5-mathematics,5,mathematics,29,2,"Place Value, Powers of Ten, and Decimals",11,Performance task planning: rounding decimals,Performance task planning,rounding decimals,5.NBT.1;5.NBT.2;5.NBT.3;5.NBT.4
ma-g5-mathematics-u02-l12,ma-g5-mathematics,5,mathematics,30,2,"Place Value, Powers of Ten, and Decimals",12,Performance task build: number lines and place-value charts,Performance task build,number lines and place-value charts,5.NBT.1;5.NBT.2;5.NBT.3;5.NBT.4
ma-g5-mathematics-u02-l13,ma-g5-mathematics,5,mathematics,31,2,"Place Value, Powers of Ten, and Decimals",13,Skill consolidation: powers-of-ten patterns,Skill consolidation,powers-of-ten patterns,5.NBT.1;5.NBT.2;5.NBT.3;5.NBT.4
ma-g5-mathematics-u02-l14,ma-g5-mathematics,5,mathematics,32,2,"Place Value, Powers of Ten, and Decimals",14,Transfer challenge: reading decimals through thousandths,Transfer challenge,reading decimals through thousandths,5.NBT.1;5.NBT.2;5.NBT.3;5.NBT.4
ma-g5-mathematics-u02-l15,ma-g5-mathematics,5,mathematics,33,2,"Place Value, Powers of Ten, and Decimals",15,Assessment preparation: expanded form,Assessment preparation,expanded form,5.NBT.1;5.NBT.2;5.NBT.3;5.NBT.4
ma-g5-mathematics-u02-l16,ma-g5-mathematics,5,mathematics,34,2,"Place Value, Powers of Ten, and Decimals",16,Unit assessment: comparing decimals,Unit assessment,comparing decimals,5.NBT.1;5.NBT.2;5.NBT.3;5.NBT.4
ma-g5-mathematics-u02-l17,ma-g5-mathematics,5,mathematics,35,2,"Place Value, Powers of Ten, and Decimals",17,Targeted correction: rounding decimals,Targeted correction,rounding decimals,5.NBT.1;5.NBT.2;5.NBT.3;5.NBT.4
ma-g5-mathematics-u02-l18,ma-g5-mathematics,5,mathematics,36,2,"Place Value, Powers of Ten, and Decimals",18,"Publication, presentation, or reflection: number lines and place-value charts","Publication, presentation, or reflection",number lines and place-value charts,5.NBT.1;5.NBT.2;5.NBT.3;5.NBT.4
ma-g5-mathematics-u03-l01,ma-g5-mathematics,5,mathematics,37,3,Multi-Digit Multiplication,1,Launch and diagnostic: multiplicative comparison,Launch and diagnostic,multiplicative comparison,5.NBT.5;5.OA.1;5.OA.2
ma-g5-mathematics-u03-l02,ma-g5-mathematics,5,mathematics,38,3,Multi-Digit Multiplication,2,Concept model A: area models,Concept model A,area models,5.NBT.5;5.OA.1;5.OA.2
ma-g5-mathematics-u03-l03,ma-g5-mathematics,5,mathematics,39,3,Multi-Digit Multiplication,3,Guided practice A: partial products,Guided practice A,partial products,5.NBT.5;5.OA.1;5.OA.2
ma-g5-mathematics-u03-l04,ma-g5-mathematics,5,mathematics,40,3,Multi-Digit Multiplication,4,Independent application A: standard multiplication algorithm,Independent application A,standard multiplication algorithm,5.NBT.5;5.OA.1;5.OA.2
ma-g5-mathematics-u03-l05,ma-g5-mathematics,5,mathematics,41,3,Multi-Digit Multiplication,5,Concept model B: estimation,Concept model B,estimation,5.NBT.5;5.OA.1;5.OA.2
ma-g5-mathematics-u03-l06,ma-g5-mathematics,5,mathematics,42,3,Multi-Digit Multiplication,6,Guided practice B: multi-step multiplication problems,Guided practice B,multi-step multiplication problems,5.NBT.5;5.OA.1;5.OA.2
ma-g5-mathematics-u03-l07,ma-g5-mathematics,5,mathematics,43,3,Multi-Digit Multiplication,7,Investigation or close reading: multiplicative comparison,Investigation or close reading,multiplicative comparison,5.NBT.5;5.OA.1;5.OA.2
ma-g5-mathematics-u03-l08,ma-g5-mathematics,5,mathematics,44,3,Multi-Digit Multiplication,8,Reteach and varied practice: area models,Reteach and varied practice,area models,5.NBT.5;5.OA.1;5.OA.2
ma-g5-mathematics-u03-l09,ma-g5-mathematics,5,mathematics,45,3,Multi-Digit Multiplication,9,Concept model C: partial products,Concept model C,partial products,5.NBT.5;5.OA.1;5.OA.2
ma-g5-mathematics-u03-l10,ma-g5-mathematics,5,mathematics,46,3,Multi-Digit Multiplication,10,Discussion or problem seminar: standard multiplication algorithm,Discussion or problem seminar,standard multiplication algorithm,5.NBT.5;5.OA.1;5.OA.2
ma-g5-mathematics-u03-l11,ma-g5-mathematics,5,mathematics,47,3,Multi-Digit Multiplication,11,Performance task planning: estimation,Performance task planning,estimation,5.NBT.5;5.OA.1;5.OA.2
ma-g5-mathematics-u03-l12,ma-g5-mathematics,5,mathematics,48,3,Multi-Digit Multiplication,12,Performance task build: multi-step multiplication problems,Performance task build,multi-step multiplication problems,5.NBT.5;5.OA.1;5.OA.2
ma-g5-mathematics-u03-l13,ma-g5-mathematics,5,mathematics,49,3,Multi-Digit Multiplication,13,Skill consolidation: multiplicative comparison,Skill consolidation,multiplicative comparison,5.NBT.5;5.OA.1;5.OA.2
ma-g5-mathematics-u03-l14,ma-g5-mathematics,5,mathematics,50,3,Multi-Digit Multiplication,14,Transfer challenge: area models,Transfer challenge,area models,5.NBT.5;5.OA.1;5.OA.2
ma-g5-mathematics-u03-l15,ma-g5-mathematics,5,mathematics,51,3,Multi-Digit Multiplication,15,Assessment preparation: partial products,Assessment preparation,partial products,5.NBT.5;5.OA.1;5.OA.2
ma-g5-mathematics-u03-l16,ma-g5-mathematics,5,mathematics,52,3,Multi-Digit Multiplication,16,Unit assessment: standard multiplication algorithm,Unit assessment,standard multiplication algorithm,5.NBT.5;5.OA.1;5.OA.2
ma-g5-mathematics-u03-l17,ma-g5-mathematics,5,mathematics,53,3,Multi-Digit Multiplication,17,Targeted correction: estimation,Targeted correction,estimation,5.NBT.5;5.OA.1;5.OA.2
ma-g5-mathematics-u03-l18,ma-g5-mathematics,5,mathematics,54,3,Multi-Digit Multiplication,18,"Publication, presentation, or reflection: multi-step multiplication problems","Publication, presentation, or reflection",multi-step multiplication problems,5.NBT.5;5.OA.1;5.OA.2
ma-g5-mathematics-u04-l01,ma-g5-mathematics,5,mathematics,55,4,Division and Numerical Expressions,1,Launch and diagnostic: division models,Launch and diagnostic,division models,5.NBT.6;5.OA.1;5.OA.2;5.OA.3
ma-g5-mathematics-u04-l02,ma-g5-mathematics,5,mathematics,56,4,Division and Numerical Expressions,2,Concept model A: partial quotients,Concept model A,partial quotients,5.NBT.6;5.OA.1;5.OA.2;5.OA.3
ma-g5-mathematics-u04-l03,ma-g5-mathematics,5,mathematics,57,4,Division and Numerical Expressions,3,Guided practice A: standard division strategies,Guided practice A,standard division strategies,5.NBT.6;5.OA.1;5.OA.2;5.OA.3
ma-g5-mathematics-u04-l04,ma-g5-mathematics,5,mathematics,58,4,Division and Numerical Expressions,4,Independent application A: remainders in context,Independent application A,remainders in context,5.NBT.6;5.OA.1;5.OA.2;5.OA.3
ma-g5-mathematics-u04-l05,ma-g5-mathematics,5,mathematics,59,4,Division and Numerical Expressions,5,Concept model B: parentheses and brackets,Concept model B,parentheses and brackets,5.NBT.6;5.OA.1;5.OA.2;5.OA.3
ma-g5-mathematics-u04-l06,ma-g5-mathematics,5,mathematics,60,4,Division and Numerical Expressions,6,Guided practice B: two-rule numerical patterns,Guided practice B,two-rule numerical patterns,5.NBT.6;5.OA.1;5.OA.2;5.OA.3
ma-g5-mathematics-u04-l07,ma-g5-mathematics,5,mathematics,61,4,Division and Numerical Expressions,7,Investigation or close reading: division models,Investigation or close reading,division models,5.NBT.6;5.OA.1;5.OA.2;5.OA.3
ma-g5-mathematics-u04-l08,ma-g5-mathematics,5,mathematics,62,4,Division and Numerical Expressions,8,Reteach and varied practice: partial quotients,Reteach and varied practice,partial quotients,5.NBT.6;5.OA.1;5.OA.2;5.OA.3
ma-g5-mathematics-u04-l09,ma-g5-mathematics,5,mathematics,63,4,Division and Numerical Expressions,9,Concept model C: standard division strategies,Concept model C,standard division strategies,5.NBT.6;5.OA.1;5.OA.2;5.OA.3
ma-g5-mathematics-u04-l10,ma-g5-mathematics,5,mathematics,64,4,Division and Numerical Expressions,10,Discussion or problem seminar: remainders in context,Discussion or problem seminar,remainders in context,5.NBT.6;5.OA.1;5.OA.2;5.OA.3
ma-g5-mathematics-u04-l11,ma-g5-mathematics,5,mathematics,65,4,Division and Numerical Expressions,11,Performance task planning: parentheses and brackets,Performance task planning,parentheses and brackets,5.NBT.6;5.OA.1;5.OA.2;5.OA.3
ma-g5-mathematics-u04-l12,ma-g5-mathematics,5,mathematics,66,4,Division and Numerical Expressions,12,Performance task build: two-rule numerical patterns,Performance task build,two-rule numerical patterns,5.NBT.6;5.OA.1;5.OA.2;5.OA.3
ma-g5-mathematics-u04-l13,ma-g5-mathematics,5,mathematics,67,4,Division and Numerical Expressions,13,Skill consolidation: division models,Skill consolidation,division models,5.NBT.6;5.OA.1;5.OA.2;5.OA.3
ma-g5-mathematics-u04-l14,ma-g5-mathematics,5,mathematics,68,4,Division and Numerical Expressions,14,Transfer challenge: partial quotients,Transfer challenge,partial quotients,5.NBT.6;5.OA.1;5.OA.2;5.OA.3
ma-g5-mathematics-u04-l15,ma-g5-mathematics,5,mathematics,69,4,Division and Numerical Expressions,15,Assessment preparation: standard division strategies,Assessment preparation,standard division strategies,5.NBT.6;5.OA.1;5.OA.2;5.OA.3
ma-g5-mathematics-u04-l16,ma-g5-mathematics,5,mathematics,70,4,Division and Numerical Expressions,16,Unit assessment: remainders in context,Unit assessment,remainders in context,5.NBT.6;5.OA.1;5.OA.2;5.OA.3
ma-g5-mathematics-u04-l17,ma-g5-mathematics,5,mathematics,71,4,Division and Numerical Expressions,17,Targeted correction: parentheses and brackets,Targeted correction,parentheses and brackets,5.NBT.6;5.OA.1;5.OA.2;5.OA.3
ma-g5-mathematics-u04-l18,ma-g5-mathematics,5,mathematics,72,4,Division and Numerical Expressions,18,"Publication, presentation, or reflection: two-rule numerical patterns","Publication, presentation, or reflection",two-rule numerical patterns,5.NBT.6;5.OA.1;5.OA.2;5.OA.3
ma-g5-mathematics-u05-l01,ma-g5-mathematics,5,mathematics,73,5,Adding and Subtracting Fractions,1,Launch and diagnostic: fraction equivalence,Launch and diagnostic,fraction equivalence,5.NF.1;5.NF.2
ma-g5-mathematics-u05-l02,ma-g5-mathematics,5,mathematics,74,5,Adding and Subtracting Fractions,2,Concept model A: benchmark fractions,Concept model A,benchmark fractions,5.NF.1;5.NF.2
ma-g5-mathematics-u05-l03,ma-g5-mathematics,5,mathematics,75,5,Adding and Subtracting Fractions,3,Guided practice A: common denominators,Guided practice A,common denominators,5.NF.1;5.NF.2
ma-g5-mathematics-u05-l04,ma-g5-mathematics,5,mathematics,76,5,Adding and Subtracting Fractions,4,Independent application A: adding unlike fractions,Independent application A,adding unlike fractions,5.NF.1;5.NF.2
ma-g5-mathematics-u05-l05,ma-g5-mathematics,5,mathematics,77,5,Adding and Subtracting Fractions,5,Concept model B: subtracting unlike fractions,Concept model B,subtracting unlike fractions,5.NF.1;5.NF.2
ma-g5-mathematics-u05-l06,ma-g5-mathematics,5,mathematics,78,5,Adding and Subtracting Fractions,6,Guided practice B: mixed-number problem solving,Guided practice B,mixed-number problem solving,5.NF.1;5.NF.2
ma-g5-mathematics-u05-l07,ma-g5-mathematics,5,mathematics,79,5,Adding and Subtracting Fractions,7,Investigation or close reading: fraction equivalence,Investigation or close reading,fraction equivalence,5.NF.1;5.NF.2
ma-g5-mathematics-u05-l08,ma-g5-mathematics,5,mathematics,80,5,Adding and Subtracting Fractions,8,Reteach and varied practice: benchmark fractions,Reteach and varied practice,benchmark fractions,5.NF.1;5.NF.2
ma-g5-mathematics-u05-l09,ma-g5-mathematics,5,mathematics,81,5,Adding and Subtracting Fractions,9,Concept model C: common denominators,Concept model C,common denominators,5.NF.1;5.NF.2
ma-g5-mathematics-u05-l10,ma-g5-mathematics,5,mathematics,82,5,Adding and Subtracting Fractions,10,Discussion or problem seminar: adding unlike fractions,Discussion or problem seminar,adding unlike fractions,5.NF.1;5.NF.2
ma-g5-mathematics-u05-l11,ma-g5-mathematics,5,mathematics,83,5,Adding and Subtracting Fractions,11,Performance task planning: subtracting unlike fractions,Performance task planning,subtracting unlike fractions,5.NF.1;5.NF.2
ma-g5-mathematics-u05-l12,ma-g5-mathematics,5,mathematics,84,5,Adding and Subtracting Fractions,12,Performance task build: mixed-number problem solving,Performance task build,mixed-number problem solving,5.NF.1;5.NF.2
ma-g5-mathematics-u05-l13,ma-g5-mathematics,5,mathematics,85,5,Adding and Subtracting Fractions,13,Skill consolidation: fraction equivalence,Skill consolidation,fraction equivalence,5.NF.1;5.NF.2
ma-g5-mathematics-u05-l14,ma-g5-mathematics,5,mathematics,86,5,Adding and Subtracting Fractions,14,Transfer challenge: benchmark fractions,Transfer challenge,benchmark fractions,5.NF.1;5.NF.2
ma-g5-mathematics-u05-l15,ma-g5-mathematics,5,mathematics,87,5,Adding and Subtracting Fractions,15,Assessment preparation: common denominators,Assessment preparation,common denominators,5.NF.1;5.NF.2
ma-g5-mathematics-u05-l16,ma-g5-mathematics,5,mathematics,88,5,Adding and Subtracting Fractions,16,Unit assessment: adding unlike fractions,Unit assessment,adding unlike fractions,5.NF.1;5.NF.2
ma-g5-mathematics-u05-l17,ma-g5-mathematics,5,mathematics,89,5,Adding and Subtracting Fractions,17,Targeted correction: subtracting unlike fractions,Targeted correction,subtracting unlike fractions,5.NF.1;5.NF.2
ma-g5-mathematics-u05-l18,ma-g5-mathematics,5,mathematics,90,5,Adding and Subtracting Fractions,18,"Publication, presentation, or reflection: mixed-number problem solving","Publication, presentation, or reflection",mixed-number problem solving,5.NF.1;5.NF.2
ma-g5-mathematics-u06-l01,ma-g5-mathematics,5,mathematics,91,6,Multiplying Fractions and Scaling,1,Launch and diagnostic: fractions as division,Launch and diagnostic,fractions as division,5.NF.3;5.NF.4;5.NF.5;5.NF.6;5.NF.7
ma-g5-mathematics-u06-l02,ma-g5-mathematics,5,mathematics,92,6,Multiplying Fractions and Scaling,2,Concept model A: fraction by whole-number multiplication,Concept model A,fraction by whole-number multiplication,5.NF.3;5.NF.4;5.NF.5;5.NF.6;5.NF.7
ma-g5-mathematics-u06-l03,ma-g5-mathematics,5,mathematics,93,6,Multiplying Fractions and Scaling,3,Guided practice A: fraction by fraction area models,Guided practice A,fraction by fraction area models,5.NF.3;5.NF.4;5.NF.5;5.NF.6;5.NF.7
ma-g5-mathematics-u06-l04,ma-g5-mathematics,5,mathematics,94,6,Multiplying Fractions and Scaling,4,Independent application A: scaling and magnitude,Independent application A,scaling and magnitude,5.NF.3;5.NF.4;5.NF.5;5.NF.6;5.NF.7
ma-g5-mathematics-u06-l05,ma-g5-mathematics,5,mathematics,95,6,Multiplying Fractions and Scaling,5,Concept model B: fraction word problems,Concept model B,fraction word problems,5.NF.3;5.NF.4;5.NF.5;5.NF.6;5.NF.7
ma-g5-mathematics-u06-l06,ma-g5-mathematics,5,mathematics,96,6,Multiplying Fractions and Scaling,6,Guided practice B: unit fractions divided by whole numbers,Guided practice B,unit fractions divided by whole numbers,5.NF.3;5.NF.4;5.NF.5;5.NF.6;5.NF.7
ma-g5-mathematics-u06-l07,ma-g5-mathematics,5,mathematics,97,6,Multiplying Fractions and Scaling,7,Investigation or close reading: fractions as division,Investigation or close reading,fractions as division,5.NF.3;5.NF.4;5.NF.5;5.NF.6;5.NF.7
ma-g5-mathematics-u06-l08,ma-g5-mathematics,5,mathematics,98,6,Multiplying Fractions and Scaling,8,Reteach and varied practice: fraction by whole-number multiplication,Reteach and varied practice,fraction by whole-number multiplication,5.NF.3;5.NF.4;5.NF.5;5.NF.6;5.NF.7
ma-g5-mathematics-u06-l09,ma-g5-mathematics,5,mathematics,99,6,Multiplying Fractions and Scaling,9,Concept model C: fraction by fraction area models,Concept model C,fraction by fraction area models,5.NF.3;5.NF.4;5.NF.5;5.NF.6;5.NF.7
ma-g5-mathematics-u06-l10,ma-g5-mathematics,5,mathematics,100,6,Multiplying Fractions and Scaling,10,Discussion or problem seminar: scaling and magnitude,Discussion or problem seminar,scaling and magnitude,5.NF.3;5.NF.4;5.NF.5;5.NF.6;5.NF.7
ma-g5-mathematics-u06-l11,ma-g5-mathematics,5,mathematics,101,6,Multiplying Fractions and Scaling,11,Performance task planning: fraction word problems,Performance task planning,fraction word problems,5.NF.3;5.NF.4;5.NF.5;5.NF.6;5.NF.7
ma-g5-mathematics-u06-l12,ma-g5-mathematics,5,mathematics,102,6,Multiplying Fractions and Scaling,12,Performance task build: unit fractions divided by whole numbers,Performance task build,unit fractions divided by whole numbers,5.NF.3;5.NF.4;5.NF.5;5.NF.6;5.NF.7
ma-g5-mathematics-u06-l13,ma-g5-mathematics,5,mathematics,103,6,Multiplying Fractions and Scaling,13,Skill consolidation: fractions as division,Skill consolidation,fractions as division,5.NF.3;5.NF.4;5.NF.5;5.NF.6;5.NF.7
ma-g5-mathematics-u06-l14,ma-g5-mathematics,5,mathematics,104,6,Multiplying Fractions and Scaling,14,Transfer challenge: fraction by whole-number multiplication,Transfer challenge,fraction by whole-number multiplication,5.NF.3;5.NF.4;5.NF.5;5.NF.6;5.NF.7
ma-g5-mathematics-u06-l15,ma-g5-mathematics,5,mathematics,105,6,Multiplying Fractions and Scaling,15,Assessment preparation: fraction by fraction area models,Assessment preparation,fraction by fraction area models,5.NF.3;5.NF.4;5.NF.5;5.NF.6;5.NF.7
ma-g5-mathematics-u06-l16,ma-g5-mathematics,5,mathematics,106,6,Multiplying Fractions and Scaling,16,Unit assessment: scaling and magnitude,Unit assessment,scaling and magnitude,5.NF.3;5.NF.4;5.NF.5;5.NF.6;5.NF.7
ma-g5-mathematics-u06-l17,ma-g5-mathematics,5,mathematics,107,6,Multiplying Fractions and Scaling,17,Targeted correction: fraction word problems,Targeted correction,fraction word problems,5.NF.3;5.NF.4;5.NF.5;5.NF.6;5.NF.7
ma-g5-mathematics-u06-l18,ma-g5-mathematics,5,mathematics,108,6,Multiplying Fractions and Scaling,18,"Publication, presentation, or reflection: unit fractions divided by whole numbers","Publication, presentation, or reflection",unit fractions divided by whole numbers,5.NF.3;5.NF.4;5.NF.5;5.NF.6;5.NF.7
ma-g5-mathematics-u07-l01,ma-g5-mathematics,5,mathematics,109,7,Decimal Operations,1,Launch and diagnostic: decimal addition,Launch and diagnostic,decimal addition,5.NBT.3;5.NBT.4;5.NBT.7
ma-g5-mathematics-u07-l02,ma-g5-mathematics,5,mathematics,110,7,Decimal Operations,2,Concept model A: decimal subtraction,Concept model A,decimal subtraction,5.NBT.3;5.NBT.4;5.NBT.7
ma-g5-mathematics-u07-l03,ma-g5-mathematics,5,mathematics,111,7,Decimal Operations,3,Guided practice A: decimal multiplication,Guided practice A,decimal multiplication,5.NBT.3;5.NBT.4;5.NBT.7
ma-g5-mathematics-u07-l04,ma-g5-mathematics,5,mathematics,112,7,Decimal Operations,4,Independent application A: decimal division,Independent application A,decimal division,5.NBT.3;5.NBT.4;5.NBT.7
ma-g5-mathematics-u07-l05,ma-g5-mathematics,5,mathematics,113,7,Decimal Operations,5,Concept model B: money and measurement contexts,Concept model B,money and measurement contexts,5.NBT.3;5.NBT.4;5.NBT.7
ma-g5-mathematics-u07-l06,ma-g5-mathematics,5,mathematics,114,7,Decimal Operations,6,Guided practice B: operation estimation and checking,Guided practice B,operation estimation and checking,5.NBT.3;5.NBT.4;5.NBT.7
ma-g5-mathematics-u07-l07,ma-g5-mathematics,5,mathematics,115,7,Decimal Operations,7,Investigation or close reading: decimal addition,Investigation or close reading,decimal addition,5.NBT.3;5.NBT.4;5.NBT.7
ma-g5-mathematics-u07-l08,ma-g5-mathematics,5,mathematics,116,7,Decimal Operations,8,Reteach and varied practice: decimal subtraction,Reteach and varied practice,decimal subtraction,5.NBT.3;5.NBT.4;5.NBT.7
ma-g5-mathematics-u07-l09,ma-g5-mathematics,5,mathematics,117,7,Decimal Operations,9,Concept model C: decimal multiplication,Concept model C,decimal multiplication,5.NBT.3;5.NBT.4;5.NBT.7
ma-g5-mathematics-u07-l10,ma-g5-mathematics,5,mathematics,118,7,Decimal Operations,10,Discussion or problem seminar: decimal division,Discussion or problem seminar,decimal division,5.NBT.3;5.NBT.4;5.NBT.7
ma-g5-mathematics-u07-l11,ma-g5-mathematics,5,mathematics,119,7,Decimal Operations,11,Performance task planning: money and measurement contexts,Performance task planning,money and measurement contexts,5.NBT.3;5.NBT.4;5.NBT.7
ma-g5-mathematics-u07-l12,ma-g5-mathematics,5,mathematics,120,7,Decimal Operations,12,Performance task build: operation estimation and checking,Performance task build,operation estimation and checking,5.NBT.3;5.NBT.4;5.NBT.7
ma-g5-mathematics-u07-l13,ma-g5-mathematics,5,mathematics,121,7,Decimal Operations,13,Skill consolidation: decimal addition,Skill consolidation,decimal addition,5.NBT.3;5.NBT.4;5.NBT.7
ma-g5-mathematics-u07-l14,ma-g5-mathematics,5,mathematics,122,7,Decimal Operations,14,Transfer challenge: decimal subtraction,Transfer challenge,decimal subtraction,5.NBT.3;5.NBT.4;5.NBT.7
ma-g5-mathematics-u07-l15,ma-g5-mathematics,5,mathematics,123,7,Decimal Operations,15,Assessment preparation: decimal multiplication,Assessment preparation,decimal multiplication,5.NBT.3;5.NBT.4;5.NBT.7
ma-g5-mathematics-u07-l16,ma-g5-mathematics,5,mathematics,124,7,Decimal Operations,16,Unit assessment: decimal division,Unit assessment,decimal division,5.NBT.3;5.NBT.4;5.NBT.7
ma-g5-mathematics-u07-l17,ma-g5-mathematics,5,mathematics,125,7,Decimal Operations,17,Targeted correction: money and measurement contexts,Targeted correction,money and measurement contexts,5.NBT.3;5.NBT.4;5.NBT.7
ma-g5-mathematics-u07-l18,ma-g5-mathematics,5,mathematics,126,7,Decimal Operations,18,"Publication, presentation, or reflection: operation estimation and checking","Publication, presentation, or reflection",operation estimation and checking,5.NBT.3;5.NBT.4;5.NBT.7
ma-g5-mathematics-u08-l01,ma-g5-mathematics,5,mathematics,127,8,"Measurement, Data, and Volume",1,Launch and diagnostic: measurement conversions,Launch and diagnostic,measurement conversions,5.MD.1;5.MD.2;5.MD.3;5.MD.4;5.MD.5
ma-g5-mathematics-u08-l02,ma-g5-mathematics,5,mathematics,128,8,"Measurement, Data, and Volume",2,Concept model A: line plots with fractional data,Concept model A,line plots with fractional data,5.MD.1;5.MD.2;5.MD.3;5.MD.4;5.MD.5
ma-g5-mathematics-u08-l03,ma-g5-mathematics,5,mathematics,129,8,"Measurement, Data, and Volume",3,Guided practice A: volume as unit cubes,Guided practice A,volume as unit cubes,5.MD.1;5.MD.2;5.MD.3;5.MD.4;5.MD.5
ma-g5-mathematics-u08-l04,ma-g5-mathematics,5,mathematics,130,8,"Measurement, Data, and Volume",4,Independent application A: volume formulas,Independent application A,volume formulas,5.MD.1;5.MD.2;5.MD.3;5.MD.4;5.MD.5
ma-g5-mathematics-u08-l05,ma-g5-mathematics,5,mathematics,131,8,"Measurement, Data, and Volume",5,Concept model B: additive volume,Concept model B,additive volume,5.MD.1;5.MD.2;5.MD.3;5.MD.4;5.MD.5
ma-g5-mathematics-u08-l06,ma-g5-mathematics,5,mathematics,132,8,"Measurement, Data, and Volume",6,Guided practice B: real-world measurement design,Guided practice B,real-world measurement design,5.MD.1;5.MD.2;5.MD.3;5.MD.4;5.MD.5
ma-g5-mathematics-u08-l07,ma-g5-mathematics,5,mathematics,133,8,"Measurement, Data, and Volume",7,Investigation or close reading: measurement conversions,Investigation or close reading,measurement conversions,5.MD.1;5.MD.2;5.MD.3;5.MD.4;5.MD.5
ma-g5-mathematics-u08-l08,ma-g5-mathematics,5,mathematics,134,8,"Measurement, Data, and Volume",8,Reteach and varied practice: line plots with fractional data,Reteach and varied practice,line plots with fractional data,5.MD.1;5.MD.2;5.MD.3;5.MD.4;5.MD.5
ma-g5-mathematics-u08-l09,ma-g5-mathematics,5,mathematics,135,8,"Measurement, Data, and Volume",9,Concept model C: volume as unit cubes,Concept model C,volume as unit cubes,5.MD.1;5.MD.2;5.MD.3;5.MD.4;5.MD.5
ma-g5-mathematics-u08-l10,ma-g5-mathematics,5,mathematics,136,8,"Measurement, Data, and Volume",10,Discussion or problem seminar: volume formulas,Discussion or problem seminar,volume formulas,5.MD.1;5.MD.2;5.MD.3;5.MD.4;5.MD.5
ma-g5-mathematics-u08-l11,ma-g5-mathematics,5,mathematics,137,8,"Measurement, Data, and Volume",11,Performance task planning: additive volume,Performance task planning,additive volume,5.MD.1;5.MD.2;5.MD.3;5.MD.4;5.MD.5
ma-g5-mathematics-u08-l12,ma-g5-mathematics,5,mathematics,138,8,"Measurement, Data, and Volume",12,Performance task build: real-world measurement design,Performance task build,real-world measurement design,5.MD.1;5.MD.2;5.MD.3;5.MD.4;5.MD.5
ma-g5-mathematics-u08-l13,ma-g5-mathematics,5,mathematics,139,8,"Measurement, Data, and Volume",13,Skill consolidation: measurement conversions,Skill consolidation,measurement conversions,5.MD.1;5.MD.2;5.MD.3;5.MD.4;5.MD.5
ma-g5-mathematics-u08-l14,ma-g5-mathematics,5,mathematics,140,8,"Measurement, Data, and Volume",14,Transfer challenge: line plots with fractional data,Transfer challenge,line plots with fractional data,5.MD.1;5.MD.2;5.MD.3;5.MD.4;5.MD.5
ma-g5-mathematics-u08-l15,ma-g5-mathematics,5,mathematics,141,8,"Measurement, Data, and Volume",15,Assessment preparation: volume as unit cubes,Assessment preparation,volume as unit cubes,5.MD.1;5.MD.2;5.MD.3;5.MD.4;5.MD.5
ma-g5-mathematics-u08-l16,ma-g5-mathematics,5,mathematics,142,8,"Measurement, Data, and Volume",16,Unit assessment: volume formulas,Unit assessment,volume formulas,5.MD.1;5.MD.2;5.MD.3;5.MD.4;5.MD.5
ma-g5-mathematics-u08-l17,ma-g5-mathematics,5,mathematics,143,8,"Measurement, Data, and Volume",17,Targeted correction: additive volume,Targeted correction,additive volume,5.MD.1;5.MD.2;5.MD.3;5.MD.4;5.MD.5
ma-g5-mathematics-u08-l18,ma-g5-mathematics,5,mathematics,144,8,"Measurement, Data, and Volume",18,"Publication, presentation, or reflection: real-world measurement design","Publication, presentation, or reflection",real-world measurement design,5.MD.1;5.MD.2;5.MD.3;5.MD.4;5.MD.5
ma-g5-mathematics-u09-l01,ma-g5-mathematics,5,mathematics,145,9,Geometry and the Coordinate Plane,1,Launch and diagnostic: coordinate-plane axes and ordered pairs,Launch and diagnostic,coordinate-plane axes and ordered pairs,5.G.1;5.G.2;5.G.3;5.G.4
ma-g5-mathematics-u09-l02,ma-g5-mathematics,5,mathematics,146,9,Geometry and the Coordinate Plane,2,Concept model A: graphing real-world points,Concept model A,graphing real-world points,5.G.1;5.G.2;5.G.3;5.G.4
ma-g5-mathematics-u09-l03,ma-g5-mathematics,5,mathematics,147,9,Geometry and the Coordinate Plane,3,Guided practice A: classifying two-dimensional figures,Guided practice A,classifying two-dimensional figures,5.G.1;5.G.2;5.G.3;5.G.4
ma-g5-mathematics-u09-l04,ma-g5-mathematics,5,mathematics,148,9,Geometry and the Coordinate Plane,4,Independent application A: hierarchies of properties,Independent application A,hierarchies of properties,5.G.1;5.G.2;5.G.3;5.G.4
ma-g5-mathematics-u09-l05,ma-g5-mathematics,5,mathematics,149,9,Geometry and the Coordinate Plane,5,Concept model B: geometric vocabulary,Concept model B,geometric vocabulary,5.G.1;5.G.2;5.G.3;5.G.4
ma-g5-mathematics-u09-l06,ma-g5-mathematics,5,mathematics,150,9,Geometry and the Coordinate Plane,6,Guided practice B: coordinate problem solving,Guided practice B,coordinate problem solving,5.G.1;5.G.2;5.G.3;5.G.4
ma-g5-mathematics-u09-l07,ma-g5-mathematics,5,mathematics,151,9,Geometry and the Coordinate Plane,7,Investigation or close reading: coordinate-plane axes and ordered pairs,Investigation or close reading,coordinate-plane axes and ordered pairs,5.G.1;5.G.2;5.G.3;5.G.4
ma-g5-mathematics-u09-l08,ma-g5-mathematics,5,mathematics,152,9,Geometry and the Coordinate Plane,8,Reteach and varied practice: graphing real-world points,Reteach and varied practice,graphing real-world points,5.G.1;5.G.2;5.G.3;5.G.4
ma-g5-mathematics-u09-l09,ma-g5-mathematics,5,mathematics,153,9,Geometry and the Coordinate Plane,9,Concept model C: classifying two-dimensional figures,Concept model C,classifying two-dimensional figures,5.G.1;5.G.2;5.G.3;5.G.4
ma-g5-mathematics-u09-l10,ma-g5-mathematics,5,mathematics,154,9,Geometry and the Coordinate Plane,10,Discussion or problem seminar: hierarchies of properties,Discussion or problem seminar,hierarchies of properties,5.G.1;5.G.2;5.G.3;5.G.4
ma-g5-mathematics-u09-l11,ma-g5-mathematics,5,mathematics,155,9,Geometry and the Coordinate Plane,11,Performance task planning: geometric vocabulary,Performance task planning,geometric vocabulary,5.G.1;5.G.2;5.G.3;5.G.4
ma-g5-mathematics-u09-l12,ma-g5-mathematics,5,mathematics,156,9,Geometry and the Coordinate Plane,12,Performance task build: coordinate problem solving,Performance task build,coordinate problem solving,5.G.1;5.G.2;5.G.3;5.G.4
ma-g5-mathematics-u09-l13,ma-g5-mathematics,5,mathematics,157,9,Geometry and the Coordinate Plane,13,Skill consolidation: coordinate-plane axes and ordered pairs,Skill consolidation,coordinate-plane axes and ordered pairs,5.G.1;5.G.2;5.G.3;5.G.4
ma-g5-mathematics-u09-l14,ma-g5-mathematics,5,mathematics,158,9,Geometry and the Coordinate Plane,14,Transfer challenge: graphing real-world points,Transfer challenge,graphing real-world points,5.G.1;5.G.2;5.G.3;5.G.4
ma-g5-mathematics-u09-l15,ma-g5-mathematics,5,mathematics,159,9,Geometry and the Coordinate Plane,15,Assessment preparation: classifying two-dimensional figures,Assessment preparation,classifying two-dimensional figures,5.G.1;5.G.2;5.G.3;5.G.4
ma-g5-mathematics-u09-l16,ma-g5-mathematics,5,mathematics,160,9,Geometry and the Coordinate Plane,16,Unit assessment: hierarchies of properties,Unit assessment,hierarchies of properties,5.G.1;5.G.2;5.G.3;5.G.4
ma-g5-mathematics-u09-l17,ma-g5-mathematics,5,mathematics,161,9,Geometry and the Coordinate Plane,17,Targeted correction: geometric vocabulary,Targeted correction,geometric vocabulary,5.G.1;5.G.2;5.G.3;5.G.4
ma-g5-mathematics-u09-l18,ma-g5-mathematics,5,mathematics,162,9,Geometry and the Coordinate Plane,18,"Publication, presentation, or reflection: coordinate problem solving","Publication, presentation, or reflection",coordinate problem solving,5.G.1;5.G.2;5.G.3;5.G.4
ma-g5-mathematics-u10-l01,ma-g5-mathematics,5,mathematics,163,10,Integrated Modeling and Capstone,1,Launch and diagnostic: choosing operations,Launch and diagnostic,choosing operations,5.OA.1;5.NBT.5;5.NBT.6;5.NBT.7;5.NF.1;5.NF.4;5.MD.5;5.G.2;MP.4
ma-g5-mathematics-u10-l02,ma-g5-mathematics,5,mathematics,164,10,Integrated Modeling and Capstone,2,Concept model A: multi-step modeling,Concept model A,multi-step modeling,5.OA.1;5.NBT.5;5.NBT.6;5.NBT.7;5.NF.1;5.NF.4;5.MD.5;5.G.2;MP.4
ma-g5-mathematics-u10-l03,ma-g5-mathematics,5,mathematics,165,10,Integrated Modeling and Capstone,3,Guided practice A: constraints and assumptions,Guided practice A,constraints and assumptions,5.OA.1;5.NBT.5;5.NBT.6;5.NBT.7;5.NF.1;5.NF.4;5.MD.5;5.G.2;MP.4
ma-g5-mathematics-u10-l04,ma-g5-mathematics,5,mathematics,166,10,Integrated Modeling and Capstone,4,Independent application A: data and graphs,Independent application A,data and graphs,5.OA.1;5.NBT.5;5.NBT.6;5.NBT.7;5.NF.1;5.NF.4;5.MD.5;5.G.2;MP.4
ma-g5-mathematics-u10-l05,ma-g5-mathematics,5,mathematics,167,10,Integrated Modeling and Capstone,5,Concept model B: budgeting and measurement,Concept model B,budgeting and measurement,5.OA.1;5.NBT.5;5.NBT.6;5.NBT.7;5.NF.1;5.NF.4;5.MD.5;5.G.2;MP.4
ma-g5-mathematics-u10-l06,ma-g5-mathematics,5,mathematics,168,10,Integrated Modeling and Capstone,6,Guided practice B: presenting mathematical arguments,Guided practice B,presenting mathematical arguments,5.OA.1;5.NBT.5;5.NBT.6;5.NBT.7;5.NF.1;5.NF.4;5.MD.5;5.G.2;MP.4
ma-g5-mathematics-u10-l07,ma-g5-mathematics,5,mathematics,169,10,Integrated Modeling and Capstone,7,Investigation or close reading: choosing operations,Investigation or close reading,choosing operations,5.OA.1;5.NBT.5;5.NBT.6;5.NBT.7;5.NF.1;5.NF.4;5.MD.5;5.G.2;MP.4
ma-g5-mathematics-u10-l08,ma-g5-mathematics,5,mathematics,170,10,Integrated Modeling and Capstone,8,Reteach and varied practice: multi-step modeling,Reteach and varied practice,multi-step modeling,5.OA.1;5.NBT.5;5.NBT.6;5.NBT.7;5.NF.1;5.NF.4;5.MD.5;5.G.2;MP.4
ma-g5-mathematics-u10-l09,ma-g5-mathematics,5,mathematics,171,10,Integrated Modeling and Capstone,9,Concept model C: constraints and assumptions,Concept model C,constraints and assumptions,5.OA.1;5.NBT.5;5.NBT.6;5.NBT.7;5.NF.1;5.NF.4;5.MD.5;5.G.2;MP.4
ma-g5-mathematics-u10-l10,ma-g5-mathematics,5,mathematics,172,10,Integrated Modeling and Capstone,10,Discussion or problem seminar: data and graphs,Discussion or problem seminar,data and graphs,5.OA.1;5.NBT.5;5.NBT.6;5.NBT.7;5.NF.1;5.NF.4;5.MD.5;5.G.2;MP.4
ma-g5-mathematics-u10-l11,ma-g5-mathematics,5,mathematics,173,10,Integrated Modeling and Capstone,11,Performance task planning: budgeting and measurement,Performance task planning,budgeting and measurement,5.OA.1;5.NBT.5;5.NBT.6;5.NBT.7;5.NF.1;5.NF.4;5.MD.5;5.G.2;MP.4
ma-g5-mathematics-u10-l12,ma-g5-mathematics,5,mathematics,174,10,Integrated Modeling and Capstone,12,Performance task build: presenting mathematical arguments,Performance task build,presenting mathematical arguments,5.OA.1;5.NBT.5;5.NBT.6;5.NBT.7;5.NF.1;5.NF.4;5.MD.5;5.G.2;MP.4
ma-g5-mathematics-u10-l13,ma-g5-mathematics,5,mathematics,175,10,Integrated Modeling and Capstone,13,Skill consolidation: choosing operations,Skill consolidation,choosing operations,5.OA.1;5.NBT.5;5.NBT.6;5.NBT.7;5.NF.1;5.NF.4;5.MD.5;5.G.2;MP.4
ma-g5-mathematics-u10-l14,ma-g5-mathematics,5,mathematics,176,10,Integrated Modeling and Capstone,14,Transfer challenge: multi-step modeling,Transfer challenge,multi-step modeling,5.OA.1;5.NBT.5;5.NBT.6;5.NBT.7;5.NF.1;5.NF.4;5.MD.5;5.G.2;MP.4
ma-g5-mathematics-u10-l15,ma-g5-mathematics,5,mathematics,177,10,Integrated Modeling and Capstone,15,Assessment preparation: constraints and assumptions,Assessment preparation,constraints and assumptions,5.OA.1;5.NBT.5;5.NBT.6;5.NBT.7;5.NF.1;5.NF.4;5.MD.5;5.G.2;MP.4
ma-g5-mathematics-u10-l16,ma-g5-mathematics,5,mathematics,178,10,Integrated Modeling and Capstone,16,Unit assessment: data and graphs,Unit assessment,data and graphs,5.OA.1;5.NBT.5;5.NBT.6;5.NBT.7;5.NF.1;5.NF.4;5.MD.5;5.G.2;MP.4
ma-g5-mathematics-u10-l17,ma-g5-mathematics,5,mathematics,179,10,Integrated Modeling and Capstone,17,Targeted correction: budgeting and measurement,Targeted correction,budgeting and measurement,5.OA.1;5.NBT.5;5.NBT.6;5.NBT.7;5.NF.1;5.NF.4;5.MD.5;5.G.2;MP.4
ma-g5-mathematics-u10-l18,ma-g5-mathematics,5,mathematics,180,10,Integrated Modeling and Capstone,18,"Publication, presentation, or reflection: presenting mathematical arguments","Publication, presentation, or reflection",presenting mathematical arguments,5.OA.1;5.NBT.5;5.NBT.6;5.NBT.7;5.NF.1;5.NF.4;5.MD.5;5.G.2;MP.4
ma-g5-english-language-arts-u01-l01,ma-g5-english-language-arts,5,english-language-arts,1,1,Reading and Writing Community,1,Launch and diagnostic: active reading habits,Launch and diagnostic,active reading habits,5.RL.1;5.RI.1;5.W.4;5.SL.1;5.L.1
ma-g5-english-language-arts-u01-l02,ma-g5-english-language-arts,5,english-language-arts,2,1,Reading and Writing Community,2,Concept model A: asking and answering text-dependent questions,Concept model A,asking and answering text-dependent questions,5.RL.1;5.RI.1;5.W.4;5.SL.1;5.L.1
ma-g5-english-language-arts-u01-l03,ma-g5-english-language-arts,5,english-language-arts,3,1,Reading and Writing Community,3,Guided practice A: discussion norms,Guided practice A,discussion norms,5.RL.1;5.RI.1;5.W.4;5.SL.1;5.L.1
ma-g5-english-language-arts-u01-l04,ma-g5-english-language-arts,5,english-language-arts,4,1,Reading and Writing Community,4,Independent application A: notebook routines,Independent application A,notebook routines,5.RL.1;5.RI.1;5.W.4;5.SL.1;5.L.1
ma-g5-english-language-arts-u01-l05,ma-g5-english-language-arts,5,english-language-arts,5,1,Reading and Writing Community,5,Concept model B: sentence fluency,Concept model B,sentence fluency,5.RL.1;5.RI.1;5.W.4;5.SL.1;5.L.1
ma-g5-english-language-arts-u01-l06,ma-g5-english-language-arts,5,english-language-arts,6,1,Reading and Writing Community,6,Guided practice B: baseline reading and writing evidence,Guided practice B,baseline reading and writing evidence,5.RL.1;5.RI.1;5.W.4;5.SL.1;5.L.1
ma-g5-english-language-arts-u01-l07,ma-g5-english-language-arts,5,english-language-arts,7,1,Reading and Writing Community,7,Investigation or close reading: active reading habits,Investigation or close reading,active reading habits,5.RL.1;5.RI.1;5.W.4;5.SL.1;5.L.1
ma-g5-english-language-arts-u01-l08,ma-g5-english-language-arts,5,english-language-arts,8,1,Reading and Writing Community,8,Reteach and varied practice: asking and answering text-dependent questions,Reteach and varied practice,asking and answering text-dependent questions,5.RL.1;5.RI.1;5.W.4;5.SL.1;5.L.1
ma-g5-english-language-arts-u01-l09,ma-g5-english-language-arts,5,english-language-arts,9,1,Reading and Writing Community,9,Concept model C: discussion norms,Concept model C,discussion norms,5.RL.1;5.RI.1;5.W.4;5.SL.1;5.L.1
ma-g5-english-language-arts-u01-l10,ma-g5-english-language-arts,5,english-language-arts,10,1,Reading and Writing Community,10,Discussion or problem seminar: notebook routines,Discussion or problem seminar,notebook routines,5.RL.1;5.RI.1;5.W.4;5.SL.1;5.L.1
ma-g5-english-language-arts-u01-l11,ma-g5-english-language-arts,5,english-language-arts,11,1,Reading and Writing Community,11,Performance task planning: sentence fluency,Performance task planning,sentence fluency,5.RL.1;5.RI.1;5.W.4;5.SL.1;5.L.1
ma-g5-english-language-arts-u01-l12,ma-g5-english-language-arts,5,english-language-arts,12,1,Reading and Writing Community,12,Performance task build: baseline reading and writing evidence,Performance task build,baseline reading and writing evidence,5.RL.1;5.RI.1;5.W.4;5.SL.1;5.L.1
ma-g5-english-language-arts-u01-l13,ma-g5-english-language-arts,5,english-language-arts,13,1,Reading and Writing Community,13,Skill consolidation: active reading habits,Skill consolidation,active reading habits,5.RL.1;5.RI.1;5.W.4;5.SL.1;5.L.1
ma-g5-english-language-arts-u01-l14,ma-g5-english-language-arts,5,english-language-arts,14,1,Reading and Writing Community,14,Transfer challenge: asking and answering text-dependent questions,Transfer challenge,asking and answering text-dependent questions,5.RL.1;5.RI.1;5.W.4;5.SL.1;5.L.1
ma-g5-english-language-arts-u01-l15,ma-g5-english-language-arts,5,english-language-arts,15,1,Reading and Writing Community,15,Assessment preparation: discussion norms,Assessment preparation,discussion norms,5.RL.1;5.RI.1;5.W.4;5.SL.1;5.L.1
ma-g5-english-language-arts-u01-l16,ma-g5-english-language-arts,5,english-language-arts,16,1,Reading and Writing Community,16,Unit assessment: notebook routines,Unit assessment,notebook routines,5.RL.1;5.RI.1;5.W.4;5.SL.1;5.L.1
ma-g5-english-language-arts-u01-l17,ma-g5-english-language-arts,5,english-language-arts,17,1,Reading and Writing Community,17,Targeted correction: sentence fluency,Targeted correction,sentence fluency,5.RL.1;5.RI.1;5.W.4;5.SL.1;5.L.1
ma-g5-english-language-arts-u01-l18,ma-g5-english-language-arts,5,english-language-arts,18,1,Reading and Writing Community,18,"Publication, presentation, or reflection: baseline reading and writing evidence","Publication, presentation, or reflection",baseline reading and writing evidence,5.RL.1;5.RI.1;5.W.4;5.SL.1;5.L.1
ma-g5-english-language-arts-u02-l01,ma-g5-english-language-arts,5,english-language-arts,19,2,Narrative Worlds and Personal or Fictional Narrative,1,Launch and diagnostic: theme and summary,Launch and diagnostic,theme and summary,5.RL.1;5.RL.2;5.RL.3;5.RL.5;5.W.3;5.W.5;5.L.3
ma-g5-english-language-arts-u02-l02,ma-g5-english-language-arts,5,english-language-arts,20,2,Narrative Worlds and Personal or Fictional Narrative,2,Concept model A: character response to challenge,Concept model A,character response to challenge,5.RL.1;5.RL.2;5.RL.3;5.RL.5;5.W.3;5.W.5;5.L.3
ma-g5-english-language-arts-u02-l03,ma-g5-english-language-arts,5,english-language-arts,21,2,Narrative Worlds and Personal or Fictional Narrative,3,Guided practice A: setting and plot,Guided practice A,setting and plot,5.RL.1;5.RL.2;5.RL.3;5.RL.5;5.W.3;5.W.5;5.L.3
ma-g5-english-language-arts-u02-l04,ma-g5-english-language-arts,5,english-language-arts,22,2,Narrative Worlds and Personal or Fictional Narrative,4,Independent application A: narrative point of view,Independent application A,narrative point of view,5.RL.1;5.RL.2;5.RL.3;5.RL.5;5.W.3;5.W.5;5.L.3
ma-g5-english-language-arts-u02-l05,ma-g5-english-language-arts,5,english-language-arts,23,2,Narrative Worlds and Personal or Fictional Narrative,5,Concept model B: dialogue and pacing,Concept model B,dialogue and pacing,5.RL.1;5.RL.2;5.RL.3;5.RL.5;5.W.3;5.W.5;5.L.3
ma-g5-english-language-arts-u02-l06,ma-g5-english-language-arts,5,english-language-arts,24,2,Narrative Worlds and Personal or Fictional Narrative,6,Guided practice B: revision for clarity and effect,Guided practice B,revision for clarity and effect,5.RL.1;5.RL.2;5.RL.3;5.RL.5;5.W.3;5.W.5;5.L.3
ma-g5-english-language-arts-u02-l07,ma-g5-english-language-arts,5,english-language-arts,25,2,Narrative Worlds and Personal or Fictional Narrative,7,Investigation or close reading: theme and summary,Investigation or close reading,theme and summary,5.RL.1;5.RL.2;5.RL.3;5.RL.5;5.W.3;5.W.5;5.L.3
ma-g5-english-language-arts-u02-l08,ma-g5-english-language-arts,5,english-language-arts,26,2,Narrative Worlds and Personal or Fictional Narrative,8,Reteach and varied practice: character response to challenge,Reteach and varied practice,character response to challenge,5.RL.1;5.RL.2;5.RL.3;5.RL.5;5.W.3;5.W.5;5.L.3
ma-g5-english-language-arts-u02-l09,ma-g5-english-language-arts,5,english-language-arts,27,2,Narrative Worlds and Personal or Fictional Narrative,9,Concept model C: setting and plot,Concept model C,setting and plot,5.RL.1;5.RL.2;5.RL.3;5.RL.5;5.W.3;5.W.5;5.L.3
ma-g5-english-language-arts-u02-l10,ma-g5-english-language-arts,5,english-language-arts,28,2,Narrative Worlds and Personal or Fictional Narrative,10,Discussion or problem seminar: narrative point of view,Discussion or problem seminar,narrative point of view,5.RL.1;5.RL.2;5.RL.3;5.RL.5;5.W.3;5.W.5;5.L.3
ma-g5-english-language-arts-u02-l11,ma-g5-english-language-arts,5,english-language-arts,29,2,Narrative Worlds and Personal or Fictional Narrative,11,Performance task planning: dialogue and pacing,Performance task planning,dialogue and pacing,5.RL.1;5.RL.2;5.RL.3;5.RL.5;5.W.3;5.W.5;5.L.3
ma-g5-english-language-arts-u02-l12,ma-g5-english-language-arts,5,english-language-arts,30,2,Narrative Worlds and Personal or Fictional Narrative,12,Performance task build: revision for clarity and effect,Performance task build,revision for clarity and effect,5.RL.1;5.RL.2;5.RL.3;5.RL.5;5.W.3;5.W.5;5.L.3
ma-g5-english-language-arts-u02-l13,ma-g5-english-language-arts,5,english-language-arts,31,2,Narrative Worlds and Personal or Fictional Narrative,13,Skill consolidation: theme and summary,Skill consolidation,theme and summary,5.RL.1;5.RL.2;5.RL.3;5.RL.5;5.W.3;5.W.5;5.L.3
ma-g5-english-language-arts-u02-l14,ma-g5-english-language-arts,5,english-language-arts,32,2,Narrative Worlds and Personal or Fictional Narrative,14,Transfer challenge: character response to challenge,Transfer challenge,character response to challenge,5.RL.1;5.RL.2;5.RL.3;5.RL.5;5.W.3;5.W.5;5.L.3
ma-g5-english-language-arts-u02-l15,ma-g5-english-language-arts,5,english-language-arts,33,2,Narrative Worlds and Personal or Fictional Narrative,15,Assessment preparation: setting and plot,Assessment preparation,setting and plot,5.RL.1;5.RL.2;5.RL.3;5.RL.5;5.W.3;5.W.5;5.L.3
ma-g5-english-language-arts-u02-l16,ma-g5-english-language-arts,5,english-language-arts,34,2,Narrative Worlds and Personal or Fictional Narrative,16,Unit assessment: narrative point of view,Unit assessment,narrative point of view,5.RL.1;5.RL.2;5.RL.3;5.RL.5;5.W.3;5.W.5;5.L.3
ma-g5-english-language-arts-u02-l17,ma-g5-english-language-arts,5,english-language-arts,35,2,Narrative Worlds and Personal or Fictional Narrative,17,Targeted correction: dialogue and pacing,Targeted correction,dialogue and pacing,5.RL.1;5.RL.2;5.RL.3;5.RL.5;5.W.3;5.W.5;5.L.3
ma-g5-english-language-arts-u02-l18,ma-g5-english-language-arts,5,english-language-arts,36,2,Narrative Worlds and Personal or Fictional Narrative,18,"Publication, presentation, or reflection: revision for clarity and effect","Publication, presentation, or reflection",revision for clarity and effect,5.RL.1;5.RL.2;5.RL.3;5.RL.5;5.W.3;5.W.5;5.L.3
ma-g5-english-language-arts-u03-l01,ma-g5-english-language-arts,5,english-language-arts,37,3,"Main Ideas, Text Structures, and Explanatory Writing",1,Launch and diagnostic: main idea and supporting details,Launch and diagnostic,main idea and supporting details,5.RI.1;5.RI.2;5.RI.3;5.RI.5;5.W.2;5.W.9
ma-g5-english-language-arts-u03-l02,ma-g5-english-language-arts,5,english-language-arts,38,3,"Main Ideas, Text Structures, and Explanatory Writing",2,Concept model A: cause and effect,Concept model A,cause and effect,5.RI.1;5.RI.2;5.RI.3;5.RI.5;5.W.2;5.W.9
ma-g5-english-language-arts-u03-l03,ma-g5-english-language-arts,5,english-language-arts,39,3,"Main Ideas, Text Structures, and Explanatory Writing",3,Guided practice A: chronology,Guided practice A,chronology,5.RI.1;5.RI.2;5.RI.3;5.RI.5;5.W.2;5.W.9
ma-g5-english-language-arts-u03-l04,ma-g5-english-language-arts,5,english-language-arts,40,3,"Main Ideas, Text Structures, and Explanatory Writing",4,Independent application A: compare and contrast,Independent application A,compare and contrast,5.RI.1;5.RI.2;5.RI.3;5.RI.5;5.W.2;5.W.9
ma-g5-english-language-arts-u03-l05,ma-g5-english-language-arts,5,english-language-arts,41,3,"Main Ideas, Text Structures, and Explanatory Writing",5,Concept model B: domain vocabulary,Concept model B,domain vocabulary,5.RI.1;5.RI.2;5.RI.3;5.RI.5;5.W.2;5.W.9
ma-g5-english-language-arts-u03-l06,ma-g5-english-language-arts,5,english-language-arts,42,3,"Main Ideas, Text Structures, and Explanatory Writing",6,Guided practice B: explanatory organization,Guided practice B,explanatory organization,5.RI.1;5.RI.2;5.RI.3;5.RI.5;5.W.2;5.W.9
ma-g5-english-language-arts-u03-l07,ma-g5-english-language-arts,5,english-language-arts,43,3,"Main Ideas, Text Structures, and Explanatory Writing",7,Investigation or close reading: main idea and supporting details,Investigation or close reading,main idea and supporting details,5.RI.1;5.RI.2;5.RI.3;5.RI.5;5.W.2;5.W.9
ma-g5-english-language-arts-u03-l08,ma-g5-english-language-arts,5,english-language-arts,44,3,"Main Ideas, Text Structures, and Explanatory Writing",8,Reteach and varied practice: cause and effect,Reteach and varied practice,cause and effect,5.RI.1;5.RI.2;5.RI.3;5.RI.5;5.W.2;5.W.9
ma-g5-english-language-arts-u03-l09,ma-g5-english-language-arts,5,english-language-arts,45,3,"Main Ideas, Text Structures, and Explanatory Writing",9,Concept model C: chronology,Concept model C,chronology,5.RI.1;5.RI.2;5.RI.3;5.RI.5;5.W.2;5.W.9
ma-g5-english-language-arts-u03-l10,ma-g5-english-language-arts,5,english-language-arts,46,3,"Main Ideas, Text Structures, and Explanatory Writing",10,Discussion or problem seminar: compare and contrast,Discussion or problem seminar,compare and contrast,5.RI.1;5.RI.2;5.RI.3;5.RI.5;5.W.2;5.W.9
ma-g5-english-language-arts-u03-l11,ma-g5-english-language-arts,5,english-language-arts,47,3,"Main Ideas, Text Structures, and Explanatory Writing",11,Performance task planning: domain vocabulary,Performance task planning,domain vocabulary,5.RI.1;5.RI.2;5.RI.3;5.RI.5;5.W.2;5.W.9
ma-g5-english-language-arts-u03-l12,ma-g5-english-language-arts,5,english-language-arts,48,3,"Main Ideas, Text Structures, and Explanatory Writing",12,Performance task build: explanatory organization,Performance task build,explanatory organization,5.RI.1;5.RI.2;5.RI.3;5.RI.5;5.W.2;5.W.9
ma-g5-english-language-arts-u03-l13,ma-g5-english-language-arts,5,english-language-arts,49,3,"Main Ideas, Text Structures, and Explanatory Writing",13,Skill consolidation: main idea and supporting details,Skill consolidation,main idea and supporting details,5.RI.1;5.RI.2;5.RI.3;5.RI.5;5.W.2;5.W.9
ma-g5-english-language-arts-u03-l14,ma-g5-english-language-arts,5,english-language-arts,50,3,"Main Ideas, Text Structures, and Explanatory Writing",14,Transfer challenge: cause and effect,Transfer challenge,cause and effect,5.RI.1;5.RI.2;5.RI.3;5.RI.5;5.W.2;5.W.9
ma-g5-english-language-arts-u03-l15,ma-g5-english-language-arts,5,english-language-arts,51,3,"Main Ideas, Text Structures, and Explanatory Writing",15,Assessment preparation: chronology,Assessment preparation,chronology,5.RI.1;5.RI.2;5.RI.3;5.RI.5;5.W.2;5.W.9
ma-g5-english-language-arts-u03-l16,ma-g5-english-language-arts,5,english-language-arts,52,3,"Main Ideas, Text Structures, and Explanatory Writing",16,Unit assessment: compare and contrast,Unit assessment,compare and contrast,5.RI.1;5.RI.2;5.RI.3;5.RI.5;5.W.2;5.W.9
ma-g5-english-language-arts-u03-l17,ma-g5-english-language-arts,5,english-language-arts,53,3,"Main Ideas, Text Structures, and Explanatory Writing",17,Targeted correction: domain vocabulary,Targeted correction,domain vocabulary,5.RI.1;5.RI.2;5.RI.3;5.RI.5;5.W.2;5.W.9
ma-g5-english-language-arts-u03-l18,ma-g5-english-language-arts,5,english-language-arts,54,3,"Main Ideas, Text Structures, and Explanatory Writing",18,"Publication, presentation, or reflection: explanatory organization","Publication, presentation, or reflection",explanatory organization,5.RI.1;5.RI.2;5.RI.3;5.RI.5;5.W.2;5.W.9
ma-g5-english-language-arts-u04-l01,ma-g5-english-language-arts,5,english-language-arts,55,4,"Poetry, Figurative Language, and Voice",1,Launch and diagnostic: imagery,Launch and diagnostic,imagery,5.RL.2;5.RL.4;5.RL.5;5.RF.4;5.W.4;5.SL.5
ma-g5-english-language-arts-u04-l02,ma-g5-english-language-arts,5,english-language-arts,56,4,"Poetry, Figurative Language, and Voice",2,Concept model A: simile and metaphor,Concept model A,simile and metaphor,5.RL.2;5.RL.4;5.RL.5;5.RF.4;5.W.4;5.SL.5
ma-g5-english-language-arts-u04-l03,ma-g5-english-language-arts,5,english-language-arts,57,4,"Poetry, Figurative Language, and Voice",3,Guided practice A: sound and rhythm,Guided practice A,sound and rhythm,5.RL.2;5.RL.4;5.RL.5;5.RF.4;5.W.4;5.SL.5
ma-g5-english-language-arts-u04-l04,ma-g5-english-language-arts,5,english-language-arts,58,4,"Poetry, Figurative Language, and Voice",4,Independent application A: stanza structure,Independent application A,stanza structure,5.RL.2;5.RL.4;5.RL.5;5.RF.4;5.W.4;5.SL.5
ma-g5-english-language-arts-u04-l05,ma-g5-english-language-arts,5,english-language-arts,59,4,"Poetry, Figurative Language, and Voice",5,Concept model B: speaker and tone,Concept model B,speaker and tone,5.RL.2;5.RL.4;5.RL.5;5.RF.4;5.W.4;5.SL.5
ma-g5-english-language-arts-u04-l06,ma-g5-english-language-arts,5,english-language-arts,60,4,"Poetry, Figurative Language, and Voice",6,Guided practice B: oral interpretation with captions or transcript,Guided practice B,oral interpretation with captions or transcript,5.RL.2;5.RL.4;5.RL.5;5.RF.4;5.W.4;5.SL.5
ma-g5-english-language-arts-u04-l07,ma-g5-english-language-arts,5,english-language-arts,61,4,"Poetry, Figurative Language, and Voice",7,Investigation or close reading: imagery,Investigation or close reading,imagery,5.RL.2;5.RL.4;5.RL.5;5.RF.4;5.W.4;5.SL.5
ma-g5-english-language-arts-u04-l08,ma-g5-english-language-arts,5,english-language-arts,62,4,"Poetry, Figurative Language, and Voice",8,Reteach and varied practice: simile and metaphor,Reteach and varied practice,simile and metaphor,5.RL.2;5.RL.4;5.RL.5;5.RF.4;5.W.4;5.SL.5
ma-g5-english-language-arts-u04-l09,ma-g5-english-language-arts,5,english-language-arts,63,4,"Poetry, Figurative Language, and Voice",9,Concept model C: sound and rhythm,Concept model C,sound and rhythm,5.RL.2;5.RL.4;5.RL.5;5.RF.4;5.W.4;5.SL.5
ma-g5-english-language-arts-u04-l10,ma-g5-english-language-arts,5,english-language-arts,64,4,"Poetry, Figurative Language, and Voice",10,Discussion or problem seminar: stanza structure,Discussion or problem seminar,stanza structure,5.RL.2;5.RL.4;5.RL.5;5.RF.4;5.W.4;5.SL.5
ma-g5-english-language-arts-u04-l11,ma-g5-english-language-arts,5,english-language-arts,65,4,"Poetry, Figurative Language, and Voice",11,Performance task planning: speaker and tone,Performance task planning,speaker and tone,5.RL.2;5.RL.4;5.RL.5;5.RF.4;5.W.4;5.SL.5
ma-g5-english-language-arts-u04-l12,ma-g5-english-language-arts,5,english-language-arts,66,4,"Poetry, Figurative Language, and Voice",12,Performance task build: oral interpretation with captions or transcript,Performance task build,oral interpretation with captions or transcript,5.RL.2;5.RL.4;5.RL.5;5.RF.4;5.W.4;5.SL.5
ma-g5-english-language-arts-u04-l13,ma-g5-english-language-arts,5,english-language-arts,67,4,"Poetry, Figurative Language, and Voice",13,Skill consolidation: imagery,Skill consolidation,imagery,5.RL.2;5.RL.4;5.RL.5;5.RF.4;5.W.4;5.SL.5
ma-g5-english-language-arts-u04-l14,ma-g5-english-language-arts,5,english-language-arts,68,4,"Poetry, Figurative Language, and Voice",14,Transfer challenge: simile and metaphor,Transfer challenge,simile and metaphor,5.RL.2;5.RL.4;5.RL.5;5.RF.4;5.W.4;5.SL.5
ma-g5-english-language-arts-u04-l15,ma-g5-english-language-arts,5,english-language-arts,69,4,"Poetry, Figurative Language, and Voice",15,Assessment preparation: sound and rhythm,Assessment preparation,sound and rhythm,5.RL.2;5.RL.4;5.RL.5;5.RF.4;5.W.4;5.SL.5
ma-g5-english-language-arts-u04-l16,ma-g5-english-language-arts,5,english-language-arts,70,4,"Poetry, Figurative Language, and Voice",16,Unit assessment: stanza structure,Unit assessment,stanza structure,5.RL.2;5.RL.4;5.RL.5;5.RF.4;5.W.4;5.SL.5
ma-g5-english-language-arts-u04-l17,ma-g5-english-language-arts,5,english-language-arts,71,4,"Poetry, Figurative Language, and Voice",17,Targeted correction: speaker and tone,Targeted correction,speaker and tone,5.RL.2;5.RL.4;5.RL.5;5.RF.4;5.W.4;5.SL.5
ma-g5-english-language-arts-u04-l18,ma-g5-english-language-arts,5,english-language-arts,72,4,"Poetry, Figurative Language, and Voice",18,"Publication, presentation, or reflection: oral interpretation with captions or transcript","Publication, presentation, or reflection",oral interpretation with captions or transcript,5.RL.2;5.RL.4;5.RL.5;5.RF.4;5.W.4;5.SL.5
ma-g5-english-language-arts-u05-l01,ma-g5-english-language-arts,5,english-language-arts,73,5,"Research, Sources, and Note-Making",1,Launch and diagnostic: researchable questions,Launch and diagnostic,researchable questions,5.RI.7;5.RI.9;5.W.7;5.W.8;5.W.9;5.SL.2
ma-g5-english-language-arts-u05-l02,ma-g5-english-language-arts,5,english-language-arts,74,5,"Research, Sources, and Note-Making",2,Concept model A: keyword and source selection,Concept model A,keyword and source selection,5.RI.7;5.RI.9;5.W.7;5.W.8;5.W.9;5.SL.2
ma-g5-english-language-arts-u05-l03,ma-g5-english-language-arts,5,english-language-arts,75,5,"Research, Sources, and Note-Making",3,Guided practice A: note-taking and paraphrase,Guided practice A,note-taking and paraphrase,5.RI.7;5.RI.9;5.W.7;5.W.8;5.W.9;5.SL.2
ma-g5-english-language-arts-u05-l04,ma-g5-english-language-arts,5,english-language-arts,76,5,"Research, Sources, and Note-Making",4,Independent application A: quoting accurately,Independent application A,quoting accurately,5.RI.7;5.RI.9;5.W.7;5.W.8;5.W.9;5.SL.2
ma-g5-english-language-arts-u05-l05,ma-g5-english-language-arts,5,english-language-arts,77,5,"Research, Sources, and Note-Making",5,Concept model B: source credibility,Concept model B,source credibility,5.RI.7;5.RI.9;5.W.7;5.W.8;5.W.9;5.SL.2
ma-g5-english-language-arts-u05-l06,ma-g5-english-language-arts,5,english-language-arts,78,5,"Research, Sources, and Note-Making",6,Guided practice B: integrating print and digital information,Guided practice B,integrating print and digital information,5.RI.7;5.RI.9;5.W.7;5.W.8;5.W.9;5.SL.2
ma-g5-english-language-arts-u05-l07,ma-g5-english-language-arts,5,english-language-arts,79,5,"Research, Sources, and Note-Making",7,Investigation or close reading: researchable questions,Investigation or close reading,researchable questions,5.RI.7;5.RI.9;5.W.7;5.W.8;5.W.9;5.SL.2
ma-g5-english-language-arts-u05-l08,ma-g5-english-language-arts,5,english-language-arts,80,5,"Research, Sources, and Note-Making",8,Reteach and varied practice: keyword and source selection,Reteach and varied practice,keyword and source selection,5.RI.7;5.RI.9;5.W.7;5.W.8;5.W.9;5.SL.2
ma-g5-english-language-arts-u05-l09,ma-g5-english-language-arts,5,english-language-arts,81,5,"Research, Sources, and Note-Making",9,Concept model C: note-taking and paraphrase,Concept model C,note-taking and paraphrase,5.RI.7;5.RI.9;5.W.7;5.W.8;5.W.9;5.SL.2
ma-g5-english-language-arts-u05-l10,ma-g5-english-language-arts,5,english-language-arts,82,5,"Research, Sources, and Note-Making",10,Discussion or problem seminar: quoting accurately,Discussion or problem seminar,quoting accurately,5.RI.7;5.RI.9;5.W.7;5.W.8;5.W.9;5.SL.2
ma-g5-english-language-arts-u05-l11,ma-g5-english-language-arts,5,english-language-arts,83,5,"Research, Sources, and Note-Making",11,Performance task planning: source credibility,Performance task planning,source credibility,5.RI.7;5.RI.9;5.W.7;5.W.8;5.W.9;5.SL.2
ma-g5-english-language-arts-u05-l12,ma-g5-english-language-arts,5,english-language-arts,84,5,"Research, Sources, and Note-Making",12,Performance task build: integrating print and digital information,Performance task build,integrating print and digital information,5.RI.7;5.RI.9;5.W.7;5.W.8;5.W.9;5.SL.2
ma-g5-english-language-arts-u05-l13,ma-g5-english-language-arts,5,english-language-arts,85,5,"Research, Sources, and Note-Making",13,Skill consolidation: researchable questions,Skill consolidation,researchable questions,5.RI.7;5.RI.9;5.W.7;5.W.8;5.W.9;5.SL.2
ma-g5-english-language-arts-u05-l14,ma-g5-english-language-arts,5,english-language-arts,86,5,"Research, Sources, and Note-Making",14,Transfer challenge: keyword and source selection,Transfer challenge,keyword and source selection,5.RI.7;5.RI.9;5.W.7;5.W.8;5.W.9;5.SL.2
ma-g5-english-language-arts-u05-l15,ma-g5-english-language-arts,5,english-language-arts,87,5,"Research, Sources, and Note-Making",15,Assessment preparation: note-taking and paraphrase,Assessment preparation,note-taking and paraphrase,5.RI.7;5.RI.9;5.W.7;5.W.8;5.W.9;5.SL.2
ma-g5-english-language-arts-u05-l16,ma-g5-english-language-arts,5,english-language-arts,88,5,"Research, Sources, and Note-Making",16,Unit assessment: quoting accurately,Unit assessment,quoting accurately,5.RI.7;5.RI.9;5.W.7;5.W.8;5.W.9;5.SL.2
ma-g5-english-language-arts-u05-l17,ma-g5-english-language-arts,5,english-language-arts,89,5,"Research, Sources, and Note-Making",17,Targeted correction: source credibility,Targeted correction,source credibility,5.RI.7;5.RI.9;5.W.7;5.W.8;5.W.9;5.SL.2
ma-g5-english-language-arts-u05-l18,ma-g5-english-language-arts,5,english-language-arts,90,5,"Research, Sources, and Note-Making",18,"Publication, presentation, or reflection: integrating print and digital information","Publication, presentation, or reflection",integrating print and digital information,5.RI.7;5.RI.9;5.W.7;5.W.8;5.W.9;5.SL.2
ma-g5-english-language-arts-u06-l01,ma-g5-english-language-arts,5,english-language-arts,91,6,Opinion and Argument,1,Launch and diagnostic: claim and reasons,Launch and diagnostic,claim and reasons,5.RI.8;5.W.1;5.W.5;5.W.6;5.SL.1;5.L.6
ma-g5-english-language-arts-u06-l02,ma-g5-english-language-arts,5,english-language-arts,92,6,Opinion and Argument,2,Concept model A: relevant evidence,Concept model A,relevant evidence,5.RI.8;5.W.1;5.W.5;5.W.6;5.SL.1;5.L.6
ma-g5-english-language-arts-u06-l03,ma-g5-english-language-arts,5,english-language-arts,93,6,Opinion and Argument,3,Guided practice A: linking ideas,Guided practice A,linking ideas,5.RI.8;5.W.1;5.W.5;5.W.6;5.SL.1;5.L.6
ma-g5-english-language-arts-u06-l04,ma-g5-english-language-arts,5,english-language-arts,94,6,Opinion and Argument,4,Independent application A: counterpoints,Independent application A,counterpoints,5.RI.8;5.W.1;5.W.5;5.W.6;5.SL.1;5.L.6
ma-g5-english-language-arts-u06-l05,ma-g5-english-language-arts,5,english-language-arts,95,6,Opinion and Argument,5,Concept model B: audience and tone,Concept model B,audience and tone,5.RI.8;5.W.1;5.W.5;5.W.6;5.SL.1;5.L.6
ma-g5-english-language-arts-u06-l06,ma-g5-english-language-arts,5,english-language-arts,96,6,Opinion and Argument,6,Guided practice B: editing and publication,Guided practice B,editing and publication,5.RI.8;5.W.1;5.W.5;5.W.6;5.SL.1;5.L.6
ma-g5-english-language-arts-u06-l07,ma-g5-english-language-arts,5,english-language-arts,97,6,Opinion and Argument,7,Investigation or close reading: claim and reasons,Investigation or close reading,claim and reasons,5.RI.8;5.W.1;5.W.5;5.W.6;5.SL.1;5.L.6
ma-g5-english-language-arts-u06-l08,ma-g5-english-language-arts,5,english-language-arts,98,6,Opinion and Argument,8,Reteach and varied practice: relevant evidence,Reteach and varied practice,relevant evidence,5.RI.8;5.W.1;5.W.5;5.W.6;5.SL.1;5.L.6
ma-g5-english-language-arts-u06-l09,ma-g5-english-language-arts,5,english-language-arts,99,6,Opinion and Argument,9,Concept model C: linking ideas,Concept model C,linking ideas,5.RI.8;5.W.1;5.W.5;5.W.6;5.SL.1;5.L.6
ma-g5-english-language-arts-u06-l10,ma-g5-english-language-arts,5,english-language-arts,100,6,Opinion and Argument,10,Discussion or problem seminar: counterpoints,Discussion or problem seminar,counterpoints,5.RI.8;5.W.1;5.W.5;5.W.6;5.SL.1;5.L.6
ma-g5-english-language-arts-u06-l11,ma-g5-english-language-arts,5,english-language-arts,101,6,Opinion and Argument,11,Performance task planning: audience and tone,Performance task planning,audience and tone,5.RI.8;5.W.1;5.W.5;5.W.6;5.SL.1;5.L.6
ma-g5-english-language-arts-u06-l12,ma-g5-english-language-arts,5,english-language-arts,102,6,Opinion and Argument,12,Performance task build: editing and publication,Performance task build,editing and publication,5.RI.8;5.W.1;5.W.5;5.W.6;5.SL.1;5.L.6
ma-g5-english-language-arts-u06-l13,ma-g5-english-language-arts,5,english-language-arts,103,6,Opinion and Argument,13,Skill consolidation: claim and reasons,Skill consolidation,claim and reasons,5.RI.8;5.W.1;5.W.5;5.W.6;5.SL.1;5.L.6
ma-g5-english-language-arts-u06-l14,ma-g5-english-language-arts,5,english-language-arts,104,6,Opinion and Argument,14,Transfer challenge: relevant evidence,Transfer challenge,relevant evidence,5.RI.8;5.W.1;5.W.5;5.W.6;5.SL.1;5.L.6
ma-g5-english-language-arts-u06-l15,ma-g5-english-language-arts,5,english-language-arts,105,6,Opinion and Argument,15,Assessment preparation: linking ideas,Assessment preparation,linking ideas,5.RI.8;5.W.1;5.W.5;5.W.6;5.SL.1;5.L.6
ma-g5-english-language-arts-u06-l16,ma-g5-english-language-arts,5,english-language-arts,106,6,Opinion and Argument,16,Unit assessment: counterpoints,Unit assessment,counterpoints,5.RI.8;5.W.1;5.W.5;5.W.6;5.SL.1;5.L.6
ma-g5-english-language-arts-u06-l17,ma-g5-english-language-arts,5,english-language-arts,107,6,Opinion and Argument,17,Targeted correction: audience and tone,Targeted correction,audience and tone,5.RI.8;5.W.1;5.W.5;5.W.6;5.SL.1;5.L.6
ma-g5-english-language-arts-u06-l18,ma-g5-english-language-arts,5,english-language-arts,108,6,Opinion and Argument,18,"Publication, presentation, or reflection: editing and publication","Publication, presentation, or reflection",editing and publication,5.RI.8;5.W.1;5.W.5;5.W.6;5.SL.1;5.L.6
ma-g5-english-language-arts-u07-l01,ma-g5-english-language-arts,5,english-language-arts,109,7,"Myths, Drama, and Comparative Reading",1,Launch and diagnostic: myth and traditional story patterns,Launch and diagnostic,myth and traditional story patterns,5.RL.5;5.RL.6;5.RL.7;5.RL.9;5.SL.4
ma-g5-english-language-arts-u07-l02,ma-g5-english-language-arts,5,english-language-arts,110,7,"Myths, Drama, and Comparative Reading",2,Concept model A: drama structure,Concept model A,drama structure,5.RL.5;5.RL.6;5.RL.7;5.RL.9;5.SL.4
ma-g5-english-language-arts-u07-l03,ma-g5-english-language-arts,5,english-language-arts,111,7,"Myths, Drama, and Comparative Reading",3,Guided practice A: narrator perspective,Guided practice A,narrator perspective,5.RL.5;5.RL.6;5.RL.7;5.RL.9;5.SL.4
ma-g5-english-language-arts-u07-l04,ma-g5-english-language-arts,5,english-language-arts,112,7,"Myths, Drama, and Comparative Reading",4,Independent application A: visual and multimedia interpretation,Independent application A,visual and multimedia interpretation,5.RL.5;5.RL.6;5.RL.7;5.RL.9;5.SL.4
ma-g5-english-language-arts-u07-l05,ma-g5-english-language-arts,5,english-language-arts,113,7,"Myths, Drama, and Comparative Reading",5,Concept model B: comparing themes,Concept model B,comparing themes,5.RL.5;5.RL.6;5.RL.7;5.RL.9;5.SL.4
ma-g5-english-language-arts-u07-l06,ma-g5-english-language-arts,5,english-language-arts,114,7,"Myths, Drama, and Comparative Reading",6,Guided practice B: performance choices,Guided practice B,performance choices,5.RL.5;5.RL.6;5.RL.7;5.RL.9;5.SL.4
ma-g5-english-language-arts-u07-l07,ma-g5-english-language-arts,5,english-language-arts,115,7,"Myths, Drama, and Comparative Reading",7,Investigation or close reading: myth and traditional story patterns,Investigation or close reading,myth and traditional story patterns,5.RL.5;5.RL.6;5.RL.7;5.RL.9;5.SL.4
ma-g5-english-language-arts-u07-l08,ma-g5-english-language-arts,5,english-language-arts,116,7,"Myths, Drama, and Comparative Reading",8,Reteach and varied practice: drama structure,Reteach and varied practice,drama structure,5.RL.5;5.RL.6;5.RL.7;5.RL.9;5.SL.4
ma-g5-english-language-arts-u07-l09,ma-g5-english-language-arts,5,english-language-arts,117,7,"Myths, Drama, and Comparative Reading",9,Concept model C: narrator perspective,Concept model C,narrator perspective,5.RL.5;5.RL.6;5.RL.7;5.RL.9;5.SL.4
ma-g5-english-language-arts-u07-l10,ma-g5-english-language-arts,5,english-language-arts,118,7,"Myths, Drama, and Comparative Reading",10,Discussion or problem seminar: visual and multimedia interpretation,Discussion or problem seminar,visual and multimedia interpretation,5.RL.5;5.RL.6;5.RL.7;5.RL.9;5.SL.4
ma-g5-english-language-arts-u07-l11,ma-g5-english-language-arts,5,english-language-arts,119,7,"Myths, Drama, and Comparative Reading",11,Performance task planning: comparing themes,Performance task planning,comparing themes,5.RL.5;5.RL.6;5.RL.7;5.RL.9;5.SL.4
ma-g5-english-language-arts-u07-l12,ma-g5-english-language-arts,5,english-language-arts,120,7,"Myths, Drama, and Comparative Reading",12,Performance task build: performance choices,Performance task build,performance choices,5.RL.5;5.RL.6;5.RL.7;5.RL.9;5.SL.4
ma-g5-english-language-arts-u07-l13,ma-g5-english-language-arts,5,english-language-arts,121,7,"Myths, Drama, and Comparative Reading",13,Skill consolidation: myth and traditional story patterns,Skill consolidation,myth and traditional story patterns,5.RL.5;5.RL.6;5.RL.7;5.RL.9;5.SL.4
ma-g5-english-language-arts-u07-l14,ma-g5-english-language-arts,5,english-language-arts,122,7,"Myths, Drama, and Comparative Reading",14,Transfer challenge: drama structure,Transfer challenge,drama structure,5.RL.5;5.RL.6;5.RL.7;5.RL.9;5.SL.4
ma-g5-english-language-arts-u07-l15,ma-g5-english-language-arts,5,english-language-arts,123,7,"Myths, Drama, and Comparative Reading",15,Assessment preparation: narrator perspective,Assessment preparation,narrator perspective,5.RL.5;5.RL.6;5.RL.7;5.RL.9;5.SL.4
ma-g5-english-language-arts-u07-l16,ma-g5-english-language-arts,5,english-language-arts,124,7,"Myths, Drama, and Comparative Reading",16,Unit assessment: visual and multimedia interpretation,Unit assessment,visual and multimedia interpretation,5.RL.5;5.RL.6;5.RL.7;5.RL.9;5.SL.4
ma-g5-english-language-arts-u07-l17,ma-g5-english-language-arts,5,english-language-arts,125,7,"Myths, Drama, and Comparative Reading",17,Targeted correction: comparing themes,Targeted correction,comparing themes,5.RL.5;5.RL.6;5.RL.7;5.RL.9;5.SL.4
ma-g5-english-language-arts-u07-l18,ma-g5-english-language-arts,5,english-language-arts,126,7,"Myths, Drama, and Comparative Reading",18,"Publication, presentation, or reflection: performance choices","Publication, presentation, or reflection",performance choices,5.RL.5;5.RL.6;5.RL.7;5.RL.9;5.SL.4
ma-g5-english-language-arts-u08-l01,ma-g5-english-language-arts,5,english-language-arts,127,8,"Language, Grammar, and Word Study in Context",1,Launch and diagnostic: multisyllabic decoding,Launch and diagnostic,multisyllabic decoding,5.RF.3;5.L.1;5.L.2;5.L.4;5.L.5;5.L.6
ma-g5-english-language-arts-u08-l02,ma-g5-english-language-arts,5,english-language-arts,128,8,"Language, Grammar, and Word Study in Context",2,Concept model A: sentence completeness,Concept model A,sentence completeness,5.RF.3;5.L.1;5.L.2;5.L.4;5.L.5;5.L.6
ma-g5-english-language-arts-u08-l03,ma-g5-english-language-arts,5,english-language-arts,129,8,"Language, Grammar, and Word Study in Context",3,Guided practice A: verb tense consistency,Guided practice A,verb tense consistency,5.RF.3;5.L.1;5.L.2;5.L.4;5.L.5;5.L.6
ma-g5-english-language-arts-u08-l04,ma-g5-english-language-arts,5,english-language-arts,130,8,"Language, Grammar, and Word Study in Context",4,Independent application A: punctuation and spelling,Independent application A,punctuation and spelling,5.RF.3;5.L.1;5.L.2;5.L.4;5.L.5;5.L.6
ma-g5-english-language-arts-u08-l05,ma-g5-english-language-arts,5,english-language-arts,131,8,"Language, Grammar, and Word Study in Context",5,Concept model B: roots and affixes,Concept model B,roots and affixes,5.RF.3;5.L.1;5.L.2;5.L.4;5.L.5;5.L.6
ma-g5-english-language-arts-u08-l06,ma-g5-english-language-arts,5,english-language-arts,132,8,"Language, Grammar, and Word Study in Context",6,Guided practice B: word relationships and nuance,Guided practice B,word relationships and nuance,5.RF.3;5.L.1;5.L.2;5.L.4;5.L.5;5.L.6
ma-g5-english-language-arts-u08-l07,ma-g5-english-language-arts,5,english-language-arts,133,8,"Language, Grammar, and Word Study in Context",7,Investigation or close reading: multisyllabic decoding,Investigation or close reading,multisyllabic decoding,5.RF.3;5.L.1;5.L.2;5.L.4;5.L.5;5.L.6
ma-g5-english-language-arts-u08-l08,ma-g5-english-language-arts,5,english-language-arts,134,8,"Language, Grammar, and Word Study in Context",8,Reteach and varied practice: sentence completeness,Reteach and varied practice,sentence completeness,5.RF.3;5.L.1;5.L.2;5.L.4;5.L.5;5.L.6
ma-g5-english-language-arts-u08-l09,ma-g5-english-language-arts,5,english-language-arts,135,8,"Language, Grammar, and Word Study in Context",9,Concept model C: verb tense consistency,Concept model C,verb tense consistency,5.RF.3;5.L.1;5.L.2;5.L.4;5.L.5;5.L.6
ma-g5-english-language-arts-u08-l10,ma-g5-english-language-arts,5,english-language-arts,136,8,"Language, Grammar, and Word Study in Context",10,Discussion or problem seminar: punctuation and spelling,Discussion or problem seminar,punctuation and spelling,5.RF.3;5.L.1;5.L.2;5.L.4;5.L.5;5.L.6
ma-g5-english-language-arts-u08-l11,ma-g5-english-language-arts,5,english-language-arts,137,8,"Language, Grammar, and Word Study in Context",11,Performance task planning: roots and affixes,Performance task planning,roots and affixes,5.RF.3;5.L.1;5.L.2;5.L.4;5.L.5;5.L.6
ma-g5-english-language-arts-u08-l12,ma-g5-english-language-arts,5,english-language-arts,138,8,"Language, Grammar, and Word Study in Context",12,Performance task build: word relationships and nuance,Performance task build,word relationships and nuance,5.RF.3;5.L.1;5.L.2;5.L.4;5.L.5;5.L.6
ma-g5-english-language-arts-u08-l13,ma-g5-english-language-arts,5,english-language-arts,139,8,"Language, Grammar, and Word Study in Context",13,Skill consolidation: multisyllabic decoding,Skill consolidation,multisyllabic decoding,5.RF.3;5.L.1;5.L.2;5.L.4;5.L.5;5.L.6
ma-g5-english-language-arts-u08-l14,ma-g5-english-language-arts,5,english-language-arts,140,8,"Language, Grammar, and Word Study in Context",14,Transfer challenge: sentence completeness,Transfer challenge,sentence completeness,5.RF.3;5.L.1;5.L.2;5.L.4;5.L.5;5.L.6
ma-g5-english-language-arts-u08-l15,ma-g5-english-language-arts,5,english-language-arts,141,8,"Language, Grammar, and Word Study in Context",15,Assessment preparation: verb tense consistency,Assessment preparation,verb tense consistency,5.RF.3;5.L.1;5.L.2;5.L.4;5.L.5;5.L.6
ma-g5-english-language-arts-u08-l16,ma-g5-english-language-arts,5,english-language-arts,142,8,"Language, Grammar, and Word Study in Context",16,Unit assessment: punctuation and spelling,Unit assessment,punctuation and spelling,5.RF.3;5.L.1;5.L.2;5.L.4;5.L.5;5.L.6
ma-g5-english-language-arts-u08-l17,ma-g5-english-language-arts,5,english-language-arts,143,8,"Language, Grammar, and Word Study in Context",17,Targeted correction: roots and affixes,Targeted correction,roots and affixes,5.RF.3;5.L.1;5.L.2;5.L.4;5.L.5;5.L.6
ma-g5-english-language-arts-u08-l18,ma-g5-english-language-arts,5,english-language-arts,144,8,"Language, Grammar, and Word Study in Context",18,"Publication, presentation, or reflection: word relationships and nuance","Publication, presentation, or reflection",word relationships and nuance,5.RF.3;5.L.1;5.L.2;5.L.4;5.L.5;5.L.6
ma-g5-english-language-arts-u09-l01,ma-g5-english-language-arts,5,english-language-arts,145,9,Book Clubs and Literary Analysis,1,Launch and diagnostic: sustained reading,Launch and diagnostic,sustained reading,5.RL.1;5.RL.2;5.RL.3;5.RL.6;5.W.9;5.SL.1
ma-g5-english-language-arts-u09-l02,ma-g5-english-language-arts,5,english-language-arts,146,9,Book Clubs and Literary Analysis,2,Concept model A: discussion preparation,Concept model A,discussion preparation,5.RL.1;5.RL.2;5.RL.3;5.RL.6;5.W.9;5.SL.1
ma-g5-english-language-arts-u09-l03,ma-g5-english-language-arts,5,english-language-arts,147,9,Book Clubs and Literary Analysis,3,Guided practice A: theme across chapters,Guided practice A,theme across chapters,5.RL.1;5.RL.2;5.RL.3;5.RL.6;5.W.9;5.SL.1
ma-g5-english-language-arts-u09-l04,ma-g5-english-language-arts,5,english-language-arts,148,9,Book Clubs and Literary Analysis,4,Independent application A: character development,Independent application A,character development,5.RL.1;5.RL.2;5.RL.3;5.RL.6;5.W.9;5.SL.1
ma-g5-english-language-arts-u09-l05,ma-g5-english-language-arts,5,english-language-arts,149,9,Book Clubs and Literary Analysis,5,Concept model B: quoting evidence,Concept model B,quoting evidence,5.RL.1;5.RL.2;5.RL.3;5.RL.6;5.W.9;5.SL.1
ma-g5-english-language-arts-u09-l06,ma-g5-english-language-arts,5,english-language-arts,150,9,Book Clubs and Literary Analysis,6,Guided practice B: literary response writing,Guided practice B,literary response writing,5.RL.1;5.RL.2;5.RL.3;5.RL.6;5.W.9;5.SL.1
ma-g5-english-language-arts-u09-l07,ma-g5-english-language-arts,5,english-language-arts,151,9,Book Clubs and Literary Analysis,7,Investigation or close reading: sustained reading,Investigation or close reading,sustained reading,5.RL.1;5.RL.2;5.RL.3;5.RL.6;5.W.9;5.SL.1
ma-g5-english-language-arts-u09-l08,ma-g5-english-language-arts,5,english-language-arts,152,9,Book Clubs and Literary Analysis,8,Reteach and varied practice: discussion preparation,Reteach and varied practice,discussion preparation,5.RL.1;5.RL.2;5.RL.3;5.RL.6;5.W.9;5.SL.1
ma-g5-english-language-arts-u09-l09,ma-g5-english-language-arts,5,english-language-arts,153,9,Book Clubs and Literary Analysis,9,Concept model C: theme across chapters,Concept model C,theme across chapters,5.RL.1;5.RL.2;5.RL.3;5.RL.6;5.W.9;5.SL.1
ma-g5-english-language-arts-u09-l10,ma-g5-english-language-arts,5,english-language-arts,154,9,Book Clubs and Literary Analysis,10,Discussion or problem seminar: character development,Discussion or problem seminar,character development,5.RL.1;5.RL.2;5.RL.3;5.RL.6;5.W.9;5.SL.1
ma-g5-english-language-arts-u09-l11,ma-g5-english-language-arts,5,english-language-arts,155,9,Book Clubs and Literary Analysis,11,Performance task planning: quoting evidence,Performance task planning,quoting evidence,5.RL.1;5.RL.2;5.RL.3;5.RL.6;5.W.9;5.SL.1
ma-g5-english-language-arts-u09-l12,ma-g5-english-language-arts,5,english-language-arts,156,9,Book Clubs and Literary Analysis,12,Performance task build: literary response writing,Performance task build,literary response writing,5.RL.1;5.RL.2;5.RL.3;5.RL.6;5.W.9;5.SL.1
ma-g5-english-language-arts-u09-l13,ma-g5-english-language-arts,5,english-language-arts,157,9,Book Clubs and Literary Analysis,13,Skill consolidation: sustained reading,Skill consolidation,sustained reading,5.RL.1;5.RL.2;5.RL.3;5.RL.6;5.W.9;5.SL.1
ma-g5-english-language-arts-u09-l14,ma-g5-english-language-arts,5,english-language-arts,158,9,Book Clubs and Literary Analysis,14,Transfer challenge: discussion preparation,Transfer challenge,discussion preparation,5.RL.1;5.RL.2;5.RL.3;5.RL.6;5.W.9;5.SL.1
ma-g5-english-language-arts-u09-l15,ma-g5-english-language-arts,5,english-language-arts,159,9,Book Clubs and Literary Analysis,15,Assessment preparation: theme across chapters,Assessment preparation,theme across chapters,5.RL.1;5.RL.2;5.RL.3;5.RL.6;5.W.9;5.SL.1
ma-g5-english-language-arts-u09-l16,ma-g5-english-language-arts,5,english-language-arts,160,9,Book Clubs and Literary Analysis,16,Unit assessment: character development,Unit assessment,character development,5.RL.1;5.RL.2;5.RL.3;5.RL.6;5.W.9;5.SL.1
ma-g5-english-language-arts-u09-l17,ma-g5-english-language-arts,5,english-language-arts,161,9,Book Clubs and Literary Analysis,17,Targeted correction: quoting evidence,Targeted correction,quoting evidence,5.RL.1;5.RL.2;5.RL.3;5.RL.6;5.W.9;5.SL.1
ma-g5-english-language-arts-u09-l18,ma-g5-english-language-arts,5,english-language-arts,162,9,Book Clubs and Literary Analysis,18,"Publication, presentation, or reflection: literary response writing","Publication, presentation, or reflection",literary response writing,5.RL.1;5.RL.2;5.RL.3;5.RL.6;5.W.9;5.SL.1
ma-g5-english-language-arts-u10-l01,ma-g5-english-language-arts,5,english-language-arts,163,10,Publication and Communication Capstone,1,Launch and diagnostic: selecting strong work,Launch and diagnostic,selecting strong work,5.RL.10;5.RI.10;5.W.4;5.W.5;5.W.6;5.SL.4;5.SL.5;5.L.1
ma-g5-english-language-arts-u10-l02,ma-g5-english-language-arts,5,english-language-arts,164,10,Publication and Communication Capstone,2,Concept model A: substantive revision,Concept model A,substantive revision,5.RL.10;5.RI.10;5.W.4;5.W.5;5.W.6;5.SL.4;5.SL.5;5.L.1
ma-g5-english-language-arts-u10-l03,ma-g5-english-language-arts,5,english-language-arts,165,10,Publication and Communication Capstone,3,Guided practice A: editing conventions,Guided practice A,editing conventions,5.RL.10;5.RI.10;5.W.4;5.W.5;5.W.6;5.SL.4;5.SL.5;5.L.1
ma-g5-english-language-arts-u10-l04,ma-g5-english-language-arts,5,english-language-arts,166,10,Publication and Communication Capstone,4,Independent application A: visual and audio supports,Independent application A,visual and audio supports,5.RL.10;5.RI.10;5.W.4;5.W.5;5.W.6;5.SL.4;5.SL.5;5.L.1
ma-g5-english-language-arts-u10-l05,ma-g5-english-language-arts,5,english-language-arts,167,10,Publication and Communication Capstone,5,Concept model B: presentation skills,Concept model B,presentation skills,5.RL.10;5.RI.10;5.W.4;5.W.5;5.W.6;5.SL.4;5.SL.5;5.L.1
ma-g5-english-language-arts-u10-l06,ma-g5-english-language-arts,5,english-language-arts,168,10,Publication and Communication Capstone,6,Guided practice B: reflection and goal setting,Guided practice B,reflection and goal setting,5.RL.10;5.RI.10;5.W.4;5.W.5;5.W.6;5.SL.4;5.SL.5;5.L.1
ma-g5-english-language-arts-u10-l07,ma-g5-english-language-arts,5,english-language-arts,169,10,Publication and Communication Capstone,7,Investigation or close reading: selecting strong work,Investigation or close reading,selecting strong work,5.RL.10;5.RI.10;5.W.4;5.W.5;5.W.6;5.SL.4;5.SL.5;5.L.1
ma-g5-english-language-arts-u10-l08,ma-g5-english-language-arts,5,english-language-arts,170,10,Publication and Communication Capstone,8,Reteach and varied practice: substantive revision,Reteach and varied practice,substantive revision,5.RL.10;5.RI.10;5.W.4;5.W.5;5.W.6;5.SL.4;5.SL.5;5.L.1
ma-g5-english-language-arts-u10-l09,ma-g5-english-language-arts,5,english-language-arts,171,10,Publication and Communication Capstone,9,Concept model C: editing conventions,Concept model C,editing conventions,5.RL.10;5.RI.10;5.W.4;5.W.5;5.W.6;5.SL.4;5.SL.5;5.L.1
ma-g5-english-language-arts-u10-l10,ma-g5-english-language-arts,5,english-language-arts,172,10,Publication and Communication Capstone,10,Discussion or problem seminar: visual and audio supports,Discussion or problem seminar,visual and audio supports,5.RL.10;5.RI.10;5.W.4;5.W.5;5.W.6;5.SL.4;5.SL.5;5.L.1
ma-g5-english-language-arts-u10-l11,ma-g5-english-language-arts,5,english-language-arts,173,10,Publication and Communication Capstone,11,Performance task planning: presentation skills,Performance task planning,presentation skills,5.RL.10;5.RI.10;5.W.4;5.W.5;5.W.6;5.SL.4;5.SL.5;5.L.1
ma-g5-english-language-arts-u10-l12,ma-g5-english-language-arts,5,english-language-arts,174,10,Publication and Communication Capstone,12,Performance task build: reflection and goal setting,Performance task build,reflection and goal setting,5.RL.10;5.RI.10;5.W.4;5.W.5;5.W.6;5.SL.4;5.SL.5;5.L.1
ma-g5-english-language-arts-u10-l13,ma-g5-english-language-arts,5,english-language-arts,175,10,Publication and Communication Capstone,13,Skill consolidation: selecting strong work,Skill consolidation,selecting strong work,5.RL.10;5.RI.10;5.W.4;5.W.5;5.W.6;5.SL.4;5.SL.5;5.L.1
ma-g5-english-language-arts-u10-l14,ma-g5-english-language-arts,5,english-language-arts,176,10,Publication and Communication Capstone,14,Transfer challenge: substantive revision,Transfer challenge,substantive revision,5.RL.10;5.RI.10;5.W.4;5.W.5;5.W.6;5.SL.4;5.SL.5;5.L.1
ma-g5-english-language-arts-u10-l15,ma-g5-english-language-arts,5,english-language-arts,177,10,Publication and Communication Capstone,15,Assessment preparation: editing conventions,Assessment preparation,editing conventions,5.RL.10;5.RI.10;5.W.4;5.W.5;5.W.6;5.SL.4;5.SL.5;5.L.1
ma-g5-english-language-arts-u10-l16,ma-g5-english-language-arts,5,english-language-arts,178,10,Publication and Communication Capstone,16,Unit assessment: visual and audio supports,Unit assessment,visual and audio supports,5.RL.10;5.RI.10;5.W.4;5.W.5;5.W.6;5.SL.4;5.SL.5;5.L.1
ma-g5-english-language-arts-u10-l17,ma-g5-english-language-arts,5,english-language-arts,179,10,Publication and Communication Capstone,17,Targeted correction: presentation skills,Targeted correction,presentation skills,5.RL.10;5.RI.10;5.W.4;5.W.5;5.W.6;5.SL.4;5.SL.5;5.L.1
ma-g5-english-language-arts-u10-l18,ma-g5-english-language-arts,5,english-language-arts,180,10,Publication and Communication Capstone,18,"Publication, presentation, or reflection: reflection and goal setting","Publication, presentation, or reflection",reflection and goal setting,5.RL.10;5.RI.10;5.W.4;5.W.5;5.W.6;5.SL.4;5.SL.5;5.L.1
ma-g5-science-u01-l01,ma-g5-science,5,science,1,1,Science and Engineering Practices,1,Launch and diagnostic: observable phenomena,Launch and diagnostic,observable phenomena,3-5-ETS1-1;3-5-ETS1-2;3-5-ETS1-3
ma-g5-science-u01-l02,ma-g5-science,5,science,2,1,Science and Engineering Practices,2,Concept model A: testable questions,Concept model A,testable questions,3-5-ETS1-1;3-5-ETS1-2;3-5-ETS1-3
ma-g5-science-u01-l03,ma-g5-science,5,science,3,1,Science and Engineering Practices,3,Guided practice A: models and diagrams,Guided practice A,models and diagrams,3-5-ETS1-1;3-5-ETS1-2;3-5-ETS1-3
ma-g5-science-u01-l04,ma-g5-science,5,science,4,1,Science and Engineering Practices,4,Independent application A: fair tests,Independent application A,fair tests,3-5-ETS1-1;3-5-ETS1-2;3-5-ETS1-3
ma-g5-science-u01-l05,ma-g5-science,5,science,5,1,Science and Engineering Practices,5,Concept model B: measurement and data tables,Concept model B,measurement and data tables,3-5-ETS1-1;3-5-ETS1-2;3-5-ETS1-3
ma-g5-science-u01-l06,ma-g5-science,5,science,6,1,Science and Engineering Practices,6,Guided practice B: criteria and constraints,Guided practice B,criteria and constraints,3-5-ETS1-1;3-5-ETS1-2;3-5-ETS1-3
ma-g5-science-u01-l07,ma-g5-science,5,science,7,1,Science and Engineering Practices,7,Investigation or close reading: observable phenomena,Investigation or close reading,observable phenomena,3-5-ETS1-1;3-5-ETS1-2;3-5-ETS1-3
ma-g5-science-u01-l08,ma-g5-science,5,science,8,1,Science and Engineering Practices,8,Reteach and varied practice: testable questions,Reteach and varied practice,testable questions,3-5-ETS1-1;3-5-ETS1-2;3-5-ETS1-3
ma-g5-science-u01-l09,ma-g5-science,5,science,9,1,Science and Engineering Practices,9,Performance task build: models and diagrams,Performance task build,models and diagrams,3-5-ETS1-1;3-5-ETS1-2;3-5-ETS1-3
ma-g5-science-u01-l10,ma-g5-science,5,science,10,1,Science and Engineering Practices,10,Synthesis and review: fair tests,Synthesis and review,fair tests,3-5-ETS1-1;3-5-ETS1-2;3-5-ETS1-3
ma-g5-science-u01-l11,ma-g5-science,5,science,11,1,Science and Engineering Practices,11,Unit assessment: measurement and data tables,Unit assessment,measurement and data tables,3-5-ETS1-1;3-5-ETS1-2;3-5-ETS1-3
ma-g5-science-u01-l12,ma-g5-science,5,science,12,1,Science and Engineering Practices,12,Correction and reflection: criteria and constraints,Correction and reflection,criteria and constraints,3-5-ETS1-1;3-5-ETS1-2;3-5-ETS1-3
ma-g5-science-u02-l01,ma-g5-science,5,science,13,2,Properties of Matter,1,Launch and diagnostic: particles and matter models,Launch and diagnostic,particles and matter models,5-PS1-1;5-PS1-3
ma-g5-science-u02-l02,ma-g5-science,5,science,14,2,Properties of Matter,2,Concept model A: observable properties,Concept model A,observable properties,5-PS1-1;5-PS1-3
ma-g5-science-u02-l03,ma-g5-science,5,science,15,2,Properties of Matter,3,Guided practice A: mass and volume,Guided practice A,mass and volume,5-PS1-1;5-PS1-3
ma-g5-science-u02-l04,ma-g5-science,5,science,16,2,Properties of Matter,4,Independent application A: identifying materials,Independent application A,identifying materials,5-PS1-1;5-PS1-3
ma-g5-science-u02-l05,ma-g5-science,5,science,17,2,Properties of Matter,5,Concept model B: mixtures,Concept model B,mixtures,5-PS1-1;5-PS1-3
ma-g5-science-u02-l06,ma-g5-science,5,science,18,2,Properties of Matter,6,Guided practice B: measurement precision,Guided practice B,measurement precision,5-PS1-1;5-PS1-3
ma-g5-science-u02-l07,ma-g5-science,5,science,19,2,Properties of Matter,7,Investigation or close reading: particles and matter models,Investigation or close reading,particles and matter models,5-PS1-1;5-PS1-3
ma-g5-science-u02-l08,ma-g5-science,5,science,20,2,Properties of Matter,8,Reteach and varied practice: observable properties,Reteach and varied practice,observable properties,5-PS1-1;5-PS1-3
ma-g5-science-u02-l09,ma-g5-science,5,science,21,2,Properties of Matter,9,Performance task build: mass and volume,Performance task build,mass and volume,5-PS1-1;5-PS1-3
ma-g5-science-u02-l10,ma-g5-science,5,science,22,2,Properties of Matter,10,Synthesis and review: identifying materials,Synthesis and review,identifying materials,5-PS1-1;5-PS1-3
ma-g5-science-u02-l11,ma-g5-science,5,science,23,2,Properties of Matter,11,Unit assessment: mixtures,Unit assessment,mixtures,5-PS1-1;5-PS1-3
ma-g5-science-u02-l12,ma-g5-science,5,science,24,2,Properties of Matter,12,Correction and reflection: measurement precision,Correction and reflection,measurement precision,5-PS1-1;5-PS1-3
ma-g5-science-u03-l01,ma-g5-science,5,science,25,3,Changes and Conservation of Matter,1,Launch and diagnostic: physical changes,Launch and diagnostic,physical changes,5-PS1-2;5-PS1-4
ma-g5-science-u03-l02,ma-g5-science,5,science,26,3,Changes and Conservation of Matter,2,Concept model A: mixing substances,Concept model A,mixing substances,5-PS1-2;5-PS1-4
ma-g5-science-u03-l03,ma-g5-science,5,science,27,3,Changes and Conservation of Matter,3,Guided practice A: signs of chemical change,Guided practice A,signs of chemical change,5-PS1-2;5-PS1-4
ma-g5-science-u03-l04,ma-g5-science,5,science,28,3,Changes and Conservation of Matter,4,Independent application A: conservation of mass,Independent application A,conservation of mass,5-PS1-2;5-PS1-4
ma-g5-science-u03-l05,ma-g5-science,5,science,29,3,Changes and Conservation of Matter,5,Concept model B: open and closed systems,Concept model B,open and closed systems,5-PS1-2;5-PS1-4
ma-g5-science-u03-l06,ma-g5-science,5,science,30,3,Changes and Conservation of Matter,6,Guided practice B: evidence from measurements,Guided practice B,evidence from measurements,5-PS1-2;5-PS1-4
ma-g5-science-u03-l07,ma-g5-science,5,science,31,3,Changes and Conservation of Matter,7,Investigation or close reading: physical changes,Investigation or close reading,physical changes,5-PS1-2;5-PS1-4
ma-g5-science-u03-l08,ma-g5-science,5,science,32,3,Changes and Conservation of Matter,8,Reteach and varied practice: mixing substances,Reteach and varied practice,mixing substances,5-PS1-2;5-PS1-4
ma-g5-science-u03-l09,ma-g5-science,5,science,33,3,Changes and Conservation of Matter,9,Performance task build: signs of chemical change,Performance task build,signs of chemical change,5-PS1-2;5-PS1-4
ma-g5-science-u03-l10,ma-g5-science,5,science,34,3,Changes and Conservation of Matter,10,Synthesis and review: conservation of mass,Synthesis and review,conservation of mass,5-PS1-2;5-PS1-4
ma-g5-science-u03-l11,ma-g5-science,5,science,35,3,Changes and Conservation of Matter,11,Unit assessment: open and closed systems,Unit assessment,open and closed systems,5-PS1-2;5-PS1-4
ma-g5-science-u03-l12,ma-g5-science,5,science,36,3,Changes and Conservation of Matter,12,Correction and reflection: evidence from measurements,Correction and reflection,evidence from measurements,5-PS1-2;5-PS1-4
ma-g5-science-u04-l01,ma-g5-science,5,science,37,4,Energy in Food and Motion,1,Launch and diagnostic: energy from the sun,Launch and diagnostic,energy from the sun,5-PS3-1;5-PS2-1
ma-g5-science-u04-l02,ma-g5-science,5,science,38,4,Energy in Food and Motion,2,Concept model A: energy in food,Concept model A,energy in food,5-PS3-1;5-PS2-1
ma-g5-science-u04-l03,ma-g5-science,5,science,39,4,Energy in Food and Motion,3,Guided practice A: food webs and energy transfer,Guided practice A,food webs and energy transfer,5-PS3-1;5-PS2-1
ma-g5-science-u04-l04,ma-g5-science,5,science,40,4,Energy in Food and Motion,4,Independent application A: gravity,Independent application A,gravity,5-PS3-1;5-PS2-1
ma-g5-science-u04-l05,ma-g5-science,5,science,41,4,Energy in Food and Motion,5,Concept model B: motion observations,Concept model B,motion observations,5-PS3-1;5-PS2-1
ma-g5-science-u04-l06,ma-g5-science,5,science,42,4,Energy in Food and Motion,6,Guided practice B: cause and effect,Guided practice B,cause and effect,5-PS3-1;5-PS2-1
ma-g5-science-u04-l07,ma-g5-science,5,science,43,4,Energy in Food and Motion,7,Investigation or close reading: energy from the sun,Investigation or close reading,energy from the sun,5-PS3-1;5-PS2-1
ma-g5-science-u04-l08,ma-g5-science,5,science,44,4,Energy in Food and Motion,8,Reteach and varied practice: energy in food,Reteach and varied practice,energy in food,5-PS3-1;5-PS2-1
ma-g5-science-u04-l09,ma-g5-science,5,science,45,4,Energy in Food and Motion,9,Performance task build: food webs and energy transfer,Performance task build,food webs and energy transfer,5-PS3-1;5-PS2-1
ma-g5-science-u04-l10,ma-g5-science,5,science,46,4,Energy in Food and Motion,10,Synthesis and review: gravity,Synthesis and review,gravity,5-PS3-1;5-PS2-1
ma-g5-science-u04-l11,ma-g5-science,5,science,47,4,Energy in Food and Motion,11,Unit assessment: motion observations,Unit assessment,motion observations,5-PS3-1;5-PS2-1
ma-g5-science-u04-l12,ma-g5-science,5,science,48,4,Energy in Food and Motion,12,Correction and reflection: cause and effect,Correction and reflection,cause and effect,5-PS3-1;5-PS2-1
ma-g5-science-u05-l01,ma-g5-science,5,science,49,5,"Plants, Ecosystems, and Matter Cycles",1,Launch and diagnostic: plant growth needs,Launch and diagnostic,plant growth needs,5-LS1-1;5-LS2-1
ma-g5-science-u05-l02,ma-g5-science,5,science,50,5,"Plants, Ecosystems, and Matter Cycles",2,Concept model A: air and water as matter sources,Concept model A,air and water as matter sources,5-LS1-1;5-LS2-1
ma-g5-science-u05-l03,ma-g5-science,5,science,51,5,"Plants, Ecosystems, and Matter Cycles",3,Guided practice A: producers consumers decomposers,Guided practice A,producers consumers decomposers,5-LS1-1;5-LS2-1
ma-g5-science-u05-l04,ma-g5-science,5,science,52,5,"Plants, Ecosystems, and Matter Cycles",4,Independent application A: food webs,Independent application A,food webs,5-LS1-1;5-LS2-1
ma-g5-science-u05-l05,ma-g5-science,5,science,53,5,"Plants, Ecosystems, and Matter Cycles",5,Concept model B: matter cycling,Concept model B,matter cycling,5-LS1-1;5-LS2-1
ma-g5-science-u05-l06,ma-g5-science,5,science,54,5,"Plants, Ecosystems, and Matter Cycles",6,Guided practice B: ecosystem interdependence,Guided practice B,ecosystem interdependence,5-LS1-1;5-LS2-1
ma-g5-science-u05-l07,ma-g5-science,5,science,55,5,"Plants, Ecosystems, and Matter Cycles",7,Investigation or close reading: plant growth needs,Investigation or close reading,plant growth needs,5-LS1-1;5-LS2-1
ma-g5-science-u05-l08,ma-g5-science,5,science,56,5,"Plants, Ecosystems, and Matter Cycles",8,Reteach and varied practice: air and water as matter sources,Reteach and varied practice,air and water as matter sources,5-LS1-1;5-LS2-1
ma-g5-science-u05-l09,ma-g5-science,5,science,57,5,"Plants, Ecosystems, and Matter Cycles",9,Performance task build: producers consumers decomposers,Performance task build,producers consumers decomposers,5-LS1-1;5-LS2-1
ma-g5-science-u05-l10,ma-g5-science,5,science,58,5,"Plants, Ecosystems, and Matter Cycles",10,Synthesis and review: food webs,Synthesis and review,food webs,5-LS1-1;5-LS2-1
ma-g5-science-u05-l11,ma-g5-science,5,science,59,5,"Plants, Ecosystems, and Matter Cycles",11,Unit assessment: matter cycling,Unit assessment,matter cycling,5-LS1-1;5-LS2-1
ma-g5-science-u05-l12,ma-g5-science,5,science,60,5,"Plants, Ecosystems, and Matter Cycles",12,Correction and reflection: ecosystem interdependence,Correction and reflection,ecosystem interdependence,5-LS1-1;5-LS2-1
ma-g5-science-u06-l01,ma-g5-science,5,science,61,6,Earth Systems and Water,1,Launch and diagnostic: geosphere hydrosphere atmosphere biosphere,Launch and diagnostic,geosphere hydrosphere atmosphere biosphere,5-ESS2-1;5-ESS2-2
ma-g5-science-u06-l02,ma-g5-science,5,science,62,6,Earth Systems and Water,2,Concept model A: water distribution,Concept model A,water distribution,5-ESS2-1;5-ESS2-2
ma-g5-science-u06-l03,ma-g5-science,5,science,63,6,Earth Systems and Water,3,Guided practice A: surface water and groundwater,Guided practice A,surface water and groundwater,5-ESS2-1;5-ESS2-2
ma-g5-science-u06-l04,ma-g5-science,5,science,64,6,Earth Systems and Water,4,Independent application A: system interactions,Independent application A,system interactions,5-ESS2-1;5-ESS2-2
ma-g5-science-u06-l05,ma-g5-science,5,science,65,6,Earth Systems and Water,5,Concept model B: maps and data,Concept model B,maps and data,5-ESS2-1;5-ESS2-2
ma-g5-science-u06-l06,ma-g5-science,5,science,66,6,Earth Systems and Water,6,Guided practice B: regional water patterns,Guided practice B,regional water patterns,5-ESS2-1;5-ESS2-2
ma-g5-science-u06-l07,ma-g5-science,5,science,67,6,Earth Systems and Water,7,Investigation or close reading: geosphere hydrosphere atmosphere biosphere,Investigation or close reading,geosphere hydrosphere atmosphere biosphere,5-ESS2-1;5-ESS2-2
ma-g5-science-u06-l08,ma-g5-science,5,science,68,6,Earth Systems and Water,8,Reteach and varied practice: water distribution,Reteach and varied practice,water distribution,5-ESS2-1;5-ESS2-2
ma-g5-science-u06-l09,ma-g5-science,5,science,69,6,Earth Systems and Water,9,Performance task build: surface water and groundwater,Performance task build,surface water and groundwater,5-ESS2-1;5-ESS2-2
ma-g5-science-u06-l10,ma-g5-science,5,science,70,6,Earth Systems and Water,10,Synthesis and review: system interactions,Synthesis and review,system interactions,5-ESS2-1;5-ESS2-2
ma-g5-science-u06-l11,ma-g5-science,5,science,71,6,Earth Systems and Water,11,Unit assessment: maps and data,Unit assessment,maps and data,5-ESS2-1;5-ESS2-2
ma-g5-science-u06-l12,ma-g5-science,5,science,72,6,Earth Systems and Water,12,Correction and reflection: regional water patterns,Correction and reflection,regional water patterns,5-ESS2-1;5-ESS2-2
ma-g5-science-u07-l01,ma-g5-science,5,science,73,7,Patterns in the Sky,1,Launch and diagnostic: star brightness and distance,Launch and diagnostic,star brightness and distance,5-ESS1-1;5-ESS1-2
ma-g5-science-u07-l02,ma-g5-science,5,science,74,7,Patterns in the Sky,2,Concept model A: sun as a star,Concept model A,sun as a star,5-ESS1-1;5-ESS1-2
ma-g5-science-u07-l03,ma-g5-science,5,science,75,7,Patterns in the Sky,3,Guided practice A: daily shadow patterns,Guided practice A,daily shadow patterns,5-ESS1-1;5-ESS1-2
ma-g5-science-u07-l04,ma-g5-science,5,science,76,7,Patterns in the Sky,4,Independent application A: seasonal daylight patterns,Independent application A,seasonal daylight patterns,5-ESS1-1;5-ESS1-2
ma-g5-science-u07-l05,ma-g5-science,5,science,77,7,Patterns in the Sky,5,Concept model B: data over time,Concept model B,data over time,5-ESS1-1;5-ESS1-2
ma-g5-science-u07-l06,ma-g5-science,5,science,78,7,Patterns in the Sky,6,Guided practice B: scale models and limitations,Guided practice B,scale models and limitations,5-ESS1-1;5-ESS1-2
ma-g5-science-u07-l07,ma-g5-science,5,science,79,7,Patterns in the Sky,7,Investigation or close reading: star brightness and distance,Investigation or close reading,star brightness and distance,5-ESS1-1;5-ESS1-2
ma-g5-science-u07-l08,ma-g5-science,5,science,80,7,Patterns in the Sky,8,Reteach and varied practice: sun as a star,Reteach and varied practice,sun as a star,5-ESS1-1;5-ESS1-2
ma-g5-science-u07-l09,ma-g5-science,5,science,81,7,Patterns in the Sky,9,Performance task build: daily shadow patterns,Performance task build,daily shadow patterns,5-ESS1-1;5-ESS1-2
ma-g5-science-u07-l10,ma-g5-science,5,science,82,7,Patterns in the Sky,10,Synthesis and review: seasonal daylight patterns,Synthesis and review,seasonal daylight patterns,5-ESS1-1;5-ESS1-2
ma-g5-science-u07-l11,ma-g5-science,5,science,83,7,Patterns in the Sky,11,Unit assessment: data over time,Unit assessment,data over time,5-ESS1-1;5-ESS1-2
ma-g5-science-u07-l12,ma-g5-science,5,science,84,7,Patterns in the Sky,12,Correction and reflection: scale models and limitations,Correction and reflection,scale models and limitations,5-ESS1-1;5-ESS1-2
ma-g5-science-u08-l01,ma-g5-science,5,science,85,8,Human Impact and Environmental Decisions,1,Launch and diagnostic: resource use,Launch and diagnostic,resource use,5-ESS3-1;3-5-ETS1-1
ma-g5-science-u08-l02,ma-g5-science,5,science,86,8,Human Impact and Environmental Decisions,2,Concept model A: waste and pollution,Concept model A,waste and pollution,5-ESS3-1;3-5-ETS1-1
ma-g5-science-u08-l03,ma-g5-science,5,science,87,8,Human Impact and Environmental Decisions,3,Guided practice A: conservation strategies,Guided practice A,conservation strategies,5-ESS3-1;3-5-ETS1-1
ma-g5-science-u08-l04,ma-g5-science,5,science,88,8,Human Impact and Environmental Decisions,4,Independent application A: community tradeoffs,Independent application A,community tradeoffs,5-ESS3-1;3-5-ETS1-1
ma-g5-science-u08-l05,ma-g5-science,5,science,89,8,Human Impact and Environmental Decisions,5,Concept model B: evidence-based decisions,Concept model B,evidence-based decisions,5-ESS3-1;3-5-ETS1-1
ma-g5-science-u08-l06,ma-g5-science,5,science,90,8,Human Impact and Environmental Decisions,6,Guided practice B: solution criteria,Guided practice B,solution criteria,5-ESS3-1;3-5-ETS1-1
ma-g5-science-u08-l07,ma-g5-science,5,science,91,8,Human Impact and Environmental Decisions,7,Investigation or close reading: resource use,Investigation or close reading,resource use,5-ESS3-1;3-5-ETS1-1
ma-g5-science-u08-l08,ma-g5-science,5,science,92,8,Human Impact and Environmental Decisions,8,Reteach and varied practice: waste and pollution,Reteach and varied practice,waste and pollution,5-ESS3-1;3-5-ETS1-1
ma-g5-science-u08-l09,ma-g5-science,5,science,93,8,Human Impact and Environmental Decisions,9,Performance task build: conservation strategies,Performance task build,conservation strategies,5-ESS3-1;3-5-ETS1-1
ma-g5-science-u08-l10,ma-g5-science,5,science,94,8,Human Impact and Environmental Decisions,10,Synthesis and review: community tradeoffs,Synthesis and review,community tradeoffs,5-ESS3-1;3-5-ETS1-1
ma-g5-science-u08-l11,ma-g5-science,5,science,95,8,Human Impact and Environmental Decisions,11,Unit assessment: evidence-based decisions,Unit assessment,evidence-based decisions,5-ESS3-1;3-5-ETS1-1
ma-g5-science-u08-l12,ma-g5-science,5,science,96,8,Human Impact and Environmental Decisions,12,Correction and reflection: solution criteria,Correction and reflection,solution criteria,5-ESS3-1;3-5-ETS1-1
ma-g5-science-u09-l01,ma-g5-science,5,science,97,9,Integrated Science and Engineering Capstone,1,Launch and diagnostic: systems thinking,Launch and diagnostic,systems thinking,5-PS1-1;5-LS2-1;5-ESS2-1;5-ESS3-1;3-5-ETS1-3
ma-g5-science-u09-l02,ma-g5-science,5,science,98,9,Integrated Science and Engineering Capstone,2,Concept model A: cause and effect,Concept model A,cause and effect,5-PS1-1;5-LS2-1;5-ESS2-1;5-ESS3-1;3-5-ETS1-3
ma-g5-science-u09-l03,ma-g5-science,5,science,99,9,Integrated Science and Engineering Capstone,3,Guided practice A: energy and matter,Guided practice A,energy and matter,5-PS1-1;5-LS2-1;5-ESS2-1;5-ESS3-1;3-5-ETS1-3
ma-g5-science-u09-l04,ma-g5-science,5,science,100,9,Integrated Science and Engineering Capstone,4,Independent application A: data communication,Independent application A,data communication,5-PS1-1;5-LS2-1;5-ESS2-1;5-ESS3-1;3-5-ETS1-3
ma-g5-science-u09-l05,ma-g5-science,5,science,101,9,Integrated Science and Engineering Capstone,5,Concept model B: design iteration,Concept model B,design iteration,5-PS1-1;5-LS2-1;5-ESS2-1;5-ESS3-1;3-5-ETS1-3
ma-g5-science-u09-l06,ma-g5-science,5,science,102,9,Integrated Science and Engineering Capstone,6,Guided practice B: scientific argument,Guided practice B,scientific argument,5-PS1-1;5-LS2-1;5-ESS2-1;5-ESS3-1;3-5-ETS1-3
ma-g5-science-u09-l07,ma-g5-science,5,science,103,9,Integrated Science and Engineering Capstone,7,Investigation or close reading: systems thinking,Investigation or close reading,systems thinking,5-PS1-1;5-LS2-1;5-ESS2-1;5-ESS3-1;3-5-ETS1-3
ma-g5-science-u09-l08,ma-g5-science,5,science,104,9,Integrated Science and Engineering Capstone,8,Reteach and varied practice: cause and effect,Reteach and varied practice,cause and effect,5-PS1-1;5-LS2-1;5-ESS2-1;5-ESS3-1;3-5-ETS1-3
ma-g5-science-u09-l09,ma-g5-science,5,science,105,9,Integrated Science and Engineering Capstone,9,Performance task build: energy and matter,Performance task build,energy and matter,5-PS1-1;5-LS2-1;5-ESS2-1;5-ESS3-1;3-5-ETS1-3
ma-g5-science-u09-l10,ma-g5-science,5,science,106,9,Integrated Science and Engineering Capstone,10,Synthesis and review: data communication,Synthesis and review,data communication,5-PS1-1;5-LS2-1;5-ESS2-1;5-ESS3-1;3-5-ETS1-3
ma-g5-science-u09-l11,ma-g5-science,5,science,107,9,Integrated Science and Engineering Capstone,11,Unit assessment: design iteration,Unit assessment,design iteration,5-PS1-1;5-LS2-1;5-ESS2-1;5-ESS3-1;3-5-ETS1-3
ma-g5-science-u09-l12,ma-g5-science,5,science,108,9,Integrated Science and Engineering Capstone,12,Correction and reflection: scientific argument,Correction and reflection,scientific argument,5-PS1-1;5-LS2-1;5-ESS2-1;5-ESS3-1;3-5-ETS1-3
ma-g5-social-studies-u01-l01,ma-g5-social-studies,5,social-studies,1,1,"Geography, Historical Thinking, and Civic Inquiry",1,Launch and diagnostic: timeline and chronology,Launch and diagnostic,timeline and chronology,Michigan Grade 5 H1;G1;P1
ma-g5-social-studies-u01-l02,ma-g5-social-studies,5,social-studies,2,1,"Geography, Historical Thinking, and Civic Inquiry",2,Concept model A: maps and spatial thinking,Concept model A,maps and spatial thinking,Michigan Grade 5 H1;G1;P1
ma-g5-social-studies-u01-l03,ma-g5-social-studies,5,social-studies,3,1,"Geography, Historical Thinking, and Civic Inquiry",3,Guided practice A: primary and secondary sources,Guided practice A,primary and secondary sources,Michigan Grade 5 H1;G1;P1
ma-g5-social-studies-u01-l04,ma-g5-social-studies,5,social-studies,4,1,"Geography, Historical Thinking, and Civic Inquiry",4,Independent application A: perspective and context,Independent application A,perspective and context,Michigan Grade 5 H1;G1;P1
ma-g5-social-studies-u01-l05,ma-g5-social-studies,5,social-studies,5,1,"Geography, Historical Thinking, and Civic Inquiry",5,Concept model B: claims and evidence,Concept model B,claims and evidence,Michigan Grade 5 H1;G1;P1
ma-g5-social-studies-u01-l06,ma-g5-social-studies,5,social-studies,6,1,"Geography, Historical Thinking, and Civic Inquiry",6,Guided practice B: civic questions,Guided practice B,civic questions,Michigan Grade 5 H1;G1;P1
ma-g5-social-studies-u01-l07,ma-g5-social-studies,5,social-studies,7,1,"Geography, Historical Thinking, and Civic Inquiry",7,Investigation or close reading: timeline and chronology,Investigation or close reading,timeline and chronology,Michigan Grade 5 H1;G1;P1
ma-g5-social-studies-u01-l08,ma-g5-social-studies,5,social-studies,8,1,"Geography, Historical Thinking, and Civic Inquiry",8,Reteach and varied practice: maps and spatial thinking,Reteach and varied practice,maps and spatial thinking,Michigan Grade 5 H1;G1;P1
ma-g5-social-studies-u01-l09,ma-g5-social-studies,5,social-studies,9,1,"Geography, Historical Thinking, and Civic Inquiry",9,Performance task build: primary and secondary sources,Performance task build,primary and secondary sources,Michigan Grade 5 H1;G1;P1
ma-g5-social-studies-u01-l10,ma-g5-social-studies,5,social-studies,10,1,"Geography, Historical Thinking, and Civic Inquiry",10,Synthesis and review: perspective and context,Synthesis and review,perspective and context,Michigan Grade 5 H1;G1;P1
ma-g5-social-studies-u01-l11,ma-g5-social-studies,5,social-studies,11,1,"Geography, Historical Thinking, and Civic Inquiry",11,Unit assessment: claims and evidence,Unit assessment,claims and evidence,Michigan Grade 5 H1;G1;P1
ma-g5-social-studies-u01-l12,ma-g5-social-studies,5,social-studies,12,1,"Geography, Historical Thinking, and Civic Inquiry",12,Correction and reflection: civic questions,Correction and reflection,civic questions,Michigan Grade 5 H1;G1;P1
ma-g5-social-studies-u02-l01,ma-g5-social-studies,5,social-studies,13,2,Indigenous Peoples Before European Contact,1,Launch and diagnostic: regional diversity,Launch and diagnostic,regional diversity,Michigan Grade 5 U1.1;G4
ma-g5-social-studies-u02-l02,ma-g5-social-studies,5,social-studies,14,2,Indigenous Peoples Before European Contact,2,Concept model A: land and resources,Concept model A,land and resources,Michigan Grade 5 U1.1;G4
ma-g5-social-studies-u02-l03,ma-g5-social-studies,5,social-studies,15,2,Indigenous Peoples Before European Contact,3,Guided practice A: governance and community,Guided practice A,governance and community,Michigan Grade 5 U1.1;G4
ma-g5-social-studies-u02-l04,ma-g5-social-studies,5,social-studies,16,2,Indigenous Peoples Before European Contact,4,Independent application A: trade networks,Independent application A,trade networks,Michigan Grade 5 U1.1;G4
ma-g5-social-studies-u02-l05,ma-g5-social-studies,5,social-studies,17,2,Indigenous Peoples Before European Contact,5,Concept model B: cultural continuity,Concept model B,cultural continuity,Michigan Grade 5 U1.1;G4
ma-g5-social-studies-u02-l06,ma-g5-social-studies,5,social-studies,18,2,Indigenous Peoples Before European Contact,6,Guided practice B: source perspective,Guided practice B,source perspective,Michigan Grade 5 U1.1;G4
ma-g5-social-studies-u02-l07,ma-g5-social-studies,5,social-studies,19,2,Indigenous Peoples Before European Contact,7,Investigation or close reading: regional diversity,Investigation or close reading,regional diversity,Michigan Grade 5 U1.1;G4
ma-g5-social-studies-u02-l08,ma-g5-social-studies,5,social-studies,20,2,Indigenous Peoples Before European Contact,8,Reteach and varied practice: land and resources,Reteach and varied practice,land and resources,Michigan Grade 5 U1.1;G4
ma-g5-social-studies-u02-l09,ma-g5-social-studies,5,social-studies,21,2,Indigenous Peoples Before European Contact,9,Performance task build: governance and community,Performance task build,governance and community,Michigan Grade 5 U1.1;G4
ma-g5-social-studies-u02-l10,ma-g5-social-studies,5,social-studies,22,2,Indigenous Peoples Before European Contact,10,Synthesis and review: trade networks,Synthesis and review,trade networks,Michigan Grade 5 U1.1;G4
ma-g5-social-studies-u02-l11,ma-g5-social-studies,5,social-studies,23,2,Indigenous Peoples Before European Contact,11,Unit assessment: cultural continuity,Unit assessment,cultural continuity,Michigan Grade 5 U1.1;G4
ma-g5-social-studies-u02-l12,ma-g5-social-studies,5,social-studies,24,2,Indigenous Peoples Before European Contact,12,Correction and reflection: source perspective,Correction and reflection,source perspective,Michigan Grade 5 U1.1;G4
ma-g5-social-studies-u03-l01,ma-g5-social-studies,5,social-studies,25,3,European Exploration and Global Motives,1,Launch and diagnostic: economic and political motives,Launch and diagnostic,economic and political motives,Michigan Grade 5 U1.2;G4;E1
ma-g5-social-studies-u03-l02,ma-g5-social-studies,5,social-studies,26,3,European Exploration and Global Motives,2,Concept model A: navigation and technology,Concept model A,navigation and technology,Michigan Grade 5 U1.2;G4;E1
ma-g5-social-studies-u03-l03,ma-g5-social-studies,5,social-studies,27,3,European Exploration and Global Motives,3,Guided practice A: routes and maps,Guided practice A,routes and maps,Michigan Grade 5 U1.2;G4;E1
ma-g5-social-studies-u03-l04,ma-g5-social-studies,5,social-studies,28,3,European Exploration and Global Motives,4,Independent application A: encounters and consequences,Independent application A,encounters and consequences,Michigan Grade 5 U1.2;G4;E1
ma-g5-social-studies-u03-l05,ma-g5-social-studies,5,social-studies,29,3,European Exploration and Global Motives,5,Concept model B: claims to land,Concept model B,claims to land,Michigan Grade 5 U1.2;G4;E1
ma-g5-social-studies-u03-l06,ma-g5-social-studies,5,social-studies,30,3,European Exploration and Global Motives,6,Guided practice B: source reliability,Guided practice B,source reliability,Michigan Grade 5 U1.2;G4;E1
ma-g5-social-studies-u03-l07,ma-g5-social-studies,5,social-studies,31,3,European Exploration and Global Motives,7,Investigation or close reading: economic and political motives,Investigation or close reading,economic and political motives,Michigan Grade 5 U1.2;G4;E1
ma-g5-social-studies-u03-l08,ma-g5-social-studies,5,social-studies,32,3,European Exploration and Global Motives,8,Reteach and varied practice: navigation and technology,Reteach and varied practice,navigation and technology,Michigan Grade 5 U1.2;G4;E1
ma-g5-social-studies-u03-l09,ma-g5-social-studies,5,social-studies,33,3,European Exploration and Global Motives,9,Performance task build: routes and maps,Performance task build,routes and maps,Michigan Grade 5 U1.2;G4;E1
ma-g5-social-studies-u03-l10,ma-g5-social-studies,5,social-studies,34,3,European Exploration and Global Motives,10,Synthesis and review: encounters and consequences,Synthesis and review,encounters and consequences,Michigan Grade 5 U1.2;G4;E1
ma-g5-social-studies-u03-l11,ma-g5-social-studies,5,social-studies,35,3,European Exploration and Global Motives,11,Unit assessment: claims to land,Unit assessment,claims to land,Michigan Grade 5 U1.2;G4;E1
ma-g5-social-studies-u03-l12,ma-g5-social-studies,5,social-studies,36,3,European Exploration and Global Motives,12,Correction and reflection: source reliability,Correction and reflection,source reliability,Michigan Grade 5 U1.2;G4;E1
ma-g5-social-studies-u04-l01,ma-g5-social-studies,5,social-studies,37,4,African Societies and the Atlantic World,1,Launch and diagnostic: diverse African societies,Launch and diagnostic,diverse African societies,Michigan Grade 5 U1.3;U1.4;G4
ma-g5-social-studies-u04-l02,ma-g5-social-studies,5,social-studies,38,4,African Societies and the Atlantic World,2,Concept model A: trade and scholarship,Concept model A,trade and scholarship,Michigan Grade 5 U1.3;U1.4;G4
ma-g5-social-studies-u04-l03,ma-g5-social-studies,5,social-studies,39,4,African Societies and the Atlantic World,3,Guided practice A: European contact,Guided practice A,European contact,Michigan Grade 5 U1.3;U1.4;G4
ma-g5-social-studies-u04-l04,ma-g5-social-studies,5,social-studies,40,4,African Societies and the Atlantic World,4,Independent application A: forced migration,Independent application A,forced migration,Michigan Grade 5 U1.3;U1.4;G4
ma-g5-social-studies-u04-l05,ma-g5-social-studies,5,social-studies,41,4,African Societies and the Atlantic World,5,Concept model B: human dignity and resistance,Concept model B,human dignity and resistance,Michigan Grade 5 U1.3;U1.4;G4
ma-g5-social-studies-u04-l06,ma-g5-social-studies,5,social-studies,42,4,African Societies and the Atlantic World,6,Guided practice B: three-world interactions,Guided practice B,three-world interactions,Michigan Grade 5 U1.3;U1.4;G4
ma-g5-social-studies-u04-l07,ma-g5-social-studies,5,social-studies,43,4,African Societies and the Atlantic World,7,Investigation or close reading: diverse African societies,Investigation or close reading,diverse African societies,Michigan Grade 5 U1.3;U1.4;G4
ma-g5-social-studies-u04-l08,ma-g5-social-studies,5,social-studies,44,4,African Societies and the Atlantic World,8,Reteach and varied practice: trade and scholarship,Reteach and varied practice,trade and scholarship,Michigan Grade 5 U1.3;U1.4;G4
ma-g5-social-studies-u04-l09,ma-g5-social-studies,5,social-studies,45,4,African Societies and the Atlantic World,9,Performance task build: European contact,Performance task build,European contact,Michigan Grade 5 U1.3;U1.4;G4
ma-g5-social-studies-u04-l10,ma-g5-social-studies,5,social-studies,46,4,African Societies and the Atlantic World,10,Synthesis and review: forced migration,Synthesis and review,forced migration,Michigan Grade 5 U1.3;U1.4;G4
ma-g5-social-studies-u04-l11,ma-g5-social-studies,5,social-studies,47,4,African Societies and the Atlantic World,11,Unit assessment: human dignity and resistance,Unit assessment,human dignity and resistance,Michigan Grade 5 U1.3;U1.4;G4
ma-g5-social-studies-u04-l12,ma-g5-social-studies,5,social-studies,48,4,African Societies and the Atlantic World,12,Correction and reflection: three-world interactions,Correction and reflection,three-world interactions,Michigan Grade 5 U1.3;U1.4;G4
ma-g5-social-studies-u05-l01,ma-g5-social-studies,5,social-studies,49,5,Three Worlds Meet,1,Launch and diagnostic: Columbian Exchange,Launch and diagnostic,Columbian Exchange,Michigan Grade 5 U1.4;G2;G4
ma-g5-social-studies-u05-l02,ma-g5-social-studies,5,social-studies,50,5,Three Worlds Meet,2,Concept model A: environmental change,Concept model A,environmental change,Michigan Grade 5 U1.4;G2;G4
ma-g5-social-studies-u05-l03,ma-g5-social-studies,5,social-studies,51,5,Three Worlds Meet,3,Guided practice A: disease and population,Guided practice A,disease and population,Michigan Grade 5 U1.4;G2;G4
ma-g5-social-studies-u05-l04,ma-g5-social-studies,5,social-studies,52,5,Three Worlds Meet,4,Independent application A: cultural exchange,Independent application A,cultural exchange,Michigan Grade 5 U1.4;G2;G4
ma-g5-social-studies-u05-l05,ma-g5-social-studies,5,social-studies,53,5,Three Worlds Meet,5,Concept model B: conflict and cooperation,Concept model B,conflict and cooperation,Michigan Grade 5 U1.4;G2;G4
ma-g5-social-studies-u05-l06,ma-g5-social-studies,5,social-studies,54,5,Three Worlds Meet,6,Guided practice B: long-term consequences,Guided practice B,long-term consequences,Michigan Grade 5 U1.4;G2;G4
ma-g5-social-studies-u05-l07,ma-g5-social-studies,5,social-studies,55,5,Three Worlds Meet,7,Investigation or close reading: Columbian Exchange,Investigation or close reading,Columbian Exchange,Michigan Grade 5 U1.4;G2;G4
ma-g5-social-studies-u05-l08,ma-g5-social-studies,5,social-studies,56,5,Three Worlds Meet,8,Reteach and varied practice: environmental change,Reteach and varied practice,environmental change,Michigan Grade 5 U1.4;G2;G4
ma-g5-social-studies-u05-l09,ma-g5-social-studies,5,social-studies,57,5,Three Worlds Meet,9,Performance task build: disease and population,Performance task build,disease and population,Michigan Grade 5 U1.4;G2;G4
ma-g5-social-studies-u05-l10,ma-g5-social-studies,5,social-studies,58,5,Three Worlds Meet,10,Synthesis and review: cultural exchange,Synthesis and review,cultural exchange,Michigan Grade 5 U1.4;G2;G4
ma-g5-social-studies-u05-l11,ma-g5-social-studies,5,social-studies,59,5,Three Worlds Meet,11,Unit assessment: conflict and cooperation,Unit assessment,conflict and cooperation,Michigan Grade 5 U1.4;G2;G4
ma-g5-social-studies-u05-l12,ma-g5-social-studies,5,social-studies,60,5,Three Worlds Meet,12,Correction and reflection: long-term consequences,Correction and reflection,long-term consequences,Michigan Grade 5 U1.4;G2;G4
ma-g5-social-studies-u06-l01,ma-g5-social-studies,5,social-studies,61,6,Colonization and Regional Development,1,Launch and diagnostic: colonial regions,Launch and diagnostic,colonial regions,Michigan Grade 5 U2.1;U2.2;G2;E1
ma-g5-social-studies-u06-l02,ma-g5-social-studies,5,social-studies,62,6,Colonization and Regional Development,2,Concept model A: settlement motives,Concept model A,settlement motives,Michigan Grade 5 U2.1;U2.2;G2;E1
ma-g5-social-studies-u06-l03,ma-g5-social-studies,5,social-studies,63,6,Colonization and Regional Development,3,Guided practice A: Indigenous-colonial relations,Guided practice A,Indigenous-colonial relations,Michigan Grade 5 U2.1;U2.2;G2;E1
ma-g5-social-studies-u06-l04,ma-g5-social-studies,5,social-studies,64,6,Colonization and Regional Development,4,Independent application A: labor systems,Independent application A,labor systems,Michigan Grade 5 U2.1;U2.2;G2;E1
ma-g5-social-studies-u06-l05,ma-g5-social-studies,5,social-studies,65,6,Colonization and Regional Development,5,Concept model B: religion and governance,Concept model B,religion and governance,Michigan Grade 5 U2.1;U2.2;G2;E1
ma-g5-social-studies-u06-l06,ma-g5-social-studies,5,social-studies,66,6,Colonization and Regional Development,6,Guided practice B: daily life and inequality,Guided practice B,daily life and inequality,Michigan Grade 5 U2.1;U2.2;G2;E1
ma-g5-social-studies-u06-l07,ma-g5-social-studies,5,social-studies,67,6,Colonization and Regional Development,7,Investigation or close reading: colonial regions,Investigation or close reading,colonial regions,Michigan Grade 5 U2.1;U2.2;G2;E1
ma-g5-social-studies-u06-l08,ma-g5-social-studies,5,social-studies,68,6,Colonization and Regional Development,8,Reteach and varied practice: settlement motives,Reteach and varied practice,settlement motives,Michigan Grade 5 U2.1;U2.2;G2;E1
ma-g5-social-studies-u06-l09,ma-g5-social-studies,5,social-studies,69,6,Colonization and Regional Development,9,Performance task build: Indigenous-colonial relations,Performance task build,Indigenous-colonial relations,Michigan Grade 5 U2.1;U2.2;G2;E1
ma-g5-social-studies-u06-l10,ma-g5-social-studies,5,social-studies,70,6,Colonization and Regional Development,10,Synthesis and review: labor systems,Synthesis and review,labor systems,Michigan Grade 5 U2.1;U2.2;G2;E1
ma-g5-social-studies-u06-l11,ma-g5-social-studies,5,social-studies,71,6,Colonization and Regional Development,11,Unit assessment: religion and governance,Unit assessment,religion and governance,Michigan Grade 5 U2.1;U2.2;G2;E1
ma-g5-social-studies-u06-l12,ma-g5-social-studies,5,social-studies,72,6,Colonization and Regional Development,12,Correction and reflection: daily life and inequality,Correction and reflection,daily life and inequality,Michigan Grade 5 U2.1;U2.2;G2;E1
ma-g5-social-studies-u07-l01,ma-g5-social-studies,5,social-studies,73,7,"Slavery, Resistance, and Colonial Society",1,Launch and diagnostic: Atlantic slave trade,Launch and diagnostic,Atlantic slave trade,Michigan Grade 5 U2.2;U2.3;P2
ma-g5-social-studies-u07-l02,ma-g5-social-studies,5,social-studies,74,7,"Slavery, Resistance, and Colonial Society",2,Concept model A: enslavement in colonies,Concept model A,enslavement in colonies,Michigan Grade 5 U2.2;U2.3;P2
ma-g5-social-studies-u07-l03,ma-g5-social-studies,5,social-studies,75,7,"Slavery, Resistance, and Colonial Society",3,Guided practice A: family and culture,Guided practice A,family and culture,Michigan Grade 5 U2.2;U2.3;P2
ma-g5-social-studies-u07-l04,ma-g5-social-studies,5,social-studies,76,7,"Slavery, Resistance, and Colonial Society",4,Independent application A: resistance,Independent application A,resistance,Michigan Grade 5 U2.2;U2.3;P2
ma-g5-social-studies-u07-l05,ma-g5-social-studies,5,social-studies,77,7,"Slavery, Resistance, and Colonial Society",5,Concept model B: law and power,Concept model B,law and power,Michigan Grade 5 U2.2;U2.3;P2
ma-g5-social-studies-u07-l06,ma-g5-social-studies,5,social-studies,78,7,"Slavery, Resistance, and Colonial Society",6,Guided practice B: ethical source use,Guided practice B,ethical source use,Michigan Grade 5 U2.2;U2.3;P2
ma-g5-social-studies-u07-l07,ma-g5-social-studies,5,social-studies,79,7,"Slavery, Resistance, and Colonial Society",7,Investigation or close reading: Atlantic slave trade,Investigation or close reading,Atlantic slave trade,Michigan Grade 5 U2.2;U2.3;P2
ma-g5-social-studies-u07-l08,ma-g5-social-studies,5,social-studies,80,7,"Slavery, Resistance, and Colonial Society",8,Reteach and varied practice: enslavement in colonies,Reteach and varied practice,enslavement in colonies,Michigan Grade 5 U2.2;U2.3;P2
ma-g5-social-studies-u07-l09,ma-g5-social-studies,5,social-studies,81,7,"Slavery, Resistance, and Colonial Society",9,Performance task build: family and culture,Performance task build,family and culture,Michigan Grade 5 U2.2;U2.3;P2
ma-g5-social-studies-u07-l10,ma-g5-social-studies,5,social-studies,82,7,"Slavery, Resistance, and Colonial Society",10,Synthesis and review: resistance,Synthesis and review,resistance,Michigan Grade 5 U2.2;U2.3;P2
ma-g5-social-studies-u07-l11,ma-g5-social-studies,5,social-studies,83,7,"Slavery, Resistance, and Colonial Society",11,Unit assessment: law and power,Unit assessment,law and power,Michigan Grade 5 U2.2;U2.3;P2
ma-g5-social-studies-u07-l12,ma-g5-social-studies,5,social-studies,84,7,"Slavery, Resistance, and Colonial Society",12,Correction and reflection: ethical source use,Correction and reflection,ethical source use,Michigan Grade 5 U2.2;U2.3;P2
ma-g5-social-studies-u08-l01,ma-g5-social-studies,5,social-studies,85,8,Road to Revolution and the Revolutionary War,1,Launch and diagnostic: British colonial policy,Launch and diagnostic,British colonial policy,Michigan Grade 5 U3.1;U3.2
ma-g5-social-studies-u08-l02,ma-g5-social-studies,5,social-studies,86,8,Road to Revolution and the Revolutionary War,2,Concept model A: taxation and representation,Concept model A,taxation and representation,Michigan Grade 5 U3.1;U3.2
ma-g5-social-studies-u08-l03,ma-g5-social-studies,5,social-studies,87,8,Road to Revolution and the Revolutionary War,3,Guided practice A: protest and loyalism,Guided practice A,protest and loyalism,Michigan Grade 5 U3.1;U3.2
ma-g5-social-studies-u08-l04,ma-g5-social-studies,5,social-studies,88,8,Road to Revolution and the Revolutionary War,4,Independent application A: Declaration of Independence,Independent application A,Declaration of Independence,Michigan Grade 5 U3.1;U3.2
ma-g5-social-studies-u08-l05,ma-g5-social-studies,5,social-studies,89,8,Road to Revolution and the Revolutionary War,5,Concept model B: war experiences,Concept model B,war experiences,Michigan Grade 5 U3.1;U3.2
ma-g5-social-studies-u08-l06,ma-g5-social-studies,5,social-studies,90,8,Road to Revolution and the Revolutionary War,6,Guided practice B: consequences for varied groups,Guided practice B,consequences for varied groups,Michigan Grade 5 U3.1;U3.2
ma-g5-social-studies-u08-l07,ma-g5-social-studies,5,social-studies,91,8,Road to Revolution and the Revolutionary War,7,Investigation or close reading: British colonial policy,Investigation or close reading,British colonial policy,Michigan Grade 5 U3.1;U3.2
ma-g5-social-studies-u08-l08,ma-g5-social-studies,5,social-studies,92,8,Road to Revolution and the Revolutionary War,8,Reteach and varied practice: taxation and representation,Reteach and varied practice,taxation and representation,Michigan Grade 5 U3.1;U3.2
ma-g5-social-studies-u08-l09,ma-g5-social-studies,5,social-studies,93,8,Road to Revolution and the Revolutionary War,9,Performance task build: protest and loyalism,Performance task build,protest and loyalism,Michigan Grade 5 U3.1;U3.2
ma-g5-social-studies-u08-l10,ma-g5-social-studies,5,social-studies,94,8,Road to Revolution and the Revolutionary War,10,Synthesis and review: Declaration of Independence,Synthesis and review,Declaration of Independence,Michigan Grade 5 U3.1;U3.2
ma-g5-social-studies-u08-l11,ma-g5-social-studies,5,social-studies,95,8,Road to Revolution and the Revolutionary War,11,Unit assessment: war experiences,Unit assessment,war experiences,Michigan Grade 5 U3.1;U3.2
ma-g5-social-studies-u08-l12,ma-g5-social-studies,5,social-studies,96,8,Road to Revolution and the Revolutionary War,12,Correction and reflection: consequences for varied groups,Correction and reflection,consequences for varied groups,Michigan Grade 5 U3.1;U3.2
ma-g5-social-studies-u09-l01,ma-g5-social-studies,5,social-studies,97,9,"New Nation, Constitution, and Civic Participation",1,Launch and diagnostic: Articles of Confederation,Launch and diagnostic,Articles of Confederation,Michigan Grade 5 U3.3;C1;C2;P3;P4
ma-g5-social-studies-u09-l02,ma-g5-social-studies,5,social-studies,98,9,"New Nation, Constitution, and Civic Participation",2,Concept model A: Constitutional Convention,Concept model A,Constitutional Convention,Michigan Grade 5 U3.3;C1;C2;P3;P4
ma-g5-social-studies-u09-l03,ma-g5-social-studies,5,social-studies,99,9,"New Nation, Constitution, and Civic Participation",3,Guided practice A: branches and powers,Guided practice A,branches and powers,Michigan Grade 5 U3.3;C1;C2;P3;P4
ma-g5-social-studies-u09-l04,ma-g5-social-studies,5,social-studies,100,9,"New Nation, Constitution, and Civic Participation",4,Independent application A: rights and responsibilities,Independent application A,rights and responsibilities,Michigan Grade 5 U3.3;C1;C2;P3;P4
ma-g5-social-studies-u09-l05,ma-g5-social-studies,5,social-studies,101,9,"New Nation, Constitution, and Civic Participation",5,Concept model B: debate and compromise,Concept model B,debate and compromise,Michigan Grade 5 U3.3;C1;C2;P3;P4
ma-g5-social-studies-u09-l06,ma-g5-social-studies,5,social-studies,102,9,"New Nation, Constitution, and Civic Participation",6,Guided practice B: public issue inquiry,Guided practice B,public issue inquiry,Michigan Grade 5 U3.3;C1;C2;P3;P4
ma-g5-social-studies-u09-l07,ma-g5-social-studies,5,social-studies,103,9,"New Nation, Constitution, and Civic Participation",7,Investigation or close reading: Articles of Confederation,Investigation or close reading,Articles of Confederation,Michigan Grade 5 U3.3;C1;C2;P3;P4
ma-g5-social-studies-u09-l08,ma-g5-social-studies,5,social-studies,104,9,"New Nation, Constitution, and Civic Participation",8,Reteach and varied practice: Constitutional Convention,Reteach and varied practice,Constitutional Convention,Michigan Grade 5 U3.3;C1;C2;P3;P4
ma-g5-social-studies-u09-l09,ma-g5-social-studies,5,social-studies,105,9,"New Nation, Constitution, and Civic Participation",9,Performance task build: branches and powers,Performance task build,branches and powers,Michigan Grade 5 U3.3;C1;C2;P3;P4
ma-g5-social-studies-u09-l10,ma-g5-social-studies,5,social-studies,106,9,"New Nation, Constitution, and Civic Participation",10,Synthesis and review: rights and responsibilities,Synthesis and review,rights and responsibilities,Michigan Grade 5 U3.3;C1;C2;P3;P4
ma-g5-social-studies-u09-l11,ma-g5-social-studies,5,social-studies,107,9,"New Nation, Constitution, and Civic Participation",11,Unit assessment: debate and compromise,Unit assessment,debate and compromise,Michigan Grade 5 U3.3;C1;C2;P3;P4
ma-g5-social-studies-u09-l12,ma-g5-social-studies,5,social-studies,108,9,"New Nation, Constitution, and Civic Participation",12,Correction and reflection: public issue inquiry,Correction and reflection,public issue inquiry,Michigan Grade 5 U3.3;C1;C2;P3;P4
ma-g5-health-u01-l01,ma-g5-health,5,health,1,1,Whole-Person Wellbeing and Trusted Support,1,Launch and diagnostic: dimensions of health,Launch and diagnostic,dimensions of health,Michigan Health: Core Concepts;Accessing Information
ma-g5-health-u01-l02,ma-g5-health,5,health,2,1,Whole-Person Wellbeing and Trusted Support,2,Explicit model: trusted adults and professionals,Explicit model,trusted adults and professionals,Michigan Health: Core Concepts;Accessing Information
ma-g5-health-u01-l03,ma-g5-health,5,health,3,1,Whole-Person Wellbeing and Trusted Support,3,Guided practice: reliable health information,Guided practice,reliable health information,Michigan Health: Core Concepts;Accessing Information
ma-g5-health-u01-l04,ma-g5-health,5,health,4,1,Whole-Person Wellbeing and Trusted Support,4,Application or project: personal boundaries,Application or project,personal boundaries,Michigan Health: Core Concepts;Accessing Information
ma-g5-health-u01-l05,ma-g5-health,5,health,5,1,Whole-Person Wellbeing and Trusted Support,5,Mastery check: help-seeking,Mastery check,help-seeking,Michigan Health: Core Concepts;Accessing Information
ma-g5-health-u01-l06,ma-g5-health,5,health,6,1,Whole-Person Wellbeing and Trusted Support,6,Correction and reflection: emergency versus non-emergency support,Correction and reflection,emergency versus non-emergency support,Michigan Health: Core Concepts;Accessing Information
ma-g5-health-u02-l01,ma-g5-health,5,health,7,2,"Food, Body Signals, Growth, and Energy",1,Launch and diagnostic: hunger and fullness signals,Launch and diagnostic,hunger and fullness signals,Michigan Health: Nutrition;Self-Management
ma-g5-health-u02-l02,ma-g5-health,5,health,8,2,"Food, Body Signals, Growth, and Energy",2,Explicit model: variety and adequacy,Explicit model,variety and adequacy,Michigan Health: Nutrition;Self-Management
ma-g5-health-u02-l03,ma-g5-health,5,health,9,2,"Food, Body Signals, Growth, and Energy",3,Guided practice: hydration,Guided practice,hydration,Michigan Health: Nutrition;Self-Management
ma-g5-health-u02-l04,ma-g5-health,5,health,10,2,"Food, Body Signals, Growth, and Energy",4,Application or project: meal and snack building,Application or project,meal and snack building,Michigan Health: Nutrition;Self-Management
ma-g5-health-u02-l05,ma-g5-health,5,health,11,2,"Food, Body Signals, Growth, and Energy",5,Mastery check: media messages about bodies,Mastery check,media messages about bodies,Michigan Health: Nutrition;Self-Management
ma-g5-health-u02-l06,ma-g5-health,5,health,12,2,"Food, Body Signals, Growth, and Energy",6,Correction and reflection: allergies and food safety,Correction and reflection,allergies and food safety,Michigan Health: Nutrition;Self-Management
ma-g5-health-u03-l01,ma-g5-health,5,health,13,3,Mental and Emotional Skills,1,Launch and diagnostic: naming emotions,Launch and diagnostic,naming emotions,Michigan Health: Mental and Emotional Health;Self-Management
ma-g5-health-u03-l02,ma-g5-health,5,health,14,3,Mental and Emotional Skills,2,Explicit model: stress signals,Explicit model,stress signals,Michigan Health: Mental and Emotional Health;Self-Management
ma-g5-health-u03-l03,ma-g5-health,5,health,15,3,Mental and Emotional Skills,3,Guided practice: coping tools,Guided practice,coping tools,Michigan Health: Mental and Emotional Health;Self-Management
ma-g5-health-u03-l04,ma-g5-health,5,health,16,3,Mental and Emotional Skills,4,Application or project: sleep routines,Application or project,sleep routines,Michigan Health: Mental and Emotional Health;Self-Management
ma-g5-health-u03-l05,ma-g5-health,5,health,17,3,Mental and Emotional Skills,5,Mastery check: problem size and support,Mastery check,problem size and support,Michigan Health: Mental and Emotional Health;Self-Management
ma-g5-health-u03-l06,ma-g5-health,5,health,18,3,Mental and Emotional Skills,6,Correction and reflection: when to tell an adult,Correction and reflection,when to tell an adult,Michigan Health: Mental and Emotional Health;Self-Management
ma-g5-health-u04-l01,ma-g5-health,5,health,19,4,"Relationships, Communication, and Consent Foundations",1,Launch and diagnostic: respectful communication,Launch and diagnostic,respectful communication,Michigan Health: Interpersonal Communication;Advocacy
ma-g5-health-u04-l02,ma-g5-health,5,health,20,4,"Relationships, Communication, and Consent Foundations",2,Explicit model: active listening,Explicit model,active listening,Michigan Health: Interpersonal Communication;Advocacy
ma-g5-health-u04-l03,ma-g5-health,5,health,21,4,"Relationships, Communication, and Consent Foundations",3,Guided practice: personal space and boundaries,Guided practice,personal space and boundaries,Michigan Health: Interpersonal Communication;Advocacy
ma-g5-health-u04-l04,ma-g5-health,5,health,22,4,"Relationships, Communication, and Consent Foundations",4,Application or project: asking and receiving permission,Application or project,asking and receiving permission,Michigan Health: Interpersonal Communication;Advocacy
ma-g5-health-u04-l05,ma-g5-health,5,health,23,4,"Relationships, Communication, and Consent Foundations",5,Mastery check: conflict repair,Mastery check,conflict repair,Michigan Health: Interpersonal Communication;Advocacy
ma-g5-health-u04-l06,ma-g5-health,5,health,24,4,"Relationships, Communication, and Consent Foundations",6,Correction and reflection: bullying and reporting,Correction and reflection,bullying and reporting,Michigan Health: Interpersonal Communication;Advocacy
ma-g5-health-u05-l01,ma-g5-health,5,health,25,5,"Body Systems, Hygiene, and Disease Prevention",1,Launch and diagnostic: basic body systems,Launch and diagnostic,basic body systems,Michigan Health: Core Concepts;Disease Prevention
ma-g5-health-u05-l02,ma-g5-health,5,health,26,5,"Body Systems, Hygiene, and Disease Prevention",2,Explicit model: germs and transmission,Explicit model,germs and transmission,Michigan Health: Core Concepts;Disease Prevention
ma-g5-health-u05-l03,ma-g5-health,5,health,27,5,"Body Systems, Hygiene, and Disease Prevention",3,Guided practice: handwashing,Guided practice,handwashing,Michigan Health: Core Concepts;Disease Prevention
ma-g5-health-u05-l04,ma-g5-health,5,health,28,5,"Body Systems, Hygiene, and Disease Prevention",4,Application or project: oral health,Application or project,oral health,Michigan Health: Core Concepts;Disease Prevention
ma-g5-health-u05-l05,ma-g5-health,5,health,29,5,"Body Systems, Hygiene, and Disease Prevention",5,Mastery check: sleep and movement,Mastery check,sleep and movement,Michigan Health: Core Concepts;Disease Prevention
ma-g5-health-u05-l06,ma-g5-health,5,health,30,5,"Body Systems, Hygiene, and Disease Prevention",6,Correction and reflection: medication and poison safety,Correction and reflection,medication and poison safety,Michigan Health: Core Concepts;Disease Prevention
ma-g5-health-u06-l01,ma-g5-health,5,health,31,6,"Safety, Decisions, and Community Health",1,Launch and diagnostic: home and recreation safety,Launch and diagnostic,home and recreation safety,Michigan Health: Decision-Making;Goal Setting;Advocacy
ma-g5-health-u06-l02,ma-g5-health,5,health,32,6,"Safety, Decisions, and Community Health",2,Explicit model: online safety,Explicit model,online safety,Michigan Health: Decision-Making;Goal Setting;Advocacy
ma-g5-health-u06-l03,ma-g5-health,5,health,33,6,"Safety, Decisions, and Community Health",3,Guided practice: substance refusal foundations,Guided practice,substance refusal foundations,Michigan Health: Decision-Making;Goal Setting;Advocacy
ma-g5-health-u06-l04,ma-g5-health,5,health,34,6,"Safety, Decisions, and Community Health",4,Application or project: first-response basics,Application or project,first-response basics,Michigan Health: Decision-Making;Goal Setting;Advocacy
ma-g5-health-u06-l05,ma-g5-health,5,health,35,6,"Safety, Decisions, and Community Health",5,Mastery check: decision steps,Mastery check,decision steps,Michigan Health: Decision-Making;Goal Setting;Advocacy
ma-g5-health-u06-l06,ma-g5-health,5,health,36,6,"Safety, Decisions, and Community Health",6,Correction and reflection: community health action,Correction and reflection,community health action,Michigan Health: Decision-Making;Goal Setting;Advocacy
ma-g5-physical-education-u01-l01,ma-g5-physical-education,5,physical-education,1,1,Movement Foundations and Safe Participation,1,Launch and diagnostic: space and body control,Launch and diagnostic,space and body control,Michigan PE Standards 1;2;4
ma-g5-physical-education-u01-l02,ma-g5-physical-education,5,physical-education,2,1,Movement Foundations and Safe Participation,2,Concept model A: locomotor combinations,Concept model A,locomotor combinations,Michigan PE Standards 1;2;4
ma-g5-physical-education-u01-l03,ma-g5-physical-education,5,physical-education,3,1,Movement Foundations and Safe Participation,3,Guided practice A: balance and stability,Guided practice A,balance and stability,Michigan PE Standards 1;2;4
ma-g5-physical-education-u01-l04,ma-g5-physical-education,5,physical-education,4,1,Movement Foundations and Safe Participation,4,Independent application A: movement cues,Independent application A,movement cues,Michigan PE Standards 1;2;4
ma-g5-physical-education-u01-l05,ma-g5-physical-education,5,physical-education,5,1,Movement Foundations and Safe Participation,5,Concept model B: warm-up and cool-down,Concept model B,warm-up and cool-down,Michigan PE Standards 1;2;4
ma-g5-physical-education-u01-l06,ma-g5-physical-education,5,physical-education,6,1,Movement Foundations and Safe Participation,6,Guided practice B: safe equipment use,Guided practice B,safe equipment use,Michigan PE Standards 1;2;4
ma-g5-physical-education-u01-l07,ma-g5-physical-education,5,physical-education,7,1,Movement Foundations and Safe Participation,7,Investigation or close reading: space and body control,Investigation or close reading,space and body control,Michigan PE Standards 1;2;4
ma-g5-physical-education-u01-l08,ma-g5-physical-education,5,physical-education,8,1,Movement Foundations and Safe Participation,8,Reteach and varied practice: locomotor combinations,Reteach and varied practice,locomotor combinations,Michigan PE Standards 1;2;4
ma-g5-physical-education-u01-l09,ma-g5-physical-education,5,physical-education,9,1,Movement Foundations and Safe Participation,9,Performance task build: balance and stability,Performance task build,balance and stability,Michigan PE Standards 1;2;4
ma-g5-physical-education-u01-l10,ma-g5-physical-education,5,physical-education,10,1,Movement Foundations and Safe Participation,10,Synthesis and review: movement cues,Synthesis and review,movement cues,Michigan PE Standards 1;2;4
ma-g5-physical-education-u01-l11,ma-g5-physical-education,5,physical-education,11,1,Movement Foundations and Safe Participation,11,Unit assessment: warm-up and cool-down,Unit assessment,warm-up and cool-down,Michigan PE Standards 1;2;4
ma-g5-physical-education-u01-l12,ma-g5-physical-education,5,physical-education,12,1,Movement Foundations and Safe Participation,12,Correction and reflection: safe equipment use,Correction and reflection,safe equipment use,Michigan PE Standards 1;2;4
ma-g5-physical-education-u02-l01,ma-g5-physical-education,5,physical-education,13,2,Fitness Concepts for Health and Enjoyment,1,Launch and diagnostic: cardiorespiratory activity,Launch and diagnostic,cardiorespiratory activity,Michigan PE Standards 3;4;5
ma-g5-physical-education-u02-l02,ma-g5-physical-education,5,physical-education,14,2,Fitness Concepts for Health and Enjoyment,2,Concept model A: muscular endurance,Concept model A,muscular endurance,Michigan PE Standards 3;4;5
ma-g5-physical-education-u02-l03,ma-g5-physical-education,5,physical-education,15,2,Fitness Concepts for Health and Enjoyment,3,Guided practice A: mobility,Guided practice A,mobility,Michigan PE Standards 3;4;5
ma-g5-physical-education-u02-l04,ma-g5-physical-education,5,physical-education,16,2,Fitness Concepts for Health and Enjoyment,4,Independent application A: recovery,Independent application A,recovery,Michigan PE Standards 3;4;5
ma-g5-physical-education-u02-l05,ma-g5-physical-education,5,physical-education,17,2,Fitness Concepts for Health and Enjoyment,5,Concept model B: perceived effort,Concept model B,perceived effort,Michigan PE Standards 3;4;5
ma-g5-physical-education-u02-l06,ma-g5-physical-education,5,physical-education,18,2,Fitness Concepts for Health and Enjoyment,6,Guided practice B: personal goal setting,Guided practice B,personal goal setting,Michigan PE Standards 3;4;5
ma-g5-physical-education-u02-l07,ma-g5-physical-education,5,physical-education,19,2,Fitness Concepts for Health and Enjoyment,7,Investigation or close reading: cardiorespiratory activity,Investigation or close reading,cardiorespiratory activity,Michigan PE Standards 3;4;5
ma-g5-physical-education-u02-l08,ma-g5-physical-education,5,physical-education,20,2,Fitness Concepts for Health and Enjoyment,8,Reteach and varied practice: muscular endurance,Reteach and varied practice,muscular endurance,Michigan PE Standards 3;4;5
ma-g5-physical-education-u02-l09,ma-g5-physical-education,5,physical-education,21,2,Fitness Concepts for Health and Enjoyment,9,Performance task build: mobility,Performance task build,mobility,Michigan PE Standards 3;4;5
ma-g5-physical-education-u02-l10,ma-g5-physical-education,5,physical-education,22,2,Fitness Concepts for Health and Enjoyment,10,Synthesis and review: recovery,Synthesis and review,recovery,Michigan PE Standards 3;4;5
ma-g5-physical-education-u02-l11,ma-g5-physical-education,5,physical-education,23,2,Fitness Concepts for Health and Enjoyment,11,Unit assessment: perceived effort,Unit assessment,perceived effort,Michigan PE Standards 3;4;5
ma-g5-physical-education-u02-l12,ma-g5-physical-education,5,physical-education,24,2,Fitness Concepts for Health and Enjoyment,12,Correction and reflection: personal goal setting,Correction and reflection,personal goal setting,Michigan PE Standards 3;4;5
ma-g5-physical-education-u03-l01,ma-g5-physical-education,5,physical-education,25,3,"Throwing, Catching, Striking, and Kicking",1,Launch and diagnostic: object tracking,Launch and diagnostic,object tracking,Michigan PE Standards 1;2
ma-g5-physical-education-u03-l02,ma-g5-physical-education,5,physical-education,26,3,"Throwing, Catching, Striking, and Kicking",2,Concept model A: throwing accuracy,Concept model A,throwing accuracy,Michigan PE Standards 1;2
ma-g5-physical-education-u03-l03,ma-g5-physical-education,5,physical-education,27,3,"Throwing, Catching, Striking, and Kicking",3,Guided practice A: catching control,Guided practice A,catching control,Michigan PE Standards 1;2
ma-g5-physical-education-u03-l04,ma-g5-physical-education,5,physical-education,28,3,"Throwing, Catching, Striking, and Kicking",4,Independent application A: striking with hand or implement,Independent application A,striking with hand or implement,Michigan PE Standards 1;2
ma-g5-physical-education-u03-l05,ma-g5-physical-education,5,physical-education,29,3,"Throwing, Catching, Striking, and Kicking",5,Concept model B: kicking and trapping,Concept model B,kicking and trapping,Michigan PE Standards 1;2
ma-g5-physical-education-u03-l06,ma-g5-physical-education,5,physical-education,30,3,"Throwing, Catching, Striking, and Kicking",6,Guided practice B: skill combinations,Guided practice B,skill combinations,Michigan PE Standards 1;2
ma-g5-physical-education-u03-l07,ma-g5-physical-education,5,physical-education,31,3,"Throwing, Catching, Striking, and Kicking",7,Investigation or close reading: object tracking,Investigation or close reading,object tracking,Michigan PE Standards 1;2
ma-g5-physical-education-u03-l08,ma-g5-physical-education,5,physical-education,32,3,"Throwing, Catching, Striking, and Kicking",8,Reteach and varied practice: throwing accuracy,Reteach and varied practice,throwing accuracy,Michigan PE Standards 1;2
ma-g5-physical-education-u03-l09,ma-g5-physical-education,5,physical-education,33,3,"Throwing, Catching, Striking, and Kicking",9,Performance task build: catching control,Performance task build,catching control,Michigan PE Standards 1;2
ma-g5-physical-education-u03-l10,ma-g5-physical-education,5,physical-education,34,3,"Throwing, Catching, Striking, and Kicking",10,Synthesis and review: striking with hand or implement,Synthesis and review,striking with hand or implement,Michigan PE Standards 1;2
ma-g5-physical-education-u03-l11,ma-g5-physical-education,5,physical-education,35,3,"Throwing, Catching, Striking, and Kicking",11,Unit assessment: kicking and trapping,Unit assessment,kicking and trapping,Michigan PE Standards 1;2
ma-g5-physical-education-u03-l12,ma-g5-physical-education,5,physical-education,36,3,"Throwing, Catching, Striking, and Kicking",12,Correction and reflection: skill combinations,Correction and reflection,skill combinations,Michigan PE Standards 1;2
ma-g5-physical-education-u04-l01,ma-g5-physical-education,5,physical-education,37,4,"Games, Strategy, and Fair Play",1,Launch and diagnostic: offense and defense space,Launch and diagnostic,offense and defense space,Michigan PE Standards 2;4;5
ma-g5-physical-education-u04-l02,ma-g5-physical-education,5,physical-education,38,4,"Games, Strategy, and Fair Play",2,Concept model A: support and movement,Concept model A,support and movement,Michigan PE Standards 2;4;5
ma-g5-physical-education-u04-l03,ma-g5-physical-education,5,physical-education,39,4,"Games, Strategy, and Fair Play",3,Guided practice A: small-sided games,Guided practice A,small-sided games,Michigan PE Standards 2;4;5
ma-g5-physical-education-u04-l04,ma-g5-physical-education,5,physical-education,40,4,"Games, Strategy, and Fair Play",4,Independent application A: rules and adaptation,Independent application A,rules and adaptation,Michigan PE Standards 2;4;5
ma-g5-physical-education-u04-l05,ma-g5-physical-education,5,physical-education,41,4,"Games, Strategy, and Fair Play",5,Concept model B: communication,Concept model B,communication,Michigan PE Standards 2;4;5
ma-g5-physical-education-u04-l06,ma-g5-physical-education,5,physical-education,42,4,"Games, Strategy, and Fair Play",6,Guided practice B: fair play and inclusion,Guided practice B,fair play and inclusion,Michigan PE Standards 2;4;5
ma-g5-physical-education-u04-l07,ma-g5-physical-education,5,physical-education,43,4,"Games, Strategy, and Fair Play",7,Investigation or close reading: offense and defense space,Investigation or close reading,offense and defense space,Michigan PE Standards 2;4;5
ma-g5-physical-education-u04-l08,ma-g5-physical-education,5,physical-education,44,4,"Games, Strategy, and Fair Play",8,Reteach and varied practice: support and movement,Reteach and varied practice,support and movement,Michigan PE Standards 2;4;5
ma-g5-physical-education-u04-l09,ma-g5-physical-education,5,physical-education,45,4,"Games, Strategy, and Fair Play",9,Performance task build: small-sided games,Performance task build,small-sided games,Michigan PE Standards 2;4;5
ma-g5-physical-education-u04-l10,ma-g5-physical-education,5,physical-education,46,4,"Games, Strategy, and Fair Play",10,Synthesis and review: rules and adaptation,Synthesis and review,rules and adaptation,Michigan PE Standards 2;4;5
ma-g5-physical-education-u04-l11,ma-g5-physical-education,5,physical-education,47,4,"Games, Strategy, and Fair Play",11,Unit assessment: communication,Unit assessment,communication,Michigan PE Standards 2;4;5
ma-g5-physical-education-u04-l12,ma-g5-physical-education,5,physical-education,48,4,"Games, Strategy, and Fair Play",12,Correction and reflection: fair play and inclusion,Correction and reflection,fair play and inclusion,Michigan PE Standards 2;4;5
ma-g5-physical-education-u05-l01,ma-g5-physical-education,5,physical-education,49,5,"Rhythm, Dance, and Creative Movement",1,Launch and diagnostic: beat and tempo,Launch and diagnostic,beat and tempo,Michigan PE Standards 1;2;5
ma-g5-physical-education-u05-l02,ma-g5-physical-education,5,physical-education,50,5,"Rhythm, Dance, and Creative Movement",2,Concept model A: movement sequences,Concept model A,movement sequences,Michigan PE Standards 1;2;5
ma-g5-physical-education-u05-l03,ma-g5-physical-education,5,physical-education,51,5,"Rhythm, Dance, and Creative Movement",3,Guided practice A: folk and social dance context,Guided practice A,folk and social dance context,Michigan PE Standards 1;2;5
ma-g5-physical-education-u05-l04,ma-g5-physical-education,5,physical-education,52,5,"Rhythm, Dance, and Creative Movement",4,Independent application A: creative movement,Independent application A,creative movement,Michigan PE Standards 1;2;5
ma-g5-physical-education-u05-l05,ma-g5-physical-education,5,physical-education,53,5,"Rhythm, Dance, and Creative Movement",5,Concept model B: group synchronization,Concept model B,group synchronization,Michigan PE Standards 1;2;5
ma-g5-physical-education-u05-l06,ma-g5-physical-education,5,physical-education,54,5,"Rhythm, Dance, and Creative Movement",6,Guided practice B: performance choice,Guided practice B,performance choice,Michigan PE Standards 1;2;5
ma-g5-physical-education-u05-l07,ma-g5-physical-education,5,physical-education,55,5,"Rhythm, Dance, and Creative Movement",7,Investigation or close reading: beat and tempo,Investigation or close reading,beat and tempo,Michigan PE Standards 1;2;5
ma-g5-physical-education-u05-l08,ma-g5-physical-education,5,physical-education,56,5,"Rhythm, Dance, and Creative Movement",8,Reteach and varied practice: movement sequences,Reteach and varied practice,movement sequences,Michigan PE Standards 1;2;5
ma-g5-physical-education-u05-l09,ma-g5-physical-education,5,physical-education,57,5,"Rhythm, Dance, and Creative Movement",9,Performance task build: folk and social dance context,Performance task build,folk and social dance context,Michigan PE Standards 1;2;5
ma-g5-physical-education-u05-l10,ma-g5-physical-education,5,physical-education,58,5,"Rhythm, Dance, and Creative Movement",10,Synthesis and review: creative movement,Synthesis and review,creative movement,Michigan PE Standards 1;2;5
ma-g5-physical-education-u05-l11,ma-g5-physical-education,5,physical-education,59,5,"Rhythm, Dance, and Creative Movement",11,Unit assessment: group synchronization,Unit assessment,group synchronization,Michigan PE Standards 1;2;5
ma-g5-physical-education-u05-l12,ma-g5-physical-education,5,physical-education,60,5,"Rhythm, Dance, and Creative Movement",12,Correction and reflection: performance choice,Correction and reflection,performance choice,Michigan PE Standards 1;2;5
ma-g5-physical-education-u06-l01,ma-g5-physical-education,5,physical-education,61,6,Outdoor and Lifetime Activities,1,Launch and diagnostic: walking and hiking safety,Launch and diagnostic,walking and hiking safety,Michigan PE Standards 1;3;5
ma-g5-physical-education-u06-l02,ma-g5-physical-education,5,physical-education,62,6,Outdoor and Lifetime Activities,2,Concept model A: orienteering basics,Concept model A,orienteering basics,Michigan PE Standards 1;3;5
ma-g5-physical-education-u06-l03,ma-g5-physical-education,5,physical-education,63,6,Outdoor and Lifetime Activities,3,Guided practice A: cycling or rolling safety,Guided practice A,cycling or rolling safety,Michigan PE Standards 1;3;5
ma-g5-physical-education-u06-l04,ma-g5-physical-education,5,physical-education,64,6,Outdoor and Lifetime Activities,4,Independent application A: recreational games,Independent application A,recreational games,Michigan PE Standards 1;3;5
ma-g5-physical-education-u06-l05,ma-g5-physical-education,5,physical-education,65,6,Outdoor and Lifetime Activities,5,Concept model B: weather planning,Concept model B,weather planning,Michigan PE Standards 1;3;5
ma-g5-physical-education-u06-l06,ma-g5-physical-education,5,physical-education,66,6,Outdoor and Lifetime Activities,6,Guided practice B: leave-no-trace habits,Guided practice B,leave-no-trace habits,Michigan PE Standards 1;3;5
ma-g5-physical-education-u06-l07,ma-g5-physical-education,5,physical-education,67,6,Outdoor and Lifetime Activities,7,Investigation or close reading: walking and hiking safety,Investigation or close reading,walking and hiking safety,Michigan PE Standards 1;3;5
ma-g5-physical-education-u06-l08,ma-g5-physical-education,5,physical-education,68,6,Outdoor and Lifetime Activities,8,Reteach and varied practice: orienteering basics,Reteach and varied practice,orienteering basics,Michigan PE Standards 1;3;5
ma-g5-physical-education-u06-l09,ma-g5-physical-education,5,physical-education,69,6,Outdoor and Lifetime Activities,9,Performance task build: cycling or rolling safety,Performance task build,cycling or rolling safety,Michigan PE Standards 1;3;5
ma-g5-physical-education-u06-l10,ma-g5-physical-education,5,physical-education,70,6,Outdoor and Lifetime Activities,10,Synthesis and review: recreational games,Synthesis and review,recreational games,Michigan PE Standards 1;3;5
ma-g5-physical-education-u06-l11,ma-g5-physical-education,5,physical-education,71,6,Outdoor and Lifetime Activities,11,Unit assessment: weather planning,Unit assessment,weather planning,Michigan PE Standards 1;3;5
ma-g5-physical-education-u06-l12,ma-g5-physical-education,5,physical-education,72,6,Outdoor and Lifetime Activities,12,Correction and reflection: leave-no-trace habits,Correction and reflection,leave-no-trace habits,Michigan PE Standards 1;3;5
ma-g5-physical-education-u07-l01,ma-g5-physical-education,5,physical-education,73,7,Individual Skill Development,1,Launch and diagnostic: jump rope or rhythmic skill,Launch and diagnostic,jump rope or rhythmic skill,Michigan PE Standards 1;2;3
ma-g5-physical-education-u07-l02,ma-g5-physical-education,5,physical-education,74,7,Individual Skill Development,2,Concept model A: target activities,Concept model A,target activities,Michigan PE Standards 1;2;3
ma-g5-physical-education-u07-l03,ma-g5-physical-education,5,physical-education,75,7,Individual Skill Development,3,Guided practice A: racquet or paddle skills,Guided practice A,racquet or paddle skills,Michigan PE Standards 1;2;3
ma-g5-physical-education-u07-l04,ma-g5-physical-education,5,physical-education,76,7,Individual Skill Development,4,Independent application A: gymnastics foundations,Independent application A,gymnastics foundations,Michigan PE Standards 1;2;3
ma-g5-physical-education-u07-l05,ma-g5-physical-education,5,physical-education,77,7,Individual Skill Development,5,Concept model B: practice design,Concept model B,practice design,Michigan PE Standards 1;2;3
ma-g5-physical-education-u07-l06,ma-g5-physical-education,5,physical-education,78,7,Individual Skill Development,6,Guided practice B: feedback and persistence,Guided practice B,feedback and persistence,Michigan PE Standards 1;2;3
ma-g5-physical-education-u07-l07,ma-g5-physical-education,5,physical-education,79,7,Individual Skill Development,7,Investigation or close reading: jump rope or rhythmic skill,Investigation or close reading,jump rope or rhythmic skill,Michigan PE Standards 1;2;3
ma-g5-physical-education-u07-l08,ma-g5-physical-education,5,physical-education,80,7,Individual Skill Development,8,Reteach and varied practice: target activities,Reteach and varied practice,target activities,Michigan PE Standards 1;2;3
ma-g5-physical-education-u07-l09,ma-g5-physical-education,5,physical-education,81,7,Individual Skill Development,9,Performance task build: racquet or paddle skills,Performance task build,racquet or paddle skills,Michigan PE Standards 1;2;3
ma-g5-physical-education-u07-l10,ma-g5-physical-education,5,physical-education,82,7,Individual Skill Development,10,Synthesis and review: gymnastics foundations,Synthesis and review,gymnastics foundations,Michigan PE Standards 1;2;3
ma-g5-physical-education-u07-l11,ma-g5-physical-education,5,physical-education,83,7,Individual Skill Development,11,Unit assessment: practice design,Unit assessment,practice design,Michigan PE Standards 1;2;3
ma-g5-physical-education-u07-l12,ma-g5-physical-education,5,physical-education,84,7,Individual Skill Development,12,Correction and reflection: feedback and persistence,Correction and reflection,feedback and persistence,Michigan PE Standards 1;2;3
ma-g5-physical-education-u08-l01,ma-g5-physical-education,5,physical-education,85,8,"Teamwork, Leadership, and Conflict Repair",1,Launch and diagnostic: roles and rotations,Launch and diagnostic,roles and rotations,Michigan PE Standards 4;5
ma-g5-physical-education-u08-l02,ma-g5-physical-education,5,physical-education,86,8,"Teamwork, Leadership, and Conflict Repair",2,Concept model A: encouraging feedback,Concept model A,encouraging feedback,Michigan PE Standards 4;5
ma-g5-physical-education-u08-l03,ma-g5-physical-education,5,physical-education,87,8,"Teamwork, Leadership, and Conflict Repair",3,Guided practice A: leadership styles,Guided practice A,leadership styles,Michigan PE Standards 4;5
ma-g5-physical-education-u08-l04,ma-g5-physical-education,5,physical-education,88,8,"Teamwork, Leadership, and Conflict Repair",4,Independent application A: conflict resolution,Independent application A,conflict resolution,Michigan PE Standards 4;5
ma-g5-physical-education-u08-l05,ma-g5-physical-education,5,physical-education,89,8,"Teamwork, Leadership, and Conflict Repair",5,Concept model B: inclusive modifications,Concept model B,inclusive modifications,Michigan PE Standards 4;5
ma-g5-physical-education-u08-l06,ma-g5-physical-education,5,physical-education,90,8,"Teamwork, Leadership, and Conflict Repair",6,Guided practice B: responsibility for equipment,Guided practice B,responsibility for equipment,Michigan PE Standards 4;5
ma-g5-physical-education-u08-l07,ma-g5-physical-education,5,physical-education,91,8,"Teamwork, Leadership, and Conflict Repair",7,Investigation or close reading: roles and rotations,Investigation or close reading,roles and rotations,Michigan PE Standards 4;5
ma-g5-physical-education-u08-l08,ma-g5-physical-education,5,physical-education,92,8,"Teamwork, Leadership, and Conflict Repair",8,Reteach and varied practice: encouraging feedback,Reteach and varied practice,encouraging feedback,Michigan PE Standards 4;5
ma-g5-physical-education-u08-l09,ma-g5-physical-education,5,physical-education,93,8,"Teamwork, Leadership, and Conflict Repair",9,Performance task build: leadership styles,Performance task build,leadership styles,Michigan PE Standards 4;5
ma-g5-physical-education-u08-l10,ma-g5-physical-education,5,physical-education,94,8,"Teamwork, Leadership, and Conflict Repair",10,Synthesis and review: conflict resolution,Synthesis and review,conflict resolution,Michigan PE Standards 4;5
ma-g5-physical-education-u08-l11,ma-g5-physical-education,5,physical-education,95,8,"Teamwork, Leadership, and Conflict Repair",11,Unit assessment: inclusive modifications,Unit assessment,inclusive modifications,Michigan PE Standards 4;5
ma-g5-physical-education-u08-l12,ma-g5-physical-education,5,physical-education,96,8,"Teamwork, Leadership, and Conflict Repair",12,Correction and reflection: responsibility for equipment,Correction and reflection,responsibility for equipment,Michigan PE Standards 4;5
ma-g5-physical-education-u09-l01,ma-g5-physical-education,5,physical-education,97,9,Personal Activity Portfolio and Celebration,1,Launch and diagnostic: activity preferences,Launch and diagnostic,activity preferences,Michigan PE Standards 3;4;5
ma-g5-physical-education-u09-l02,ma-g5-physical-education,5,physical-education,98,9,Personal Activity Portfolio and Celebration,2,Concept model A: goal review,Concept model A,goal review,Michigan PE Standards 3;4;5
ma-g5-physical-education-u09-l03,ma-g5-physical-education,5,physical-education,99,9,Personal Activity Portfolio and Celebration,3,Guided practice A: skill transfer,Guided practice A,skill transfer,Michigan PE Standards 3;4;5
ma-g5-physical-education-u09-l04,ma-g5-physical-education,5,physical-education,100,9,Personal Activity Portfolio and Celebration,4,Independent application A: fitness knowledge,Independent application A,fitness knowledge,Michigan PE Standards 3;4;5
ma-g5-physical-education-u09-l05,ma-g5-physical-education,5,physical-education,101,9,Personal Activity Portfolio and Celebration,5,Concept model B: community opportunities,Concept model B,community opportunities,Michigan PE Standards 3;4;5
ma-g5-physical-education-u09-l06,ma-g5-physical-education,5,physical-education,102,9,Personal Activity Portfolio and Celebration,6,Guided practice B: lifelong movement plan,Guided practice B,lifelong movement plan,Michigan PE Standards 3;4;5
ma-g5-physical-education-u09-l07,ma-g5-physical-education,5,physical-education,103,9,Personal Activity Portfolio and Celebration,7,Investigation or close reading: activity preferences,Investigation or close reading,activity preferences,Michigan PE Standards 3;4;5
ma-g5-physical-education-u09-l08,ma-g5-physical-education,5,physical-education,104,9,Personal Activity Portfolio and Celebration,8,Reteach and varied practice: goal review,Reteach and varied practice,goal review,Michigan PE Standards 3;4;5
ma-g5-physical-education-u09-l09,ma-g5-physical-education,5,physical-education,105,9,Personal Activity Portfolio and Celebration,9,Performance task build: skill transfer,Performance task build,skill transfer,Michigan PE Standards 3;4;5
ma-g5-physical-education-u09-l10,ma-g5-physical-education,5,physical-education,106,9,Personal Activity Portfolio and Celebration,10,Synthesis and review: fitness knowledge,Synthesis and review,fitness knowledge,Michigan PE Standards 3;4;5
ma-g5-physical-education-u09-l11,ma-g5-physical-education,5,physical-education,107,9,Personal Activity Portfolio and Celebration,11,Unit assessment: community opportunities,Unit assessment,community opportunities,Michigan PE Standards 3;4;5
ma-g5-physical-education-u09-l12,ma-g5-physical-education,5,physical-education,108,9,Personal Activity Portfolio and Celebration,12,Correction and reflection: lifelong movement plan,Correction and reflection,lifelong movement plan,Michigan PE Standards 3;4;5
ma-g5-ready-for-life-u01-l01,ma-g5-ready-for-life,5,ready-for-life,1,1,Caring for Home and Shared Spaces,1,Launch and diagnostic: why shared-space care matters,Launch and diagnostic,why shared-space care matters,Ready for Life v1 Lessons 01–03;Michigan Health/SEL connections
ma-g5-ready-for-life-u01-l02,ma-g5-ready-for-life,5,ready-for-life,2,1,Caring for Home and Shared Spaces,2,Explicit model: ten-minute reset,Explicit model,ten-minute reset,Ready for Life v1 Lessons 01–03;Michigan Health/SEL connections
ma-g5-ready-for-life-u01-l03,ma-g5-ready-for-life,5,ready-for-life,3,1,Caring for Home and Shared Spaces,3,Guided practice: everything needs a home,Guided practice,everything needs a home,Ready for Life v1 Lessons 01–03;Michigan Health/SEL connections
ma-g5-ready-for-life-u01-l04,ma-g5-ready-for-life,5,ready-for-life,4,1,Caring for Home and Shared Spaces,4,Application or project: hazard recognition,Application or project,hazard recognition,Ready for Life v1 Lessons 01–03;Michigan Health/SEL connections
ma-g5-ready-for-life-u01-l05,ma-g5-ready-for-life,5,ready-for-life,5,1,Caring for Home and Shared Spaces,5,Mastery check: task sizing,Mastery check,task sizing,Ready for Life v1 Lessons 01–03;Michigan Health/SEL connections
ma-g5-ready-for-life-u01-l06,ma-g5-ready-for-life,5,ready-for-life,6,1,Caring for Home and Shared Spaces,6,Correction and reflection: finishing the loop,Correction and reflection,finishing the loop,Ready for Life v1 Lessons 01–03;Michigan Health/SEL connections
ma-g5-ready-for-life-u02-l01,ma-g5-ready-for-life,5,ready-for-life,7,2,Clothing and Laundry,1,Launch and diagnostic: sorting clothing,Launch and diagnostic,sorting clothing,Ready for Life v1 Lessons 04–06
ma-g5-ready-for-life-u02-l02,ma-g5-ready-for-life,5,ready-for-life,8,2,Clothing and Laundry,2,Explicit model: labels and care symbols,Explicit model,labels and care symbols,Ready for Life v1 Lessons 04–06
ma-g5-ready-for-life-u02-l03,ma-g5-ready-for-life,5,ready-for-life,9,2,Clothing and Laundry,3,Guided practice: washer and dryer safety,Guided practice,washer and dryer safety,Ready for Life v1 Lessons 04–06
ma-g5-ready-for-life-u02-l04,ma-g5-ready-for-life,5,ready-for-life,10,2,Clothing and Laundry,4,Application or project: handwashing a small item,Application or project,handwashing a small item,Ready for Life v1 Lessons 04–06
ma-g5-ready-for-life-u02-l05,ma-g5-ready-for-life,5,ready-for-life,11,2,Clothing and Laundry,5,Mastery check: folding and hanging,Mastery check,folding and hanging,Ready for Life v1 Lessons 04–06
ma-g5-ready-for-life-u02-l06,ma-g5-ready-for-life,5,ready-for-life,12,2,Clothing and Laundry,6,Correction and reflection: put-away systems,Correction and reflection,put-away systems,Ready for Life v1 Lessons 04–06
ma-g5-ready-for-life-u03-l01,ma-g5-ready-for-life,5,ready-for-life,13,3,Kitchen Care and Basic Food Safety,1,Launch and diagnostic: kitchen reset,Launch and diagnostic,kitchen reset,Ready for Life v1 Lessons 07–09
ma-g5-ready-for-life-u03-l02,ma-g5-ready-for-life,5,ready-for-life,14,3,Kitchen Care and Basic Food Safety,2,Explicit model: handwashing,Explicit model,handwashing,Ready for Life v1 Lessons 07–09
ma-g5-ready-for-life-u03-l03,ma-g5-ready-for-life,5,ready-for-life,15,3,Kitchen Care and Basic Food Safety,3,Guided practice: cross-contamination basics,Guided practice,cross-contamination basics,Ready for Life v1 Lessons 07–09
ma-g5-ready-for-life-u03-l04,ma-g5-ready-for-life,5,ready-for-life,16,3,Kitchen Care and Basic Food Safety,4,Application or project: safe tool identification,Application or project,safe tool identification,Ready for Life v1 Lessons 07–09
ma-g5-ready-for-life-u03-l05,ma-g5-ready-for-life,5,ready-for-life,17,3,Kitchen Care and Basic Food Safety,5,Mastery check: simple no-heat preparation,Mastery check,simple no-heat preparation,Ready for Life v1 Lessons 07–09
ma-g5-ready-for-life-u03-l06,ma-g5-ready-for-life,5,ready-for-life,18,3,Kitchen Care and Basic Food Safety,6,Correction and reflection: storage and cleanup,Correction and reflection,storage and cleanup,Ready for Life v1 Lessons 07–09
ma-g5-ready-for-life-u04-l01,ma-g5-ready-for-life,5,ready-for-life,19,4,Body Signals and Building a Fueling Meal,1,Launch and diagnostic: hunger thirst tiredness boredom and stress signals,Launch and diagnostic,hunger thirst tiredness boredom and stress signals,Ready for Life v1 Lessons 10–12
ma-g5-ready-for-life-u04-l02,ma-g5-ready-for-life,5,ready-for-life,20,4,Body Signals and Building a Fueling Meal,2,Explicit model: nonjudgmental noticing,Explicit model,nonjudgmental noticing,Ready for Life v1 Lessons 10–12
ma-g5-ready-for-life-u04-l03,ma-g5-ready-for-life,5,ready-for-life,21,4,Body Signals and Building a Fueling Meal,3,Guided practice: meal variety,Guided practice,meal variety,Ready for Life v1 Lessons 10–12
ma-g5-ready-for-life-u04-l04,ma-g5-ready-for-life,5,ready-for-life,22,4,Body Signals and Building a Fueling Meal,4,Application or project: planning and ingredient checks,Application or project,planning and ingredient checks,Ready for Life v1 Lessons 10–12
ma-g5-ready-for-life-u04-l05,ma-g5-ready-for-life,5,ready-for-life,23,4,Body Signals and Building a Fueling Meal,5,Mastery check: serving and storage,Mastery check,serving and storage,Ready for Life v1 Lessons 10–12
ma-g5-ready-for-life-u04-l06,ma-g5-ready-for-life,5,ready-for-life,24,4,Body Signals and Building a Fueling Meal,6,Correction and reflection: complete meal loop,Correction and reflection,complete meal loop,Ready for Life v1 Lessons 10–12
ma-g5-ready-for-life-u05-l01,ma-g5-ready-for-life,5,ready-for-life,25,5,"Time, Belongings, and Communication",1,Launch and diagnostic: calendar basics,Launch and diagnostic,calendar basics,Manuel Academy RFL extension
ma-g5-ready-for-life-u05-l02,ma-g5-ready-for-life,5,ready-for-life,26,5,"Time, Belongings, and Communication",2,Explicit model: preparing the night before,Explicit model,preparing the night before,Manuel Academy RFL extension
ma-g5-ready-for-life-u05-l03,ma-g5-ready-for-life,5,ready-for-life,27,5,"Time, Belongings, and Communication",3,Guided practice: packing and unpacking,Guided practice,packing and unpacking,Manuel Academy RFL extension
ma-g5-ready-for-life-u05-l04,ma-g5-ready-for-life,5,ready-for-life,28,5,"Time, Belongings, and Communication",4,Application or project: borrowing and returning,Application or project,borrowing and returning,Manuel Academy RFL extension
ma-g5-ready-for-life-u05-l05,ma-g5-ready-for-life,5,ready-for-life,29,5,"Time, Belongings, and Communication",5,Mastery check: asking for help,Mastery check,asking for help,Manuel Academy RFL extension
ma-g5-ready-for-life-u05-l06,ma-g5-ready-for-life,5,ready-for-life,30,5,"Time, Belongings, and Communication",6,Correction and reflection: repairing a missed responsibility,Correction and reflection,repairing a missed responsibility,Manuel Academy RFL extension
ma-g5-ready-for-life-u06-l01,ma-g5-ready-for-life,5,ready-for-life,31,6,Family Contribution Capstone,1,Launch and diagnostic: choosing a contribution,Launch and diagnostic,choosing a contribution,Manuel Academy RFL extension
ma-g5-ready-for-life-u06-l02,ma-g5-ready-for-life,5,ready-for-life,32,6,Family Contribution Capstone,2,Explicit model: planning steps and materials,Explicit model,planning steps and materials,Manuel Academy RFL extension
ma-g5-ready-for-life-u06-l03,ma-g5-ready-for-life,5,ready-for-life,33,6,Family Contribution Capstone,3,Guided practice: safety and supervision,Guided practice,safety and supervision,Manuel Academy RFL extension
ma-g5-ready-for-life-u06-l04,ma-g5-ready-for-life,5,ready-for-life,34,6,Family Contribution Capstone,4,Application or project: doing the task,Application or project,doing the task,Manuel Academy RFL extension
ma-g5-ready-for-life-u06-l05,ma-g5-ready-for-life,5,ready-for-life,35,6,Family Contribution Capstone,5,Mastery check: checking the result,Mastery check,checking the result,Manuel Academy RFL extension
ma-g5-ready-for-life-u06-l06,ma-g5-ready-for-life,5,ready-for-life,36,6,Family Contribution Capstone,6,Correction and reflection: reflecting without shame,Correction and reflection,reflecting without shame,Manuel Academy RFL extension
ma-g5-technology-u01-l01,ma-g5-technology,5,technology,1,1,Digital Citizenship and Privacy,1,Launch and diagnostic: personal information,Launch and diagnostic,personal information,Michigan Computer Science: Impacts of Computing;Networks and Internet
ma-g5-technology-u01-l02,ma-g5-technology,5,technology,2,1,Digital Citizenship and Privacy,2,Explicit model: strong passphrases,Explicit model,strong passphrases,Michigan Computer Science: Impacts of Computing;Networks and Internet
ma-g5-technology-u01-l03,ma-g5-technology,5,technology,3,1,Digital Citizenship and Privacy,3,Guided practice: trusted adults online,Guided practice,trusted adults online,Michigan Computer Science: Impacts of Computing;Networks and Internet
ma-g5-technology-u01-l04,ma-g5-technology,5,technology,4,1,Digital Citizenship and Privacy,4,Application or project: digital footprints,Application or project,digital footprints,Michigan Computer Science: Impacts of Computing;Networks and Internet
ma-g5-technology-u01-l05,ma-g5-technology,5,technology,5,1,Digital Citizenship and Privacy,5,Mastery check: kind communication,Mastery check,kind communication,Michigan Computer Science: Impacts of Computing;Networks and Internet
ma-g5-technology-u01-l06,ma-g5-technology,5,technology,6,1,Digital Citizenship and Privacy,6,Correction and reflection: reporting unsafe content,Correction and reflection,reporting unsafe content,Michigan Computer Science: Impacts of Computing;Networks and Internet
ma-g5-technology-u02-l01,ma-g5-technology,5,technology,7,2,"Computing Systems, Files, and Troubleshooting",1,Launch and diagnostic: hardware and software,Launch and diagnostic,hardware and software,Michigan Computer Science: Computing Systems
ma-g5-technology-u02-l02,ma-g5-technology,5,technology,8,2,"Computing Systems, Files, and Troubleshooting",2,Explicit model: input output storage,Explicit model,input output storage,Michigan Computer Science: Computing Systems
ma-g5-technology-u02-l03,ma-g5-technology,5,technology,9,2,"Computing Systems, Files, and Troubleshooting",3,Guided practice: files and folders,Guided practice,files and folders,Michigan Computer Science: Computing Systems
ma-g5-technology-u02-l04,ma-g5-technology,5,technology,10,2,"Computing Systems, Files, and Troubleshooting",4,Application or project: naming and versions,Application or project,naming and versions,Michigan Computer Science: Computing Systems
ma-g5-technology-u02-l05,ma-g5-technology,5,technology,11,2,"Computing Systems, Files, and Troubleshooting",5,Mastery check: basic troubleshooting,Mastery check,basic troubleshooting,Michigan Computer Science: Computing Systems
ma-g5-technology-u02-l06,ma-g5-technology,5,technology,12,2,"Computing Systems, Files, and Troubleshooting",6,Correction and reflection: backup concepts,Correction and reflection,backup concepts,Michigan Computer Science: Computing Systems
ma-g5-technology-u03-l01,ma-g5-technology,5,technology,13,3,Typing and Productivity Tools,1,Launch and diagnostic: efficient keyboarding,Launch and diagnostic,efficient keyboarding,Michigan Computer Science: Computing Systems;Data and Analysis
ma-g5-technology-u03-l02,ma-g5-technology,5,technology,14,3,Typing and Productivity Tools,2,Explicit model: document structure,Explicit model,document structure,Michigan Computer Science: Computing Systems;Data and Analysis
ma-g5-technology-u03-l03,ma-g5-technology,5,technology,15,3,Typing and Productivity Tools,3,Guided practice: tables and slides,Guided practice,tables and slides,Michigan Computer Science: Computing Systems;Data and Analysis
ma-g5-technology-u03-l04,ma-g5-technology,5,technology,16,3,Typing and Productivity Tools,4,Application or project: accessibility features,Application or project,accessibility features,Michigan Computer Science: Computing Systems;Data and Analysis
ma-g5-technology-u03-l05,ma-g5-technology,5,technology,17,3,Typing and Productivity Tools,5,Mastery check: collaboration comments,Mastery check,collaboration comments,Michigan Computer Science: Computing Systems;Data and Analysis
ma-g5-technology-u03-l06,ma-g5-technology,5,technology,18,3,Typing and Productivity Tools,6,Correction and reflection: version history,Correction and reflection,version history,Michigan Computer Science: Computing Systems;Data and Analysis
ma-g5-technology-u04-l01,ma-g5-technology,5,technology,19,4,Algorithms and Introductory Coding,1,Launch and diagnostic: sequence,Launch and diagnostic,sequence,Michigan Computer Science: Algorithms and Programming
ma-g5-technology-u04-l02,ma-g5-technology,5,technology,20,4,Algorithms and Introductory Coding,2,Explicit model: events,Explicit model,events,Michigan Computer Science: Algorithms and Programming
ma-g5-technology-u04-l03,ma-g5-technology,5,technology,21,4,Algorithms and Introductory Coding,3,Guided practice: loops,Guided practice,loops,Michigan Computer Science: Algorithms and Programming
ma-g5-technology-u04-l04,ma-g5-technology,5,technology,22,4,Algorithms and Introductory Coding,4,Application or project: conditionals,Application or project,conditionals,Michigan Computer Science: Algorithms and Programming
ma-g5-technology-u04-l05,ma-g5-technology,5,technology,23,4,Algorithms and Introductory Coding,5,Mastery check: variables,Mastery check,variables,Michigan Computer Science: Algorithms and Programming
ma-g5-technology-u04-l06,ma-g5-technology,5,technology,24,4,Algorithms and Introductory Coding,6,Correction and reflection: testing and debugging,Correction and reflection,testing and debugging,Michigan Computer Science: Algorithms and Programming
ma-g5-technology-u05-l01,ma-g5-technology,5,technology,25,5,"Data, Media, and Source Responsibility",1,Launch and diagnostic: collecting simple data,Launch and diagnostic,collecting simple data,Michigan Computer Science: Data and Analysis;Impacts of Computing
ma-g5-technology-u05-l02,ma-g5-technology,5,technology,26,5,"Data, Media, and Source Responsibility",2,Explicit model: tables and charts,Explicit model,tables and charts,Michigan Computer Science: Data and Analysis;Impacts of Computing
ma-g5-technology-u05-l03,ma-g5-technology,5,technology,27,5,"Data, Media, and Source Responsibility",3,Guided practice: image and media rights,Guided practice,image and media rights,Michigan Computer Science: Data and Analysis;Impacts of Computing
ma-g5-technology-u05-l04,ma-g5-technology,5,technology,28,5,"Data, Media, and Source Responsibility",4,Application or project: search strategies,Application or project,search strategies,Michigan Computer Science: Data and Analysis;Impacts of Computing
ma-g5-technology-u05-l05,ma-g5-technology,5,technology,29,5,"Data, Media, and Source Responsibility",5,Mastery check: source credibility,Mastery check,source credibility,Michigan Computer Science: Data and Analysis;Impacts of Computing
ma-g5-technology-u05-l06,ma-g5-technology,5,technology,30,5,"Data, Media, and Source Responsibility",6,Correction and reflection: AI-generated content checks,Correction and reflection,AI-generated content checks,Michigan Computer Science: Data and Analysis;Impacts of Computing
ma-g5-technology-u06-l01,ma-g5-technology,5,technology,31,6,Design for a User,1,Launch and diagnostic: user needs,Launch and diagnostic,user needs,Michigan Computer Science: Algorithms and Programming;Impacts of Computing
ma-g5-technology-u06-l02,ma-g5-technology,5,technology,32,6,Design for a User,2,Explicit model: requirements,Explicit model,requirements,Michigan Computer Science: Algorithms and Programming;Impacts of Computing
ma-g5-technology-u06-l03,ma-g5-technology,5,technology,33,6,Design for a User,3,Guided practice: prototypes,Guided practice,prototypes,Michigan Computer Science: Algorithms and Programming;Impacts of Computing
ma-g5-technology-u06-l04,ma-g5-technology,5,technology,34,6,Design for a User,4,Application or project: feedback,Application or project,feedback,Michigan Computer Science: Algorithms and Programming;Impacts of Computing
ma-g5-technology-u06-l05,ma-g5-technology,5,technology,35,6,Design for a User,5,Mastery check: iteration,Mastery check,iteration,Michigan Computer Science: Algorithms and Programming;Impacts of Computing
ma-g5-technology-u06-l06,ma-g5-technology,5,technology,36,6,Design for a User,6,Correction and reflection: accessibility and inclusion,Correction and reflection,accessibility and inclusion,Michigan Computer Science: Algorithms and Programming;Impacts of Computing
ma-g5-arts-and-music-u01-l01,ma-g5-arts-and-music,5,arts-and-music,1,1,Visual Elements and Observation,1,Launch and diagnostic: line shape color texture value and space,Launch and diagnostic,line shape color texture value and space,Michigan Arts: Visual Arts Create;Respond
ma-g5-arts-and-music-u01-l02,ma-g5-arts-and-music,5,arts-and-music,2,1,Visual Elements and Observation,2,Concept model A: careful observation,Concept model A,careful observation,Michigan Arts: Visual Arts Create;Respond
ma-g5-arts-and-music-u01-l03,ma-g5-arts-and-music,5,arts-and-music,3,1,Visual Elements and Observation,3,Guided practice A: sketchbook habits,Guided practice A,sketchbook habits,Michigan Arts: Visual Arts Create;Respond
ma-g5-arts-and-music-u01-l04,ma-g5-arts-and-music,5,arts-and-music,4,1,Visual Elements and Observation,4,Independent application A: composition,Independent application A,composition,Michigan Arts: Visual Arts Create;Respond
ma-g5-arts-and-music-u01-l05,ma-g5-arts-and-music,5,arts-and-music,5,1,Visual Elements and Observation,5,Concept model B: visual vocabulary,Concept model B,visual vocabulary,Michigan Arts: Visual Arts Create;Respond
ma-g5-arts-and-music-u01-l06,ma-g5-arts-and-music,5,arts-and-music,6,1,Visual Elements and Observation,6,Guided practice B: specific critique,Guided practice B,specific critique,Michigan Arts: Visual Arts Create;Respond
ma-g5-arts-and-music-u01-l07,ma-g5-arts-and-music,5,arts-and-music,7,1,Visual Elements and Observation,7,Investigation or close reading: line shape color texture value and space,Investigation or close reading,line shape color texture value and space,Michigan Arts: Visual Arts Create;Respond
ma-g5-arts-and-music-u01-l08,ma-g5-arts-and-music,5,arts-and-music,8,1,Visual Elements and Observation,8,Reteach and varied practice: careful observation,Reteach and varied practice,careful observation,Michigan Arts: Visual Arts Create;Respond
ma-g5-arts-and-music-u01-l09,ma-g5-arts-and-music,5,arts-and-music,9,1,Visual Elements and Observation,9,Performance task build: sketchbook habits,Performance task build,sketchbook habits,Michigan Arts: Visual Arts Create;Respond
ma-g5-arts-and-music-u01-l10,ma-g5-arts-and-music,5,arts-and-music,10,1,Visual Elements and Observation,10,Synthesis and review: composition,Synthesis and review,composition,Michigan Arts: Visual Arts Create;Respond
ma-g5-arts-and-music-u01-l11,ma-g5-arts-and-music,5,arts-and-music,11,1,Visual Elements and Observation,11,Unit assessment: visual vocabulary,Unit assessment,visual vocabulary,Michigan Arts: Visual Arts Create;Respond
ma-g5-arts-and-music-u01-l12,ma-g5-arts-and-music,5,arts-and-music,12,1,Visual Elements and Observation,12,Correction and reflection: specific critique,Correction and reflection,specific critique,Michigan Arts: Visual Arts Create;Respond
ma-g5-arts-and-music-u02-l01,ma-g5-arts-and-music,5,arts-and-music,13,2,"Materials, Techniques, and Design",1,Launch and diagnostic: drawing tools,Launch and diagnostic,drawing tools,Michigan Arts: Visual Arts Create;Present
ma-g5-arts-and-music-u02-l02,ma-g5-arts-and-music,5,arts-and-music,14,2,"Materials, Techniques, and Design",2,Concept model A: paint or color media,Concept model A,paint or color media,Michigan Arts: Visual Arts Create;Present
ma-g5-arts-and-music-u02-l03,ma-g5-arts-and-music,5,arts-and-music,15,2,"Materials, Techniques, and Design",3,Guided practice A: collage and printmaking,Guided practice A,collage and printmaking,Michigan Arts: Visual Arts Create;Present
ma-g5-arts-and-music-u02-l04,ma-g5-arts-and-music,5,arts-and-music,16,2,"Materials, Techniques, and Design",4,Independent application A: three-dimensional construction,Independent application A,three-dimensional construction,Michigan Arts: Visual Arts Create;Present
ma-g5-arts-and-music-u02-l05,ma-g5-arts-and-music,5,arts-and-music,17,2,"Materials, Techniques, and Design",5,Concept model B: craftsmanship and safety,Concept model B,craftsmanship and safety,Michigan Arts: Visual Arts Create;Present
ma-g5-arts-and-music-u02-l06,ma-g5-arts-and-music,5,arts-and-music,18,2,"Materials, Techniques, and Design",6,Guided practice B: revision,Guided practice B,revision,Michigan Arts: Visual Arts Create;Present
ma-g5-arts-and-music-u02-l07,ma-g5-arts-and-music,5,arts-and-music,19,2,"Materials, Techniques, and Design",7,Investigation or close reading: drawing tools,Investigation or close reading,drawing tools,Michigan Arts: Visual Arts Create;Present
ma-g5-arts-and-music-u02-l08,ma-g5-arts-and-music,5,arts-and-music,20,2,"Materials, Techniques, and Design",8,Reteach and varied practice: paint or color media,Reteach and varied practice,paint or color media,Michigan Arts: Visual Arts Create;Present
ma-g5-arts-and-music-u02-l09,ma-g5-arts-and-music,5,arts-and-music,21,2,"Materials, Techniques, and Design",9,Performance task build: collage and printmaking,Performance task build,collage and printmaking,Michigan Arts: Visual Arts Create;Present
ma-g5-arts-and-music-u02-l10,ma-g5-arts-and-music,5,arts-and-music,22,2,"Materials, Techniques, and Design",10,Synthesis and review: three-dimensional construction,Synthesis and review,three-dimensional construction,Michigan Arts: Visual Arts Create;Present
ma-g5-arts-and-music-u02-l11,ma-g5-arts-and-music,5,arts-and-music,23,2,"Materials, Techniques, and Design",11,Unit assessment: craftsmanship and safety,Unit assessment,craftsmanship and safety,Michigan Arts: Visual Arts Create;Present
ma-g5-arts-and-music-u02-l12,ma-g5-arts-and-music,5,arts-and-music,24,2,"Materials, Techniques, and Design",12,Correction and reflection: revision,Correction and reflection,revision,Michigan Arts: Visual Arts Create;Present
ma-g5-arts-and-music-u03-l01,ma-g5-arts-and-music,5,arts-and-music,25,3,Music Foundations and Listening,1,Launch and diagnostic: steady beat and rhythm,Launch and diagnostic,steady beat and rhythm,Michigan Arts: Music Perform;Respond
ma-g5-arts-and-music-u03-l02,ma-g5-arts-and-music,5,arts-and-music,26,3,Music Foundations and Listening,2,Concept model A: pitch and melody,Concept model A,pitch and melody,Michigan Arts: Music Perform;Respond
ma-g5-arts-and-music-u03-l03,ma-g5-arts-and-music,5,arts-and-music,27,3,Music Foundations and Listening,3,Guided practice A: dynamics and tempo,Guided practice A,dynamics and tempo,Michigan Arts: Music Perform;Respond
ma-g5-arts-and-music-u03-l04,ma-g5-arts-and-music,5,arts-and-music,28,3,Music Foundations and Listening,4,Independent application A: form,Independent application A,form,Michigan Arts: Music Perform;Respond
ma-g5-arts-and-music-u03-l05,ma-g5-arts-and-music,5,arts-and-music,29,3,Music Foundations and Listening,5,Concept model B: instrument families and voices,Concept model B,instrument families and voices,Michigan Arts: Music Perform;Respond
ma-g5-arts-and-music-u03-l06,ma-g5-arts-and-music,5,arts-and-music,30,3,Music Foundations and Listening,6,Guided practice B: active listening,Guided practice B,active listening,Michigan Arts: Music Perform;Respond
ma-g5-arts-and-music-u03-l07,ma-g5-arts-and-music,5,arts-and-music,31,3,Music Foundations and Listening,7,Investigation or close reading: steady beat and rhythm,Investigation or close reading,steady beat and rhythm,Michigan Arts: Music Perform;Respond
ma-g5-arts-and-music-u03-l08,ma-g5-arts-and-music,5,arts-and-music,32,3,Music Foundations and Listening,8,Reteach and varied practice: pitch and melody,Reteach and varied practice,pitch and melody,Michigan Arts: Music Perform;Respond
ma-g5-arts-and-music-u03-l09,ma-g5-arts-and-music,5,arts-and-music,33,3,Music Foundations and Listening,9,Performance task build: dynamics and tempo,Performance task build,dynamics and tempo,Michigan Arts: Music Perform;Respond
ma-g5-arts-and-music-u03-l10,ma-g5-arts-and-music,5,arts-and-music,34,3,Music Foundations and Listening,10,Synthesis and review: form,Synthesis and review,form,Michigan Arts: Music Perform;Respond
ma-g5-arts-and-music-u03-l11,ma-g5-arts-and-music,5,arts-and-music,35,3,Music Foundations and Listening,11,Unit assessment: instrument families and voices,Unit assessment,instrument families and voices,Michigan Arts: Music Perform;Respond
ma-g5-arts-and-music-u03-l12,ma-g5-arts-and-music,5,arts-and-music,36,3,Music Foundations and Listening,12,Correction and reflection: active listening,Correction and reflection,active listening,Michigan Arts: Music Perform;Respond
ma-g5-arts-and-music-u04-l01,ma-g5-arts-and-music,5,arts-and-music,37,4,"Theater, Storytelling, and Movement",1,Launch and diagnostic: character and objective,Launch and diagnostic,character and objective,Michigan Arts: Theatre Create;Perform;Dance Create
ma-g5-arts-and-music-u04-l02,ma-g5-arts-and-music,5,arts-and-music,38,4,"Theater, Storytelling, and Movement",2,Concept model A: voice and gesture,Concept model A,voice and gesture,Michigan Arts: Theatre Create;Perform;Dance Create
ma-g5-arts-and-music-u04-l03,ma-g5-arts-and-music,5,arts-and-music,39,4,"Theater, Storytelling, and Movement",3,Guided practice A: scene structure,Guided practice A,scene structure,Michigan Arts: Theatre Create;Perform;Dance Create
ma-g5-arts-and-music-u04-l04,ma-g5-arts-and-music,5,arts-and-music,40,4,"Theater, Storytelling, and Movement",4,Independent application A: improvisation boundaries,Independent application A,improvisation boundaries,Michigan Arts: Theatre Create;Perform;Dance Create
ma-g5-arts-and-music-u04-l05,ma-g5-arts-and-music,5,arts-and-music,41,4,"Theater, Storytelling, and Movement",5,Concept model B: movement sequence,Concept model B,movement sequence,Michigan Arts: Theatre Create;Perform;Dance Create
ma-g5-arts-and-music-u04-l06,ma-g5-arts-and-music,5,arts-and-music,42,4,"Theater, Storytelling, and Movement",6,Guided practice B: audience awareness,Guided practice B,audience awareness,Michigan Arts: Theatre Create;Perform;Dance Create
ma-g5-arts-and-music-u04-l07,ma-g5-arts-and-music,5,arts-and-music,43,4,"Theater, Storytelling, and Movement",7,Investigation or close reading: character and objective,Investigation or close reading,character and objective,Michigan Arts: Theatre Create;Perform;Dance Create
ma-g5-arts-and-music-u04-l08,ma-g5-arts-and-music,5,arts-and-music,44,4,"Theater, Storytelling, and Movement",8,Reteach and varied practice: voice and gesture,Reteach and varied practice,voice and gesture,Michigan Arts: Theatre Create;Perform;Dance Create
ma-g5-arts-and-music-u04-l09,ma-g5-arts-and-music,5,arts-and-music,45,4,"Theater, Storytelling, and Movement",9,Performance task build: scene structure,Performance task build,scene structure,Michigan Arts: Theatre Create;Perform;Dance Create
ma-g5-arts-and-music-u04-l10,ma-g5-arts-and-music,5,arts-and-music,46,4,"Theater, Storytelling, and Movement",10,Synthesis and review: improvisation boundaries,Synthesis and review,improvisation boundaries,Michigan Arts: Theatre Create;Perform;Dance Create
ma-g5-arts-and-music-u04-l11,ma-g5-arts-and-music,5,arts-and-music,47,4,"Theater, Storytelling, and Movement",11,Unit assessment: movement sequence,Unit assessment,movement sequence,Michigan Arts: Theatre Create;Perform;Dance Create
ma-g5-arts-and-music-u04-l12,ma-g5-arts-and-music,5,arts-and-music,48,4,"Theater, Storytelling, and Movement",12,Correction and reflection: audience awareness,Correction and reflection,audience awareness,Michigan Arts: Theatre Create;Perform;Dance Create
ma-g5-arts-and-music-u05-l01,ma-g5-arts-and-music,5,arts-and-music,49,5,"Arts, Culture, and Context",1,Launch and diagnostic: art as communication,Launch and diagnostic,art as communication,Michigan Arts: Connect;Respond
ma-g5-arts-and-music-u05-l02,ma-g5-arts-and-music,5,arts-and-music,50,5,"Arts, Culture, and Context",2,Concept model A: community traditions,Concept model A,community traditions,Michigan Arts: Connect;Respond
ma-g5-arts-and-music-u05-l03,ma-g5-arts-and-music,5,arts-and-music,51,5,"Arts, Culture, and Context",3,Guided practice A: artist context,Guided practice A,artist context,Michigan Arts: Connect;Respond
ma-g5-arts-and-music-u05-l04,ma-g5-arts-and-music,5,arts-and-music,52,5,"Arts, Culture, and Context",4,Independent application A: respectful cultural learning,Independent application A,respectful cultural learning,Michigan Arts: Connect;Respond
ma-g5-arts-and-music-u05-l05,ma-g5-arts-and-music,5,arts-and-music,53,5,"Arts, Culture, and Context",5,Concept model B: copyright and attribution,Concept model B,copyright and attribution,Michigan Arts: Connect;Respond
ma-g5-arts-and-music-u05-l06,ma-g5-arts-and-music,5,arts-and-music,54,5,"Arts, Culture, and Context",6,Guided practice B: comparison across forms,Guided practice B,comparison across forms,Michigan Arts: Connect;Respond
ma-g5-arts-and-music-u05-l07,ma-g5-arts-and-music,5,arts-and-music,55,5,"Arts, Culture, and Context",7,Investigation or close reading: art as communication,Investigation or close reading,art as communication,Michigan Arts: Connect;Respond
ma-g5-arts-and-music-u05-l08,ma-g5-arts-and-music,5,arts-and-music,56,5,"Arts, Culture, and Context",8,Reteach and varied practice: community traditions,Reteach and varied practice,community traditions,Michigan Arts: Connect;Respond
ma-g5-arts-and-music-u05-l09,ma-g5-arts-and-music,5,arts-and-music,57,5,"Arts, Culture, and Context",9,Performance task build: artist context,Performance task build,artist context,Michigan Arts: Connect;Respond
ma-g5-arts-and-music-u05-l10,ma-g5-arts-and-music,5,arts-and-music,58,5,"Arts, Culture, and Context",10,Synthesis and review: respectful cultural learning,Synthesis and review,respectful cultural learning,Michigan Arts: Connect;Respond
ma-g5-arts-and-music-u05-l11,ma-g5-arts-and-music,5,arts-and-music,59,5,"Arts, Culture, and Context",11,Unit assessment: copyright and attribution,Unit assessment,copyright and attribution,Michigan Arts: Connect;Respond
ma-g5-arts-and-music-u05-l12,ma-g5-arts-and-music,5,arts-and-music,60,5,"Arts, Culture, and Context",12,Correction and reflection: comparison across forms,Correction and reflection,comparison across forms,Michigan Arts: Connect;Respond
ma-g5-arts-and-music-u06-l01,ma-g5-arts-and-music,5,arts-and-music,61,6,"Portfolio, Rehearsal, and Exhibition",1,Launch and diagnostic: selecting work,Launch and diagnostic,selecting work,Michigan Arts: Create;Perform/Present;Respond;Connect
ma-g5-arts-and-music-u06-l02,ma-g5-arts-and-music,5,arts-and-music,62,6,"Portfolio, Rehearsal, and Exhibition",2,Concept model A: artist statements,Concept model A,artist statements,Michigan Arts: Create;Perform/Present;Respond;Connect
ma-g5-arts-and-music-u06-l03,ma-g5-arts-and-music,5,arts-and-music,63,6,"Portfolio, Rehearsal, and Exhibition",3,Guided practice A: rehearsal plans,Guided practice A,rehearsal plans,Michigan Arts: Create;Perform/Present;Respond;Connect
ma-g5-arts-and-music-u06-l04,ma-g5-arts-and-music,5,arts-and-music,64,6,"Portfolio, Rehearsal, and Exhibition",4,Independent application A: peer feedback,Independent application A,peer feedback,Michigan Arts: Create;Perform/Present;Respond;Connect
ma-g5-arts-and-music-u06-l05,ma-g5-arts-and-music,5,arts-and-music,65,6,"Portfolio, Rehearsal, and Exhibition",5,Concept model B: revision,Concept model B,revision,Michigan Arts: Create;Perform/Present;Respond;Connect
ma-g5-arts-and-music-u06-l06,ma-g5-arts-and-music,5,arts-and-music,66,6,"Portfolio, Rehearsal, and Exhibition",6,Guided practice B: presentation and reflection,Guided practice B,presentation and reflection,Michigan Arts: Create;Perform/Present;Respond;Connect
ma-g5-arts-and-music-u06-l07,ma-g5-arts-and-music,5,arts-and-music,67,6,"Portfolio, Rehearsal, and Exhibition",7,Investigation or close reading: selecting work,Investigation or close reading,selecting work,Michigan Arts: Create;Perform/Present;Respond;Connect
ma-g5-arts-and-music-u06-l08,ma-g5-arts-and-music,5,arts-and-music,68,6,"Portfolio, Rehearsal, and Exhibition",8,Reteach and varied practice: artist statements,Reteach and varied practice,artist statements,Michigan Arts: Create;Perform/Present;Respond;Connect
ma-g5-arts-and-music-u06-l09,ma-g5-arts-and-music,5,arts-and-music,69,6,"Portfolio, Rehearsal, and Exhibition",9,Performance task build: rehearsal plans,Performance task build,rehearsal plans,Michigan Arts: Create;Perform/Present;Respond;Connect
ma-g5-arts-and-music-u06-l10,ma-g5-arts-and-music,5,arts-and-music,70,6,"Portfolio, Rehearsal, and Exhibition",10,Synthesis and review: peer feedback,Synthesis and review,peer feedback,Michigan Arts: Create;Perform/Present;Respond;Connect
ma-g5-arts-and-music-u06-l11,ma-g5-arts-and-music,5,arts-and-music,71,6,"Portfolio, Rehearsal, and Exhibition",11,Unit assessment: revision,Unit assessment,revision,Michigan Arts: Create;Perform/Present;Respond;Connect
ma-g5-arts-and-music-u06-l12,ma-g5-arts-and-music,5,arts-and-music,72,6,"Portfolio, Rehearsal, and Exhibition",12,Correction and reflection: presentation and reflection,Correction and reflection,presentation and reflection,Michigan Arts: Create;Perform/Present;Respond;Connect
ma-g5-financial-literacy-u01-l01,ma-g5-financial-literacy,5,financial-literacy,1,1,"Money, Choices, and Values",1,Launch and diagnostic: needs wants and priorities,Launch and diagnostic,needs wants and priorities,Michigan Personal Finance foundations;Grade 5 economics connections
ma-g5-financial-literacy-u01-l02,ma-g5-financial-literacy,5,financial-literacy,2,1,"Money, Choices, and Values",2,Explicit model: scarcity and tradeoffs,Explicit model,scarcity and tradeoffs,Michigan Personal Finance foundations;Grade 5 economics connections
ma-g5-financial-literacy-u01-l03,ma-g5-financial-literacy,5,financial-literacy,3,1,"Money, Choices, and Values",3,Guided practice: money as a tool,Guided practice,money as a tool,Michigan Personal Finance foundations;Grade 5 economics connections
ma-g5-financial-literacy-u01-l04,ma-g5-financial-literacy,5,financial-literacy,4,1,"Money, Choices, and Values",4,Application or project: advertising influence,Application or project,advertising influence,Michigan Personal Finance foundations;Grade 5 economics connections
ma-g5-financial-literacy-u01-l05,ma-g5-financial-literacy,5,financial-literacy,5,1,"Money, Choices, and Values",5,Mastery check: decision steps,Mastery check,decision steps,Michigan Personal Finance foundations;Grade 5 economics connections
ma-g5-financial-literacy-u01-l06,ma-g5-financial-literacy,5,financial-literacy,6,1,"Money, Choices, and Values",6,Correction and reflection: family differences and dignity,Correction and reflection,family differences and dignity,Michigan Personal Finance foundations;Grade 5 economics connections
ma-g5-financial-literacy-u02-l01,ma-g5-financial-literacy,5,financial-literacy,7,2,Earning and Work,1,Launch and diagnostic: ways people earn income,Launch and diagnostic,ways people earn income,PF1 foundations
ma-g5-financial-literacy-u02-l02,ma-g5-financial-literacy,5,financial-literacy,8,2,Earning and Work,2,Explicit model: skills and education,Explicit model,skills and education,PF1 foundations
ma-g5-financial-literacy-u02-l03,ma-g5-financial-literacy,5,financial-literacy,9,2,Earning and Work,3,Guided practice: gross and take-home concepts,Guided practice,gross and take-home concepts,PF1 foundations
ma-g5-financial-literacy-u02-l04,ma-g5-financial-literacy,5,financial-literacy,10,2,Earning and Work,4,Application or project: entrepreneurship,Application or project,entrepreneurship,PF1 foundations
ma-g5-financial-literacy-u02-l05,ma-g5-financial-literacy,5,financial-literacy,11,2,Earning and Work,5,Mastery check: unpaid family and community work,Mastery check,unpaid family and community work,PF1 foundations
ma-g5-financial-literacy-u02-l06,ma-g5-financial-literacy,5,financial-literacy,12,2,Earning and Work,6,Correction and reflection: workplace responsibility,Correction and reflection,workplace responsibility,PF1 foundations
ma-g5-financial-literacy-u03-l01,ma-g5-financial-literacy,5,financial-literacy,13,3,Spending and Budgeting,1,Launch and diagnostic: unit prices,Launch and diagnostic,unit prices,PF2 foundations;PF3 foundations
ma-g5-financial-literacy-u03-l02,ma-g5-financial-literacy,5,financial-literacy,14,3,Spending and Budgeting,2,Explicit model: comparison shopping,Explicit model,comparison shopping,PF2 foundations;PF3 foundations
ma-g5-financial-literacy-u03-l03,ma-g5-financial-literacy,5,financial-literacy,15,3,Spending and Budgeting,3,Guided practice: sales tax concept,Guided practice,sales tax concept,PF2 foundations;PF3 foundations
ma-g5-financial-literacy-u03-l04,ma-g5-financial-literacy,5,financial-literacy,16,3,Spending and Budgeting,4,Application or project: fixed and flexible categories,Application or project,fixed and flexible categories,PF2 foundations;PF3 foundations
ma-g5-financial-literacy-u03-l05,ma-g5-financial-literacy,5,financial-literacy,17,3,Spending and Budgeting,5,Mastery check: simple budgets,Mastery check,simple budgets,PF2 foundations;PF3 foundations
ma-g5-financial-literacy-u03-l06,ma-g5-financial-literacy,5,financial-literacy,18,3,Spending and Budgeting,6,Correction and reflection: checking totals,Correction and reflection,checking totals,PF2 foundations;PF3 foundations
ma-g5-financial-literacy-u04-l01,ma-g5-financial-literacy,5,financial-literacy,19,4,Saving and Banking Safety,1,Launch and diagnostic: short and long goals,Launch and diagnostic,short and long goals,PF3 foundations;PF6 foundations
ma-g5-financial-literacy-u04-l02,ma-g5-financial-literacy,5,financial-literacy,20,4,Saving and Banking Safety,2,Explicit model: saving plans,Explicit model,saving plans,PF3 foundations;PF6 foundations
ma-g5-financial-literacy-u04-l03,ma-g5-financial-literacy,5,financial-literacy,21,4,Saving and Banking Safety,3,Guided practice: banks and credit unions,Guided practice,banks and credit unions,PF3 foundations;PF6 foundations
ma-g5-financial-literacy-u04-l04,ma-g5-financial-literacy,5,financial-literacy,22,4,Saving and Banking Safety,4,Application or project: interest concept,Application or project,interest concept,PF3 foundations;PF6 foundations
ma-g5-financial-literacy-u04-l05,ma-g5-financial-literacy,5,financial-literacy,23,4,Saving and Banking Safety,5,Mastery check: deposit insurance concept,Mastery check,deposit insurance concept,PF3 foundations;PF6 foundations
ma-g5-financial-literacy-u04-l06,ma-g5-financial-literacy,5,financial-literacy,24,4,Saving and Banking Safety,6,Correction and reflection: fraud and password safety,Correction and reflection,fraud and password safety,PF3 foundations;PF6 foundations
ma-g5-financial-literacy-u05-l01,ma-g5-financial-literacy,5,financial-literacy,25,5,"Borrowing, Giving, and Risk",1,Launch and diagnostic: borrowing and repayment,Launch and diagnostic,borrowing and repayment,PF4 foundations;PF6 foundations
ma-g5-financial-literacy-u05-l02,ma-g5-financial-literacy,5,financial-literacy,26,5,"Borrowing, Giving, and Risk",2,Explicit model: interest as cost,Explicit model,interest as cost,PF4 foundations;PF6 foundations
ma-g5-financial-literacy-u05-l03,ma-g5-financial-literacy,5,financial-literacy,27,5,"Borrowing, Giving, and Risk",3,Guided practice: responsible lending boundaries,Guided practice,responsible lending boundaries,PF4 foundations;PF6 foundations
ma-g5-financial-literacy-u05-l04,ma-g5-financial-literacy,5,financial-literacy,28,5,"Borrowing, Giving, and Risk",4,Application or project: giving and community support,Application or project,giving and community support,PF4 foundations;PF6 foundations
ma-g5-financial-literacy-u05-l05,ma-g5-financial-literacy,5,financial-literacy,29,5,"Borrowing, Giving, and Risk",5,Mastery check: risk and protection,Mastery check,risk and protection,PF4 foundations;PF6 foundations
ma-g5-financial-literacy-u05-l06,ma-g5-financial-literacy,5,financial-literacy,30,5,"Borrowing, Giving, and Risk",6,Correction and reflection: scams,Correction and reflection,scams,PF4 foundations;PF6 foundations
ma-g5-financial-literacy-u06-l01,ma-g5-financial-literacy,5,financial-literacy,31,6,Marketplace Capstone,1,Launch and diagnostic: product or service idea,Launch and diagnostic,product or service idea,PF1-PF6 foundations
ma-g5-financial-literacy-u06-l02,ma-g5-financial-literacy,5,financial-literacy,32,6,Marketplace Capstone,2,Explicit model: costs and pricing,Explicit model,costs and pricing,PF1-PF6 foundations
ma-g5-financial-literacy-u06-l03,ma-g5-financial-literacy,5,financial-literacy,33,6,Marketplace Capstone,3,Guided practice: budget,Guided practice,budget,PF1-PF6 foundations
ma-g5-financial-literacy-u06-l04,ma-g5-financial-literacy,5,financial-literacy,34,6,Marketplace Capstone,4,Application or project: customer communication,Application or project,customer communication,PF1-PF6 foundations
ma-g5-financial-literacy-u06-l05,ma-g5-financial-literacy,5,financial-literacy,35,6,Marketplace Capstone,5,Mastery check: record keeping,Mastery check,record keeping,PF1-PF6 foundations
ma-g5-financial-literacy-u06-l06,ma-g5-financial-literacy,5,financial-literacy,36,6,Marketplace Capstone,6,Correction and reflection: reflection and giving choices,Correction and reflection,reflection and giving choices,PF1-PF6 foundations
ma-g7-mathematics-u01-l01,ma-g7-mathematics,7,mathematics,1,1,Mathematical Reasoning and Proportional Thinking,1,Launch and diagnostic: unit rates with fractions,Launch and diagnostic,unit rates with fractions,7.RP.1;7.RP.2;MP.1;MP.3;MP.6
ma-g7-mathematics-u01-l02,ma-g7-mathematics,7,mathematics,2,1,Mathematical Reasoning and Proportional Thinking,2,Concept model A: proportional relationships,Concept model A,proportional relationships,7.RP.1;7.RP.2;MP.1;MP.3;MP.6
ma-g7-mathematics-u01-l03,ma-g7-mathematics,7,mathematics,3,1,Mathematical Reasoning and Proportional Thinking,3,Guided practice A: tables graphs and equations,Guided practice A,tables graphs and equations,7.RP.1;7.RP.2;MP.1;MP.3;MP.6
ma-g7-mathematics-u01-l04,ma-g7-mathematics,7,mathematics,4,1,Mathematical Reasoning and Proportional Thinking,4,Independent application A: constant of proportionality,Independent application A,constant of proportionality,7.RP.1;7.RP.2;MP.1;MP.3;MP.6
ma-g7-mathematics-u01-l05,ma-g7-mathematics,7,mathematics,5,1,Mathematical Reasoning and Proportional Thinking,5,Concept model B: explaining whether a relationship is proportional,Concept model B,explaining whether a relationship is proportional,7.RP.1;7.RP.2;MP.1;MP.3;MP.6
ma-g7-mathematics-u01-l06,ma-g7-mathematics,7,mathematics,6,1,Mathematical Reasoning and Proportional Thinking,6,Guided practice B: precision and reasonableness,Guided practice B,precision and reasonableness,7.RP.1;7.RP.2;MP.1;MP.3;MP.6
ma-g7-mathematics-u01-l07,ma-g7-mathematics,7,mathematics,7,1,Mathematical Reasoning and Proportional Thinking,7,Investigation or close reading: unit rates with fractions,Investigation or close reading,unit rates with fractions,7.RP.1;7.RP.2;MP.1;MP.3;MP.6
ma-g7-mathematics-u01-l08,ma-g7-mathematics,7,mathematics,8,1,Mathematical Reasoning and Proportional Thinking,8,Reteach and varied practice: proportional relationships,Reteach and varied practice,proportional relationships,7.RP.1;7.RP.2;MP.1;MP.3;MP.6
ma-g7-mathematics-u01-l09,ma-g7-mathematics,7,mathematics,9,1,Mathematical Reasoning and Proportional Thinking,9,Concept model C: tables graphs and equations,Concept model C,tables graphs and equations,7.RP.1;7.RP.2;MP.1;MP.3;MP.6
ma-g7-mathematics-u01-l10,ma-g7-mathematics,7,mathematics,10,1,Mathematical Reasoning and Proportional Thinking,10,Discussion or problem seminar: constant of proportionality,Discussion or problem seminar,constant of proportionality,7.RP.1;7.RP.2;MP.1;MP.3;MP.6
ma-g7-mathematics-u01-l11,ma-g7-mathematics,7,mathematics,11,1,Mathematical Reasoning and Proportional Thinking,11,Performance task planning: explaining whether a relationship is proportional,Performance task planning,explaining whether a relationship is proportional,7.RP.1;7.RP.2;MP.1;MP.3;MP.6
ma-g7-mathematics-u01-l12,ma-g7-mathematics,7,mathematics,12,1,Mathematical Reasoning and Proportional Thinking,12,Performance task build: precision and reasonableness,Performance task build,precision and reasonableness,7.RP.1;7.RP.2;MP.1;MP.3;MP.6
ma-g7-mathematics-u01-l13,ma-g7-mathematics,7,mathematics,13,1,Mathematical Reasoning and Proportional Thinking,13,Skill consolidation: unit rates with fractions,Skill consolidation,unit rates with fractions,7.RP.1;7.RP.2;MP.1;MP.3;MP.6
ma-g7-mathematics-u01-l14,ma-g7-mathematics,7,mathematics,14,1,Mathematical Reasoning and Proportional Thinking,14,Transfer challenge: proportional relationships,Transfer challenge,proportional relationships,7.RP.1;7.RP.2;MP.1;MP.3;MP.6
ma-g7-mathematics-u01-l15,ma-g7-mathematics,7,mathematics,15,1,Mathematical Reasoning and Proportional Thinking,15,Assessment preparation: tables graphs and equations,Assessment preparation,tables graphs and equations,7.RP.1;7.RP.2;MP.1;MP.3;MP.6
ma-g7-mathematics-u01-l16,ma-g7-mathematics,7,mathematics,16,1,Mathematical Reasoning and Proportional Thinking,16,Unit assessment: constant of proportionality,Unit assessment,constant of proportionality,7.RP.1;7.RP.2;MP.1;MP.3;MP.6
ma-g7-mathematics-u01-l17,ma-g7-mathematics,7,mathematics,17,1,Mathematical Reasoning and Proportional Thinking,17,Targeted correction: explaining whether a relationship is proportional,Targeted correction,explaining whether a relationship is proportional,7.RP.1;7.RP.2;MP.1;MP.3;MP.6
ma-g7-mathematics-u01-l18,ma-g7-mathematics,7,mathematics,18,1,Mathematical Reasoning and Proportional Thinking,18,"Publication, presentation, or reflection: precision and reasonableness","Publication, presentation, or reflection",precision and reasonableness,7.RP.1;7.RP.2;MP.1;MP.3;MP.6
ma-g7-mathematics-u02-l01,ma-g7-mathematics,7,mathematics,19,2,Operations with Rational Numbers,1,Launch and diagnostic: adding signed numbers,Launch and diagnostic,adding signed numbers,7.NS.1;7.NS.2;7.NS.3
ma-g7-mathematics-u02-l02,ma-g7-mathematics,7,mathematics,20,2,Operations with Rational Numbers,2,Concept model A: subtracting signed numbers,Concept model A,subtracting signed numbers,7.NS.1;7.NS.2;7.NS.3
ma-g7-mathematics-u02-l03,ma-g7-mathematics,7,mathematics,21,2,Operations with Rational Numbers,3,Guided practice A: multiplying signed numbers,Guided practice A,multiplying signed numbers,7.NS.1;7.NS.2;7.NS.3
ma-g7-mathematics-u02-l04,ma-g7-mathematics,7,mathematics,22,2,Operations with Rational Numbers,4,Independent application A: dividing signed numbers,Independent application A,dividing signed numbers,7.NS.1;7.NS.2;7.NS.3
ma-g7-mathematics-u02-l05,ma-g7-mathematics,7,mathematics,23,2,Operations with Rational Numbers,5,Concept model B: fractions and decimals,Concept model B,fractions and decimals,7.NS.1;7.NS.2;7.NS.3
ma-g7-mathematics-u02-l06,ma-g7-mathematics,7,mathematics,24,2,Operations with Rational Numbers,6,Guided practice B: multi-step rational-number problems,Guided practice B,multi-step rational-number problems,7.NS.1;7.NS.2;7.NS.3
ma-g7-mathematics-u02-l07,ma-g7-mathematics,7,mathematics,25,2,Operations with Rational Numbers,7,Investigation or close reading: adding signed numbers,Investigation or close reading,adding signed numbers,7.NS.1;7.NS.2;7.NS.3
ma-g7-mathematics-u02-l08,ma-g7-mathematics,7,mathematics,26,2,Operations with Rational Numbers,8,Reteach and varied practice: subtracting signed numbers,Reteach and varied practice,subtracting signed numbers,7.NS.1;7.NS.2;7.NS.3
ma-g7-mathematics-u02-l09,ma-g7-mathematics,7,mathematics,27,2,Operations with Rational Numbers,9,Concept model C: multiplying signed numbers,Concept model C,multiplying signed numbers,7.NS.1;7.NS.2;7.NS.3
ma-g7-mathematics-u02-l10,ma-g7-mathematics,7,mathematics,28,2,Operations with Rational Numbers,10,Discussion or problem seminar: dividing signed numbers,Discussion or problem seminar,dividing signed numbers,7.NS.1;7.NS.2;7.NS.3
ma-g7-mathematics-u02-l11,ma-g7-mathematics,7,mathematics,29,2,Operations with Rational Numbers,11,Performance task planning: fractions and decimals,Performance task planning,fractions and decimals,7.NS.1;7.NS.2;7.NS.3
ma-g7-mathematics-u02-l12,ma-g7-mathematics,7,mathematics,30,2,Operations with Rational Numbers,12,Performance task build: multi-step rational-number problems,Performance task build,multi-step rational-number problems,7.NS.1;7.NS.2;7.NS.3
ma-g7-mathematics-u02-l13,ma-g7-mathematics,7,mathematics,31,2,Operations with Rational Numbers,13,Skill consolidation: adding signed numbers,Skill consolidation,adding signed numbers,7.NS.1;7.NS.2;7.NS.3
ma-g7-mathematics-u02-l14,ma-g7-mathematics,7,mathematics,32,2,Operations with Rational Numbers,14,Transfer challenge: subtracting signed numbers,Transfer challenge,subtracting signed numbers,7.NS.1;7.NS.2;7.NS.3
ma-g7-mathematics-u02-l15,ma-g7-mathematics,7,mathematics,33,2,Operations with Rational Numbers,15,Assessment preparation: multiplying signed numbers,Assessment preparation,multiplying signed numbers,7.NS.1;7.NS.2;7.NS.3
ma-g7-mathematics-u02-l16,ma-g7-mathematics,7,mathematics,34,2,Operations with Rational Numbers,16,Unit assessment: dividing signed numbers,Unit assessment,dividing signed numbers,7.NS.1;7.NS.2;7.NS.3
ma-g7-mathematics-u02-l17,ma-g7-mathematics,7,mathematics,35,2,Operations with Rational Numbers,17,Targeted correction: fractions and decimals,Targeted correction,fractions and decimals,7.NS.1;7.NS.2;7.NS.3
ma-g7-mathematics-u02-l18,ma-g7-mathematics,7,mathematics,36,2,Operations with Rational Numbers,18,"Publication, presentation, or reflection: multi-step rational-number problems","Publication, presentation, or reflection",multi-step rational-number problems,7.NS.1;7.NS.2;7.NS.3
ma-g7-mathematics-u03-l01,ma-g7-mathematics,7,mathematics,37,3,Expressions and Equivalent Forms,1,Launch and diagnostic: distributive property,Launch and diagnostic,distributive property,7.EE.1;7.EE.2
ma-g7-mathematics-u03-l02,ma-g7-mathematics,7,mathematics,38,3,Expressions and Equivalent Forms,2,Concept model A: combining like terms,Concept model A,combining like terms,7.EE.1;7.EE.2
ma-g7-mathematics-u03-l03,ma-g7-mathematics,7,mathematics,39,3,Expressions and Equivalent Forms,3,Guided practice A: factoring simple expressions,Guided practice A,factoring simple expressions,7.EE.1;7.EE.2
ma-g7-mathematics-u03-l04,ma-g7-mathematics,7,mathematics,40,3,Expressions and Equivalent Forms,4,Independent application A: equivalent forms,Independent application A,equivalent forms,7.EE.1;7.EE.2
ma-g7-mathematics-u03-l05,ma-g7-mathematics,7,mathematics,41,3,Expressions and Equivalent Forms,5,Concept model B: interpreting parts of expressions,Concept model B,interpreting parts of expressions,7.EE.1;7.EE.2
ma-g7-mathematics-u03-l06,ma-g7-mathematics,7,mathematics,42,3,Expressions and Equivalent Forms,6,Guided practice B: writing expressions from contexts,Guided practice B,writing expressions from contexts,7.EE.1;7.EE.2
ma-g7-mathematics-u03-l07,ma-g7-mathematics,7,mathematics,43,3,Expressions and Equivalent Forms,7,Investigation or close reading: distributive property,Investigation or close reading,distributive property,7.EE.1;7.EE.2
ma-g7-mathematics-u03-l08,ma-g7-mathematics,7,mathematics,44,3,Expressions and Equivalent Forms,8,Reteach and varied practice: combining like terms,Reteach and varied practice,combining like terms,7.EE.1;7.EE.2
ma-g7-mathematics-u03-l09,ma-g7-mathematics,7,mathematics,45,3,Expressions and Equivalent Forms,9,Concept model C: factoring simple expressions,Concept model C,factoring simple expressions,7.EE.1;7.EE.2
ma-g7-mathematics-u03-l10,ma-g7-mathematics,7,mathematics,46,3,Expressions and Equivalent Forms,10,Discussion or problem seminar: equivalent forms,Discussion or problem seminar,equivalent forms,7.EE.1;7.EE.2
ma-g7-mathematics-u03-l11,ma-g7-mathematics,7,mathematics,47,3,Expressions and Equivalent Forms,11,Performance task planning: interpreting parts of expressions,Performance task planning,interpreting parts of expressions,7.EE.1;7.EE.2
ma-g7-mathematics-u03-l12,ma-g7-mathematics,7,mathematics,48,3,Expressions and Equivalent Forms,12,Performance task build: writing expressions from contexts,Performance task build,writing expressions from contexts,7.EE.1;7.EE.2
ma-g7-mathematics-u03-l13,ma-g7-mathematics,7,mathematics,49,3,Expressions and Equivalent Forms,13,Skill consolidation: distributive property,Skill consolidation,distributive property,7.EE.1;7.EE.2
ma-g7-mathematics-u03-l14,ma-g7-mathematics,7,mathematics,50,3,Expressions and Equivalent Forms,14,Transfer challenge: combining like terms,Transfer challenge,combining like terms,7.EE.1;7.EE.2
ma-g7-mathematics-u03-l15,ma-g7-mathematics,7,mathematics,51,3,Expressions and Equivalent Forms,15,Assessment preparation: factoring simple expressions,Assessment preparation,factoring simple expressions,7.EE.1;7.EE.2
ma-g7-mathematics-u03-l16,ma-g7-mathematics,7,mathematics,52,3,Expressions and Equivalent Forms,16,Unit assessment: equivalent forms,Unit assessment,equivalent forms,7.EE.1;7.EE.2
ma-g7-mathematics-u03-l17,ma-g7-mathematics,7,mathematics,53,3,Expressions and Equivalent Forms,17,Targeted correction: interpreting parts of expressions,Targeted correction,interpreting parts of expressions,7.EE.1;7.EE.2
ma-g7-mathematics-u03-l18,ma-g7-mathematics,7,mathematics,54,3,Expressions and Equivalent Forms,18,"Publication, presentation, or reflection: writing expressions from contexts","Publication, presentation, or reflection",writing expressions from contexts,7.EE.1;7.EE.2
ma-g7-mathematics-u04-l01,ma-g7-mathematics,7,mathematics,55,4,Equations and Inequalities,1,Launch and diagnostic: multi-step numerical problems,Launch and diagnostic,multi-step numerical problems,7.EE.3;7.EE.4
ma-g7-mathematics-u04-l02,ma-g7-mathematics,7,mathematics,56,4,Equations and Inequalities,2,Concept model A: two-step equations,Concept model A,two-step equations,7.EE.3;7.EE.4
ma-g7-mathematics-u04-l03,ma-g7-mathematics,7,mathematics,57,4,Equations and Inequalities,3,Guided practice A: two-step inequalities,Guided practice A,two-step inequalities,7.EE.3;7.EE.4
ma-g7-mathematics-u04-l04,ma-g7-mathematics,7,mathematics,58,4,Equations and Inequalities,4,Independent application A: solution sets,Independent application A,solution sets,7.EE.3;7.EE.4
ma-g7-mathematics-u04-l05,ma-g7-mathematics,7,mathematics,59,4,Equations and Inequalities,5,Concept model B: graphing inequalities,Concept model B,graphing inequalities,7.EE.3;7.EE.4
ma-g7-mathematics-u04-l06,ma-g7-mathematics,7,mathematics,60,4,Equations and Inequalities,6,Guided practice B: checking and interpreting solutions,Guided practice B,checking and interpreting solutions,7.EE.3;7.EE.4
ma-g7-mathematics-u04-l07,ma-g7-mathematics,7,mathematics,61,4,Equations and Inequalities,7,Investigation or close reading: multi-step numerical problems,Investigation or close reading,multi-step numerical problems,7.EE.3;7.EE.4
ma-g7-mathematics-u04-l08,ma-g7-mathematics,7,mathematics,62,4,Equations and Inequalities,8,Reteach and varied practice: two-step equations,Reteach and varied practice,two-step equations,7.EE.3;7.EE.4
ma-g7-mathematics-u04-l09,ma-g7-mathematics,7,mathematics,63,4,Equations and Inequalities,9,Concept model C: two-step inequalities,Concept model C,two-step inequalities,7.EE.3;7.EE.4
ma-g7-mathematics-u04-l10,ma-g7-mathematics,7,mathematics,64,4,Equations and Inequalities,10,Discussion or problem seminar: solution sets,Discussion or problem seminar,solution sets,7.EE.3;7.EE.4
ma-g7-mathematics-u04-l11,ma-g7-mathematics,7,mathematics,65,4,Equations and Inequalities,11,Performance task planning: graphing inequalities,Performance task planning,graphing inequalities,7.EE.3;7.EE.4
ma-g7-mathematics-u04-l12,ma-g7-mathematics,7,mathematics,66,4,Equations and Inequalities,12,Performance task build: checking and interpreting solutions,Performance task build,checking and interpreting solutions,7.EE.3;7.EE.4
ma-g7-mathematics-u04-l13,ma-g7-mathematics,7,mathematics,67,4,Equations and Inequalities,13,Skill consolidation: multi-step numerical problems,Skill consolidation,multi-step numerical problems,7.EE.3;7.EE.4
ma-g7-mathematics-u04-l14,ma-g7-mathematics,7,mathematics,68,4,Equations and Inequalities,14,Transfer challenge: two-step equations,Transfer challenge,two-step equations,7.EE.3;7.EE.4
ma-g7-mathematics-u04-l15,ma-g7-mathematics,7,mathematics,69,4,Equations and Inequalities,15,Assessment preparation: two-step inequalities,Assessment preparation,two-step inequalities,7.EE.3;7.EE.4
ma-g7-mathematics-u04-l16,ma-g7-mathematics,7,mathematics,70,4,Equations and Inequalities,16,Unit assessment: solution sets,Unit assessment,solution sets,7.EE.3;7.EE.4
ma-g7-mathematics-u04-l17,ma-g7-mathematics,7,mathematics,71,4,Equations and Inequalities,17,Targeted correction: graphing inequalities,Targeted correction,graphing inequalities,7.EE.3;7.EE.4
ma-g7-mathematics-u04-l18,ma-g7-mathematics,7,mathematics,72,4,Equations and Inequalities,18,"Publication, presentation, or reflection: checking and interpreting solutions","Publication, presentation, or reflection",checking and interpreting solutions,7.EE.3;7.EE.4
ma-g7-mathematics-u05-l01,ma-g7-mathematics,7,mathematics,73,5,Percent and Proportional Applications,1,Launch and diagnostic: percent increase and decrease,Launch and diagnostic,percent increase and decrease,7.RP.3;7.EE.3
ma-g7-mathematics-u05-l02,ma-g7-mathematics,7,mathematics,74,5,Percent and Proportional Applications,2,Concept model A: discounts and markups,Concept model A,discounts and markups,7.RP.3;7.EE.3
ma-g7-mathematics-u05-l03,ma-g7-mathematics,7,mathematics,75,5,Percent and Proportional Applications,3,Guided practice A: tax and tip,Guided practice A,tax and tip,7.RP.3;7.EE.3
ma-g7-mathematics-u05-l04,ma-g7-mathematics,7,mathematics,76,5,Percent and Proportional Applications,4,Independent application A: simple interest,Independent application A,simple interest,7.RP.3;7.EE.3
ma-g7-mathematics-u05-l05,ma-g7-mathematics,7,mathematics,77,5,Percent and Proportional Applications,5,Concept model B: percent error,Concept model B,percent error,7.RP.3;7.EE.3
ma-g7-mathematics-u05-l06,ma-g7-mathematics,7,mathematics,78,5,Percent and Proportional Applications,6,Guided practice B: multi-step percent problems,Guided practice B,multi-step percent problems,7.RP.3;7.EE.3
ma-g7-mathematics-u05-l07,ma-g7-mathematics,7,mathematics,79,5,Percent and Proportional Applications,7,Investigation or close reading: percent increase and decrease,Investigation or close reading,percent increase and decrease,7.RP.3;7.EE.3
ma-g7-mathematics-u05-l08,ma-g7-mathematics,7,mathematics,80,5,Percent and Proportional Applications,8,Reteach and varied practice: discounts and markups,Reteach and varied practice,discounts and markups,7.RP.3;7.EE.3
ma-g7-mathematics-u05-l09,ma-g7-mathematics,7,mathematics,81,5,Percent and Proportional Applications,9,Concept model C: tax and tip,Concept model C,tax and tip,7.RP.3;7.EE.3
ma-g7-mathematics-u05-l10,ma-g7-mathematics,7,mathematics,82,5,Percent and Proportional Applications,10,Discussion or problem seminar: simple interest,Discussion or problem seminar,simple interest,7.RP.3;7.EE.3
ma-g7-mathematics-u05-l11,ma-g7-mathematics,7,mathematics,83,5,Percent and Proportional Applications,11,Performance task planning: percent error,Performance task planning,percent error,7.RP.3;7.EE.3
ma-g7-mathematics-u05-l12,ma-g7-mathematics,7,mathematics,84,5,Percent and Proportional Applications,12,Performance task build: multi-step percent problems,Performance task build,multi-step percent problems,7.RP.3;7.EE.3
ma-g7-mathematics-u05-l13,ma-g7-mathematics,7,mathematics,85,5,Percent and Proportional Applications,13,Skill consolidation: percent increase and decrease,Skill consolidation,percent increase and decrease,7.RP.3;7.EE.3
ma-g7-mathematics-u05-l14,ma-g7-mathematics,7,mathematics,86,5,Percent and Proportional Applications,14,Transfer challenge: discounts and markups,Transfer challenge,discounts and markups,7.RP.3;7.EE.3
ma-g7-mathematics-u05-l15,ma-g7-mathematics,7,mathematics,87,5,Percent and Proportional Applications,15,Assessment preparation: tax and tip,Assessment preparation,tax and tip,7.RP.3;7.EE.3
ma-g7-mathematics-u05-l16,ma-g7-mathematics,7,mathematics,88,5,Percent and Proportional Applications,16,Unit assessment: simple interest,Unit assessment,simple interest,7.RP.3;7.EE.3
ma-g7-mathematics-u05-l17,ma-g7-mathematics,7,mathematics,89,5,Percent and Proportional Applications,17,Targeted correction: percent error,Targeted correction,percent error,7.RP.3;7.EE.3
ma-g7-mathematics-u05-l18,ma-g7-mathematics,7,mathematics,90,5,Percent and Proportional Applications,18,"Publication, presentation, or reflection: multi-step percent problems","Publication, presentation, or reflection",multi-step percent problems,7.RP.3;7.EE.3
ma-g7-mathematics-u06-l01,ma-g7-mathematics,7,mathematics,91,6,Scale Drawings and Geometric Constructions,1,Launch and diagnostic: scale factors,Launch and diagnostic,scale factors,7.G.1;7.G.2
ma-g7-mathematics-u06-l02,ma-g7-mathematics,7,mathematics,92,6,Scale Drawings and Geometric Constructions,2,Concept model A: scale drawings,Concept model A,scale drawings,7.G.1;7.G.2
ma-g7-mathematics-u06-l03,ma-g7-mathematics,7,mathematics,93,6,Scale Drawings and Geometric Constructions,3,Guided practice A: actual and drawing dimensions,Guided practice A,actual and drawing dimensions,7.G.1;7.G.2
ma-g7-mathematics-u06-l04,ma-g7-mathematics,7,mathematics,94,6,Scale Drawings and Geometric Constructions,4,Independent application A: reproducing a drawing at a new scale,Independent application A,reproducing a drawing at a new scale,7.G.1;7.G.2
ma-g7-mathematics-u06-l05,ma-g7-mathematics,7,mathematics,95,6,Scale Drawings and Geometric Constructions,5,Concept model B: constructing triangles,Concept model B,constructing triangles,7.G.1;7.G.2
ma-g7-mathematics-u06-l06,ma-g7-mathematics,7,mathematics,96,6,Scale Drawings and Geometric Constructions,6,Guided practice B: conditions for unique triangles,Guided practice B,conditions for unique triangles,7.G.1;7.G.2
ma-g7-mathematics-u06-l07,ma-g7-mathematics,7,mathematics,97,6,Scale Drawings and Geometric Constructions,7,Investigation or close reading: scale factors,Investigation or close reading,scale factors,7.G.1;7.G.2
ma-g7-mathematics-u06-l08,ma-g7-mathematics,7,mathematics,98,6,Scale Drawings and Geometric Constructions,8,Reteach and varied practice: scale drawings,Reteach and varied practice,scale drawings,7.G.1;7.G.2
ma-g7-mathematics-u06-l09,ma-g7-mathematics,7,mathematics,99,6,Scale Drawings and Geometric Constructions,9,Concept model C: actual and drawing dimensions,Concept model C,actual and drawing dimensions,7.G.1;7.G.2
ma-g7-mathematics-u06-l10,ma-g7-mathematics,7,mathematics,100,6,Scale Drawings and Geometric Constructions,10,Discussion or problem seminar: reproducing a drawing at a new scale,Discussion or problem seminar,reproducing a drawing at a new scale,7.G.1;7.G.2
ma-g7-mathematics-u06-l11,ma-g7-mathematics,7,mathematics,101,6,Scale Drawings and Geometric Constructions,11,Performance task planning: constructing triangles,Performance task planning,constructing triangles,7.G.1;7.G.2
ma-g7-mathematics-u06-l12,ma-g7-mathematics,7,mathematics,102,6,Scale Drawings and Geometric Constructions,12,Performance task build: conditions for unique triangles,Performance task build,conditions for unique triangles,7.G.1;7.G.2
ma-g7-mathematics-u06-l13,ma-g7-mathematics,7,mathematics,103,6,Scale Drawings and Geometric Constructions,13,Skill consolidation: scale factors,Skill consolidation,scale factors,7.G.1;7.G.2
ma-g7-mathematics-u06-l14,ma-g7-mathematics,7,mathematics,104,6,Scale Drawings and Geometric Constructions,14,Transfer challenge: scale drawings,Transfer challenge,scale drawings,7.G.1;7.G.2
ma-g7-mathematics-u06-l15,ma-g7-mathematics,7,mathematics,105,6,Scale Drawings and Geometric Constructions,15,Assessment preparation: actual and drawing dimensions,Assessment preparation,actual and drawing dimensions,7.G.1;7.G.2
ma-g7-mathematics-u06-l16,ma-g7-mathematics,7,mathematics,106,6,Scale Drawings and Geometric Constructions,16,Unit assessment: reproducing a drawing at a new scale,Unit assessment,reproducing a drawing at a new scale,7.G.1;7.G.2
ma-g7-mathematics-u06-l17,ma-g7-mathematics,7,mathematics,107,6,Scale Drawings and Geometric Constructions,17,Targeted correction: constructing triangles,Targeted correction,constructing triangles,7.G.1;7.G.2
ma-g7-mathematics-u06-l18,ma-g7-mathematics,7,mathematics,108,6,Scale Drawings and Geometric Constructions,18,"Publication, presentation, or reflection: conditions for unique triangles","Publication, presentation, or reflection",conditions for unique triangles,7.G.1;7.G.2
ma-g7-mathematics-u07-l01,ma-g7-mathematics,7,mathematics,109,7,"Circles, Angles, Area, and Surface Area",1,Launch and diagnostic: pi and circumference,Launch and diagnostic,pi and circumference,7.G.4;7.G.5;7.G.6
ma-g7-mathematics-u07-l02,ma-g7-mathematics,7,mathematics,110,7,"Circles, Angles, Area, and Surface Area",2,Concept model A: area of circles,Concept model A,area of circles,7.G.4;7.G.5;7.G.6
ma-g7-mathematics-u07-l03,ma-g7-mathematics,7,mathematics,111,7,"Circles, Angles, Area, and Surface Area",3,Guided practice A: angle relationships,Guided practice A,angle relationships,7.G.4;7.G.5;7.G.6
ma-g7-mathematics-u07-l04,ma-g7-mathematics,7,mathematics,112,7,"Circles, Angles, Area, and Surface Area",4,Independent application A: unknown angles,Independent application A,unknown angles,7.G.4;7.G.5;7.G.6
ma-g7-mathematics-u07-l05,ma-g7-mathematics,7,mathematics,113,7,"Circles, Angles, Area, and Surface Area",5,Concept model B: area of composite figures,Concept model B,area of composite figures,7.G.4;7.G.5;7.G.6
ma-g7-mathematics-u07-l06,ma-g7-mathematics,7,mathematics,114,7,"Circles, Angles, Area, and Surface Area",6,Guided practice B: surface area and volume,Guided practice B,surface area and volume,7.G.4;7.G.5;7.G.6
ma-g7-mathematics-u07-l07,ma-g7-mathematics,7,mathematics,115,7,"Circles, Angles, Area, and Surface Area",7,Investigation or close reading: pi and circumference,Investigation or close reading,pi and circumference,7.G.4;7.G.5;7.G.6
ma-g7-mathematics-u07-l08,ma-g7-mathematics,7,mathematics,116,7,"Circles, Angles, Area, and Surface Area",8,Reteach and varied practice: area of circles,Reteach and varied practice,area of circles,7.G.4;7.G.5;7.G.6
ma-g7-mathematics-u07-l09,ma-g7-mathematics,7,mathematics,117,7,"Circles, Angles, Area, and Surface Area",9,Concept model C: angle relationships,Concept model C,angle relationships,7.G.4;7.G.5;7.G.6
ma-g7-mathematics-u07-l10,ma-g7-mathematics,7,mathematics,118,7,"Circles, Angles, Area, and Surface Area",10,Discussion or problem seminar: unknown angles,Discussion or problem seminar,unknown angles,7.G.4;7.G.5;7.G.6
ma-g7-mathematics-u07-l11,ma-g7-mathematics,7,mathematics,119,7,"Circles, Angles, Area, and Surface Area",11,Performance task planning: area of composite figures,Performance task planning,area of composite figures,7.G.4;7.G.5;7.G.6
ma-g7-mathematics-u07-l12,ma-g7-mathematics,7,mathematics,120,7,"Circles, Angles, Area, and Surface Area",12,Performance task build: surface area and volume,Performance task build,surface area and volume,7.G.4;7.G.5;7.G.6
ma-g7-mathematics-u07-l13,ma-g7-mathematics,7,mathematics,121,7,"Circles, Angles, Area, and Surface Area",13,Skill consolidation: pi and circumference,Skill consolidation,pi and circumference,7.G.4;7.G.5;7.G.6
ma-g7-mathematics-u07-l14,ma-g7-mathematics,7,mathematics,122,7,"Circles, Angles, Area, and Surface Area",14,Transfer challenge: area of circles,Transfer challenge,area of circles,7.G.4;7.G.5;7.G.6
ma-g7-mathematics-u07-l15,ma-g7-mathematics,7,mathematics,123,7,"Circles, Angles, Area, and Surface Area",15,Assessment preparation: angle relationships,Assessment preparation,angle relationships,7.G.4;7.G.5;7.G.6
ma-g7-mathematics-u07-l16,ma-g7-mathematics,7,mathematics,124,7,"Circles, Angles, Area, and Surface Area",16,Unit assessment: unknown angles,Unit assessment,unknown angles,7.G.4;7.G.5;7.G.6
ma-g7-mathematics-u07-l17,ma-g7-mathematics,7,mathematics,125,7,"Circles, Angles, Area, and Surface Area",17,Targeted correction: area of composite figures,Targeted correction,area of composite figures,7.G.4;7.G.5;7.G.6
ma-g7-mathematics-u07-l18,ma-g7-mathematics,7,mathematics,126,7,"Circles, Angles, Area, and Surface Area",18,"Publication, presentation, or reflection: surface area and volume","Publication, presentation, or reflection",surface area and volume,7.G.4;7.G.5;7.G.6
ma-g7-mathematics-u08-l01,ma-g7-mathematics,7,mathematics,127,8,Sampling and Statistical Inference,1,Launch and diagnostic: populations and samples,Launch and diagnostic,populations and samples,7.SP.1;7.SP.2;7.SP.3;7.SP.4
ma-g7-mathematics-u08-l02,ma-g7-mathematics,7,mathematics,128,8,Sampling and Statistical Inference,2,Concept model A: random sampling,Concept model A,random sampling,7.SP.1;7.SP.2;7.SP.3;7.SP.4
ma-g7-mathematics-u08-l03,ma-g7-mathematics,7,mathematics,129,8,Sampling and Statistical Inference,3,Guided practice A: representative samples,Guided practice A,representative samples,7.SP.1;7.SP.2;7.SP.3;7.SP.4
ma-g7-mathematics-u08-l04,ma-g7-mathematics,7,mathematics,130,8,Sampling and Statistical Inference,4,Independent application A: measures of center,Independent application A,measures of center,7.SP.1;7.SP.2;7.SP.3;7.SP.4
ma-g7-mathematics-u08-l05,ma-g7-mathematics,7,mathematics,131,8,Sampling and Statistical Inference,5,Concept model B: variability and overlap,Concept model B,variability and overlap,7.SP.1;7.SP.2;7.SP.3;7.SP.4
ma-g7-mathematics-u08-l06,ma-g7-mathematics,7,mathematics,132,8,Sampling and Statistical Inference,6,Guided practice B: informal comparative inference,Guided practice B,informal comparative inference,7.SP.1;7.SP.2;7.SP.3;7.SP.4
ma-g7-mathematics-u08-l07,ma-g7-mathematics,7,mathematics,133,8,Sampling and Statistical Inference,7,Investigation or close reading: populations and samples,Investigation or close reading,populations and samples,7.SP.1;7.SP.2;7.SP.3;7.SP.4
ma-g7-mathematics-u08-l08,ma-g7-mathematics,7,mathematics,134,8,Sampling and Statistical Inference,8,Reteach and varied practice: random sampling,Reteach and varied practice,random sampling,7.SP.1;7.SP.2;7.SP.3;7.SP.4
ma-g7-mathematics-u08-l09,ma-g7-mathematics,7,mathematics,135,8,Sampling and Statistical Inference,9,Concept model C: representative samples,Concept model C,representative samples,7.SP.1;7.SP.2;7.SP.3;7.SP.4
ma-g7-mathematics-u08-l10,ma-g7-mathematics,7,mathematics,136,8,Sampling and Statistical Inference,10,Discussion or problem seminar: measures of center,Discussion or problem seminar,measures of center,7.SP.1;7.SP.2;7.SP.3;7.SP.4
ma-g7-mathematics-u08-l11,ma-g7-mathematics,7,mathematics,137,8,Sampling and Statistical Inference,11,Performance task planning: variability and overlap,Performance task planning,variability and overlap,7.SP.1;7.SP.2;7.SP.3;7.SP.4
ma-g7-mathematics-u08-l12,ma-g7-mathematics,7,mathematics,138,8,Sampling and Statistical Inference,12,Performance task build: informal comparative inference,Performance task build,informal comparative inference,7.SP.1;7.SP.2;7.SP.3;7.SP.4
ma-g7-mathematics-u08-l13,ma-g7-mathematics,7,mathematics,139,8,Sampling and Statistical Inference,13,Skill consolidation: populations and samples,Skill consolidation,populations and samples,7.SP.1;7.SP.2;7.SP.3;7.SP.4
ma-g7-mathematics-u08-l14,ma-g7-mathematics,7,mathematics,140,8,Sampling and Statistical Inference,14,Transfer challenge: random sampling,Transfer challenge,random sampling,7.SP.1;7.SP.2;7.SP.3;7.SP.4
ma-g7-mathematics-u08-l15,ma-g7-mathematics,7,mathematics,141,8,Sampling and Statistical Inference,15,Assessment preparation: representative samples,Assessment preparation,representative samples,7.SP.1;7.SP.2;7.SP.3;7.SP.4
ma-g7-mathematics-u08-l16,ma-g7-mathematics,7,mathematics,142,8,Sampling and Statistical Inference,16,Unit assessment: measures of center,Unit assessment,measures of center,7.SP.1;7.SP.2;7.SP.3;7.SP.4
ma-g7-mathematics-u08-l17,ma-g7-mathematics,7,mathematics,143,8,Sampling and Statistical Inference,17,Targeted correction: variability and overlap,Targeted correction,variability and overlap,7.SP.1;7.SP.2;7.SP.3;7.SP.4
ma-g7-mathematics-u08-l18,ma-g7-mathematics,7,mathematics,144,8,Sampling and Statistical Inference,18,"Publication, presentation, or reflection: informal comparative inference","Publication, presentation, or reflection",informal comparative inference,7.SP.1;7.SP.2;7.SP.3;7.SP.4
ma-g7-mathematics-u09-l01,ma-g7-mathematics,7,mathematics,145,9,Probability and Simulation,1,Launch and diagnostic: probability scale,Launch and diagnostic,probability scale,7.SP.5;7.SP.6;7.SP.7;7.SP.8
ma-g7-mathematics-u09-l02,ma-g7-mathematics,7,mathematics,146,9,Probability and Simulation,2,Concept model A: experimental probability,Concept model A,experimental probability,7.SP.5;7.SP.6;7.SP.7;7.SP.8
ma-g7-mathematics-u09-l03,ma-g7-mathematics,7,mathematics,147,9,Probability and Simulation,3,Guided practice A: theoretical probability,Guided practice A,theoretical probability,7.SP.5;7.SP.6;7.SP.7;7.SP.8
ma-g7-mathematics-u09-l04,ma-g7-mathematics,7,mathematics,148,9,Probability and Simulation,4,Independent application A: compound events,Independent application A,compound events,7.SP.5;7.SP.6;7.SP.7;7.SP.8
ma-g7-mathematics-u09-l05,ma-g7-mathematics,7,mathematics,149,9,Probability and Simulation,5,Concept model B: sample spaces,Concept model B,sample spaces,7.SP.5;7.SP.6;7.SP.7;7.SP.8
ma-g7-mathematics-u09-l06,ma-g7-mathematics,7,mathematics,150,9,Probability and Simulation,6,Guided practice B: simulation and model limitations,Guided practice B,simulation and model limitations,7.SP.5;7.SP.6;7.SP.7;7.SP.8
ma-g7-mathematics-u09-l07,ma-g7-mathematics,7,mathematics,151,9,Probability and Simulation,7,Investigation or close reading: probability scale,Investigation or close reading,probability scale,7.SP.5;7.SP.6;7.SP.7;7.SP.8
ma-g7-mathematics-u09-l08,ma-g7-mathematics,7,mathematics,152,9,Probability and Simulation,8,Reteach and varied practice: experimental probability,Reteach and varied practice,experimental probability,7.SP.5;7.SP.6;7.SP.7;7.SP.8
ma-g7-mathematics-u09-l09,ma-g7-mathematics,7,mathematics,153,9,Probability and Simulation,9,Concept model C: theoretical probability,Concept model C,theoretical probability,7.SP.5;7.SP.6;7.SP.7;7.SP.8
ma-g7-mathematics-u09-l10,ma-g7-mathematics,7,mathematics,154,9,Probability and Simulation,10,Discussion or problem seminar: compound events,Discussion or problem seminar,compound events,7.SP.5;7.SP.6;7.SP.7;7.SP.8
ma-g7-mathematics-u09-l11,ma-g7-mathematics,7,mathematics,155,9,Probability and Simulation,11,Performance task planning: sample spaces,Performance task planning,sample spaces,7.SP.5;7.SP.6;7.SP.7;7.SP.8
ma-g7-mathematics-u09-l12,ma-g7-mathematics,7,mathematics,156,9,Probability and Simulation,12,Performance task build: simulation and model limitations,Performance task build,simulation and model limitations,7.SP.5;7.SP.6;7.SP.7;7.SP.8
ma-g7-mathematics-u09-l13,ma-g7-mathematics,7,mathematics,157,9,Probability and Simulation,13,Skill consolidation: probability scale,Skill consolidation,probability scale,7.SP.5;7.SP.6;7.SP.7;7.SP.8
ma-g7-mathematics-u09-l14,ma-g7-mathematics,7,mathematics,158,9,Probability and Simulation,14,Transfer challenge: experimental probability,Transfer challenge,experimental probability,7.SP.5;7.SP.6;7.SP.7;7.SP.8
ma-g7-mathematics-u09-l15,ma-g7-mathematics,7,mathematics,159,9,Probability and Simulation,15,Assessment preparation: theoretical probability,Assessment preparation,theoretical probability,7.SP.5;7.SP.6;7.SP.7;7.SP.8
ma-g7-mathematics-u09-l16,ma-g7-mathematics,7,mathematics,160,9,Probability and Simulation,16,Unit assessment: compound events,Unit assessment,compound events,7.SP.5;7.SP.6;7.SP.7;7.SP.8
ma-g7-mathematics-u09-l17,ma-g7-mathematics,7,mathematics,161,9,Probability and Simulation,17,Targeted correction: sample spaces,Targeted correction,sample spaces,7.SP.5;7.SP.6;7.SP.7;7.SP.8
ma-g7-mathematics-u09-l18,ma-g7-mathematics,7,mathematics,162,9,Probability and Simulation,18,"Publication, presentation, or reflection: simulation and model limitations","Publication, presentation, or reflection",simulation and model limitations,7.SP.5;7.SP.6;7.SP.7;7.SP.8
ma-g7-mathematics-u10-l01,ma-g7-mathematics,7,mathematics,163,10,Integrated Modeling and Capstone,1,Launch and diagnostic: problem formulation,Launch and diagnostic,problem formulation,7.RP.3;7.NS.3;7.EE.4;7.G.6;7.SP.4;MP.4
ma-g7-mathematics-u10-l02,ma-g7-mathematics,7,mathematics,164,10,Integrated Modeling and Capstone,2,Concept model A: assumptions and constraints,Concept model A,assumptions and constraints,7.RP.3;7.NS.3;7.EE.4;7.G.6;7.SP.4;MP.4
ma-g7-mathematics-u10-l03,ma-g7-mathematics,7,mathematics,165,10,Integrated Modeling and Capstone,3,Guided practice A: proportional and algebraic models,Guided practice A,proportional and algebraic models,7.RP.3;7.NS.3;7.EE.4;7.G.6;7.SP.4;MP.4
ma-g7-mathematics-u10-l04,ma-g7-mathematics,7,mathematics,166,10,Integrated Modeling and Capstone,4,Independent application A: geometry and measurement,Independent application A,geometry and measurement,7.RP.3;7.NS.3;7.EE.4;7.G.6;7.SP.4;MP.4
ma-g7-mathematics-u10-l05,ma-g7-mathematics,7,mathematics,167,10,Integrated Modeling and Capstone,5,Concept model B: data and uncertainty,Concept model B,data and uncertainty,7.RP.3;7.NS.3;7.EE.4;7.G.6;7.SP.4;MP.4
ma-g7-mathematics-u10-l06,ma-g7-mathematics,7,mathematics,168,10,Integrated Modeling and Capstone,6,Guided practice B: argument and presentation,Guided practice B,argument and presentation,7.RP.3;7.NS.3;7.EE.4;7.G.6;7.SP.4;MP.4
ma-g7-mathematics-u10-l07,ma-g7-mathematics,7,mathematics,169,10,Integrated Modeling and Capstone,7,Investigation or close reading: problem formulation,Investigation or close reading,problem formulation,7.RP.3;7.NS.3;7.EE.4;7.G.6;7.SP.4;MP.4
ma-g7-mathematics-u10-l08,ma-g7-mathematics,7,mathematics,170,10,Integrated Modeling and Capstone,8,Reteach and varied practice: assumptions and constraints,Reteach and varied practice,assumptions and constraints,7.RP.3;7.NS.3;7.EE.4;7.G.6;7.SP.4;MP.4
ma-g7-mathematics-u10-l09,ma-g7-mathematics,7,mathematics,171,10,Integrated Modeling and Capstone,9,Concept model C: proportional and algebraic models,Concept model C,proportional and algebraic models,7.RP.3;7.NS.3;7.EE.4;7.G.6;7.SP.4;MP.4
ma-g7-mathematics-u10-l10,ma-g7-mathematics,7,mathematics,172,10,Integrated Modeling and Capstone,10,Discussion or problem seminar: geometry and measurement,Discussion or problem seminar,geometry and measurement,7.RP.3;7.NS.3;7.EE.4;7.G.6;7.SP.4;MP.4
ma-g7-mathematics-u10-l11,ma-g7-mathematics,7,mathematics,173,10,Integrated Modeling and Capstone,11,Performance task planning: data and uncertainty,Performance task planning,data and uncertainty,7.RP.3;7.NS.3;7.EE.4;7.G.6;7.SP.4;MP.4
ma-g7-mathematics-u10-l12,ma-g7-mathematics,7,mathematics,174,10,Integrated Modeling and Capstone,12,Performance task build: argument and presentation,Performance task build,argument and presentation,7.RP.3;7.NS.3;7.EE.4;7.G.6;7.SP.4;MP.4
ma-g7-mathematics-u10-l13,ma-g7-mathematics,7,mathematics,175,10,Integrated Modeling and Capstone,13,Skill consolidation: problem formulation,Skill consolidation,problem formulation,7.RP.3;7.NS.3;7.EE.4;7.G.6;7.SP.4;MP.4
ma-g7-mathematics-u10-l14,ma-g7-mathematics,7,mathematics,176,10,Integrated Modeling and Capstone,14,Transfer challenge: assumptions and constraints,Transfer challenge,assumptions and constraints,7.RP.3;7.NS.3;7.EE.4;7.G.6;7.SP.4;MP.4
ma-g7-mathematics-u10-l15,ma-g7-mathematics,7,mathematics,177,10,Integrated Modeling and Capstone,15,Assessment preparation: proportional and algebraic models,Assessment preparation,proportional and algebraic models,7.RP.3;7.NS.3;7.EE.4;7.G.6;7.SP.4;MP.4
ma-g7-mathematics-u10-l16,ma-g7-mathematics,7,mathematics,178,10,Integrated Modeling and Capstone,16,Unit assessment: geometry and measurement,Unit assessment,geometry and measurement,7.RP.3;7.NS.3;7.EE.4;7.G.6;7.SP.4;MP.4
ma-g7-mathematics-u10-l17,ma-g7-mathematics,7,mathematics,179,10,Integrated Modeling and Capstone,17,Targeted correction: data and uncertainty,Targeted correction,data and uncertainty,7.RP.3;7.NS.3;7.EE.4;7.G.6;7.SP.4;MP.4
ma-g7-mathematics-u10-l18,ma-g7-mathematics,7,mathematics,180,10,Integrated Modeling and Capstone,18,"Publication, presentation, or reflection: argument and presentation","Publication, presentation, or reflection",argument and presentation,7.RP.3;7.NS.3;7.EE.4;7.G.6;7.SP.4;MP.4
ma-g7-english-language-arts-u01-l01,ma-g7-english-language-arts,7,english-language-arts,1,1,"Independent Reading, Discussion, and Evidence",1,Launch and diagnostic: close reading routines,Launch and diagnostic,close reading routines,7.RL.1;7.RI.1;7.SL.1;7.W.4;7.L.1
ma-g7-english-language-arts-u01-l02,ma-g7-english-language-arts,7,english-language-arts,2,1,"Independent Reading, Discussion, and Evidence",2,Concept model A: citing several pieces of evidence,Concept model A,citing several pieces of evidence,7.RL.1;7.RI.1;7.SL.1;7.W.4;7.L.1
ma-g7-english-language-arts-u01-l03,ma-g7-english-language-arts,7,english-language-arts,3,1,"Independent Reading, Discussion, and Evidence",3,Guided practice A: discussion preparation,Guided practice A,discussion preparation,7.RL.1;7.RI.1;7.SL.1;7.W.4;7.L.1
ma-g7-english-language-arts-u01-l04,ma-g7-english-language-arts,7,english-language-arts,4,1,"Independent Reading, Discussion, and Evidence",4,Independent application A: annotation choices,Independent application A,annotation choices,7.RL.1;7.RI.1;7.SL.1;7.W.4;7.L.1
ma-g7-english-language-arts-u01-l05,ma-g7-english-language-arts,7,english-language-arts,5,1,"Independent Reading, Discussion, and Evidence",5,Concept model B: baseline analytical writing,Concept model B,baseline analytical writing,7.RL.1;7.RI.1;7.SL.1;7.W.4;7.L.1
ma-g7-english-language-arts-u01-l06,ma-g7-english-language-arts,7,english-language-arts,6,1,"Independent Reading, Discussion, and Evidence",6,Guided practice B: reading volume and selection,Guided practice B,reading volume and selection,7.RL.1;7.RI.1;7.SL.1;7.W.4;7.L.1
ma-g7-english-language-arts-u01-l07,ma-g7-english-language-arts,7,english-language-arts,7,1,"Independent Reading, Discussion, and Evidence",7,Investigation or close reading: close reading routines,Investigation or close reading,close reading routines,7.RL.1;7.RI.1;7.SL.1;7.W.4;7.L.1
ma-g7-english-language-arts-u01-l08,ma-g7-english-language-arts,7,english-language-arts,8,1,"Independent Reading, Discussion, and Evidence",8,Reteach and varied practice: citing several pieces of evidence,Reteach and varied practice,citing several pieces of evidence,7.RL.1;7.RI.1;7.SL.1;7.W.4;7.L.1
ma-g7-english-language-arts-u01-l09,ma-g7-english-language-arts,7,english-language-arts,9,1,"Independent Reading, Discussion, and Evidence",9,Concept model C: discussion preparation,Concept model C,discussion preparation,7.RL.1;7.RI.1;7.SL.1;7.W.4;7.L.1
ma-g7-english-language-arts-u01-l10,ma-g7-english-language-arts,7,english-language-arts,10,1,"Independent Reading, Discussion, and Evidence",10,Discussion or problem seminar: annotation choices,Discussion or problem seminar,annotation choices,7.RL.1;7.RI.1;7.SL.1;7.W.4;7.L.1
ma-g7-english-language-arts-u01-l11,ma-g7-english-language-arts,7,english-language-arts,11,1,"Independent Reading, Discussion, and Evidence",11,Performance task planning: baseline analytical writing,Performance task planning,baseline analytical writing,7.RL.1;7.RI.1;7.SL.1;7.W.4;7.L.1
ma-g7-english-language-arts-u01-l12,ma-g7-english-language-arts,7,english-language-arts,12,1,"Independent Reading, Discussion, and Evidence",12,Performance task build: reading volume and selection,Performance task build,reading volume and selection,7.RL.1;7.RI.1;7.SL.1;7.W.4;7.L.1
ma-g7-english-language-arts-u01-l13,ma-g7-english-language-arts,7,english-language-arts,13,1,"Independent Reading, Discussion, and Evidence",13,Skill consolidation: close reading routines,Skill consolidation,close reading routines,7.RL.1;7.RI.1;7.SL.1;7.W.4;7.L.1
ma-g7-english-language-arts-u01-l14,ma-g7-english-language-arts,7,english-language-arts,14,1,"Independent Reading, Discussion, and Evidence",14,Transfer challenge: citing several pieces of evidence,Transfer challenge,citing several pieces of evidence,7.RL.1;7.RI.1;7.SL.1;7.W.4;7.L.1
ma-g7-english-language-arts-u01-l15,ma-g7-english-language-arts,7,english-language-arts,15,1,"Independent Reading, Discussion, and Evidence",15,Assessment preparation: discussion preparation,Assessment preparation,discussion preparation,7.RL.1;7.RI.1;7.SL.1;7.W.4;7.L.1
ma-g7-english-language-arts-u01-l16,ma-g7-english-language-arts,7,english-language-arts,16,1,"Independent Reading, Discussion, and Evidence",16,Unit assessment: annotation choices,Unit assessment,annotation choices,7.RL.1;7.RI.1;7.SL.1;7.W.4;7.L.1
ma-g7-english-language-arts-u01-l17,ma-g7-english-language-arts,7,english-language-arts,17,1,"Independent Reading, Discussion, and Evidence",17,Targeted correction: baseline analytical writing,Targeted correction,baseline analytical writing,7.RL.1;7.RI.1;7.SL.1;7.W.4;7.L.1
ma-g7-english-language-arts-u01-l18,ma-g7-english-language-arts,7,english-language-arts,18,1,"Independent Reading, Discussion, and Evidence",18,"Publication, presentation, or reflection: reading volume and selection","Publication, presentation, or reflection",reading volume and selection,7.RL.1;7.RI.1;7.SL.1;7.W.4;7.L.1
ma-g7-english-language-arts-u02-l01,ma-g7-english-language-arts,7,english-language-arts,19,2,"Character, Theme, and Narrative Craft",1,Launch and diagnostic: theme development,Launch and diagnostic,theme development,7.RL.1;7.RL.2;7.RL.3;7.W.3;7.W.5
ma-g7-english-language-arts-u02-l02,ma-g7-english-language-arts,7,english-language-arts,20,2,"Character, Theme, and Narrative Craft",2,Concept model A: character interaction,Concept model A,character interaction,7.RL.1;7.RL.2;7.RL.3;7.W.3;7.W.5
ma-g7-english-language-arts-u02-l03,ma-g7-english-language-arts,7,english-language-arts,21,2,"Character, Theme, and Narrative Craft",3,Guided practice A: setting and conflict,Guided practice A,setting and conflict,7.RL.1;7.RL.2;7.RL.3;7.W.3;7.W.5
ma-g7-english-language-arts-u02-l04,ma-g7-english-language-arts,7,english-language-arts,22,2,"Character, Theme, and Narrative Craft",4,Independent application A: point of view,Independent application A,point of view,7.RL.1;7.RL.2;7.RL.3;7.W.3;7.W.5
ma-g7-english-language-arts-u02-l05,ma-g7-english-language-arts,7,english-language-arts,23,2,"Character, Theme, and Narrative Craft",5,Concept model B: pacing and dialogue,Concept model B,pacing and dialogue,7.RL.1;7.RL.2;7.RL.3;7.W.3;7.W.5
ma-g7-english-language-arts-u02-l06,ma-g7-english-language-arts,7,english-language-arts,24,2,"Character, Theme, and Narrative Craft",6,Guided practice B: narrative revision,Guided practice B,narrative revision,7.RL.1;7.RL.2;7.RL.3;7.W.3;7.W.5
ma-g7-english-language-arts-u02-l07,ma-g7-english-language-arts,7,english-language-arts,25,2,"Character, Theme, and Narrative Craft",7,Investigation or close reading: theme development,Investigation or close reading,theme development,7.RL.1;7.RL.2;7.RL.3;7.W.3;7.W.5
ma-g7-english-language-arts-u02-l08,ma-g7-english-language-arts,7,english-language-arts,26,2,"Character, Theme, and Narrative Craft",8,Reteach and varied practice: character interaction,Reteach and varied practice,character interaction,7.RL.1;7.RL.2;7.RL.3;7.W.3;7.W.5
ma-g7-english-language-arts-u02-l09,ma-g7-english-language-arts,7,english-language-arts,27,2,"Character, Theme, and Narrative Craft",9,Concept model C: setting and conflict,Concept model C,setting and conflict,7.RL.1;7.RL.2;7.RL.3;7.W.3;7.W.5
ma-g7-english-language-arts-u02-l10,ma-g7-english-language-arts,7,english-language-arts,28,2,"Character, Theme, and Narrative Craft",10,Discussion or problem seminar: point of view,Discussion or problem seminar,point of view,7.RL.1;7.RL.2;7.RL.3;7.W.3;7.W.5
ma-g7-english-language-arts-u02-l11,ma-g7-english-language-arts,7,english-language-arts,29,2,"Character, Theme, and Narrative Craft",11,Performance task planning: pacing and dialogue,Performance task planning,pacing and dialogue,7.RL.1;7.RL.2;7.RL.3;7.W.3;7.W.5
ma-g7-english-language-arts-u02-l12,ma-g7-english-language-arts,7,english-language-arts,30,2,"Character, Theme, and Narrative Craft",12,Performance task build: narrative revision,Performance task build,narrative revision,7.RL.1;7.RL.2;7.RL.3;7.W.3;7.W.5
ma-g7-english-language-arts-u02-l13,ma-g7-english-language-arts,7,english-language-arts,31,2,"Character, Theme, and Narrative Craft",13,Skill consolidation: theme development,Skill consolidation,theme development,7.RL.1;7.RL.2;7.RL.3;7.W.3;7.W.5
ma-g7-english-language-arts-u02-l14,ma-g7-english-language-arts,7,english-language-arts,32,2,"Character, Theme, and Narrative Craft",14,Transfer challenge: character interaction,Transfer challenge,character interaction,7.RL.1;7.RL.2;7.RL.3;7.W.3;7.W.5
ma-g7-english-language-arts-u02-l15,ma-g7-english-language-arts,7,english-language-arts,33,2,"Character, Theme, and Narrative Craft",15,Assessment preparation: setting and conflict,Assessment preparation,setting and conflict,7.RL.1;7.RL.2;7.RL.3;7.W.3;7.W.5
ma-g7-english-language-arts-u02-l16,ma-g7-english-language-arts,7,english-language-arts,34,2,"Character, Theme, and Narrative Craft",16,Unit assessment: point of view,Unit assessment,point of view,7.RL.1;7.RL.2;7.RL.3;7.W.3;7.W.5
ma-g7-english-language-arts-u02-l17,ma-g7-english-language-arts,7,english-language-arts,35,2,"Character, Theme, and Narrative Craft",17,Targeted correction: pacing and dialogue,Targeted correction,pacing and dialogue,7.RL.1;7.RL.2;7.RL.3;7.W.3;7.W.5
ma-g7-english-language-arts-u02-l18,ma-g7-english-language-arts,7,english-language-arts,36,2,"Character, Theme, and Narrative Craft",18,"Publication, presentation, or reflection: narrative revision","Publication, presentation, or reflection",narrative revision,7.RL.1;7.RL.2;7.RL.3;7.W.3;7.W.5
ma-g7-english-language-arts-u03-l01,ma-g7-english-language-arts,7,english-language-arts,37,3,Informational Structure and Explanatory Writing,1,Launch and diagnostic: central ideas,Launch and diagnostic,central ideas,7.RI.2;7.RI.3;7.RI.5;7.W.2;7.W.9
ma-g7-english-language-arts-u03-l02,ma-g7-english-language-arts,7,english-language-arts,38,3,Informational Structure and Explanatory Writing,2,Concept model A: interactions among people events and ideas,Concept model A,interactions among people events and ideas,7.RI.2;7.RI.3;7.RI.5;7.W.2;7.W.9
ma-g7-english-language-arts-u03-l03,ma-g7-english-language-arts,7,english-language-arts,39,3,Informational Structure and Explanatory Writing,3,Guided practice A: text structures,Guided practice A,text structures,7.RI.2;7.RI.3;7.RI.5;7.W.2;7.W.9
ma-g7-english-language-arts-u03-l04,ma-g7-english-language-arts,7,english-language-arts,40,3,Informational Structure and Explanatory Writing,4,Independent application A: objective summary,Independent application A,objective summary,7.RI.2;7.RI.3;7.RI.5;7.W.2;7.W.9
ma-g7-english-language-arts-u03-l05,ma-g7-english-language-arts,7,english-language-arts,41,3,Informational Structure and Explanatory Writing,5,Concept model B: domain vocabulary,Concept model B,domain vocabulary,7.RI.2;7.RI.3;7.RI.5;7.W.2;7.W.9
ma-g7-english-language-arts-u03-l06,ma-g7-english-language-arts,7,english-language-arts,42,3,Informational Structure and Explanatory Writing,6,Guided practice B: explanatory synthesis,Guided practice B,explanatory synthesis,7.RI.2;7.RI.3;7.RI.5;7.W.2;7.W.9
ma-g7-english-language-arts-u03-l07,ma-g7-english-language-arts,7,english-language-arts,43,3,Informational Structure and Explanatory Writing,7,Investigation or close reading: central ideas,Investigation or close reading,central ideas,7.RI.2;7.RI.3;7.RI.5;7.W.2;7.W.9
ma-g7-english-language-arts-u03-l08,ma-g7-english-language-arts,7,english-language-arts,44,3,Informational Structure and Explanatory Writing,8,Reteach and varied practice: interactions among people events and ideas,Reteach and varied practice,interactions among people events and ideas,7.RI.2;7.RI.3;7.RI.5;7.W.2;7.W.9
ma-g7-english-language-arts-u03-l09,ma-g7-english-language-arts,7,english-language-arts,45,3,Informational Structure and Explanatory Writing,9,Concept model C: text structures,Concept model C,text structures,7.RI.2;7.RI.3;7.RI.5;7.W.2;7.W.9
ma-g7-english-language-arts-u03-l10,ma-g7-english-language-arts,7,english-language-arts,46,3,Informational Structure and Explanatory Writing,10,Discussion or problem seminar: objective summary,Discussion or problem seminar,objective summary,7.RI.2;7.RI.3;7.RI.5;7.W.2;7.W.9
ma-g7-english-language-arts-u03-l11,ma-g7-english-language-arts,7,english-language-arts,47,3,Informational Structure and Explanatory Writing,11,Performance task planning: domain vocabulary,Performance task planning,domain vocabulary,7.RI.2;7.RI.3;7.RI.5;7.W.2;7.W.9
ma-g7-english-language-arts-u03-l12,ma-g7-english-language-arts,7,english-language-arts,48,3,Informational Structure and Explanatory Writing,12,Performance task build: explanatory synthesis,Performance task build,explanatory synthesis,7.RI.2;7.RI.3;7.RI.5;7.W.2;7.W.9
ma-g7-english-language-arts-u03-l13,ma-g7-english-language-arts,7,english-language-arts,49,3,Informational Structure and Explanatory Writing,13,Skill consolidation: central ideas,Skill consolidation,central ideas,7.RI.2;7.RI.3;7.RI.5;7.W.2;7.W.9
ma-g7-english-language-arts-u03-l14,ma-g7-english-language-arts,7,english-language-arts,50,3,Informational Structure and Explanatory Writing,14,Transfer challenge: interactions among people events and ideas,Transfer challenge,interactions among people events and ideas,7.RI.2;7.RI.3;7.RI.5;7.W.2;7.W.9
ma-g7-english-language-arts-u03-l15,ma-g7-english-language-arts,7,english-language-arts,51,3,Informational Structure and Explanatory Writing,15,Assessment preparation: text structures,Assessment preparation,text structures,7.RI.2;7.RI.3;7.RI.5;7.W.2;7.W.9
ma-g7-english-language-arts-u03-l16,ma-g7-english-language-arts,7,english-language-arts,52,3,Informational Structure and Explanatory Writing,16,Unit assessment: objective summary,Unit assessment,objective summary,7.RI.2;7.RI.3;7.RI.5;7.W.2;7.W.9
ma-g7-english-language-arts-u03-l17,ma-g7-english-language-arts,7,english-language-arts,53,3,Informational Structure and Explanatory Writing,17,Targeted correction: domain vocabulary,Targeted correction,domain vocabulary,7.RI.2;7.RI.3;7.RI.5;7.W.2;7.W.9
ma-g7-english-language-arts-u03-l18,ma-g7-english-language-arts,7,english-language-arts,54,3,Informational Structure and Explanatory Writing,18,"Publication, presentation, or reflection: explanatory synthesis","Publication, presentation, or reflection",explanatory synthesis,7.RI.2;7.RI.3;7.RI.5;7.W.2;7.W.9
ma-g7-english-language-arts-u04-l01,ma-g7-english-language-arts,7,english-language-arts,55,4,"Poetry, Language, and Interpretation",1,Launch and diagnostic: figurative and connotative meaning,Launch and diagnostic,figurative and connotative meaning,7.RL.4;7.RL.5;7.L.4;7.L.5;7.SL.5
ma-g7-english-language-arts-u04-l02,ma-g7-english-language-arts,7,english-language-arts,56,4,"Poetry, Language, and Interpretation",2,Concept model A: sound and form,Concept model A,sound and form,7.RL.4;7.RL.5;7.L.4;7.L.5;7.SL.5
ma-g7-english-language-arts-u04-l03,ma-g7-english-language-arts,7,english-language-arts,57,4,"Poetry, Language, and Interpretation",3,Guided practice A: speaker and tone,Guided practice A,speaker and tone,7.RL.4;7.RL.5;7.L.4;7.L.5;7.SL.5
ma-g7-english-language-arts-u04-l04,ma-g7-english-language-arts,7,english-language-arts,58,4,"Poetry, Language, and Interpretation",4,Independent application A: word relationships,Independent application A,word relationships,7.RL.4;7.RL.5;7.L.4;7.L.5;7.SL.5
ma-g7-english-language-arts-u04-l05,ma-g7-english-language-arts,7,english-language-arts,59,4,"Poetry, Language, and Interpretation",5,Concept model B: interpretive choices,Concept model B,interpretive choices,7.RL.4;7.RL.5;7.L.4;7.L.5;7.SL.5
ma-g7-english-language-arts-u04-l06,ma-g7-english-language-arts,7,english-language-arts,60,4,"Poetry, Language, and Interpretation",6,Guided practice B: oral or multimodal presentation,Guided practice B,oral or multimodal presentation,7.RL.4;7.RL.5;7.L.4;7.L.5;7.SL.5
ma-g7-english-language-arts-u04-l07,ma-g7-english-language-arts,7,english-language-arts,61,4,"Poetry, Language, and Interpretation",7,Investigation or close reading: figurative and connotative meaning,Investigation or close reading,figurative and connotative meaning,7.RL.4;7.RL.5;7.L.4;7.L.5;7.SL.5
ma-g7-english-language-arts-u04-l08,ma-g7-english-language-arts,7,english-language-arts,62,4,"Poetry, Language, and Interpretation",8,Reteach and varied practice: sound and form,Reteach and varied practice,sound and form,7.RL.4;7.RL.5;7.L.4;7.L.5;7.SL.5
ma-g7-english-language-arts-u04-l09,ma-g7-english-language-arts,7,english-language-arts,63,4,"Poetry, Language, and Interpretation",9,Concept model C: speaker and tone,Concept model C,speaker and tone,7.RL.4;7.RL.5;7.L.4;7.L.5;7.SL.5
ma-g7-english-language-arts-u04-l10,ma-g7-english-language-arts,7,english-language-arts,64,4,"Poetry, Language, and Interpretation",10,Discussion or problem seminar: word relationships,Discussion or problem seminar,word relationships,7.RL.4;7.RL.5;7.L.4;7.L.5;7.SL.5
ma-g7-english-language-arts-u04-l11,ma-g7-english-language-arts,7,english-language-arts,65,4,"Poetry, Language, and Interpretation",11,Performance task planning: interpretive choices,Performance task planning,interpretive choices,7.RL.4;7.RL.5;7.L.4;7.L.5;7.SL.5
ma-g7-english-language-arts-u04-l12,ma-g7-english-language-arts,7,english-language-arts,66,4,"Poetry, Language, and Interpretation",12,Performance task build: oral or multimodal presentation,Performance task build,oral or multimodal presentation,7.RL.4;7.RL.5;7.L.4;7.L.5;7.SL.5
ma-g7-english-language-arts-u04-l13,ma-g7-english-language-arts,7,english-language-arts,67,4,"Poetry, Language, and Interpretation",13,Skill consolidation: figurative and connotative meaning,Skill consolidation,figurative and connotative meaning,7.RL.4;7.RL.5;7.L.4;7.L.5;7.SL.5
ma-g7-english-language-arts-u04-l14,ma-g7-english-language-arts,7,english-language-arts,68,4,"Poetry, Language, and Interpretation",14,Transfer challenge: sound and form,Transfer challenge,sound and form,7.RL.4;7.RL.5;7.L.4;7.L.5;7.SL.5
ma-g7-english-language-arts-u04-l15,ma-g7-english-language-arts,7,english-language-arts,69,4,"Poetry, Language, and Interpretation",15,Assessment preparation: speaker and tone,Assessment preparation,speaker and tone,7.RL.4;7.RL.5;7.L.4;7.L.5;7.SL.5
ma-g7-english-language-arts-u04-l16,ma-g7-english-language-arts,7,english-language-arts,70,4,"Poetry, Language, and Interpretation",16,Unit assessment: word relationships,Unit assessment,word relationships,7.RL.4;7.RL.5;7.L.4;7.L.5;7.SL.5
ma-g7-english-language-arts-u04-l17,ma-g7-english-language-arts,7,english-language-arts,71,4,"Poetry, Language, and Interpretation",17,Targeted correction: interpretive choices,Targeted correction,interpretive choices,7.RL.4;7.RL.5;7.L.4;7.L.5;7.SL.5
ma-g7-english-language-arts-u04-l18,ma-g7-english-language-arts,7,english-language-arts,72,4,"Poetry, Language, and Interpretation",18,"Publication, presentation, or reflection: oral or multimodal presentation","Publication, presentation, or reflection",oral or multimodal presentation,7.RL.4;7.RL.5;7.L.4;7.L.5;7.SL.5
ma-g7-english-language-arts-u05-l01,ma-g7-english-language-arts,7,english-language-arts,73,5,"Argument, Claims, and Reasoning",1,Launch and diagnostic: claim quality,Launch and diagnostic,claim quality,7.RI.8;7.RI.9;7.W.1;7.SL.3;7.L.6
ma-g7-english-language-arts-u05-l02,ma-g7-english-language-arts,7,english-language-arts,74,5,"Argument, Claims, and Reasoning",2,Concept model A: relevant and sufficient evidence,Concept model A,relevant and sufficient evidence,7.RI.8;7.RI.9;7.W.1;7.SL.3;7.L.6
ma-g7-english-language-arts-u05-l03,ma-g7-english-language-arts,7,english-language-arts,75,5,"Argument, Claims, and Reasoning",3,Guided practice A: reasoning and warrants,Guided practice A,reasoning and warrants,7.RI.8;7.RI.9;7.W.1;7.SL.3;7.L.6
ma-g7-english-language-arts-u05-l04,ma-g7-english-language-arts,7,english-language-arts,76,5,"Argument, Claims, and Reasoning",4,Independent application A: counterclaims,Independent application A,counterclaims,7.RI.8;7.RI.9;7.W.1;7.SL.3;7.L.6
ma-g7-english-language-arts-u05-l05,ma-g7-english-language-arts,7,english-language-arts,77,5,"Argument, Claims, and Reasoning",5,Concept model B: evaluating arguments,Concept model B,evaluating arguments,7.RI.8;7.RI.9;7.W.1;7.SL.3;7.L.6
ma-g7-english-language-arts-u05-l06,ma-g7-english-language-arts,7,english-language-arts,78,5,"Argument, Claims, and Reasoning",6,Guided practice B: formal style and conclusions,Guided practice B,formal style and conclusions,7.RI.8;7.RI.9;7.W.1;7.SL.3;7.L.6
ma-g7-english-language-arts-u05-l07,ma-g7-english-language-arts,7,english-language-arts,79,5,"Argument, Claims, and Reasoning",7,Investigation or close reading: claim quality,Investigation or close reading,claim quality,7.RI.8;7.RI.9;7.W.1;7.SL.3;7.L.6
ma-g7-english-language-arts-u05-l08,ma-g7-english-language-arts,7,english-language-arts,80,5,"Argument, Claims, and Reasoning",8,Reteach and varied practice: relevant and sufficient evidence,Reteach and varied practice,relevant and sufficient evidence,7.RI.8;7.RI.9;7.W.1;7.SL.3;7.L.6
ma-g7-english-language-arts-u05-l09,ma-g7-english-language-arts,7,english-language-arts,81,5,"Argument, Claims, and Reasoning",9,Concept model C: reasoning and warrants,Concept model C,reasoning and warrants,7.RI.8;7.RI.9;7.W.1;7.SL.3;7.L.6
ma-g7-english-language-arts-u05-l10,ma-g7-english-language-arts,7,english-language-arts,82,5,"Argument, Claims, and Reasoning",10,Discussion or problem seminar: counterclaims,Discussion or problem seminar,counterclaims,7.RI.8;7.RI.9;7.W.1;7.SL.3;7.L.6
ma-g7-english-language-arts-u05-l11,ma-g7-english-language-arts,7,english-language-arts,83,5,"Argument, Claims, and Reasoning",11,Performance task planning: evaluating arguments,Performance task planning,evaluating arguments,7.RI.8;7.RI.9;7.W.1;7.SL.3;7.L.6
ma-g7-english-language-arts-u05-l12,ma-g7-english-language-arts,7,english-language-arts,84,5,"Argument, Claims, and Reasoning",12,Performance task build: formal style and conclusions,Performance task build,formal style and conclusions,7.RI.8;7.RI.9;7.W.1;7.SL.3;7.L.6
ma-g7-english-language-arts-u05-l13,ma-g7-english-language-arts,7,english-language-arts,85,5,"Argument, Claims, and Reasoning",13,Skill consolidation: claim quality,Skill consolidation,claim quality,7.RI.8;7.RI.9;7.W.1;7.SL.3;7.L.6
ma-g7-english-language-arts-u05-l14,ma-g7-english-language-arts,7,english-language-arts,86,5,"Argument, Claims, and Reasoning",14,Transfer challenge: relevant and sufficient evidence,Transfer challenge,relevant and sufficient evidence,7.RI.8;7.RI.9;7.W.1;7.SL.3;7.L.6
ma-g7-english-language-arts-u05-l15,ma-g7-english-language-arts,7,english-language-arts,87,5,"Argument, Claims, and Reasoning",15,Assessment preparation: reasoning and warrants,Assessment preparation,reasoning and warrants,7.RI.8;7.RI.9;7.W.1;7.SL.3;7.L.6
ma-g7-english-language-arts-u05-l16,ma-g7-english-language-arts,7,english-language-arts,88,5,"Argument, Claims, and Reasoning",16,Unit assessment: counterclaims,Unit assessment,counterclaims,7.RI.8;7.RI.9;7.W.1;7.SL.3;7.L.6
ma-g7-english-language-arts-u05-l17,ma-g7-english-language-arts,7,english-language-arts,89,5,"Argument, Claims, and Reasoning",17,Targeted correction: evaluating arguments,Targeted correction,evaluating arguments,7.RI.8;7.RI.9;7.W.1;7.SL.3;7.L.6
ma-g7-english-language-arts-u05-l18,ma-g7-english-language-arts,7,english-language-arts,90,5,"Argument, Claims, and Reasoning",18,"Publication, presentation, or reflection: formal style and conclusions","Publication, presentation, or reflection",formal style and conclusions,7.RI.8;7.RI.9;7.W.1;7.SL.3;7.L.6
ma-g7-english-language-arts-u06-l01,ma-g7-english-language-arts,7,english-language-arts,91,6,Research and Source Integrity,1,Launch and diagnostic: inquiry questions,Launch and diagnostic,inquiry questions,7.W.7;7.W.8;7.W.9;7.RI.7;7.SL.2
ma-g7-english-language-arts-u06-l02,ma-g7-english-language-arts,7,english-language-arts,92,6,Research and Source Integrity,2,Concept model A: search refinement,Concept model A,search refinement,7.W.7;7.W.8;7.W.9;7.RI.7;7.SL.2
ma-g7-english-language-arts-u06-l03,ma-g7-english-language-arts,7,english-language-arts,93,6,Research and Source Integrity,3,Guided practice A: source credibility and bias,Guided practice A,source credibility and bias,7.W.7;7.W.8;7.W.9;7.RI.7;7.SL.2
ma-g7-english-language-arts-u06-l04,ma-g7-english-language-arts,7,english-language-arts,94,6,Research and Source Integrity,4,Independent application A: paraphrase quotation and citation,Independent application A,paraphrase quotation and citation,7.W.7;7.W.8;7.W.9;7.RI.7;7.SL.2
ma-g7-english-language-arts-u06-l05,ma-g7-english-language-arts,7,english-language-arts,95,6,Research and Source Integrity,5,Concept model B: synthesizing formats,Concept model B,synthesizing formats,7.W.7;7.W.8;7.W.9;7.RI.7;7.SL.2
ma-g7-english-language-arts-u06-l06,ma-g7-english-language-arts,7,english-language-arts,96,6,Research and Source Integrity,6,Guided practice B: avoiding plagiarism,Guided practice B,avoiding plagiarism,7.W.7;7.W.8;7.W.9;7.RI.7;7.SL.2
ma-g7-english-language-arts-u06-l07,ma-g7-english-language-arts,7,english-language-arts,97,6,Research and Source Integrity,7,Investigation or close reading: inquiry questions,Investigation or close reading,inquiry questions,7.W.7;7.W.8;7.W.9;7.RI.7;7.SL.2
ma-g7-english-language-arts-u06-l08,ma-g7-english-language-arts,7,english-language-arts,98,6,Research and Source Integrity,8,Reteach and varied practice: search refinement,Reteach and varied practice,search refinement,7.W.7;7.W.8;7.W.9;7.RI.7;7.SL.2
ma-g7-english-language-arts-u06-l09,ma-g7-english-language-arts,7,english-language-arts,99,6,Research and Source Integrity,9,Concept model C: source credibility and bias,Concept model C,source credibility and bias,7.W.7;7.W.8;7.W.9;7.RI.7;7.SL.2
ma-g7-english-language-arts-u06-l10,ma-g7-english-language-arts,7,english-language-arts,100,6,Research and Source Integrity,10,Discussion or problem seminar: paraphrase quotation and citation,Discussion or problem seminar,paraphrase quotation and citation,7.W.7;7.W.8;7.W.9;7.RI.7;7.SL.2
ma-g7-english-language-arts-u06-l11,ma-g7-english-language-arts,7,english-language-arts,101,6,Research and Source Integrity,11,Performance task planning: synthesizing formats,Performance task planning,synthesizing formats,7.W.7;7.W.8;7.W.9;7.RI.7;7.SL.2
ma-g7-english-language-arts-u06-l12,ma-g7-english-language-arts,7,english-language-arts,102,6,Research and Source Integrity,12,Performance task build: avoiding plagiarism,Performance task build,avoiding plagiarism,7.W.7;7.W.8;7.W.9;7.RI.7;7.SL.2
ma-g7-english-language-arts-u06-l13,ma-g7-english-language-arts,7,english-language-arts,103,6,Research and Source Integrity,13,Skill consolidation: inquiry questions,Skill consolidation,inquiry questions,7.W.7;7.W.8;7.W.9;7.RI.7;7.SL.2
ma-g7-english-language-arts-u06-l14,ma-g7-english-language-arts,7,english-language-arts,104,6,Research and Source Integrity,14,Transfer challenge: search refinement,Transfer challenge,search refinement,7.W.7;7.W.8;7.W.9;7.RI.7;7.SL.2
ma-g7-english-language-arts-u06-l15,ma-g7-english-language-arts,7,english-language-arts,105,6,Research and Source Integrity,15,Assessment preparation: source credibility and bias,Assessment preparation,source credibility and bias,7.W.7;7.W.8;7.W.9;7.RI.7;7.SL.2
ma-g7-english-language-arts-u06-l16,ma-g7-english-language-arts,7,english-language-arts,106,6,Research and Source Integrity,16,Unit assessment: paraphrase quotation and citation,Unit assessment,paraphrase quotation and citation,7.W.7;7.W.8;7.W.9;7.RI.7;7.SL.2
ma-g7-english-language-arts-u06-l17,ma-g7-english-language-arts,7,english-language-arts,107,6,Research and Source Integrity,17,Targeted correction: synthesizing formats,Targeted correction,synthesizing formats,7.W.7;7.W.8;7.W.9;7.RI.7;7.SL.2
ma-g7-english-language-arts-u06-l18,ma-g7-english-language-arts,7,english-language-arts,108,6,Research and Source Integrity,18,"Publication, presentation, or reflection: avoiding plagiarism","Publication, presentation, or reflection",avoiding plagiarism,7.W.7;7.W.8;7.W.9;7.RI.7;7.SL.2
ma-g7-english-language-arts-u07-l01,ma-g7-english-language-arts,7,english-language-arts,109,7,"Drama, Media, and Point of View",1,Launch and diagnostic: author and narrator perspective,Launch and diagnostic,author and narrator perspective,7.RL.6;7.RL.7;7.RI.6;7.RI.7;7.SL.2
ma-g7-english-language-arts-u07-l02,ma-g7-english-language-arts,7,english-language-arts,110,7,"Drama, Media, and Point of View",2,Concept model A: medium and message,Concept model A,medium and message,7.RL.6;7.RL.7;7.RI.6;7.RI.7;7.SL.2
ma-g7-english-language-arts-u07-l03,ma-g7-english-language-arts,7,english-language-arts,111,7,"Drama, Media, and Point of View",3,Guided practice A: script structure,Guided practice A,script structure,7.RL.6;7.RL.7;7.RI.6;7.RI.7;7.SL.2
ma-g7-english-language-arts-u07-l04,ma-g7-english-language-arts,7,english-language-arts,112,7,"Drama, Media, and Point of View",4,Independent application A: performance interpretation,Independent application A,performance interpretation,7.RL.6;7.RL.7;7.RI.6;7.RI.7;7.SL.2
ma-g7-english-language-arts-u07-l05,ma-g7-english-language-arts,7,english-language-arts,113,7,"Drama, Media, and Point of View",5,Concept model B: visual and audio rhetoric,Concept model B,visual and audio rhetoric,7.RL.6;7.RL.7;7.RI.6;7.RI.7;7.SL.2
ma-g7-english-language-arts-u07-l06,ma-g7-english-language-arts,7,english-language-arts,114,7,"Drama, Media, and Point of View",6,Guided practice B: comparing versions,Guided practice B,comparing versions,7.RL.6;7.RL.7;7.RI.6;7.RI.7;7.SL.2
ma-g7-english-language-arts-u07-l07,ma-g7-english-language-arts,7,english-language-arts,115,7,"Drama, Media, and Point of View",7,Investigation or close reading: author and narrator perspective,Investigation or close reading,author and narrator perspective,7.RL.6;7.RL.7;7.RI.6;7.RI.7;7.SL.2
ma-g7-english-language-arts-u07-l08,ma-g7-english-language-arts,7,english-language-arts,116,7,"Drama, Media, and Point of View",8,Reteach and varied practice: medium and message,Reteach and varied practice,medium and message,7.RL.6;7.RL.7;7.RI.6;7.RI.7;7.SL.2
ma-g7-english-language-arts-u07-l09,ma-g7-english-language-arts,7,english-language-arts,117,7,"Drama, Media, and Point of View",9,Concept model C: script structure,Concept model C,script structure,7.RL.6;7.RL.7;7.RI.6;7.RI.7;7.SL.2
ma-g7-english-language-arts-u07-l10,ma-g7-english-language-arts,7,english-language-arts,118,7,"Drama, Media, and Point of View",10,Discussion or problem seminar: performance interpretation,Discussion or problem seminar,performance interpretation,7.RL.6;7.RL.7;7.RI.6;7.RI.7;7.SL.2
ma-g7-english-language-arts-u07-l11,ma-g7-english-language-arts,7,english-language-arts,119,7,"Drama, Media, and Point of View",11,Performance task planning: visual and audio rhetoric,Performance task planning,visual and audio rhetoric,7.RL.6;7.RL.7;7.RI.6;7.RI.7;7.SL.2
ma-g7-english-language-arts-u07-l12,ma-g7-english-language-arts,7,english-language-arts,120,7,"Drama, Media, and Point of View",12,Performance task build: comparing versions,Performance task build,comparing versions,7.RL.6;7.RL.7;7.RI.6;7.RI.7;7.SL.2
ma-g7-english-language-arts-u07-l13,ma-g7-english-language-arts,7,english-language-arts,121,7,"Drama, Media, and Point of View",13,Skill consolidation: author and narrator perspective,Skill consolidation,author and narrator perspective,7.RL.6;7.RL.7;7.RI.6;7.RI.7;7.SL.2
ma-g7-english-language-arts-u07-l14,ma-g7-english-language-arts,7,english-language-arts,122,7,"Drama, Media, and Point of View",14,Transfer challenge: medium and message,Transfer challenge,medium and message,7.RL.6;7.RL.7;7.RI.6;7.RI.7;7.SL.2
ma-g7-english-language-arts-u07-l15,ma-g7-english-language-arts,7,english-language-arts,123,7,"Drama, Media, and Point of View",15,Assessment preparation: script structure,Assessment preparation,script structure,7.RL.6;7.RL.7;7.RI.6;7.RI.7;7.SL.2
ma-g7-english-language-arts-u07-l16,ma-g7-english-language-arts,7,english-language-arts,124,7,"Drama, Media, and Point of View",16,Unit assessment: performance interpretation,Unit assessment,performance interpretation,7.RL.6;7.RL.7;7.RI.6;7.RI.7;7.SL.2
ma-g7-english-language-arts-u07-l17,ma-g7-english-language-arts,7,english-language-arts,125,7,"Drama, Media, and Point of View",17,Targeted correction: visual and audio rhetoric,Targeted correction,visual and audio rhetoric,7.RL.6;7.RL.7;7.RI.6;7.RI.7;7.SL.2
ma-g7-english-language-arts-u07-l18,ma-g7-english-language-arts,7,english-language-arts,126,7,"Drama, Media, and Point of View",18,"Publication, presentation, or reflection: comparing versions","Publication, presentation, or reflection",comparing versions,7.RL.6;7.RL.7;7.RI.6;7.RI.7;7.SL.2
ma-g7-english-language-arts-u08-l01,ma-g7-english-language-arts,7,english-language-arts,127,8,"Grammar, Style, and Vocabulary Through Revision",1,Launch and diagnostic: phrase and clause structures,Launch and diagnostic,phrase and clause structures,7.L.1;7.L.2;7.L.3;7.L.4;7.L.5;7.L.6
ma-g7-english-language-arts-u08-l02,ma-g7-english-language-arts,7,english-language-arts,128,8,"Grammar, Style, and Vocabulary Through Revision",2,Concept model A: sentence variety,Concept model A,sentence variety,7.L.1;7.L.2;7.L.3;7.L.4;7.L.5;7.L.6
ma-g7-english-language-arts-u08-l03,ma-g7-english-language-arts,7,english-language-arts,129,8,"Grammar, Style, and Vocabulary Through Revision",3,Guided practice A: conventions and punctuation,Guided practice A,conventions and punctuation,7.L.1;7.L.2;7.L.3;7.L.4;7.L.5;7.L.6
ma-g7-english-language-arts-u08-l04,ma-g7-english-language-arts,7,english-language-arts,130,8,"Grammar, Style, and Vocabulary Through Revision",4,Independent application A: precise concise language,Independent application A,precise concise language,7.L.1;7.L.2;7.L.3;7.L.4;7.L.5;7.L.6
ma-g7-english-language-arts-u08-l05,ma-g7-english-language-arts,7,english-language-arts,131,8,"Grammar, Style, and Vocabulary Through Revision",5,Concept model B: roots and context clues,Concept model B,roots and context clues,7.L.1;7.L.2;7.L.3;7.L.4;7.L.5;7.L.6
ma-g7-english-language-arts-u08-l06,ma-g7-english-language-arts,7,english-language-arts,132,8,"Grammar, Style, and Vocabulary Through Revision",6,Guided practice B: register and style,Guided practice B,register and style,7.L.1;7.L.2;7.L.3;7.L.4;7.L.5;7.L.6
ma-g7-english-language-arts-u08-l07,ma-g7-english-language-arts,7,english-language-arts,133,8,"Grammar, Style, and Vocabulary Through Revision",7,Investigation or close reading: phrase and clause structures,Investigation or close reading,phrase and clause structures,7.L.1;7.L.2;7.L.3;7.L.4;7.L.5;7.L.6
ma-g7-english-language-arts-u08-l08,ma-g7-english-language-arts,7,english-language-arts,134,8,"Grammar, Style, and Vocabulary Through Revision",8,Reteach and varied practice: sentence variety,Reteach and varied practice,sentence variety,7.L.1;7.L.2;7.L.3;7.L.4;7.L.5;7.L.6
ma-g7-english-language-arts-u08-l09,ma-g7-english-language-arts,7,english-language-arts,135,8,"Grammar, Style, and Vocabulary Through Revision",9,Concept model C: conventions and punctuation,Concept model C,conventions and punctuation,7.L.1;7.L.2;7.L.3;7.L.4;7.L.5;7.L.6
ma-g7-english-language-arts-u08-l10,ma-g7-english-language-arts,7,english-language-arts,136,8,"Grammar, Style, and Vocabulary Through Revision",10,Discussion or problem seminar: precise concise language,Discussion or problem seminar,precise concise language,7.L.1;7.L.2;7.L.3;7.L.4;7.L.5;7.L.6
ma-g7-english-language-arts-u08-l11,ma-g7-english-language-arts,7,english-language-arts,137,8,"Grammar, Style, and Vocabulary Through Revision",11,Performance task planning: roots and context clues,Performance task planning,roots and context clues,7.L.1;7.L.2;7.L.3;7.L.4;7.L.5;7.L.6
ma-g7-english-language-arts-u08-l12,ma-g7-english-language-arts,7,english-language-arts,138,8,"Grammar, Style, and Vocabulary Through Revision",12,Performance task build: register and style,Performance task build,register and style,7.L.1;7.L.2;7.L.3;7.L.4;7.L.5;7.L.6
ma-g7-english-language-arts-u08-l13,ma-g7-english-language-arts,7,english-language-arts,139,8,"Grammar, Style, and Vocabulary Through Revision",13,Skill consolidation: phrase and clause structures,Skill consolidation,phrase and clause structures,7.L.1;7.L.2;7.L.3;7.L.4;7.L.5;7.L.6
ma-g7-english-language-arts-u08-l14,ma-g7-english-language-arts,7,english-language-arts,140,8,"Grammar, Style, and Vocabulary Through Revision",14,Transfer challenge: sentence variety,Transfer challenge,sentence variety,7.L.1;7.L.2;7.L.3;7.L.4;7.L.5;7.L.6
ma-g7-english-language-arts-u08-l15,ma-g7-english-language-arts,7,english-language-arts,141,8,"Grammar, Style, and Vocabulary Through Revision",15,Assessment preparation: conventions and punctuation,Assessment preparation,conventions and punctuation,7.L.1;7.L.2;7.L.3;7.L.4;7.L.5;7.L.6
ma-g7-english-language-arts-u08-l16,ma-g7-english-language-arts,7,english-language-arts,142,8,"Grammar, Style, and Vocabulary Through Revision",16,Unit assessment: precise concise language,Unit assessment,precise concise language,7.L.1;7.L.2;7.L.3;7.L.4;7.L.5;7.L.6
ma-g7-english-language-arts-u08-l17,ma-g7-english-language-arts,7,english-language-arts,143,8,"Grammar, Style, and Vocabulary Through Revision",17,Targeted correction: roots and context clues,Targeted correction,roots and context clues,7.L.1;7.L.2;7.L.3;7.L.4;7.L.5;7.L.6
ma-g7-english-language-arts-u08-l18,ma-g7-english-language-arts,7,english-language-arts,144,8,"Grammar, Style, and Vocabulary Through Revision",18,"Publication, presentation, or reflection: register and style","Publication, presentation, or reflection",register and style,7.L.1;7.L.2;7.L.3;7.L.4;7.L.5;7.L.6
ma-g7-english-language-arts-u09-l01,ma-g7-english-language-arts,7,english-language-arts,145,9,Literature Circles and Comparative Analysis,1,Launch and diagnostic: sustained reading,Launch and diagnostic,sustained reading,7.RL.1;7.RL.2;7.RL.6;7.RL.9;7.W.9;7.SL.1
ma-g7-english-language-arts-u09-l02,ma-g7-english-language-arts,7,english-language-arts,146,9,Literature Circles and Comparative Analysis,2,Concept model A: theme across works,Concept model A,theme across works,7.RL.1;7.RL.2;7.RL.6;7.RL.9;7.W.9;7.SL.1
ma-g7-english-language-arts-u09-l03,ma-g7-english-language-arts,7,english-language-arts,147,9,Literature Circles and Comparative Analysis,3,Guided practice A: historical and cultural context,Guided practice A,historical and cultural context,7.RL.1;7.RL.2;7.RL.6;7.RL.9;7.W.9;7.SL.1
ma-g7-english-language-arts-u09-l04,ma-g7-english-language-arts,7,english-language-arts,148,9,Literature Circles and Comparative Analysis,4,Independent application A: perspective,Independent application A,perspective,7.RL.1;7.RL.2;7.RL.6;7.RL.9;7.W.9;7.SL.1
ma-g7-english-language-arts-u09-l05,ma-g7-english-language-arts,7,english-language-arts,149,9,Literature Circles and Comparative Analysis,5,Concept model B: discussion leadership,Concept model B,discussion leadership,7.RL.1;7.RL.2;7.RL.6;7.RL.9;7.W.9;7.SL.1
ma-g7-english-language-arts-u09-l06,ma-g7-english-language-arts,7,english-language-arts,150,9,Literature Circles and Comparative Analysis,6,Guided practice B: comparative literary analysis,Guided practice B,comparative literary analysis,7.RL.1;7.RL.2;7.RL.6;7.RL.9;7.W.9;7.SL.1
ma-g7-english-language-arts-u09-l07,ma-g7-english-language-arts,7,english-language-arts,151,9,Literature Circles and Comparative Analysis,7,Investigation or close reading: sustained reading,Investigation or close reading,sustained reading,7.RL.1;7.RL.2;7.RL.6;7.RL.9;7.W.9;7.SL.1
ma-g7-english-language-arts-u09-l08,ma-g7-english-language-arts,7,english-language-arts,152,9,Literature Circles and Comparative Analysis,8,Reteach and varied practice: theme across works,Reteach and varied practice,theme across works,7.RL.1;7.RL.2;7.RL.6;7.RL.9;7.W.9;7.SL.1
ma-g7-english-language-arts-u09-l09,ma-g7-english-language-arts,7,english-language-arts,153,9,Literature Circles and Comparative Analysis,9,Concept model C: historical and cultural context,Concept model C,historical and cultural context,7.RL.1;7.RL.2;7.RL.6;7.RL.9;7.W.9;7.SL.1
ma-g7-english-language-arts-u09-l10,ma-g7-english-language-arts,7,english-language-arts,154,9,Literature Circles and Comparative Analysis,10,Discussion or problem seminar: perspective,Discussion or problem seminar,perspective,7.RL.1;7.RL.2;7.RL.6;7.RL.9;7.W.9;7.SL.1
ma-g7-english-language-arts-u09-l11,ma-g7-english-language-arts,7,english-language-arts,155,9,Literature Circles and Comparative Analysis,11,Performance task planning: discussion leadership,Performance task planning,discussion leadership,7.RL.1;7.RL.2;7.RL.6;7.RL.9;7.W.9;7.SL.1
ma-g7-english-language-arts-u09-l12,ma-g7-english-language-arts,7,english-language-arts,156,9,Literature Circles and Comparative Analysis,12,Performance task build: comparative literary analysis,Performance task build,comparative literary analysis,7.RL.1;7.RL.2;7.RL.6;7.RL.9;7.W.9;7.SL.1
ma-g7-english-language-arts-u09-l13,ma-g7-english-language-arts,7,english-language-arts,157,9,Literature Circles and Comparative Analysis,13,Skill consolidation: sustained reading,Skill consolidation,sustained reading,7.RL.1;7.RL.2;7.RL.6;7.RL.9;7.W.9;7.SL.1
ma-g7-english-language-arts-u09-l14,ma-g7-english-language-arts,7,english-language-arts,158,9,Literature Circles and Comparative Analysis,14,Transfer challenge: theme across works,Transfer challenge,theme across works,7.RL.1;7.RL.2;7.RL.6;7.RL.9;7.W.9;7.SL.1
ma-g7-english-language-arts-u09-l15,ma-g7-english-language-arts,7,english-language-arts,159,9,Literature Circles and Comparative Analysis,15,Assessment preparation: historical and cultural context,Assessment preparation,historical and cultural context,7.RL.1;7.RL.2;7.RL.6;7.RL.9;7.W.9;7.SL.1
ma-g7-english-language-arts-u09-l16,ma-g7-english-language-arts,7,english-language-arts,160,9,Literature Circles and Comparative Analysis,16,Unit assessment: perspective,Unit assessment,perspective,7.RL.1;7.RL.2;7.RL.6;7.RL.9;7.W.9;7.SL.1
ma-g7-english-language-arts-u09-l17,ma-g7-english-language-arts,7,english-language-arts,161,9,Literature Circles and Comparative Analysis,17,Targeted correction: discussion leadership,Targeted correction,discussion leadership,7.RL.1;7.RL.2;7.RL.6;7.RL.9;7.W.9;7.SL.1
ma-g7-english-language-arts-u09-l18,ma-g7-english-language-arts,7,english-language-arts,162,9,Literature Circles and Comparative Analysis,18,"Publication, presentation, or reflection: comparative literary analysis","Publication, presentation, or reflection",comparative literary analysis,7.RL.1;7.RL.2;7.RL.6;7.RL.9;7.W.9;7.SL.1
ma-g7-english-language-arts-u10-l01,ma-g7-english-language-arts,7,english-language-arts,163,10,"Publication, Advocacy, and Portfolio Capstone",1,Launch and diagnostic: audience and purpose,Launch and diagnostic,audience and purpose,7.RL.10;7.RI.10;7.W.4;7.W.5;7.W.6;7.SL.4;7.SL.5
ma-g7-english-language-arts-u10-l02,ma-g7-english-language-arts,7,english-language-arts,164,10,"Publication, Advocacy, and Portfolio Capstone",2,Concept model A: selecting evidence,Concept model A,selecting evidence,7.RL.10;7.RI.10;7.W.4;7.W.5;7.W.6;7.SL.4;7.SL.5
ma-g7-english-language-arts-u10-l03,ma-g7-english-language-arts,7,english-language-arts,165,10,"Publication, Advocacy, and Portfolio Capstone",3,Guided practice A: deep revision,Guided practice A,deep revision,7.RL.10;7.RI.10;7.W.4;7.W.5;7.W.6;7.SL.4;7.SL.5
ma-g7-english-language-arts-u10-l04,ma-g7-english-language-arts,7,english-language-arts,166,10,"Publication, Advocacy, and Portfolio Capstone",4,Independent application A: ethical media use,Independent application A,ethical media use,7.RL.10;7.RI.10;7.W.4;7.W.5;7.W.6;7.SL.4;7.SL.5
ma-g7-english-language-arts-u10-l05,ma-g7-english-language-arts,7,english-language-arts,167,10,"Publication, Advocacy, and Portfolio Capstone",5,Concept model B: presentation design,Concept model B,presentation design,7.RL.10;7.RI.10;7.W.4;7.W.5;7.W.6;7.SL.4;7.SL.5
ma-g7-english-language-arts-u10-l06,ma-g7-english-language-arts,7,english-language-arts,168,10,"Publication, Advocacy, and Portfolio Capstone",6,Guided practice B: reflection and goal setting,Guided practice B,reflection and goal setting,7.RL.10;7.RI.10;7.W.4;7.W.5;7.W.6;7.SL.4;7.SL.5
ma-g7-english-language-arts-u10-l07,ma-g7-english-language-arts,7,english-language-arts,169,10,"Publication, Advocacy, and Portfolio Capstone",7,Investigation or close reading: audience and purpose,Investigation or close reading,audience and purpose,7.RL.10;7.RI.10;7.W.4;7.W.5;7.W.6;7.SL.4;7.SL.5
ma-g7-english-language-arts-u10-l08,ma-g7-english-language-arts,7,english-language-arts,170,10,"Publication, Advocacy, and Portfolio Capstone",8,Reteach and varied practice: selecting evidence,Reteach and varied practice,selecting evidence,7.RL.10;7.RI.10;7.W.4;7.W.5;7.W.6;7.SL.4;7.SL.5
ma-g7-english-language-arts-u10-l09,ma-g7-english-language-arts,7,english-language-arts,171,10,"Publication, Advocacy, and Portfolio Capstone",9,Concept model C: deep revision,Concept model C,deep revision,7.RL.10;7.RI.10;7.W.4;7.W.5;7.W.6;7.SL.4;7.SL.5
ma-g7-english-language-arts-u10-l10,ma-g7-english-language-arts,7,english-language-arts,172,10,"Publication, Advocacy, and Portfolio Capstone",10,Discussion or problem seminar: ethical media use,Discussion or problem seminar,ethical media use,7.RL.10;7.RI.10;7.W.4;7.W.5;7.W.6;7.SL.4;7.SL.5
ma-g7-english-language-arts-u10-l11,ma-g7-english-language-arts,7,english-language-arts,173,10,"Publication, Advocacy, and Portfolio Capstone",11,Performance task planning: presentation design,Performance task planning,presentation design,7.RL.10;7.RI.10;7.W.4;7.W.5;7.W.6;7.SL.4;7.SL.5
ma-g7-english-language-arts-u10-l12,ma-g7-english-language-arts,7,english-language-arts,174,10,"Publication, Advocacy, and Portfolio Capstone",12,Performance task build: reflection and goal setting,Performance task build,reflection and goal setting,7.RL.10;7.RI.10;7.W.4;7.W.5;7.W.6;7.SL.4;7.SL.5
ma-g7-english-language-arts-u10-l13,ma-g7-english-language-arts,7,english-language-arts,175,10,"Publication, Advocacy, and Portfolio Capstone",13,Skill consolidation: audience and purpose,Skill consolidation,audience and purpose,7.RL.10;7.RI.10;7.W.4;7.W.5;7.W.6;7.SL.4;7.SL.5
ma-g7-english-language-arts-u10-l14,ma-g7-english-language-arts,7,english-language-arts,176,10,"Publication, Advocacy, and Portfolio Capstone",14,Transfer challenge: selecting evidence,Transfer challenge,selecting evidence,7.RL.10;7.RI.10;7.W.4;7.W.5;7.W.6;7.SL.4;7.SL.5
ma-g7-english-language-arts-u10-l15,ma-g7-english-language-arts,7,english-language-arts,177,10,"Publication, Advocacy, and Portfolio Capstone",15,Assessment preparation: deep revision,Assessment preparation,deep revision,7.RL.10;7.RI.10;7.W.4;7.W.5;7.W.6;7.SL.4;7.SL.5
ma-g7-english-language-arts-u10-l16,ma-g7-english-language-arts,7,english-language-arts,178,10,"Publication, Advocacy, and Portfolio Capstone",16,Unit assessment: ethical media use,Unit assessment,ethical media use,7.RL.10;7.RI.10;7.W.4;7.W.5;7.W.6;7.SL.4;7.SL.5
ma-g7-english-language-arts-u10-l17,ma-g7-english-language-arts,7,english-language-arts,179,10,"Publication, Advocacy, and Portfolio Capstone",17,Targeted correction: presentation design,Targeted correction,presentation design,7.RL.10;7.RI.10;7.W.4;7.W.5;7.W.6;7.SL.4;7.SL.5
ma-g7-english-language-arts-u10-l18,ma-g7-english-language-arts,7,english-language-arts,180,10,"Publication, Advocacy, and Portfolio Capstone",18,"Publication, presentation, or reflection: reflection and goal setting","Publication, presentation, or reflection",reflection and goal setting,7.RL.10;7.RI.10;7.W.4;7.W.5;7.W.6;7.SL.4;7.SL.5
ma-g7-science-u01-l01,ma-g7-science,7,science,1,1,"Matter, Particles, and Properties",1,Launch and diagnostic: atomic and molecular models,Launch and diagnostic,atomic and molecular models,MS-PS1-1;MS-PS1-3
ma-g7-science-u01-l02,ma-g7-science,7,science,2,1,"Matter, Particles, and Properties",2,Concept model A: pure substances and mixtures,Concept model A,pure substances and mixtures,MS-PS1-1;MS-PS1-3
ma-g7-science-u01-l03,ma-g7-science,7,science,3,1,"Matter, Particles, and Properties",3,Guided practice A: physical and chemical properties,Guided practice A,physical and chemical properties,MS-PS1-1;MS-PS1-3
ma-g7-science-u01-l04,ma-g7-science,7,science,4,1,"Matter, Particles, and Properties",4,Independent application A: synthetic materials,Independent application A,synthetic materials,MS-PS1-1;MS-PS1-3
ma-g7-science-u01-l05,ma-g7-science,7,science,5,1,"Matter, Particles, and Properties",5,Concept model B: model limitations,Concept model B,model limitations,MS-PS1-1;MS-PS1-3
ma-g7-science-u01-l06,ma-g7-science,7,science,6,1,"Matter, Particles, and Properties",6,Guided practice B: evidence from properties,Guided practice B,evidence from properties,MS-PS1-1;MS-PS1-3
ma-g7-science-u01-l07,ma-g7-science,7,science,7,1,"Matter, Particles, and Properties",7,Investigation or close reading: atomic and molecular models,Investigation or close reading,atomic and molecular models,MS-PS1-1;MS-PS1-3
ma-g7-science-u01-l08,ma-g7-science,7,science,8,1,"Matter, Particles, and Properties",8,Reteach and varied practice: pure substances and mixtures,Reteach and varied practice,pure substances and mixtures,MS-PS1-1;MS-PS1-3
ma-g7-science-u01-l09,ma-g7-science,7,science,9,1,"Matter, Particles, and Properties",9,Performance task build: physical and chemical properties,Performance task build,physical and chemical properties,MS-PS1-1;MS-PS1-3
ma-g7-science-u01-l10,ma-g7-science,7,science,10,1,"Matter, Particles, and Properties",10,Synthesis and review: synthetic materials,Synthesis and review,synthetic materials,MS-PS1-1;MS-PS1-3
ma-g7-science-u01-l11,ma-g7-science,7,science,11,1,"Matter, Particles, and Properties",11,Unit assessment: model limitations,Unit assessment,model limitations,MS-PS1-1;MS-PS1-3
ma-g7-science-u01-l12,ma-g7-science,7,science,12,1,"Matter, Particles, and Properties",12,Correction and reflection: evidence from properties,Correction and reflection,evidence from properties,MS-PS1-1;MS-PS1-3
ma-g7-science-u02-l01,ma-g7-science,7,science,13,2,Chemical Reactions and Conservation,1,Launch and diagnostic: signs of reaction,Launch and diagnostic,signs of reaction,MS-PS1-2;MS-PS1-5;MS-PS1-6
ma-g7-science-u02-l02,ma-g7-science,7,science,14,2,Chemical Reactions and Conservation,2,Concept model A: reactants and products,Concept model A,reactants and products,MS-PS1-2;MS-PS1-5;MS-PS1-6
ma-g7-science-u02-l03,ma-g7-science,7,science,15,2,Chemical Reactions and Conservation,3,Guided practice A: conservation of atoms,Guided practice A,conservation of atoms,MS-PS1-2;MS-PS1-5;MS-PS1-6
ma-g7-science-u02-l04,ma-g7-science,7,science,16,2,Chemical Reactions and Conservation,4,Independent application A: thermal changes,Independent application A,thermal changes,MS-PS1-2;MS-PS1-5;MS-PS1-6
ma-g7-science-u02-l05,ma-g7-science,7,science,17,2,Chemical Reactions and Conservation,5,Concept model B: reaction evidence,Concept model B,reaction evidence,MS-PS1-2;MS-PS1-5;MS-PS1-6
ma-g7-science-u02-l06,ma-g7-science,7,science,18,2,Chemical Reactions and Conservation,6,Guided practice B: designing a heat-transfer device,Guided practice B,designing a heat-transfer device,MS-PS1-2;MS-PS1-5;MS-PS1-6
ma-g7-science-u02-l07,ma-g7-science,7,science,19,2,Chemical Reactions and Conservation,7,Investigation or close reading: signs of reaction,Investigation or close reading,signs of reaction,MS-PS1-2;MS-PS1-5;MS-PS1-6
ma-g7-science-u02-l08,ma-g7-science,7,science,20,2,Chemical Reactions and Conservation,8,Reteach and varied practice: reactants and products,Reteach and varied practice,reactants and products,MS-PS1-2;MS-PS1-5;MS-PS1-6
ma-g7-science-u02-l09,ma-g7-science,7,science,21,2,Chemical Reactions and Conservation,9,Performance task build: conservation of atoms,Performance task build,conservation of atoms,MS-PS1-2;MS-PS1-5;MS-PS1-6
ma-g7-science-u02-l10,ma-g7-science,7,science,22,2,Chemical Reactions and Conservation,10,Synthesis and review: thermal changes,Synthesis and review,thermal changes,MS-PS1-2;MS-PS1-5;MS-PS1-6
ma-g7-science-u02-l11,ma-g7-science,7,science,23,2,Chemical Reactions and Conservation,11,Unit assessment: reaction evidence,Unit assessment,reaction evidence,MS-PS1-2;MS-PS1-5;MS-PS1-6
ma-g7-science-u02-l12,ma-g7-science,7,science,24,2,Chemical Reactions and Conservation,12,Correction and reflection: designing a heat-transfer device,Correction and reflection,designing a heat-transfer device,MS-PS1-2;MS-PS1-5;MS-PS1-6
ma-g7-science-u03-l01,ma-g7-science,7,science,25,3,Thermal Energy and Energy Transfer,1,Launch and diagnostic: temperature and particle motion,Launch and diagnostic,temperature and particle motion,MS-PS3-3;MS-PS3-4;MS-PS3-5
ma-g7-science-u03-l02,ma-g7-science,7,science,26,3,Thermal Energy and Energy Transfer,2,Concept model A: conduction convection and radiation,Concept model A,conduction convection and radiation,MS-PS3-3;MS-PS3-4;MS-PS3-5
ma-g7-science-u03-l03,ma-g7-science,7,science,27,3,Thermal Energy and Energy Transfer,3,Guided practice A: energy transfer,Guided practice A,energy transfer,MS-PS3-3;MS-PS3-4;MS-PS3-5
ma-g7-science-u03-l04,ma-g7-science,7,science,28,3,Thermal Energy and Energy Transfer,4,Independent application A: mass material and temperature change,Independent application A,mass material and temperature change,MS-PS3-3;MS-PS3-4;MS-PS3-5
ma-g7-science-u03-l05,ma-g7-science,7,science,29,3,Thermal Energy and Energy Transfer,5,Concept model B: potential and kinetic energy,Concept model B,potential and kinetic energy,MS-PS3-3;MS-PS3-4;MS-PS3-5
ma-g7-science-u03-l06,ma-g7-science,7,science,30,3,Thermal Energy and Energy Transfer,6,Guided practice B: device efficiency,Guided practice B,device efficiency,MS-PS3-3;MS-PS3-4;MS-PS3-5
ma-g7-science-u03-l07,ma-g7-science,7,science,31,3,Thermal Energy and Energy Transfer,7,Investigation or close reading: temperature and particle motion,Investigation or close reading,temperature and particle motion,MS-PS3-3;MS-PS3-4;MS-PS3-5
ma-g7-science-u03-l08,ma-g7-science,7,science,32,3,Thermal Energy and Energy Transfer,8,Reteach and varied practice: conduction convection and radiation,Reteach and varied practice,conduction convection and radiation,MS-PS3-3;MS-PS3-4;MS-PS3-5
ma-g7-science-u03-l09,ma-g7-science,7,science,33,3,Thermal Energy and Energy Transfer,9,Performance task build: energy transfer,Performance task build,energy transfer,MS-PS3-3;MS-PS3-4;MS-PS3-5
ma-g7-science-u03-l10,ma-g7-science,7,science,34,3,Thermal Energy and Energy Transfer,10,Synthesis and review: mass material and temperature change,Synthesis and review,mass material and temperature change,MS-PS3-3;MS-PS3-4;MS-PS3-5
ma-g7-science-u03-l11,ma-g7-science,7,science,35,3,Thermal Energy and Energy Transfer,11,Unit assessment: potential and kinetic energy,Unit assessment,potential and kinetic energy,MS-PS3-3;MS-PS3-4;MS-PS3-5
ma-g7-science-u03-l12,ma-g7-science,7,science,36,3,Thermal Energy and Energy Transfer,12,Correction and reflection: device efficiency,Correction and reflection,device efficiency,MS-PS3-3;MS-PS3-4;MS-PS3-5
ma-g7-science-u04-l01,ma-g7-science,7,science,37,4,Cells and Organism Organization,1,Launch and diagnostic: cell theory,Launch and diagnostic,cell theory,MS-LS1-1;MS-LS1-2;MS-LS1-3
ma-g7-science-u04-l02,ma-g7-science,7,science,38,4,Cells and Organism Organization,2,Concept model A: cell structures and functions,Concept model A,cell structures and functions,MS-LS1-1;MS-LS1-2;MS-LS1-3
ma-g7-science-u04-l03,ma-g7-science,7,science,39,4,Cells and Organism Organization,3,Guided practice A: unicellular and multicellular organisms,Guided practice A,unicellular and multicellular organisms,MS-LS1-1;MS-LS1-2;MS-LS1-3
ma-g7-science-u04-l04,ma-g7-science,7,science,40,4,Cells and Organism Organization,4,Independent application A: tissues organs and systems,Independent application A,tissues organs and systems,MS-LS1-1;MS-LS1-2;MS-LS1-3
ma-g7-science-u04-l05,ma-g7-science,7,science,41,4,Cells and Organism Organization,5,Concept model B: microscope image interpretation,Concept model B,microscope image interpretation,MS-LS1-1;MS-LS1-2;MS-LS1-3
ma-g7-science-u04-l06,ma-g7-science,7,science,42,4,Cells and Organism Organization,6,Guided practice B: structure and function,Guided practice B,structure and function,MS-LS1-1;MS-LS1-2;MS-LS1-3
ma-g7-science-u04-l07,ma-g7-science,7,science,43,4,Cells and Organism Organization,7,Investigation or close reading: cell theory,Investigation or close reading,cell theory,MS-LS1-1;MS-LS1-2;MS-LS1-3
ma-g7-science-u04-l08,ma-g7-science,7,science,44,4,Cells and Organism Organization,8,Reteach and varied practice: cell structures and functions,Reteach and varied practice,cell structures and functions,MS-LS1-1;MS-LS1-2;MS-LS1-3
ma-g7-science-u04-l09,ma-g7-science,7,science,45,4,Cells and Organism Organization,9,Performance task build: unicellular and multicellular organisms,Performance task build,unicellular and multicellular organisms,MS-LS1-1;MS-LS1-2;MS-LS1-3
ma-g7-science-u04-l10,ma-g7-science,7,science,46,4,Cells and Organism Organization,10,Synthesis and review: tissues organs and systems,Synthesis and review,tissues organs and systems,MS-LS1-1;MS-LS1-2;MS-LS1-3
ma-g7-science-u04-l11,ma-g7-science,7,science,47,4,Cells and Organism Organization,11,Unit assessment: microscope image interpretation,Unit assessment,microscope image interpretation,MS-LS1-1;MS-LS1-2;MS-LS1-3
ma-g7-science-u04-l12,ma-g7-science,7,science,48,4,Cells and Organism Organization,12,Correction and reflection: structure and function,Correction and reflection,structure and function,MS-LS1-1;MS-LS1-2;MS-LS1-3
ma-g7-science-u05-l01,ma-g7-science,7,science,49,5,"Body Systems, Senses, and Responses",1,Launch and diagnostic: system interactions,Launch and diagnostic,system interactions,MS-LS1-3;MS-LS1-8
ma-g7-science-u05-l02,ma-g7-science,7,science,50,5,"Body Systems, Senses, and Responses",2,Concept model A: nervous system signaling,Concept model A,nervous system signaling,MS-LS1-3;MS-LS1-8
ma-g7-science-u05-l03,ma-g7-science,7,science,51,5,"Body Systems, Senses, and Responses",3,Guided practice A: sensory receptors,Guided practice A,sensory receptors,MS-LS1-3;MS-LS1-8
ma-g7-science-u05-l04,ma-g7-science,7,science,52,5,"Body Systems, Senses, and Responses",4,Independent application A: stimulus and response,Independent application A,stimulus and response,MS-LS1-3;MS-LS1-8
ma-g7-science-u05-l05,ma-g7-science,7,science,53,5,"Body Systems, Senses, and Responses",5,Concept model B: homeostasis concept,Concept model B,homeostasis concept,MS-LS1-3;MS-LS1-8
ma-g7-science-u05-l06,ma-g7-science,7,science,54,5,"Body Systems, Senses, and Responses",6,Guided practice B: modeling body-system coordination,Guided practice B,modeling body-system coordination,MS-LS1-3;MS-LS1-8
ma-g7-science-u05-l07,ma-g7-science,7,science,55,5,"Body Systems, Senses, and Responses",7,Investigation or close reading: system interactions,Investigation or close reading,system interactions,MS-LS1-3;MS-LS1-8
ma-g7-science-u05-l08,ma-g7-science,7,science,56,5,"Body Systems, Senses, and Responses",8,Reteach and varied practice: nervous system signaling,Reteach and varied practice,nervous system signaling,MS-LS1-3;MS-LS1-8
ma-g7-science-u05-l09,ma-g7-science,7,science,57,5,"Body Systems, Senses, and Responses",9,Performance task build: sensory receptors,Performance task build,sensory receptors,MS-LS1-3;MS-LS1-8
ma-g7-science-u05-l10,ma-g7-science,7,science,58,5,"Body Systems, Senses, and Responses",10,Synthesis and review: stimulus and response,Synthesis and review,stimulus and response,MS-LS1-3;MS-LS1-8
ma-g7-science-u05-l11,ma-g7-science,7,science,59,5,"Body Systems, Senses, and Responses",11,Unit assessment: homeostasis concept,Unit assessment,homeostasis concept,MS-LS1-3;MS-LS1-8
ma-g7-science-u05-l12,ma-g7-science,7,science,60,5,"Body Systems, Senses, and Responses",12,Correction and reflection: modeling body-system coordination,Correction and reflection,modeling body-system coordination,MS-LS1-3;MS-LS1-8
ma-g7-science-u06-l01,ma-g7-science,7,science,61,6,Ecosystem Interactions and Dynamics,1,Launch and diagnostic: resource availability,Launch and diagnostic,resource availability,MS-LS2-1;MS-LS2-2;MS-LS2-3;MS-LS2-4
ma-g7-science-u06-l02,ma-g7-science,7,science,62,6,Ecosystem Interactions and Dynamics,2,Concept model A: competition and predation,Concept model A,competition and predation,MS-LS2-1;MS-LS2-2;MS-LS2-3;MS-LS2-4
ma-g7-science-u06-l03,ma-g7-science,7,science,63,6,Ecosystem Interactions and Dynamics,3,Guided practice A: mutualism,Guided practice A,mutualism,MS-LS2-1;MS-LS2-2;MS-LS2-3;MS-LS2-4
ma-g7-science-u06-l04,ma-g7-science,7,science,64,6,Ecosystem Interactions and Dynamics,4,Independent application A: food webs,Independent application A,food webs,MS-LS2-1;MS-LS2-2;MS-LS2-3;MS-LS2-4
ma-g7-science-u06-l05,ma-g7-science,7,science,65,6,Ecosystem Interactions and Dynamics,5,Concept model B: matter and energy flow,Concept model B,matter and energy flow,MS-LS2-1;MS-LS2-2;MS-LS2-3;MS-LS2-4
ma-g7-science-u06-l06,ma-g7-science,7,science,66,6,Ecosystem Interactions and Dynamics,6,Guided practice B: ecosystem change,Guided practice B,ecosystem change,MS-LS2-1;MS-LS2-2;MS-LS2-3;MS-LS2-4
ma-g7-science-u06-l07,ma-g7-science,7,science,67,6,Ecosystem Interactions and Dynamics,7,Investigation or close reading: resource availability,Investigation or close reading,resource availability,MS-LS2-1;MS-LS2-2;MS-LS2-3;MS-LS2-4
ma-g7-science-u06-l08,ma-g7-science,7,science,68,6,Ecosystem Interactions and Dynamics,8,Reteach and varied practice: competition and predation,Reteach and varied practice,competition and predation,MS-LS2-1;MS-LS2-2;MS-LS2-3;MS-LS2-4
ma-g7-science-u06-l09,ma-g7-science,7,science,69,6,Ecosystem Interactions and Dynamics,9,Performance task build: mutualism,Performance task build,mutualism,MS-LS2-1;MS-LS2-2;MS-LS2-3;MS-LS2-4
ma-g7-science-u06-l10,ma-g7-science,7,science,70,6,Ecosystem Interactions and Dynamics,10,Synthesis and review: food webs,Synthesis and review,food webs,MS-LS2-1;MS-LS2-2;MS-LS2-3;MS-LS2-4
ma-g7-science-u06-l11,ma-g7-science,7,science,71,6,Ecosystem Interactions and Dynamics,11,Unit assessment: matter and energy flow,Unit assessment,matter and energy flow,MS-LS2-1;MS-LS2-2;MS-LS2-3;MS-LS2-4
ma-g7-science-u06-l12,ma-g7-science,7,science,72,6,Ecosystem Interactions and Dynamics,12,Correction and reflection: ecosystem change,Correction and reflection,ecosystem change,MS-LS2-1;MS-LS2-2;MS-LS2-3;MS-LS2-4
ma-g7-science-u07-l01,ma-g7-science,7,science,73,7,"Weather, Climate, and Earth Systems",1,Launch and diagnostic: water cycle driven by energy and gravity,Launch and diagnostic,water cycle driven by energy and gravity,MS-ESS2-4;MS-ESS2-5;MS-ESS2-6
ma-g7-science-u07-l02,ma-g7-science,7,science,74,7,"Weather, Climate, and Earth Systems",2,Concept model A: air masses and weather,Concept model A,air masses and weather,MS-ESS2-4;MS-ESS2-5;MS-ESS2-6
ma-g7-science-u07-l03,ma-g7-science,7,science,75,7,"Weather, Climate, and Earth Systems",3,Guided practice A: ocean and atmospheric circulation,Guided practice A,ocean and atmospheric circulation,MS-ESS2-4;MS-ESS2-5;MS-ESS2-6
ma-g7-science-u07-l04,ma-g7-science,7,science,76,7,"Weather, Climate, and Earth Systems",4,Independent application A: regional climates,Independent application A,regional climates,MS-ESS2-4;MS-ESS2-5;MS-ESS2-6
ma-g7-science-u07-l05,ma-g7-science,7,science,77,7,"Weather, Climate, and Earth Systems",5,Concept model B: weather maps,Concept model B,weather maps,MS-ESS2-4;MS-ESS2-5;MS-ESS2-6
ma-g7-science-u07-l06,ma-g7-science,7,science,78,7,"Weather, Climate, and Earth Systems",6,Guided practice B: model uncertainty,Guided practice B,model uncertainty,MS-ESS2-4;MS-ESS2-5;MS-ESS2-6
ma-g7-science-u07-l07,ma-g7-science,7,science,79,7,"Weather, Climate, and Earth Systems",7,Investigation or close reading: water cycle driven by energy and gravity,Investigation or close reading,water cycle driven by energy and gravity,MS-ESS2-4;MS-ESS2-5;MS-ESS2-6
ma-g7-science-u07-l08,ma-g7-science,7,science,80,7,"Weather, Climate, and Earth Systems",8,Reteach and varied practice: air masses and weather,Reteach and varied practice,air masses and weather,MS-ESS2-4;MS-ESS2-5;MS-ESS2-6
ma-g7-science-u07-l09,ma-g7-science,7,science,81,7,"Weather, Climate, and Earth Systems",9,Performance task build: ocean and atmospheric circulation,Performance task build,ocean and atmospheric circulation,MS-ESS2-4;MS-ESS2-5;MS-ESS2-6
ma-g7-science-u07-l10,ma-g7-science,7,science,82,7,"Weather, Climate, and Earth Systems",10,Synthesis and review: regional climates,Synthesis and review,regional climates,MS-ESS2-4;MS-ESS2-5;MS-ESS2-6
ma-g7-science-u07-l11,ma-g7-science,7,science,83,7,"Weather, Climate, and Earth Systems",11,Unit assessment: weather maps,Unit assessment,weather maps,MS-ESS2-4;MS-ESS2-5;MS-ESS2-6
ma-g7-science-u07-l12,ma-g7-science,7,science,84,7,"Weather, Climate, and Earth Systems",12,Correction and reflection: model uncertainty,Correction and reflection,model uncertainty,MS-ESS2-4;MS-ESS2-5;MS-ESS2-6
ma-g7-science-u08-l01,ma-g7-science,7,science,85,8,Natural Hazards and Human Impacts,1,Launch and diagnostic: hazard mapping,Launch and diagnostic,hazard mapping,MS-ESS3-2;MS-ESS3-3;MS-ESS3-4;MS-ESS3-5
ma-g7-science-u08-l02,ma-g7-science,7,science,86,8,Natural Hazards and Human Impacts,2,Concept model A: risk and vulnerability,Concept model A,risk and vulnerability,MS-ESS3-2;MS-ESS3-3;MS-ESS3-4;MS-ESS3-5
ma-g7-science-u08-l03,ma-g7-science,7,science,87,8,Natural Hazards and Human Impacts,3,Guided practice A: resource use,Guided practice A,resource use,MS-ESS3-2;MS-ESS3-3;MS-ESS3-4;MS-ESS3-5
ma-g7-science-u08-l04,ma-g7-science,7,science,88,8,Natural Hazards and Human Impacts,4,Independent application A: population and consumption,Independent application A,population and consumption,MS-ESS3-2;MS-ESS3-3;MS-ESS3-4;MS-ESS3-5
ma-g7-science-u08-l05,ma-g7-science,7,science,89,8,Natural Hazards and Human Impacts,5,Concept model B: climate evidence,Concept model B,climate evidence,MS-ESS3-2;MS-ESS3-3;MS-ESS3-4;MS-ESS3-5
ma-g7-science-u08-l06,ma-g7-science,7,science,90,8,Natural Hazards and Human Impacts,6,Guided practice B: mitigation and adaptation,Guided practice B,mitigation and adaptation,MS-ESS3-2;MS-ESS3-3;MS-ESS3-4;MS-ESS3-5
ma-g7-science-u08-l07,ma-g7-science,7,science,91,8,Natural Hazards and Human Impacts,7,Investigation or close reading: hazard mapping,Investigation or close reading,hazard mapping,MS-ESS3-2;MS-ESS3-3;MS-ESS3-4;MS-ESS3-5
ma-g7-science-u08-l08,ma-g7-science,7,science,92,8,Natural Hazards and Human Impacts,8,Reteach and varied practice: risk and vulnerability,Reteach and varied practice,risk and vulnerability,MS-ESS3-2;MS-ESS3-3;MS-ESS3-4;MS-ESS3-5
ma-g7-science-u08-l09,ma-g7-science,7,science,93,8,Natural Hazards and Human Impacts,9,Performance task build: resource use,Performance task build,resource use,MS-ESS3-2;MS-ESS3-3;MS-ESS3-4;MS-ESS3-5
ma-g7-science-u08-l10,ma-g7-science,7,science,94,8,Natural Hazards and Human Impacts,10,Synthesis and review: population and consumption,Synthesis and review,population and consumption,MS-ESS3-2;MS-ESS3-3;MS-ESS3-4;MS-ESS3-5
ma-g7-science-u08-l11,ma-g7-science,7,science,95,8,Natural Hazards and Human Impacts,11,Unit assessment: climate evidence,Unit assessment,climate evidence,MS-ESS3-2;MS-ESS3-3;MS-ESS3-4;MS-ESS3-5
ma-g7-science-u08-l12,ma-g7-science,7,science,96,8,Natural Hazards and Human Impacts,12,Correction and reflection: mitigation and adaptation,Correction and reflection,mitigation and adaptation,MS-ESS3-2;MS-ESS3-3;MS-ESS3-4;MS-ESS3-5
ma-g7-science-u09-l01,ma-g7-science,7,science,97,9,Engineering Design Capstone,1,Launch and diagnostic: defining criteria and constraints,Launch and diagnostic,defining criteria and constraints,MS-ETS1-1;MS-ETS1-2;MS-ETS1-3;MS-ETS1-4
ma-g7-science-u09-l02,ma-g7-science,7,science,98,9,Engineering Design Capstone,2,Concept model A: evaluating competing solutions,Concept model A,evaluating competing solutions,MS-ETS1-1;MS-ETS1-2;MS-ETS1-3;MS-ETS1-4
ma-g7-science-u09-l03,ma-g7-science,7,science,99,9,Engineering Design Capstone,3,Guided practice A: test data,Guided practice A,test data,MS-ETS1-1;MS-ETS1-2;MS-ETS1-3;MS-ETS1-4
ma-g7-science-u09-l04,ma-g7-science,7,science,100,9,Engineering Design Capstone,4,Independent application A: iterative modeling,Independent application A,iterative modeling,MS-ETS1-1;MS-ETS1-2;MS-ETS1-3;MS-ETS1-4
ma-g7-science-u09-l05,ma-g7-science,7,science,101,9,Engineering Design Capstone,5,Concept model B: optimization,Concept model B,optimization,MS-ETS1-1;MS-ETS1-2;MS-ETS1-3;MS-ETS1-4
ma-g7-science-u09-l06,ma-g7-science,7,science,102,9,Engineering Design Capstone,6,Guided practice B: communicating tradeoffs,Guided practice B,communicating tradeoffs,MS-ETS1-1;MS-ETS1-2;MS-ETS1-3;MS-ETS1-4
ma-g7-science-u09-l07,ma-g7-science,7,science,103,9,Engineering Design Capstone,7,Investigation or close reading: defining criteria and constraints,Investigation or close reading,defining criteria and constraints,MS-ETS1-1;MS-ETS1-2;MS-ETS1-3;MS-ETS1-4
ma-g7-science-u09-l08,ma-g7-science,7,science,104,9,Engineering Design Capstone,8,Reteach and varied practice: evaluating competing solutions,Reteach and varied practice,evaluating competing solutions,MS-ETS1-1;MS-ETS1-2;MS-ETS1-3;MS-ETS1-4
ma-g7-science-u09-l09,ma-g7-science,7,science,105,9,Engineering Design Capstone,9,Performance task build: test data,Performance task build,test data,MS-ETS1-1;MS-ETS1-2;MS-ETS1-3;MS-ETS1-4
ma-g7-science-u09-l10,ma-g7-science,7,science,106,9,Engineering Design Capstone,10,Synthesis and review: iterative modeling,Synthesis and review,iterative modeling,MS-ETS1-1;MS-ETS1-2;MS-ETS1-3;MS-ETS1-4
ma-g7-science-u09-l11,ma-g7-science,7,science,107,9,Engineering Design Capstone,11,Unit assessment: optimization,Unit assessment,optimization,MS-ETS1-1;MS-ETS1-2;MS-ETS1-3;MS-ETS1-4
ma-g7-science-u09-l12,ma-g7-science,7,science,108,9,Engineering Design Capstone,12,Correction and reflection: communicating tradeoffs,Correction and reflection,communicating tradeoffs,MS-ETS1-1;MS-ETS1-2;MS-ETS1-3;MS-ETS1-4
ma-g7-social-studies-u01-l01,ma-g7-social-studies,7,social-studies,1,1,World History and Geography Inquiry,1,Launch and diagnostic: chronology and periodization,Launch and diagnostic,chronology and periodization,Michigan Grade 7 H1;G1;P1
ma-g7-social-studies-u01-l02,ma-g7-social-studies,7,social-studies,2,1,World History and Geography Inquiry,2,Concept model A: historical evidence,Concept model A,historical evidence,Michigan Grade 7 H1;G1;P1
ma-g7-social-studies-u01-l03,ma-g7-social-studies,7,social-studies,3,1,World History and Geography Inquiry,3,Guided practice A: maps and human-environment interaction,Guided practice A,maps and human-environment interaction,Michigan Grade 7 H1;G1;P1
ma-g7-social-studies-u01-l04,ma-g7-social-studies,7,social-studies,4,1,World History and Geography Inquiry,4,Independent application A: perspective and context,Independent application A,perspective and context,Michigan Grade 7 H1;G1;P1
ma-g7-social-studies-u01-l05,ma-g7-social-studies,7,social-studies,5,1,World History and Geography Inquiry,5,Concept model B: claim and counterclaim,Concept model B,claim and counterclaim,Michigan Grade 7 H1;G1;P1
ma-g7-social-studies-u01-l06,ma-g7-social-studies,7,social-studies,6,1,World History and Geography Inquiry,6,Guided practice B: ethical inquiry,Guided practice B,ethical inquiry,Michigan Grade 7 H1;G1;P1
ma-g7-social-studies-u01-l07,ma-g7-social-studies,7,social-studies,7,1,World History and Geography Inquiry,7,Investigation or close reading: chronology and periodization,Investigation or close reading,chronology and periodization,Michigan Grade 7 H1;G1;P1
ma-g7-social-studies-u01-l08,ma-g7-social-studies,7,social-studies,8,1,World History and Geography Inquiry,8,Reteach and varied practice: historical evidence,Reteach and varied practice,historical evidence,Michigan Grade 7 H1;G1;P1
ma-g7-social-studies-u01-l09,ma-g7-social-studies,7,social-studies,9,1,World History and Geography Inquiry,9,Performance task build: maps and human-environment interaction,Performance task build,maps and human-environment interaction,Michigan Grade 7 H1;G1;P1
ma-g7-social-studies-u01-l10,ma-g7-social-studies,7,social-studies,10,1,World History and Geography Inquiry,10,Synthesis and review: perspective and context,Synthesis and review,perspective and context,Michigan Grade 7 H1;G1;P1
ma-g7-social-studies-u01-l11,ma-g7-social-studies,7,social-studies,11,1,World History and Geography Inquiry,11,Unit assessment: claim and counterclaim,Unit assessment,claim and counterclaim,Michigan Grade 7 H1;G1;P1
ma-g7-social-studies-u01-l12,ma-g7-social-studies,7,social-studies,12,1,World History and Geography Inquiry,12,Correction and reflection: ethical inquiry,Correction and reflection,ethical inquiry,Michigan Grade 7 H1;G1;P1
ma-g7-social-studies-u02-l01,ma-g7-social-studies,7,social-studies,13,2,Era 1: Beginnings of Human Society,1,Launch and diagnostic: human origins evidence,Launch and diagnostic,human origins evidence,Michigan Grade 7 W1
ma-g7-social-studies-u02-l02,ma-g7-social-studies,7,social-studies,14,2,Era 1: Beginnings of Human Society,2,Concept model A: Paleolithic life,Concept model A,Paleolithic life,Michigan Grade 7 W1
ma-g7-social-studies-u02-l03,ma-g7-social-studies,7,social-studies,15,2,Era 1: Beginnings of Human Society,3,Guided practice A: migration,Guided practice A,migration,Michigan Grade 7 W1
ma-g7-social-studies-u02-l04,ma-g7-social-studies,7,social-studies,16,2,Era 1: Beginnings of Human Society,4,Independent application A: adaptation,Independent application A,adaptation,Michigan Grade 7 W1
ma-g7-social-studies-u02-l05,ma-g7-social-studies,7,social-studies,17,2,Era 1: Beginnings of Human Society,5,Concept model B: technology and culture,Concept model B,technology and culture,Michigan Grade 7 W1
ma-g7-social-studies-u02-l06,ma-g7-social-studies,7,social-studies,18,2,Era 1: Beginnings of Human Society,6,Guided practice B: limits of archaeological evidence,Guided practice B,limits of archaeological evidence,Michigan Grade 7 W1
ma-g7-social-studies-u02-l07,ma-g7-social-studies,7,social-studies,19,2,Era 1: Beginnings of Human Society,7,Investigation or close reading: human origins evidence,Investigation or close reading,human origins evidence,Michigan Grade 7 W1
ma-g7-social-studies-u02-l08,ma-g7-social-studies,7,social-studies,20,2,Era 1: Beginnings of Human Society,8,Reteach and varied practice: Paleolithic life,Reteach and varied practice,Paleolithic life,Michigan Grade 7 W1
ma-g7-social-studies-u02-l09,ma-g7-social-studies,7,social-studies,21,2,Era 1: Beginnings of Human Society,9,Performance task build: migration,Performance task build,migration,Michigan Grade 7 W1
ma-g7-social-studies-u02-l10,ma-g7-social-studies,7,social-studies,22,2,Era 1: Beginnings of Human Society,10,Synthesis and review: adaptation,Synthesis and review,adaptation,Michigan Grade 7 W1
ma-g7-social-studies-u02-l11,ma-g7-social-studies,7,social-studies,23,2,Era 1: Beginnings of Human Society,11,Unit assessment: technology and culture,Unit assessment,technology and culture,Michigan Grade 7 W1
ma-g7-social-studies-u02-l12,ma-g7-social-studies,7,social-studies,24,2,Era 1: Beginnings of Human Society,12,Correction and reflection: limits of archaeological evidence,Correction and reflection,limits of archaeological evidence,Michigan Grade 7 W1
ma-g7-social-studies-u03-l01,ma-g7-social-studies,7,social-studies,25,3,Era 2: Early Civilizations and Pastoral Peoples,1,Launch and diagnostic: agricultural revolution,Launch and diagnostic,agricultural revolution,Michigan Grade 7 W2;G4
ma-g7-social-studies-u03-l02,ma-g7-social-studies,7,social-studies,26,3,Era 2: Early Civilizations and Pastoral Peoples,2,Concept model A: river-valley civilizations,Concept model A,river-valley civilizations,Michigan Grade 7 W2;G4
ma-g7-social-studies-u03-l03,ma-g7-social-studies,7,social-studies,27,3,Era 2: Early Civilizations and Pastoral Peoples,3,Guided practice A: pastoral societies,Guided practice A,pastoral societies,Michigan Grade 7 W2;G4
ma-g7-social-studies-u03-l04,ma-g7-social-studies,7,social-studies,28,3,Era 2: Early Civilizations and Pastoral Peoples,4,Independent application A: social hierarchy,Independent application A,social hierarchy,Michigan Grade 7 W2;G4
ma-g7-social-studies-u03-l05,ma-g7-social-studies,7,social-studies,29,3,Era 2: Early Civilizations and Pastoral Peoples,5,Concept model B: writing law and religion,Concept model B,writing law and religion,Michigan Grade 7 W2;G4
ma-g7-social-studies-u03-l06,ma-g7-social-studies,7,social-studies,30,3,Era 2: Early Civilizations and Pastoral Peoples,6,Guided practice B: trade and environmental change,Guided practice B,trade and environmental change,Michigan Grade 7 W2;G4
ma-g7-social-studies-u03-l07,ma-g7-social-studies,7,social-studies,31,3,Era 2: Early Civilizations and Pastoral Peoples,7,Investigation or close reading: agricultural revolution,Investigation or close reading,agricultural revolution,Michigan Grade 7 W2;G4
ma-g7-social-studies-u03-l08,ma-g7-social-studies,7,social-studies,32,3,Era 2: Early Civilizations and Pastoral Peoples,8,Reteach and varied practice: river-valley civilizations,Reteach and varied practice,river-valley civilizations,Michigan Grade 7 W2;G4
ma-g7-social-studies-u03-l09,ma-g7-social-studies,7,social-studies,33,3,Era 2: Early Civilizations and Pastoral Peoples,9,Performance task build: pastoral societies,Performance task build,pastoral societies,Michigan Grade 7 W2;G4
ma-g7-social-studies-u03-l10,ma-g7-social-studies,7,social-studies,34,3,Era 2: Early Civilizations and Pastoral Peoples,10,Synthesis and review: social hierarchy,Synthesis and review,social hierarchy,Michigan Grade 7 W2;G4
ma-g7-social-studies-u03-l11,ma-g7-social-studies,7,social-studies,35,3,Era 2: Early Civilizations and Pastoral Peoples,11,Unit assessment: writing law and religion,Unit assessment,writing law and religion,Michigan Grade 7 W2;G4
ma-g7-social-studies-u03-l12,ma-g7-social-studies,7,social-studies,36,3,Era 2: Early Civilizations and Pastoral Peoples,12,Correction and reflection: trade and environmental change,Correction and reflection,trade and environmental change,Michigan Grade 7 W2;G4
ma-g7-social-studies-u04-l01,ma-g7-social-studies,7,social-studies,37,4,Classical Mediterranean Societies,1,Launch and diagnostic: Greek city-states,Launch and diagnostic,Greek city-states,Michigan Grade 7 W3;C1
ma-g7-social-studies-u04-l02,ma-g7-social-studies,7,social-studies,38,4,Classical Mediterranean Societies,2,Concept model A: democratic ideas and exclusions,Concept model A,democratic ideas and exclusions,Michigan Grade 7 W3;C1
ma-g7-social-studies-u04-l03,ma-g7-social-studies,7,social-studies,39,4,Classical Mediterranean Societies,3,Guided practice A: Persian interactions,Guided practice A,Persian interactions,Michigan Grade 7 W3;C1
ma-g7-social-studies-u04-l04,ma-g7-social-studies,7,social-studies,40,4,Classical Mediterranean Societies,4,Independent application A: Alexander and Hellenistic exchange,Independent application A,Alexander and Hellenistic exchange,Michigan Grade 7 W3;C1
ma-g7-social-studies-u04-l05,ma-g7-social-studies,7,social-studies,41,4,Classical Mediterranean Societies,5,Concept model B: Roman Republic and Empire,Concept model B,Roman Republic and Empire,Michigan Grade 7 W3;C1
ma-g7-social-studies-u04-l06,ma-g7-social-studies,7,social-studies,42,4,Classical Mediterranean Societies,6,Guided practice B: citizenship and law,Guided practice B,citizenship and law,Michigan Grade 7 W3;C1
ma-g7-social-studies-u04-l07,ma-g7-social-studies,7,social-studies,43,4,Classical Mediterranean Societies,7,Investigation or close reading: Greek city-states,Investigation or close reading,Greek city-states,Michigan Grade 7 W3;C1
ma-g7-social-studies-u04-l08,ma-g7-social-studies,7,social-studies,44,4,Classical Mediterranean Societies,8,Reteach and varied practice: democratic ideas and exclusions,Reteach and varied practice,democratic ideas and exclusions,Michigan Grade 7 W3;C1
ma-g7-social-studies-u04-l09,ma-g7-social-studies,7,social-studies,45,4,Classical Mediterranean Societies,9,Performance task build: Persian interactions,Performance task build,Persian interactions,Michigan Grade 7 W3;C1
ma-g7-social-studies-u04-l10,ma-g7-social-studies,7,social-studies,46,4,Classical Mediterranean Societies,10,Synthesis and review: Alexander and Hellenistic exchange,Synthesis and review,Alexander and Hellenistic exchange,Michigan Grade 7 W3;C1
ma-g7-social-studies-u04-l11,ma-g7-social-studies,7,social-studies,47,4,Classical Mediterranean Societies,11,Unit assessment: Roman Republic and Empire,Unit assessment,Roman Republic and Empire,Michigan Grade 7 W3;C1
ma-g7-social-studies-u04-l12,ma-g7-social-studies,7,social-studies,48,4,Classical Mediterranean Societies,12,Correction and reflection: citizenship and law,Correction and reflection,citizenship and law,Michigan Grade 7 W3;C1
ma-g7-social-studies-u05-l01,ma-g7-social-studies,7,social-studies,49,5,Classical Asian and African Societies,1,Launch and diagnostic: Mauryan and Gupta India,Launch and diagnostic,Mauryan and Gupta India,Michigan Grade 7 W3;G4
ma-g7-social-studies-u05-l02,ma-g7-social-studies,7,social-studies,50,5,Classical Asian and African Societies,2,Concept model A: Qin and Han China,Concept model A,Qin and Han China,Michigan Grade 7 W3;G4
ma-g7-social-studies-u05-l03,ma-g7-social-studies,7,social-studies,51,5,Classical Asian and African Societies,3,Guided practice A: African kingdoms and trade,Guided practice A,African kingdoms and trade,Michigan Grade 7 W3;G4
ma-g7-social-studies-u05-l04,ma-g7-social-studies,7,social-studies,52,5,Classical Asian and African Societies,4,Independent application A: philosophies and religions,Independent application A,philosophies and religions,Michigan Grade 7 W3;G4
ma-g7-social-studies-u05-l05,ma-g7-social-studies,7,social-studies,53,5,Classical Asian and African Societies,5,Concept model B: technology and scholarship,Concept model B,technology and scholarship,Michigan Grade 7 W3;G4
ma-g7-social-studies-u05-l06,ma-g7-social-studies,7,social-studies,54,5,Classical Asian and African Societies,6,Guided practice B: regional connections,Guided practice B,regional connections,Michigan Grade 7 W3;G4
ma-g7-social-studies-u05-l07,ma-g7-social-studies,7,social-studies,55,5,Classical Asian and African Societies,7,Investigation or close reading: Mauryan and Gupta India,Investigation or close reading,Mauryan and Gupta India,Michigan Grade 7 W3;G4
ma-g7-social-studies-u05-l08,ma-g7-social-studies,7,social-studies,56,5,Classical Asian and African Societies,8,Reteach and varied practice: Qin and Han China,Reteach and varied practice,Qin and Han China,Michigan Grade 7 W3;G4
ma-g7-social-studies-u05-l09,ma-g7-social-studies,7,social-studies,57,5,Classical Asian and African Societies,9,Performance task build: African kingdoms and trade,Performance task build,African kingdoms and trade,Michigan Grade 7 W3;G4
ma-g7-social-studies-u05-l10,ma-g7-social-studies,7,social-studies,58,5,Classical Asian and African Societies,10,Synthesis and review: philosophies and religions,Synthesis and review,philosophies and religions,Michigan Grade 7 W3;G4
ma-g7-social-studies-u05-l11,ma-g7-social-studies,7,social-studies,59,5,Classical Asian and African Societies,11,Unit assessment: technology and scholarship,Unit assessment,technology and scholarship,Michigan Grade 7 W3;G4
ma-g7-social-studies-u05-l12,ma-g7-social-studies,7,social-studies,60,5,Classical Asian and African Societies,12,Correction and reflection: regional connections,Correction and reflection,regional connections,Michigan Grade 7 W3;G4
ma-g7-social-studies-u06-l01,ma-g7-social-studies,7,social-studies,61,6,World Religions and Cultural Traditions,1,Launch and diagnostic: belief and practice,Launch and diagnostic,belief and practice,Michigan Grade 7 W3;W4;G4
ma-g7-social-studies-u06-l02,ma-g7-social-studies,7,social-studies,62,6,World Religions and Cultural Traditions,2,Concept model A: historical origins,Concept model A,historical origins,Michigan Grade 7 W3;W4;G4
ma-g7-social-studies-u06-l03,ma-g7-social-studies,7,social-studies,63,6,World Religions and Cultural Traditions,3,Guided practice A: diffusion and adaptation,Guided practice A,diffusion and adaptation,Michigan Grade 7 W3;W4;G4
ma-g7-social-studies-u06-l04,ma-g7-social-studies,7,social-studies,64,6,World Religions and Cultural Traditions,4,Independent application A: sacred texts and institutions,Independent application A,sacred texts and institutions,Michigan Grade 7 W3;W4;G4
ma-g7-social-studies-u06-l05,ma-g7-social-studies,7,social-studies,65,6,World Religions and Cultural Traditions,5,Concept model B: diversity within traditions,Concept model B,diversity within traditions,Michigan Grade 7 W3;W4;G4
ma-g7-social-studies-u06-l06,ma-g7-social-studies,7,social-studies,66,6,World Religions and Cultural Traditions,6,Guided practice B: respectful comparison,Guided practice B,respectful comparison,Michigan Grade 7 W3;W4;G4
ma-g7-social-studies-u06-l07,ma-g7-social-studies,7,social-studies,67,6,World Religions and Cultural Traditions,7,Investigation or close reading: belief and practice,Investigation or close reading,belief and practice,Michigan Grade 7 W3;W4;G4
ma-g7-social-studies-u06-l08,ma-g7-social-studies,7,social-studies,68,6,World Religions and Cultural Traditions,8,Reteach and varied practice: historical origins,Reteach and varied practice,historical origins,Michigan Grade 7 W3;W4;G4
ma-g7-social-studies-u06-l09,ma-g7-social-studies,7,social-studies,69,6,World Religions and Cultural Traditions,9,Performance task build: diffusion and adaptation,Performance task build,diffusion and adaptation,Michigan Grade 7 W3;W4;G4
ma-g7-social-studies-u06-l10,ma-g7-social-studies,7,social-studies,70,6,World Religions and Cultural Traditions,10,Synthesis and review: sacred texts and institutions,Synthesis and review,sacred texts and institutions,Michigan Grade 7 W3;W4;G4
ma-g7-social-studies-u06-l11,ma-g7-social-studies,7,social-studies,71,6,World Religions and Cultural Traditions,11,Unit assessment: diversity within traditions,Unit assessment,diversity within traditions,Michigan Grade 7 W3;W4;G4
ma-g7-social-studies-u06-l12,ma-g7-social-studies,7,social-studies,72,6,World Religions and Cultural Traditions,12,Correction and reflection: respectful comparison,Correction and reflection,respectful comparison,Michigan Grade 7 W3;W4;G4
ma-g7-social-studies-u07-l01,ma-g7-social-studies,7,social-studies,73,7,Era 4: Expanding and Intensified Hemispheric Interactions,1,Launch and diagnostic: Byzantine Empire,Launch and diagnostic,Byzantine Empire,Michigan Grade 7 W4;G4
ma-g7-social-studies-u07-l02,ma-g7-social-studies,7,social-studies,74,7,Era 4: Expanding and Intensified Hemispheric Interactions,2,Concept model A: Islamic civilizations,Concept model A,Islamic civilizations,Michigan Grade 7 W4;G4
ma-g7-social-studies-u07-l03,ma-g7-social-studies,7,social-studies,75,7,Era 4: Expanding and Intensified Hemispheric Interactions,3,Guided practice A: African trade networks,Guided practice A,African trade networks,Michigan Grade 7 W4;G4
ma-g7-social-studies-u07-l04,ma-g7-social-studies,7,social-studies,76,7,Era 4: Expanding and Intensified Hemispheric Interactions,4,Independent application A: medieval Europe,Independent application A,medieval Europe,Michigan Grade 7 W4;G4
ma-g7-social-studies-u07-l05,ma-g7-social-studies,7,social-studies,77,7,Era 4: Expanding and Intensified Hemispheric Interactions,5,Concept model B: Asian states and exchange,Concept model B,Asian states and exchange,Michigan Grade 7 W4;G4
ma-g7-social-studies-u07-l06,ma-g7-social-studies,7,social-studies,78,7,Era 4: Expanding and Intensified Hemispheric Interactions,6,Guided practice B: American civilizations before 1500,Guided practice B,American civilizations before 1500,Michigan Grade 7 W4;G4
ma-g7-social-studies-u07-l07,ma-g7-social-studies,7,social-studies,79,7,Era 4: Expanding and Intensified Hemispheric Interactions,7,Investigation or close reading: Byzantine Empire,Investigation or close reading,Byzantine Empire,Michigan Grade 7 W4;G4
ma-g7-social-studies-u07-l08,ma-g7-social-studies,7,social-studies,80,7,Era 4: Expanding and Intensified Hemispheric Interactions,8,Reteach and varied practice: Islamic civilizations,Reteach and varied practice,Islamic civilizations,Michigan Grade 7 W4;G4
ma-g7-social-studies-u07-l09,ma-g7-social-studies,7,social-studies,81,7,Era 4: Expanding and Intensified Hemispheric Interactions,9,Performance task build: African trade networks,Performance task build,African trade networks,Michigan Grade 7 W4;G4
ma-g7-social-studies-u07-l10,ma-g7-social-studies,7,social-studies,82,7,Era 4: Expanding and Intensified Hemispheric Interactions,10,Synthesis and review: medieval Europe,Synthesis and review,medieval Europe,Michigan Grade 7 W4;G4
ma-g7-social-studies-u07-l11,ma-g7-social-studies,7,social-studies,83,7,Era 4: Expanding and Intensified Hemispheric Interactions,11,Unit assessment: Asian states and exchange,Unit assessment,Asian states and exchange,Michigan Grade 7 W4;G4
ma-g7-social-studies-u07-l12,ma-g7-social-studies,7,social-studies,84,7,Era 4: Expanding and Intensified Hemispheric Interactions,12,Correction and reflection: American civilizations before 1500,Correction and reflection,American civilizations before 1500,Michigan Grade 7 W4;G4
ma-g7-social-studies-u08-l01,ma-g7-social-studies,7,social-studies,85,8,"Trade Networks, Technology, and Change to 1500",1,Launch and diagnostic: Silk Roads,Launch and diagnostic,Silk Roads,Michigan Grade 7 W4;E2;G3
ma-g7-social-studies-u08-l02,ma-g7-social-studies,7,social-studies,86,8,"Trade Networks, Technology, and Change to 1500",2,Concept model A: Indian Ocean trade,Concept model A,Indian Ocean trade,Michigan Grade 7 W4;E2;G3
ma-g7-social-studies-u08-l03,ma-g7-social-studies,7,social-studies,87,8,"Trade Networks, Technology, and Change to 1500",3,Guided practice A: Trans-Saharan trade,Guided practice A,Trans-Saharan trade,Michigan Grade 7 W4;E2;G3
ma-g7-social-studies-u08-l04,ma-g7-social-studies,7,social-studies,88,8,"Trade Networks, Technology, and Change to 1500",4,Independent application A: merchant networks,Independent application A,merchant networks,Michigan Grade 7 W4;E2;G3
ma-g7-social-studies-u08-l05,ma-g7-social-studies,7,social-studies,89,8,"Trade Networks, Technology, and Change to 1500",5,Concept model B: technology diffusion,Concept model B,technology diffusion,Michigan Grade 7 W4;E2;G3
ma-g7-social-studies-u08-l06,ma-g7-social-studies,7,social-studies,90,8,"Trade Networks, Technology, and Change to 1500",6,Guided practice B: disease and environmental effects,Guided practice B,disease and environmental effects,Michigan Grade 7 W4;E2;G3
ma-g7-social-studies-u08-l07,ma-g7-social-studies,7,social-studies,91,8,"Trade Networks, Technology, and Change to 1500",7,Investigation or close reading: Silk Roads,Investigation or close reading,Silk Roads,Michigan Grade 7 W4;E2;G3
ma-g7-social-studies-u08-l08,ma-g7-social-studies,7,social-studies,92,8,"Trade Networks, Technology, and Change to 1500",8,Reteach and varied practice: Indian Ocean trade,Reteach and varied practice,Indian Ocean trade,Michigan Grade 7 W4;E2;G3
ma-g7-social-studies-u08-l09,ma-g7-social-studies,7,social-studies,93,8,"Trade Networks, Technology, and Change to 1500",9,Performance task build: Trans-Saharan trade,Performance task build,Trans-Saharan trade,Michigan Grade 7 W4;E2;G3
ma-g7-social-studies-u08-l10,ma-g7-social-studies,7,social-studies,94,8,"Trade Networks, Technology, and Change to 1500",10,Synthesis and review: merchant networks,Synthesis and review,merchant networks,Michigan Grade 7 W4;E2;G3
ma-g7-social-studies-u08-l11,ma-g7-social-studies,7,social-studies,95,8,"Trade Networks, Technology, and Change to 1500",11,Unit assessment: technology diffusion,Unit assessment,technology diffusion,Michigan Grade 7 W4;E2;G3
ma-g7-social-studies-u08-l12,ma-g7-social-studies,7,social-studies,96,8,"Trade Networks, Technology, and Change to 1500",12,Correction and reflection: disease and environmental effects,Correction and reflection,disease and environmental effects,Michigan Grade 7 W4;E2;G3
ma-g7-social-studies-u09-l01,ma-g7-social-studies,7,social-studies,97,9,Comparative Civilization and Civic Inquiry Capstone,1,Launch and diagnostic: continuity and change,Launch and diagnostic,continuity and change,Michigan Grade 7 H1;W1-W4;G1-G4;C1;P3;P4
ma-g7-social-studies-u09-l02,ma-g7-social-studies,7,social-studies,98,9,Comparative Civilization and Civic Inquiry Capstone,2,Concept model A: comparison across regions,Concept model A,comparison across regions,Michigan Grade 7 H1;W1-W4;G1-G4;C1;P3;P4
ma-g7-social-studies-u09-l03,ma-g7-social-studies,7,social-studies,99,9,Comparative Civilization and Civic Inquiry Capstone,3,Guided practice A: power and legitimacy,Guided practice A,power and legitimacy,Michigan Grade 7 H1;W1-W4;G1-G4;C1;P3;P4
ma-g7-social-studies-u09-l04,ma-g7-social-studies,7,social-studies,100,9,Comparative Civilization and Civic Inquiry Capstone,4,Independent application A: human-environment relationships,Independent application A,human-environment relationships,Michigan Grade 7 H1;W1-W4;G1-G4;C1;P3;P4
ma-g7-social-studies-u09-l05,ma-g7-social-studies,7,social-studies,101,9,Comparative Civilization and Civic Inquiry Capstone,5,Concept model B: historical argument,Concept model B,historical argument,Michigan Grade 7 H1;W1-W4;G1-G4;C1;P3;P4
ma-g7-social-studies-u09-l06,ma-g7-social-studies,7,social-studies,102,9,Comparative Civilization and Civic Inquiry Capstone,6,Guided practice B: public issue connection,Guided practice B,public issue connection,Michigan Grade 7 H1;W1-W4;G1-G4;C1;P3;P4
ma-g7-social-studies-u09-l07,ma-g7-social-studies,7,social-studies,103,9,Comparative Civilization and Civic Inquiry Capstone,7,Investigation or close reading: continuity and change,Investigation or close reading,continuity and change,Michigan Grade 7 H1;W1-W4;G1-G4;C1;P3;P4
ma-g7-social-studies-u09-l08,ma-g7-social-studies,7,social-studies,104,9,Comparative Civilization and Civic Inquiry Capstone,8,Reteach and varied practice: comparison across regions,Reteach and varied practice,comparison across regions,Michigan Grade 7 H1;W1-W4;G1-G4;C1;P3;P4
ma-g7-social-studies-u09-l09,ma-g7-social-studies,7,social-studies,105,9,Comparative Civilization and Civic Inquiry Capstone,9,Performance task build: power and legitimacy,Performance task build,power and legitimacy,Michigan Grade 7 H1;W1-W4;G1-G4;C1;P3;P4
ma-g7-social-studies-u09-l10,ma-g7-social-studies,7,social-studies,106,9,Comparative Civilization and Civic Inquiry Capstone,10,Synthesis and review: human-environment relationships,Synthesis and review,human-environment relationships,Michigan Grade 7 H1;W1-W4;G1-G4;C1;P3;P4
ma-g7-social-studies-u09-l11,ma-g7-social-studies,7,social-studies,107,9,Comparative Civilization and Civic Inquiry Capstone,11,Unit assessment: historical argument,Unit assessment,historical argument,Michigan Grade 7 H1;W1-W4;G1-G4;C1;P3;P4
ma-g7-social-studies-u09-l12,ma-g7-social-studies,7,social-studies,108,9,Comparative Civilization and Civic Inquiry Capstone,12,Correction and reflection: public issue connection,Correction and reflection,public issue connection,Michigan Grade 7 H1;W1-W4;G1-G4;C1;P3;P4
ma-g7-health-u01-l01,ma-g7-health,7,health,1,1,"Health Literacy, Systems, and Support",1,Launch and diagnostic: dimensions and determinants of health,Launch and diagnostic,dimensions and determinants of health,Michigan Health: Core Concepts;Accessing Information
ma-g7-health-u01-l02,ma-g7-health,7,health,2,1,"Health Literacy, Systems, and Support",2,Explicit model: reliable versus misleading information,Explicit model,reliable versus misleading information,Michigan Health: Core Concepts;Accessing Information
ma-g7-health-u01-l03,ma-g7-health,7,health,3,1,"Health Literacy, Systems, and Support",3,Guided practice: healthcare roles,Guided practice,healthcare roles,Michigan Health: Core Concepts;Accessing Information
ma-g7-health-u01-l04,ma-g7-health,7,health,4,1,"Health Literacy, Systems, and Support",4,Application or project: trusted support,Application or project,trusted support,Michigan Health: Core Concepts;Accessing Information
ma-g7-health-u01-l05,ma-g7-health,7,health,5,1,"Health Literacy, Systems, and Support",5,Mastery check: confidentiality basics,Mastery check,confidentiality basics,Michigan Health: Core Concepts;Accessing Information
ma-g7-health-u01-l06,ma-g7-health,7,health,6,1,"Health Literacy, Systems, and Support",6,Correction and reflection: emergency action,Correction and reflection,emergency action,Michigan Health: Core Concepts;Accessing Information
ma-g7-health-u02-l01,ma-g7-health,7,health,7,2,"Nutrition, Movement, Sleep, and Body Respect",1,Launch and diagnostic: adequate and varied fueling,Launch and diagnostic,adequate and varied fueling,Michigan Health: Nutrition;Self-Management
ma-g7-health-u02-l02,ma-g7-health,7,health,8,2,"Nutrition, Movement, Sleep, and Body Respect",2,Explicit model: hydration,Explicit model,hydration,Michigan Health: Nutrition;Self-Management
ma-g7-health-u02-l03,ma-g7-health,7,health,9,2,"Nutrition, Movement, Sleep, and Body Respect",3,Guided practice: sleep cycles,Guided practice,sleep cycles,Michigan Health: Nutrition;Self-Management
ma-g7-health-u02-l04,ma-g7-health,7,health,10,2,"Nutrition, Movement, Sleep, and Body Respect",4,Application or project: movement and recovery,Application or project,movement and recovery,Michigan Health: Nutrition;Self-Management
ma-g7-health-u02-l05,ma-g7-health,7,health,11,2,"Nutrition, Movement, Sleep, and Body Respect",5,Mastery check: body image and media,Mastery check,body image and media,Michigan Health: Nutrition;Self-Management
ma-g7-health-u02-l06,ma-g7-health,7,health,12,2,"Nutrition, Movement, Sleep, and Body Respect",6,Correction and reflection: allergy and food-safety planning,Correction and reflection,allergy and food-safety planning,Michigan Health: Nutrition;Self-Management
ma-g7-health-u03-l01,ma-g7-health,7,health,13,3,Mental and Emotional Health Skills,1,Launch and diagnostic: stress response,Launch and diagnostic,stress response,Michigan Health: Mental and Emotional Health;Goal Setting
ma-g7-health-u03-l02,ma-g7-health,7,health,14,3,Mental and Emotional Health Skills,2,Explicit model: coping and regulation,Explicit model,coping and regulation,Michigan Health: Mental and Emotional Health;Goal Setting
ma-g7-health-u03-l03,ma-g7-health,7,health,15,3,Mental and Emotional Health Skills,3,Guided practice: help-seeking,Guided practice,help-seeking,Michigan Health: Mental and Emotional Health;Goal Setting
ma-g7-health-u03-l04,ma-g7-health,7,health,16,3,Mental and Emotional Health Skills,4,Application or project: grief and change,Application or project,grief and change,Michigan Health: Mental and Emotional Health;Goal Setting
ma-g7-health-u03-l05,ma-g7-health,7,health,17,3,Mental and Emotional Health Skills,5,Mastery check: warning signs requiring adult support,Mastery check,warning signs requiring adult support,Michigan Health: Mental and Emotional Health;Goal Setting
ma-g7-health-u03-l06,ma-g7-health,7,health,18,3,Mental and Emotional Health Skills,6,Correction and reflection: supportive peer boundaries,Correction and reflection,supportive peer boundaries,Michigan Health: Mental and Emotional Health;Goal Setting
ma-g7-health-u04-l01,ma-g7-health,7,health,19,4,"Relationships, Consent, and Communication",1,Launch and diagnostic: respect and boundaries,Launch and diagnostic,respect and boundaries,Michigan Health: Interpersonal Communication;Advocacy
ma-g7-health-u04-l02,ma-g7-health,7,health,20,4,"Relationships, Consent, and Communication",2,Explicit model: consent as clear ongoing and reversible,Explicit model,consent as clear ongoing and reversible,Michigan Health: Interpersonal Communication;Advocacy
ma-g7-health-u04-l03,ma-g7-health,7,health,21,4,"Relationships, Consent, and Communication",3,Guided practice: assertive communication,Guided practice,assertive communication,Michigan Health: Interpersonal Communication;Advocacy
ma-g7-health-u04-l04,ma-g7-health,7,health,22,4,"Relationships, Consent, and Communication",4,Application or project: conflict and repair,Application or project,conflict and repair,Michigan Health: Interpersonal Communication;Advocacy
ma-g7-health-u04-l05,ma-g7-health,7,health,23,4,"Relationships, Consent, and Communication",5,Mastery check: harassment and bullying,Mastery check,harassment and bullying,Michigan Health: Interpersonal Communication;Advocacy
ma-g7-health-u04-l06,ma-g7-health,7,health,24,4,"Relationships, Consent, and Communication",6,Correction and reflection: online relationships,Correction and reflection,online relationships,Michigan Health: Interpersonal Communication;Advocacy
ma-g7-health-u05-l01,ma-g7-health,7,health,25,5,"Substance, Medication, and Risk-Reduction Skills",1,Launch and diagnostic: medicine safety,Launch and diagnostic,medicine safety,Michigan Health: Substance Use Prevention;Decision-Making
ma-g7-health-u05-l02,ma-g7-health,7,health,26,5,"Substance, Medication, and Risk-Reduction Skills",2,Explicit model: nicotine alcohol and other drug effects,Explicit model,nicotine alcohol and other drug effects,Michigan Health: Substance Use Prevention;Decision-Making
ma-g7-health-u05-l03,ma-g7-health,7,health,27,5,"Substance, Medication, and Risk-Reduction Skills",3,Guided practice: influence and refusal,Guided practice,influence and refusal,Michigan Health: Substance Use Prevention;Decision-Making
ma-g7-health-u05-l04,ma-g7-health,7,health,28,5,"Substance, Medication, and Risk-Reduction Skills",4,Application or project: impaired decision making,Application or project,impaired decision making,Michigan Health: Substance Use Prevention;Decision-Making
ma-g7-health-u05-l05,ma-g7-health,7,health,29,5,"Substance, Medication, and Risk-Reduction Skills",5,Mastery check: overdose and emergency basics,Mastery check,overdose and emergency basics,Michigan Health: Substance Use Prevention;Decision-Making
ma-g7-health-u05-l06,ma-g7-health,7,health,30,5,"Substance, Medication, and Risk-Reduction Skills",6,Correction and reflection: trusted-adult support,Correction and reflection,trusted-adult support,Michigan Health: Substance Use Prevention;Decision-Making
ma-g7-health-u06-l01,ma-g7-health,7,health,31,6,"Sexual Health, Safety, and Community Wellbeing",1,Launch and diagnostic: puberty and reproductive-system concepts,Launch and diagnostic,puberty and reproductive-system concepts,Michigan Health: Sexual Health;Disease Prevention;Advocacy
ma-g7-health-u06-l02,ma-g7-health,7,health,32,6,"Sexual Health, Safety, and Community Wellbeing",2,Explicit model: personal boundaries and consent,Explicit model,personal boundaries and consent,Michigan Health: Sexual Health;Disease Prevention;Advocacy
ma-g7-health-u06-l03,ma-g7-health,7,health,33,6,"Sexual Health, Safety, and Community Wellbeing",3,Guided practice: infection prevention concepts,Guided practice,infection prevention concepts,Michigan Health: Sexual Health;Disease Prevention;Advocacy
ma-g7-health-u06-l04,ma-g7-health,7,health,34,6,"Sexual Health, Safety, and Community Wellbeing",4,Application or project: reliable adults and services,Application or project,reliable adults and services,Michigan Health: Sexual Health;Disease Prevention;Advocacy
ma-g7-health-u06-l05,ma-g7-health,7,health,35,6,"Sexual Health, Safety, and Community Wellbeing",5,Mastery check: media myths,Mastery check,media myths,Michigan Health: Sexual Health;Disease Prevention;Advocacy
ma-g7-health-u06-l06,ma-g7-health,7,health,36,6,"Sexual Health, Safety, and Community Wellbeing",6,Correction and reflection: community health advocacy,Correction and reflection,community health advocacy,Michigan Health: Sexual Health;Disease Prevention;Advocacy
ma-g7-physical-education-u01-l01,ma-g7-physical-education,7,physical-education,1,1,"Skill Assessment, Safety, and Personal Goals",1,Launch and diagnostic: movement readiness,Launch and diagnostic,movement readiness,Michigan PE Standards 1;3;4
ma-g7-physical-education-u01-l02,ma-g7-physical-education,7,physical-education,2,1,"Skill Assessment, Safety, and Personal Goals",2,Concept model A: skill cue review,Concept model A,skill cue review,Michigan PE Standards 1;3;4
ma-g7-physical-education-u01-l03,ma-g7-physical-education,7,physical-education,3,1,"Skill Assessment, Safety, and Personal Goals",3,Guided practice A: safe warm-up,Guided practice A,safe warm-up,Michigan PE Standards 1;3;4
ma-g7-physical-education-u01-l04,ma-g7-physical-education,7,physical-education,4,1,"Skill Assessment, Safety, and Personal Goals",4,Independent application A: personal baseline,Independent application A,personal baseline,Michigan PE Standards 1;3;4
ma-g7-physical-education-u01-l05,ma-g7-physical-education,7,physical-education,5,1,"Skill Assessment, Safety, and Personal Goals",5,Concept model B: goal design,Concept model B,goal design,Michigan PE Standards 1;3;4
ma-g7-physical-education-u01-l06,ma-g7-physical-education,7,physical-education,6,1,"Skill Assessment, Safety, and Personal Goals",6,Guided practice B: feedback preferences,Guided practice B,feedback preferences,Michigan PE Standards 1;3;4
ma-g7-physical-education-u01-l07,ma-g7-physical-education,7,physical-education,7,1,"Skill Assessment, Safety, and Personal Goals",7,Investigation or close reading: movement readiness,Investigation or close reading,movement readiness,Michigan PE Standards 1;3;4
ma-g7-physical-education-u01-l08,ma-g7-physical-education,7,physical-education,8,1,"Skill Assessment, Safety, and Personal Goals",8,Reteach and varied practice: skill cue review,Reteach and varied practice,skill cue review,Michigan PE Standards 1;3;4
ma-g7-physical-education-u01-l09,ma-g7-physical-education,7,physical-education,9,1,"Skill Assessment, Safety, and Personal Goals",9,Performance task build: safe warm-up,Performance task build,safe warm-up,Michigan PE Standards 1;3;4
ma-g7-physical-education-u01-l10,ma-g7-physical-education,7,physical-education,10,1,"Skill Assessment, Safety, and Personal Goals",10,Synthesis and review: personal baseline,Synthesis and review,personal baseline,Michigan PE Standards 1;3;4
ma-g7-physical-education-u01-l11,ma-g7-physical-education,7,physical-education,11,1,"Skill Assessment, Safety, and Personal Goals",11,Unit assessment: goal design,Unit assessment,goal design,Michigan PE Standards 1;3;4
ma-g7-physical-education-u01-l12,ma-g7-physical-education,7,physical-education,12,1,"Skill Assessment, Safety, and Personal Goals",12,Correction and reflection: feedback preferences,Correction and reflection,feedback preferences,Michigan PE Standards 1;3;4
ma-g7-physical-education-u02-l01,ma-g7-physical-education,7,physical-education,13,2,Fitness Planning and Training Principles,1,Launch and diagnostic: frequency intensity time and type,Launch and diagnostic,frequency intensity time and type,Michigan PE Standards 3;4;5
ma-g7-physical-education-u02-l02,ma-g7-physical-education,7,physical-education,14,2,Fitness Planning and Training Principles,2,Concept model A: progression,Concept model A,progression,Michigan PE Standards 3;4;5
ma-g7-physical-education-u02-l03,ma-g7-physical-education,7,physical-education,15,2,Fitness Planning and Training Principles,3,Guided practice A: recovery,Guided practice A,recovery,Michigan PE Standards 3;4;5
ma-g7-physical-education-u02-l04,ma-g7-physical-education,7,physical-education,16,2,Fitness Planning and Training Principles,4,Independent application A: mobility,Independent application A,mobility,Michigan PE Standards 3;4;5
ma-g7-physical-education-u02-l05,ma-g7-physical-education,7,physical-education,17,2,Fitness Planning and Training Principles,5,Concept model B: perceived exertion and talk test,Concept model B,perceived exertion and talk test,Michigan PE Standards 3;4;5
ma-g7-physical-education-u02-l06,ma-g7-physical-education,7,physical-education,18,2,Fitness Planning and Training Principles,6,Guided practice B: tracking without body-size scoring,Guided practice B,tracking without body-size scoring,Michigan PE Standards 3;4;5
ma-g7-physical-education-u02-l07,ma-g7-physical-education,7,physical-education,19,2,Fitness Planning and Training Principles,7,Investigation or close reading: frequency intensity time and type,Investigation or close reading,frequency intensity time and type,Michigan PE Standards 3;4;5
ma-g7-physical-education-u02-l08,ma-g7-physical-education,7,physical-education,20,2,Fitness Planning and Training Principles,8,Reteach and varied practice: progression,Reteach and varied practice,progression,Michigan PE Standards 3;4;5
ma-g7-physical-education-u02-l09,ma-g7-physical-education,7,physical-education,21,2,Fitness Planning and Training Principles,9,Performance task build: recovery,Performance task build,recovery,Michigan PE Standards 3;4;5
ma-g7-physical-education-u02-l10,ma-g7-physical-education,7,physical-education,22,2,Fitness Planning and Training Principles,10,Synthesis and review: mobility,Synthesis and review,mobility,Michigan PE Standards 3;4;5
ma-g7-physical-education-u02-l11,ma-g7-physical-education,7,physical-education,23,2,Fitness Planning and Training Principles,11,Unit assessment: perceived exertion and talk test,Unit assessment,perceived exertion and talk test,Michigan PE Standards 3;4;5
ma-g7-physical-education-u02-l12,ma-g7-physical-education,7,physical-education,24,2,Fitness Planning and Training Principles,12,Correction and reflection: tracking without body-size scoring,Correction and reflection,tracking without body-size scoring,Michigan PE Standards 3;4;5
ma-g7-physical-education-u03-l01,ma-g7-physical-education,7,physical-education,25,3,Net and Wall Activities,1,Launch and diagnostic: ready position,Launch and diagnostic,ready position,Michigan PE Standards 1;2
ma-g7-physical-education-u03-l02,ma-g7-physical-education,7,physical-education,26,3,Net and Wall Activities,2,Concept model A: serve or start,Concept model A,serve or start,Michigan PE Standards 1;2
ma-g7-physical-education-u03-l03,ma-g7-physical-education,7,physical-education,27,3,Net and Wall Activities,3,Guided practice A: rally control,Guided practice A,rally control,Michigan PE Standards 1;2
ma-g7-physical-education-u03-l04,ma-g7-physical-education,7,physical-education,28,3,Net and Wall Activities,4,Independent application A: court positioning,Independent application A,court positioning,Michigan PE Standards 1;2
ma-g7-physical-education-u03-l05,ma-g7-physical-education,7,physical-education,29,3,Net and Wall Activities,5,Concept model B: shot selection,Concept model B,shot selection,Michigan PE Standards 1;2
ma-g7-physical-education-u03-l06,ma-g7-physical-education,7,physical-education,30,3,Net and Wall Activities,6,Guided practice B: modified-game strategy,Guided practice B,modified-game strategy,Michigan PE Standards 1;2
ma-g7-physical-education-u03-l07,ma-g7-physical-education,7,physical-education,31,3,Net and Wall Activities,7,Investigation or close reading: ready position,Investigation or close reading,ready position,Michigan PE Standards 1;2
ma-g7-physical-education-u03-l08,ma-g7-physical-education,7,physical-education,32,3,Net and Wall Activities,8,Reteach and varied practice: serve or start,Reteach and varied practice,serve or start,Michigan PE Standards 1;2
ma-g7-physical-education-u03-l09,ma-g7-physical-education,7,physical-education,33,3,Net and Wall Activities,9,Performance task build: rally control,Performance task build,rally control,Michigan PE Standards 1;2
ma-g7-physical-education-u03-l10,ma-g7-physical-education,7,physical-education,34,3,Net and Wall Activities,10,Synthesis and review: court positioning,Synthesis and review,court positioning,Michigan PE Standards 1;2
ma-g7-physical-education-u03-l11,ma-g7-physical-education,7,physical-education,35,3,Net and Wall Activities,11,Unit assessment: shot selection,Unit assessment,shot selection,Michigan PE Standards 1;2
ma-g7-physical-education-u03-l12,ma-g7-physical-education,7,physical-education,36,3,Net and Wall Activities,12,Correction and reflection: modified-game strategy,Correction and reflection,modified-game strategy,Michigan PE Standards 1;2
ma-g7-physical-education-u04-l01,ma-g7-physical-education,7,physical-education,37,4,Invasion Games and Spatial Strategy,1,Launch and diagnostic: creating and closing space,Launch and diagnostic,creating and closing space,Michigan PE Standards 1;2;4
ma-g7-physical-education-u04-l02,ma-g7-physical-education,7,physical-education,38,4,Invasion Games and Spatial Strategy,2,Concept model A: support and transition,Concept model A,support and transition,Michigan PE Standards 1;2;4
ma-g7-physical-education-u04-l03,ma-g7-physical-education,7,physical-education,39,4,Invasion Games and Spatial Strategy,3,Guided practice A: passing and receiving,Guided practice A,passing and receiving,Michigan PE Standards 1;2;4
ma-g7-physical-education-u04-l04,ma-g7-physical-education,7,physical-education,40,4,Invasion Games and Spatial Strategy,4,Independent application A: defensive positioning,Independent application A,defensive positioning,Michigan PE Standards 1;2;4
ma-g7-physical-education-u04-l05,ma-g7-physical-education,7,physical-education,41,4,Invasion Games and Spatial Strategy,5,Concept model B: small-sided tactics,Concept model B,small-sided tactics,Michigan PE Standards 1;2;4
ma-g7-physical-education-u04-l06,ma-g7-physical-education,7,physical-education,42,4,Invasion Games and Spatial Strategy,6,Guided practice B: inclusive rule modification,Guided practice B,inclusive rule modification,Michigan PE Standards 1;2;4
ma-g7-physical-education-u04-l07,ma-g7-physical-education,7,physical-education,43,4,Invasion Games and Spatial Strategy,7,Investigation or close reading: creating and closing space,Investigation or close reading,creating and closing space,Michigan PE Standards 1;2;4
ma-g7-physical-education-u04-l08,ma-g7-physical-education,7,physical-education,44,4,Invasion Games and Spatial Strategy,8,Reteach and varied practice: support and transition,Reteach and varied practice,support and transition,Michigan PE Standards 1;2;4
ma-g7-physical-education-u04-l09,ma-g7-physical-education,7,physical-education,45,4,Invasion Games and Spatial Strategy,9,Performance task build: passing and receiving,Performance task build,passing and receiving,Michigan PE Standards 1;2;4
ma-g7-physical-education-u04-l10,ma-g7-physical-education,7,physical-education,46,4,Invasion Games and Spatial Strategy,10,Synthesis and review: defensive positioning,Synthesis and review,defensive positioning,Michigan PE Standards 1;2;4
ma-g7-physical-education-u04-l11,ma-g7-physical-education,7,physical-education,47,4,Invasion Games and Spatial Strategy,11,Unit assessment: small-sided tactics,Unit assessment,small-sided tactics,Michigan PE Standards 1;2;4
ma-g7-physical-education-u04-l12,ma-g7-physical-education,7,physical-education,48,4,Invasion Games and Spatial Strategy,12,Correction and reflection: inclusive rule modification,Correction and reflection,inclusive rule modification,Michigan PE Standards 1;2;4
ma-g7-physical-education-u05-l01,ma-g7-physical-education,7,physical-education,49,5,Target and Striking/Fielding Activities,1,Launch and diagnostic: aim and force,Launch and diagnostic,aim and force,Michigan PE Standards 1;2
ma-g7-physical-education-u05-l02,ma-g7-physical-education,7,physical-education,50,5,Target and Striking/Fielding Activities,2,Concept model A: consistency routines,Concept model A,consistency routines,Michigan PE Standards 1;2
ma-g7-physical-education-u05-l03,ma-g7-physical-education,7,physical-education,51,5,Target and Striking/Fielding Activities,3,Guided practice A: striking technique,Guided practice A,striking technique,Michigan PE Standards 1;2
ma-g7-physical-education-u05-l04,ma-g7-physical-education,7,physical-education,52,5,Target and Striking/Fielding Activities,4,Independent application A: fielding coverage,Independent application A,fielding coverage,Michigan PE Standards 1;2
ma-g7-physical-education-u05-l05,ma-g7-physical-education,7,physical-education,53,5,Target and Striking/Fielding Activities,5,Concept model B: offensive decisions,Concept model B,offensive decisions,Michigan PE Standards 1;2
ma-g7-physical-education-u05-l06,ma-g7-physical-education,7,physical-education,54,5,Target and Striking/Fielding Activities,6,Guided practice B: risk and safety,Guided practice B,risk and safety,Michigan PE Standards 1;2
ma-g7-physical-education-u05-l07,ma-g7-physical-education,7,physical-education,55,5,Target and Striking/Fielding Activities,7,Investigation or close reading: aim and force,Investigation or close reading,aim and force,Michigan PE Standards 1;2
ma-g7-physical-education-u05-l08,ma-g7-physical-education,7,physical-education,56,5,Target and Striking/Fielding Activities,8,Reteach and varied practice: consistency routines,Reteach and varied practice,consistency routines,Michigan PE Standards 1;2
ma-g7-physical-education-u05-l09,ma-g7-physical-education,7,physical-education,57,5,Target and Striking/Fielding Activities,9,Performance task build: striking technique,Performance task build,striking technique,Michigan PE Standards 1;2
ma-g7-physical-education-u05-l10,ma-g7-physical-education,7,physical-education,58,5,Target and Striking/Fielding Activities,10,Synthesis and review: fielding coverage,Synthesis and review,fielding coverage,Michigan PE Standards 1;2
ma-g7-physical-education-u05-l11,ma-g7-physical-education,7,physical-education,59,5,Target and Striking/Fielding Activities,11,Unit assessment: offensive decisions,Unit assessment,offensive decisions,Michigan PE Standards 1;2
ma-g7-physical-education-u05-l12,ma-g7-physical-education,7,physical-education,60,5,Target and Striking/Fielding Activities,12,Correction and reflection: risk and safety,Correction and reflection,risk and safety,Michigan PE Standards 1;2
ma-g7-physical-education-u06-l01,ma-g7-physical-education,7,physical-education,61,6,"Dance, Rhythm, and Movement Composition",1,Launch and diagnostic: rhythmic accuracy,Launch and diagnostic,rhythmic accuracy,Michigan PE Standards 1;2;5
ma-g7-physical-education-u06-l02,ma-g7-physical-education,7,physical-education,62,6,"Dance, Rhythm, and Movement Composition",2,Concept model A: movement motifs,Concept model A,movement motifs,Michigan PE Standards 1;2;5
ma-g7-physical-education-u06-l03,ma-g7-physical-education,7,physical-education,63,6,"Dance, Rhythm, and Movement Composition",3,Guided practice A: levels and pathways,Guided practice A,levels and pathways,Michigan PE Standards 1;2;5
ma-g7-physical-education-u06-l04,ma-g7-physical-education,7,physical-education,64,6,"Dance, Rhythm, and Movement Composition",4,Independent application A: partner and group spacing,Independent application A,partner and group spacing,Michigan PE Standards 1;2;5
ma-g7-physical-education-u06-l05,ma-g7-physical-education,7,physical-education,65,6,"Dance, Rhythm, and Movement Composition",5,Concept model B: cultural context,Concept model B,cultural context,Michigan PE Standards 1;2;5
ma-g7-physical-education-u06-l06,ma-g7-physical-education,7,physical-education,66,6,"Dance, Rhythm, and Movement Composition",6,Guided practice B: composition and revision,Guided practice B,composition and revision,Michigan PE Standards 1;2;5
ma-g7-physical-education-u06-l07,ma-g7-physical-education,7,physical-education,67,6,"Dance, Rhythm, and Movement Composition",7,Investigation or close reading: rhythmic accuracy,Investigation or close reading,rhythmic accuracy,Michigan PE Standards 1;2;5
ma-g7-physical-education-u06-l08,ma-g7-physical-education,7,physical-education,68,6,"Dance, Rhythm, and Movement Composition",8,Reteach and varied practice: movement motifs,Reteach and varied practice,movement motifs,Michigan PE Standards 1;2;5
ma-g7-physical-education-u06-l09,ma-g7-physical-education,7,physical-education,69,6,"Dance, Rhythm, and Movement Composition",9,Performance task build: levels and pathways,Performance task build,levels and pathways,Michigan PE Standards 1;2;5
ma-g7-physical-education-u06-l10,ma-g7-physical-education,7,physical-education,70,6,"Dance, Rhythm, and Movement Composition",10,Synthesis and review: partner and group spacing,Synthesis and review,partner and group spacing,Michigan PE Standards 1;2;5
ma-g7-physical-education-u06-l11,ma-g7-physical-education,7,physical-education,71,6,"Dance, Rhythm, and Movement Composition",11,Unit assessment: cultural context,Unit assessment,cultural context,Michigan PE Standards 1;2;5
ma-g7-physical-education-u06-l12,ma-g7-physical-education,7,physical-education,72,6,"Dance, Rhythm, and Movement Composition",12,Correction and reflection: composition and revision,Correction and reflection,composition and revision,Michigan PE Standards 1;2;5
ma-g7-physical-education-u07-l01,ma-g7-physical-education,7,physical-education,73,7,Outdoor Recreation and Navigation,1,Launch and diagnostic: route planning,Launch and diagnostic,route planning,Michigan PE Standards 1;3;5
ma-g7-physical-education-u07-l02,ma-g7-physical-education,7,physical-education,74,7,Outdoor Recreation and Navigation,2,Concept model A: map and compass concepts,Concept model A,map and compass concepts,Michigan PE Standards 1;3;5
ma-g7-physical-education-u07-l03,ma-g7-physical-education,7,physical-education,75,7,Outdoor Recreation and Navigation,3,Guided practice A: weather and hydration,Guided practice A,weather and hydration,Michigan PE Standards 1;3;5
ma-g7-physical-education-u07-l04,ma-g7-physical-education,7,physical-education,76,7,Outdoor Recreation and Navigation,4,Independent application A: outdoor ethics,Independent application A,outdoor ethics,Michigan PE Standards 1;3;5
ma-g7-physical-education-u07-l05,ma-g7-physical-education,7,physical-education,77,7,Outdoor Recreation and Navigation,5,Concept model B: cycling or trail safety,Concept model B,cycling or trail safety,Michigan PE Standards 1;3;5
ma-g7-physical-education-u07-l06,ma-g7-physical-education,7,physical-education,78,7,Outdoor Recreation and Navigation,6,Guided practice B: emergency preparation,Guided practice B,emergency preparation,Michigan PE Standards 1;3;5
ma-g7-physical-education-u07-l07,ma-g7-physical-education,7,physical-education,79,7,Outdoor Recreation and Navigation,7,Investigation or close reading: route planning,Investigation or close reading,route planning,Michigan PE Standards 1;3;5
ma-g7-physical-education-u07-l08,ma-g7-physical-education,7,physical-education,80,7,Outdoor Recreation and Navigation,8,Reteach and varied practice: map and compass concepts,Reteach and varied practice,map and compass concepts,Michigan PE Standards 1;3;5
ma-g7-physical-education-u07-l09,ma-g7-physical-education,7,physical-education,81,7,Outdoor Recreation and Navigation,9,Performance task build: weather and hydration,Performance task build,weather and hydration,Michigan PE Standards 1;3;5
ma-g7-physical-education-u07-l10,ma-g7-physical-education,7,physical-education,82,7,Outdoor Recreation and Navigation,10,Synthesis and review: outdoor ethics,Synthesis and review,outdoor ethics,Michigan PE Standards 1;3;5
ma-g7-physical-education-u07-l11,ma-g7-physical-education,7,physical-education,83,7,Outdoor Recreation and Navigation,11,Unit assessment: cycling or trail safety,Unit assessment,cycling or trail safety,Michigan PE Standards 1;3;5
ma-g7-physical-education-u07-l12,ma-g7-physical-education,7,physical-education,84,7,Outdoor Recreation and Navigation,12,Correction and reflection: emergency preparation,Correction and reflection,emergency preparation,Michigan PE Standards 1;3;5
ma-g7-physical-education-u08-l01,ma-g7-physical-education,7,physical-education,85,8,"Leadership, Officiating, and Inclusive Participation",1,Launch and diagnostic: rules and officiating,Launch and diagnostic,rules and officiating,Michigan PE Standards 2;4;5
ma-g7-physical-education-u08-l02,ma-g7-physical-education,7,physical-education,86,8,"Leadership, Officiating, and Inclusive Participation",2,Concept model A: leadership and communication,Concept model A,leadership and communication,Michigan PE Standards 2;4;5
ma-g7-physical-education-u08-l03,ma-g7-physical-education,7,physical-education,87,8,"Leadership, Officiating, and Inclusive Participation",3,Guided practice A: conflict repair,Guided practice A,conflict repair,Michigan PE Standards 2;4;5
ma-g7-physical-education-u08-l04,ma-g7-physical-education,7,physical-education,88,8,"Leadership, Officiating, and Inclusive Participation",4,Independent application A: peer feedback,Independent application A,peer feedback,Michigan PE Standards 2;4;5
ma-g7-physical-education-u08-l05,ma-g7-physical-education,7,physical-education,89,8,"Leadership, Officiating, and Inclusive Participation",5,Concept model B: activity adaptation,Concept model B,activity adaptation,Michigan PE Standards 2;4;5
ma-g7-physical-education-u08-l06,ma-g7-physical-education,7,physical-education,90,8,"Leadership, Officiating, and Inclusive Participation",6,Guided practice B: equipment responsibility,Guided practice B,equipment responsibility,Michigan PE Standards 2;4;5
ma-g7-physical-education-u08-l07,ma-g7-physical-education,7,physical-education,91,8,"Leadership, Officiating, and Inclusive Participation",7,Investigation or close reading: rules and officiating,Investigation or close reading,rules and officiating,Michigan PE Standards 2;4;5
ma-g7-physical-education-u08-l08,ma-g7-physical-education,7,physical-education,92,8,"Leadership, Officiating, and Inclusive Participation",8,Reteach and varied practice: leadership and communication,Reteach and varied practice,leadership and communication,Michigan PE Standards 2;4;5
ma-g7-physical-education-u08-l09,ma-g7-physical-education,7,physical-education,93,8,"Leadership, Officiating, and Inclusive Participation",9,Performance task build: conflict repair,Performance task build,conflict repair,Michigan PE Standards 2;4;5
ma-g7-physical-education-u08-l10,ma-g7-physical-education,7,physical-education,94,8,"Leadership, Officiating, and Inclusive Participation",10,Synthesis and review: peer feedback,Synthesis and review,peer feedback,Michigan PE Standards 2;4;5
ma-g7-physical-education-u08-l11,ma-g7-physical-education,7,physical-education,95,8,"Leadership, Officiating, and Inclusive Participation",11,Unit assessment: activity adaptation,Unit assessment,activity adaptation,Michigan PE Standards 2;4;5
ma-g7-physical-education-u08-l12,ma-g7-physical-education,7,physical-education,96,8,"Leadership, Officiating, and Inclusive Participation",12,Correction and reflection: equipment responsibility,Correction and reflection,equipment responsibility,Michigan PE Standards 2;4;5
ma-g7-physical-education-u09-l01,ma-g7-physical-education,7,physical-education,97,9,Lifetime Activity Portfolio,1,Launch and diagnostic: activity preferences,Launch and diagnostic,activity preferences,Michigan PE Standards 3;4;5
ma-g7-physical-education-u09-l02,ma-g7-physical-education,7,physical-education,98,9,Lifetime Activity Portfolio,2,Concept model A: community resources,Concept model A,community resources,Michigan PE Standards 3;4;5
ma-g7-physical-education-u09-l03,ma-g7-physical-education,7,physical-education,99,9,Lifetime Activity Portfolio,3,Guided practice A: stress and enjoyment,Guided practice A,stress and enjoyment,Michigan PE Standards 3;4;5
ma-g7-physical-education-u09-l04,ma-g7-physical-education,7,physical-education,100,9,Lifetime Activity Portfolio,4,Independent application A: independent planning,Independent application A,independent planning,Michigan PE Standards 3;4;5
ma-g7-physical-education-u09-l05,ma-g7-physical-education,7,physical-education,101,9,Lifetime Activity Portfolio,5,Concept model B: goal review,Concept model B,goal review,Michigan PE Standards 3;4;5
ma-g7-physical-education-u09-l06,ma-g7-physical-education,7,physical-education,102,9,Lifetime Activity Portfolio,6,Guided practice B: long-term participation,Guided practice B,long-term participation,Michigan PE Standards 3;4;5
ma-g7-physical-education-u09-l07,ma-g7-physical-education,7,physical-education,103,9,Lifetime Activity Portfolio,7,Investigation or close reading: activity preferences,Investigation or close reading,activity preferences,Michigan PE Standards 3;4;5
ma-g7-physical-education-u09-l08,ma-g7-physical-education,7,physical-education,104,9,Lifetime Activity Portfolio,8,Reteach and varied practice: community resources,Reteach and varied practice,community resources,Michigan PE Standards 3;4;5
ma-g7-physical-education-u09-l09,ma-g7-physical-education,7,physical-education,105,9,Lifetime Activity Portfolio,9,Performance task build: stress and enjoyment,Performance task build,stress and enjoyment,Michigan PE Standards 3;4;5
ma-g7-physical-education-u09-l10,ma-g7-physical-education,7,physical-education,106,9,Lifetime Activity Portfolio,10,Synthesis and review: independent planning,Synthesis and review,independent planning,Michigan PE Standards 3;4;5
ma-g7-physical-education-u09-l11,ma-g7-physical-education,7,physical-education,107,9,Lifetime Activity Portfolio,11,Unit assessment: goal review,Unit assessment,goal review,Michigan PE Standards 3;4;5
ma-g7-physical-education-u09-l12,ma-g7-physical-education,7,physical-education,108,9,Lifetime Activity Portfolio,12,Correction and reflection: long-term participation,Correction and reflection,long-term participation,Michigan PE Standards 3;4;5
ma-g7-ready-for-life-u01-l01,ma-g7-ready-for-life,7,ready-for-life,1,1,Personal Systems and Time Management,1,Launch and diagnostic: weekly planning,Launch and diagnostic,weekly planning,Manuel Academy RFL middle-grades progression
ma-g7-ready-for-life-u01-l02,ma-g7-ready-for-life,7,ready-for-life,2,1,Personal Systems and Time Management,2,Explicit model: prioritizing and estimating time,Explicit model,prioritizing and estimating time,Manuel Academy RFL middle-grades progression
ma-g7-ready-for-life-u01-l03,ma-g7-ready-for-life,7,ready-for-life,3,1,Personal Systems and Time Management,3,Guided practice: preparing materials,Guided practice,preparing materials,Manuel Academy RFL middle-grades progression
ma-g7-ready-for-life-u01-l04,ma-g7-ready-for-life,7,ready-for-life,4,1,Personal Systems and Time Management,4,Application or project: task initiation,Application or project,task initiation,Manuel Academy RFL middle-grades progression
ma-g7-ready-for-life-u01-l05,ma-g7-ready-for-life,7,ready-for-life,5,1,Personal Systems and Time Management,5,Mastery check: breaks and resume,Mastery check,breaks and resume,Manuel Academy RFL middle-grades progression
ma-g7-ready-for-life-u01-l06,ma-g7-ready-for-life,7,ready-for-life,6,1,Personal Systems and Time Management,6,Correction and reflection: repairing missed commitments,Correction and reflection,repairing missed commitments,Manuel Academy RFL middle-grades progression
ma-g7-ready-for-life-u02-l01,ma-g7-ready-for-life,7,ready-for-life,7,2,"Home Care, Laundry, and Maintenance",1,Launch and diagnostic: room and shared-space systems,Launch and diagnostic,room and shared-space systems,Manuel Academy RFL middle-grades progression
ma-g7-ready-for-life-u02-l02,ma-g7-ready-for-life,7,ready-for-life,8,2,"Home Care, Laundry, and Maintenance",2,Explicit model: laundry cycles and labels,Explicit model,laundry cycles and labels,Manuel Academy RFL middle-grades progression
ma-g7-ready-for-life-u02-l03,ma-g7-ready-for-life,7,ready-for-life,9,2,"Home Care, Laundry, and Maintenance",3,Guided practice: minor maintenance checks,Guided practice,minor maintenance checks,Manuel Academy RFL middle-grades progression
ma-g7-ready-for-life-u02-l04,ma-g7-ready-for-life,7,ready-for-life,10,2,"Home Care, Laundry, and Maintenance",4,Application or project: cleaning-product safety,Application or project,cleaning-product safety,Manuel Academy RFL middle-grades progression
ma-g7-ready-for-life-u02-l05,ma-g7-ready-for-life,7,ready-for-life,11,2,"Home Care, Laundry, and Maintenance",5,Mastery check: tool boundaries,Mastery check,tool boundaries,Manuel Academy RFL middle-grades progression
ma-g7-ready-for-life-u02-l06,ma-g7-ready-for-life,7,ready-for-life,12,2,"Home Care, Laundry, and Maintenance",6,Correction and reflection: finish-the-loop inspection,Correction and reflection,finish-the-loop inspection,Manuel Academy RFL middle-grades progression
ma-g7-ready-for-life-u03-l01,ma-g7-ready-for-life,7,ready-for-life,13,3,Kitchen Skills and Flexible Meal Planning,1,Launch and diagnostic: food safety,Launch and diagnostic,food safety,Manuel Academy RFL middle-grades progression
ma-g7-ready-for-life-u03-l02,ma-g7-ready-for-life,7,ready-for-life,14,3,Kitchen Skills and Flexible Meal Planning,2,Explicit model: knife and heat boundaries,Explicit model,knife and heat boundaries,Manuel Academy RFL middle-grades progression
ma-g7-ready-for-life-u03-l03,ma-g7-ready-for-life,7,ready-for-life,15,3,Kitchen Skills and Flexible Meal Planning,3,Guided practice: recipe reading,Guided practice,recipe reading,Manuel Academy RFL middle-grades progression
ma-g7-ready-for-life-u03-l04,ma-g7-ready-for-life,7,ready-for-life,16,3,Kitchen Skills and Flexible Meal Planning,4,Application or project: measurement and timing,Application or project,measurement and timing,Manuel Academy RFL middle-grades progression
ma-g7-ready-for-life-u03-l05,ma-g7-ready-for-life,7,ready-for-life,17,3,Kitchen Skills and Flexible Meal Planning,5,Mastery check: balanced flexible meal components,Mastery check,balanced flexible meal components,Manuel Academy RFL middle-grades progression
ma-g7-ready-for-life-u03-l06,ma-g7-ready-for-life,7,ready-for-life,18,3,Kitchen Skills and Flexible Meal Planning,6,Correction and reflection: storage and cleanup,Correction and reflection,storage and cleanup,Manuel Academy RFL middle-grades progression
ma-g7-ready-for-life-u04-l01,ma-g7-ready-for-life,7,ready-for-life,19,4,"Communication, Boundaries, and Family Teamwork",1,Launch and diagnostic: asking for clarification,Launch and diagnostic,asking for clarification,Manuel Academy RFL middle-grades progression
ma-g7-ready-for-life-u04-l02,ma-g7-ready-for-life,7,ready-for-life,20,4,"Communication, Boundaries, and Family Teamwork",2,Explicit model: assertive boundaries,Explicit model,assertive boundaries,Manuel Academy RFL middle-grades progression
ma-g7-ready-for-life-u04-l03,ma-g7-ready-for-life,7,ready-for-life,21,4,"Communication, Boundaries, and Family Teamwork",3,Guided practice: giving and receiving feedback,Guided practice,giving and receiving feedback,Manuel Academy RFL middle-grades progression
ma-g7-ready-for-life-u04-l04,ma-g7-ready-for-life,7,ready-for-life,22,4,"Communication, Boundaries, and Family Teamwork",4,Application or project: conflict repair,Application or project,conflict repair,Manuel Academy RFL middle-grades progression
ma-g7-ready-for-life-u04-l05,ma-g7-ready-for-life,7,ready-for-life,23,4,"Communication, Boundaries, and Family Teamwork",5,Mastery check: shared responsibilities,Mastery check,shared responsibilities,Manuel Academy RFL middle-grades progression
ma-g7-ready-for-life-u04-l06,ma-g7-ready-for-life,7,ready-for-life,24,4,"Communication, Boundaries, and Family Teamwork",6,Correction and reflection: helping without taking over,Correction and reflection,helping without taking over,Manuel Academy RFL middle-grades progression
ma-g7-ready-for-life-u05-l01,ma-g7-ready-for-life,7,ready-for-life,25,5,"Digital Life, Purchases, and Consumer Skills",1,Launch and diagnostic: account and password safety,Launch and diagnostic,account and password safety,Manuel Academy RFL middle-grades progression
ma-g7-ready-for-life-u05-l02,ma-g7-ready-for-life,7,ready-for-life,26,5,"Digital Life, Purchases, and Consumer Skills",2,Explicit model: subscriptions and in-app purchases,Explicit model,subscriptions and in-app purchases,Manuel Academy RFL middle-grades progression
ma-g7-ready-for-life-u05-l03,ma-g7-ready-for-life,7,ready-for-life,27,5,"Digital Life, Purchases, and Consumer Skills",3,Guided practice: comparison shopping,Guided practice,comparison shopping,Manuel Academy RFL middle-grades progression
ma-g7-ready-for-life-u05-l04,ma-g7-ready-for-life,7,ready-for-life,28,5,"Digital Life, Purchases, and Consumer Skills",4,Application or project: reviews and scams,Application or project,reviews and scams,Manuel Academy RFL middle-grades progression
ma-g7-ready-for-life-u05-l05,ma-g7-ready-for-life,7,ready-for-life,29,5,"Digital Life, Purchases, and Consumer Skills",5,Mastery check: returns and warranties,Mastery check,returns and warranties,Manuel Academy RFL middle-grades progression
ma-g7-ready-for-life-u05-l06,ma-g7-ready-for-life,7,ready-for-life,30,5,"Digital Life, Purchases, and Consumer Skills",6,Correction and reflection: digital cleanup,Correction and reflection,digital cleanup,Manuel Academy RFL middle-grades progression
ma-g7-ready-for-life-u06-l01,ma-g7-ready-for-life,7,ready-for-life,31,6,Community Contribution Capstone,1,Launch and diagnostic: identifying a need,Launch and diagnostic,identifying a need,Manuel Academy RFL middle-grades progression
ma-g7-ready-for-life-u06-l02,ma-g7-ready-for-life,7,ready-for-life,32,6,Community Contribution Capstone,2,Explicit model: scope and permission,Explicit model,scope and permission,Manuel Academy RFL middle-grades progression
ma-g7-ready-for-life-u06-l03,ma-g7-ready-for-life,7,ready-for-life,33,6,Community Contribution Capstone,3,Guided practice: planning and materials,Guided practice,planning and materials,Manuel Academy RFL middle-grades progression
ma-g7-ready-for-life-u06-l04,ma-g7-ready-for-life,7,ready-for-life,34,6,Community Contribution Capstone,4,Application or project: communication,Application or project,communication,Manuel Academy RFL middle-grades progression
ma-g7-ready-for-life-u06-l05,ma-g7-ready-for-life,7,ready-for-life,35,6,Community Contribution Capstone,5,Mastery check: safe execution,Mastery check,safe execution,Manuel Academy RFL middle-grades progression
ma-g7-ready-for-life-u06-l06,ma-g7-ready-for-life,7,ready-for-life,36,6,Community Contribution Capstone,6,Correction and reflection: evaluation and handoff,Correction and reflection,evaluation and handoff,Manuel Academy RFL middle-grades progression
ma-g7-technology-u01-l01,ma-g7-technology,7,technology,1,1,"Digital Citizenship, Research, and Media Literacy",1,Launch and diagnostic: privacy and permissions,Launch and diagnostic,privacy and permissions,Michigan Computer Science: Impacts of Computing;Networks and Internet
ma-g7-technology-u01-l02,ma-g7-technology,7,technology,2,1,"Digital Citizenship, Research, and Media Literacy",2,Explicit model: search strategies,Explicit model,search strategies,Michigan Computer Science: Impacts of Computing;Networks and Internet
ma-g7-technology-u01-l03,ma-g7-technology,7,technology,3,1,"Digital Citizenship, Research, and Media Literacy",3,Guided practice: source credibility,Guided practice,source credibility,Michigan Computer Science: Impacts of Computing;Networks and Internet
ma-g7-technology-u01-l04,ma-g7-technology,7,technology,4,1,"Digital Citizenship, Research, and Media Literacy",4,Application or project: misinformation and manipulation,Application or project,misinformation and manipulation,Michigan Computer Science: Impacts of Computing;Networks and Internet
ma-g7-technology-u01-l05,ma-g7-technology,7,technology,5,1,"Digital Citizenship, Research, and Media Literacy",5,Mastery check: copyright and Creative Commons,Mastery check,copyright and Creative Commons,Michigan Computer Science: Impacts of Computing;Networks and Internet
ma-g7-technology-u01-l06,ma-g7-technology,7,technology,6,1,"Digital Citizenship, Research, and Media Literacy",6,Correction and reflection: AI output verification,Correction and reflection,AI output verification,Michigan Computer Science: Impacts of Computing;Networks and Internet
ma-g7-technology-u02-l01,ma-g7-technology,7,technology,7,2,Algorithms and Programming Structures,1,Launch and diagnostic: decomposition,Launch and diagnostic,decomposition,Michigan Computer Science: Algorithms and Programming
ma-g7-technology-u02-l02,ma-g7-technology,7,technology,8,2,Algorithms and Programming Structures,2,Explicit model: pseudocode,Explicit model,pseudocode,Michigan Computer Science: Algorithms and Programming
ma-g7-technology-u02-l03,ma-g7-technology,7,technology,9,2,Algorithms and Programming Structures,3,Guided practice: variables and data types,Guided practice,variables and data types,Michigan Computer Science: Algorithms and Programming
ma-g7-technology-u02-l04,ma-g7-technology,7,technology,10,2,Algorithms and Programming Structures,4,Application or project: conditionals,Application or project,conditionals,Michigan Computer Science: Algorithms and Programming
ma-g7-technology-u02-l05,ma-g7-technology,7,technology,11,2,Algorithms and Programming Structures,5,Mastery check: loops,Mastery check,loops,Michigan Computer Science: Algorithms and Programming
ma-g7-technology-u02-l06,ma-g7-technology,7,technology,12,2,Algorithms and Programming Structures,6,Correction and reflection: functions and debugging,Correction and reflection,functions and debugging,Michigan Computer Science: Algorithms and Programming
ma-g7-technology-u03-l01,ma-g7-technology,7,technology,13,3,Web and Interface Design,1,Launch and diagnostic: HTML or block-based page structure,Launch and diagnostic,HTML or block-based page structure,Michigan Computer Science: Computing Systems;Impacts of Computing
ma-g7-technology-u03-l02,ma-g7-technology,7,technology,14,3,Web and Interface Design,2,Explicit model: visual hierarchy,Explicit model,visual hierarchy,Michigan Computer Science: Computing Systems;Impacts of Computing
ma-g7-technology-u03-l03,ma-g7-technology,7,technology,15,3,Web and Interface Design,3,Guided practice: navigation,Guided practice,navigation,Michigan Computer Science: Computing Systems;Impacts of Computing
ma-g7-technology-u03-l04,ma-g7-technology,7,technology,16,3,Web and Interface Design,4,Application or project: forms without personal data,Application or project,forms without personal data,Michigan Computer Science: Computing Systems;Impacts of Computing
ma-g7-technology-u03-l05,ma-g7-technology,7,technology,17,3,Web and Interface Design,5,Mastery check: responsive design concepts,Mastery check,responsive design concepts,Michigan Computer Science: Computing Systems;Impacts of Computing
ma-g7-technology-u03-l06,ma-g7-technology,7,technology,18,3,Web and Interface Design,6,Correction and reflection: accessibility testing,Correction and reflection,accessibility testing,Michigan Computer Science: Computing Systems;Impacts of Computing
ma-g7-technology-u04-l01,ma-g7-technology,7,technology,19,4,Data and Visualization,1,Launch and diagnostic: data collection ethics,Launch and diagnostic,data collection ethics,Michigan Computer Science: Data and Analysis
ma-g7-technology-u04-l02,ma-g7-technology,7,technology,20,4,Data and Visualization,2,Explicit model: spreadsheets and formulas,Explicit model,spreadsheets and formulas,Michigan Computer Science: Data and Analysis
ma-g7-technology-u04-l03,ma-g7-technology,7,technology,21,4,Data and Visualization,3,Guided practice: cleaning data,Guided practice,cleaning data,Michigan Computer Science: Data and Analysis
ma-g7-technology-u04-l04,ma-g7-technology,7,technology,22,4,Data and Visualization,4,Application or project: charts,Application or project,charts,Michigan Computer Science: Data and Analysis
ma-g7-technology-u04-l05,ma-g7-technology,7,technology,23,4,Data and Visualization,5,Mastery check: patterns and outliers,Mastery check,patterns and outliers,Michigan Computer Science: Data and Analysis
ma-g7-technology-u04-l06,ma-g7-technology,7,technology,24,4,Data and Visualization,6,Correction and reflection: communicating uncertainty,Correction and reflection,communicating uncertainty,Michigan Computer Science: Data and Analysis
ma-g7-technology-u05-l01,ma-g7-technology,7,technology,25,5,"Networks, Cybersecurity, and Digital Safety",1,Launch and diagnostic: network basics,Launch and diagnostic,network basics,Michigan Computer Science: Networks and Internet;Cybersecurity
ma-g7-technology-u05-l02,ma-g7-technology,7,technology,26,5,"Networks, Cybersecurity, and Digital Safety",2,Explicit model: encryption concept,Explicit model,encryption concept,Michigan Computer Science: Networks and Internet;Cybersecurity
ma-g7-technology-u05-l03,ma-g7-technology,7,technology,27,5,"Networks, Cybersecurity, and Digital Safety",3,Guided practice: authentication,Guided practice,authentication,Michigan Computer Science: Networks and Internet;Cybersecurity
ma-g7-technology-u05-l04,ma-g7-technology,7,technology,28,5,"Networks, Cybersecurity, and Digital Safety",4,Application or project: phishing and social engineering,Application or project,phishing and social engineering,Michigan Computer Science: Networks and Internet;Cybersecurity
ma-g7-technology-u05-l05,ma-g7-technology,7,technology,29,5,"Networks, Cybersecurity, and Digital Safety",5,Mastery check: updates and backups,Mastery check,updates and backups,Michigan Computer Science: Networks and Internet;Cybersecurity
ma-g7-technology-u05-l06,ma-g7-technology,7,technology,30,5,"Networks, Cybersecurity, and Digital Safety",6,Correction and reflection: incident reporting,Correction and reflection,incident reporting,Michigan Computer Science: Networks and Internet;Cybersecurity
ma-g7-technology-u06-l01,ma-g7-technology,7,technology,31,6,Human-Centered and AI-Aware Design,1,Launch and diagnostic: user research without private data,Launch and diagnostic,user research without private data,Michigan Computer Science: Impacts of Computing;Algorithms and Programming
ma-g7-technology-u06-l02,ma-g7-technology,7,technology,32,6,Human-Centered and AI-Aware Design,2,Explicit model: requirements,Explicit model,requirements,Michigan Computer Science: Impacts of Computing;Algorithms and Programming
ma-g7-technology-u06-l03,ma-g7-technology,7,technology,33,6,Human-Centered and AI-Aware Design,3,Guided practice: prototype testing,Guided practice,prototype testing,Michigan Computer Science: Impacts of Computing;Algorithms and Programming
ma-g7-technology-u06-l04,ma-g7-technology,7,technology,34,6,Human-Centered and AI-Aware Design,4,Application or project: bias and accessibility,Application or project,bias and accessibility,Michigan Computer Science: Impacts of Computing;Algorithms and Programming
ma-g7-technology-u06-l05,ma-g7-technology,7,technology,35,6,Human-Centered and AI-Aware Design,5,Mastery check: AI capabilities and limits,Mastery check,AI capabilities and limits,Michigan Computer Science: Impacts of Computing;Algorithms and Programming
ma-g7-technology-u06-l06,ma-g7-technology,7,technology,36,6,Human-Centered and AI-Aware Design,6,Correction and reflection: iteration and documentation,Correction and reflection,iteration and documentation,Michigan Computer Science: Impacts of Computing;Algorithms and Programming
ma-g7-arts-and-music-u01-l01,ma-g7-arts-and-music,7,arts-and-music,1,1,Visual Storytelling and Composition,1,Launch and diagnostic: composition and focal point,Launch and diagnostic,composition and focal point,Michigan Arts: Visual Arts Create;Respond
ma-g7-arts-and-music-u01-l02,ma-g7-arts-and-music,7,arts-and-music,2,1,Visual Storytelling and Composition,2,Concept model A: value color and mood,Concept model A,value color and mood,Michigan Arts: Visual Arts Create;Respond
ma-g7-arts-and-music-u01-l03,ma-g7-arts-and-music,7,arts-and-music,3,1,Visual Storytelling and Composition,3,Guided practice A: perspective and depth,Guided practice A,perspective and depth,Michigan Arts: Visual Arts Create;Respond
ma-g7-arts-and-music-u01-l04,ma-g7-arts-and-music,7,arts-and-music,4,1,Visual Storytelling and Composition,4,Independent application A: symbol and visual metaphor,Independent application A,symbol and visual metaphor,Michigan Arts: Visual Arts Create;Respond
ma-g7-arts-and-music-u01-l05,ma-g7-arts-and-music,7,arts-and-music,5,1,Visual Storytelling and Composition,5,Concept model B: sequential art,Concept model B,sequential art,Michigan Arts: Visual Arts Create;Respond
ma-g7-arts-and-music-u01-l06,ma-g7-arts-and-music,7,arts-and-music,6,1,Visual Storytelling and Composition,6,Guided practice B: critique and revision,Guided practice B,critique and revision,Michigan Arts: Visual Arts Create;Respond
ma-g7-arts-and-music-u01-l07,ma-g7-arts-and-music,7,arts-and-music,7,1,Visual Storytelling and Composition,7,Investigation or close reading: composition and focal point,Investigation or close reading,composition and focal point,Michigan Arts: Visual Arts Create;Respond
ma-g7-arts-and-music-u01-l08,ma-g7-arts-and-music,7,arts-and-music,8,1,Visual Storytelling and Composition,8,Reteach and varied practice: value color and mood,Reteach and varied practice,value color and mood,Michigan Arts: Visual Arts Create;Respond
ma-g7-arts-and-music-u01-l09,ma-g7-arts-and-music,7,arts-and-music,9,1,Visual Storytelling and Composition,9,Performance task build: perspective and depth,Performance task build,perspective and depth,Michigan Arts: Visual Arts Create;Respond
ma-g7-arts-and-music-u01-l10,ma-g7-arts-and-music,7,arts-and-music,10,1,Visual Storytelling and Composition,10,Synthesis and review: symbol and visual metaphor,Synthesis and review,symbol and visual metaphor,Michigan Arts: Visual Arts Create;Respond
ma-g7-arts-and-music-u01-l11,ma-g7-arts-and-music,7,arts-and-music,11,1,Visual Storytelling and Composition,11,Unit assessment: sequential art,Unit assessment,sequential art,Michigan Arts: Visual Arts Create;Respond
ma-g7-arts-and-music-u01-l12,ma-g7-arts-and-music,7,arts-and-music,12,1,Visual Storytelling and Composition,12,Correction and reflection: critique and revision,Correction and reflection,critique and revision,Michigan Arts: Visual Arts Create;Respond
ma-g7-arts-and-music-u02-l01,ma-g7-arts-and-music,7,arts-and-music,13,2,Studio Techniques and Design Problems,1,Launch and diagnostic: drawing and observation,Launch and diagnostic,drawing and observation,Michigan Arts: Visual Arts Create;Present
ma-g7-arts-and-music-u02-l02,ma-g7-arts-and-music,7,arts-and-music,14,2,Studio Techniques and Design Problems,2,Concept model A: painting or color media,Concept model A,painting or color media,Michigan Arts: Visual Arts Create;Present
ma-g7-arts-and-music-u02-l03,ma-g7-arts-and-music,7,arts-and-music,15,2,Studio Techniques and Design Problems,3,Guided practice A: print collage or mixed media,Guided practice A,print collage or mixed media,Michigan Arts: Visual Arts Create;Present
ma-g7-arts-and-music-u02-l04,ma-g7-arts-and-music,7,arts-and-music,16,2,Studio Techniques and Design Problems,4,Independent application A: three-dimensional design,Independent application A,three-dimensional design,Michigan Arts: Visual Arts Create;Present
ma-g7-arts-and-music-u02-l05,ma-g7-arts-and-music,7,arts-and-music,17,2,Studio Techniques and Design Problems,5,Concept model B: craftsmanship and safety,Concept model B,craftsmanship and safety,Michigan Arts: Visual Arts Create;Present
ma-g7-arts-and-music-u02-l06,ma-g7-arts-and-music,7,arts-and-music,18,2,Studio Techniques and Design Problems,6,Guided practice B: design iteration,Guided practice B,design iteration,Michigan Arts: Visual Arts Create;Present
ma-g7-arts-and-music-u02-l07,ma-g7-arts-and-music,7,arts-and-music,19,2,Studio Techniques and Design Problems,7,Investigation or close reading: drawing and observation,Investigation or close reading,drawing and observation,Michigan Arts: Visual Arts Create;Present
ma-g7-arts-and-music-u02-l08,ma-g7-arts-and-music,7,arts-and-music,20,2,Studio Techniques and Design Problems,8,Reteach and varied practice: painting or color media,Reteach and varied practice,painting or color media,Michigan Arts: Visual Arts Create;Present
ma-g7-arts-and-music-u02-l09,ma-g7-arts-and-music,7,arts-and-music,21,2,Studio Techniques and Design Problems,9,Performance task build: print collage or mixed media,Performance task build,print collage or mixed media,Michigan Arts: Visual Arts Create;Present
ma-g7-arts-and-music-u02-l10,ma-g7-arts-and-music,7,arts-and-music,22,2,Studio Techniques and Design Problems,10,Synthesis and review: three-dimensional design,Synthesis and review,three-dimensional design,Michigan Arts: Visual Arts Create;Present
ma-g7-arts-and-music-u02-l11,ma-g7-arts-and-music,7,arts-and-music,23,2,Studio Techniques and Design Problems,11,Unit assessment: craftsmanship and safety,Unit assessment,craftsmanship and safety,Michigan Arts: Visual Arts Create;Present
ma-g7-arts-and-music-u02-l12,ma-g7-arts-and-music,7,arts-and-music,24,2,Studio Techniques and Design Problems,12,Correction and reflection: design iteration,Correction and reflection,design iteration,Michigan Arts: Visual Arts Create;Present
ma-g7-arts-and-music-u03-l01,ma-g7-arts-and-music,7,arts-and-music,25,3,Music Creation and Performance,1,Launch and diagnostic: rhythm and meter,Launch and diagnostic,rhythm and meter,Michigan Arts: Music Create;Perform
ma-g7-arts-and-music-u03-l02,ma-g7-arts-and-music,7,arts-and-music,26,3,Music Creation and Performance,2,Concept model A: melody and harmony concepts,Concept model A,melody and harmony concepts,Michigan Arts: Music Create;Perform
ma-g7-arts-and-music-u03-l03,ma-g7-arts-and-music,7,arts-and-music,27,3,Music Creation and Performance,3,Guided practice A: form,Guided practice A,form,Michigan Arts: Music Create;Perform
ma-g7-arts-and-music-u03-l04,ma-g7-arts-and-music,7,arts-and-music,28,3,Music Creation and Performance,4,Independent application A: notation or sequencing,Independent application A,notation or sequencing,Michigan Arts: Music Create;Perform
ma-g7-arts-and-music-u03-l05,ma-g7-arts-and-music,7,arts-and-music,29,3,Music Creation and Performance,5,Concept model B: ensemble skills,Concept model B,ensemble skills,Michigan Arts: Music Create;Perform
ma-g7-arts-and-music-u03-l06,ma-g7-arts-and-music,7,arts-and-music,30,3,Music Creation and Performance,6,Guided practice B: practice and interpretation,Guided practice B,practice and interpretation,Michigan Arts: Music Create;Perform
ma-g7-arts-and-music-u03-l07,ma-g7-arts-and-music,7,arts-and-music,31,3,Music Creation and Performance,7,Investigation or close reading: rhythm and meter,Investigation or close reading,rhythm and meter,Michigan Arts: Music Create;Perform
ma-g7-arts-and-music-u03-l08,ma-g7-arts-and-music,7,arts-and-music,32,3,Music Creation and Performance,8,Reteach and varied practice: melody and harmony concepts,Reteach and varied practice,melody and harmony concepts,Michigan Arts: Music Create;Perform
ma-g7-arts-and-music-u03-l09,ma-g7-arts-and-music,7,arts-and-music,33,3,Music Creation and Performance,9,Performance task build: form,Performance task build,form,Michigan Arts: Music Create;Perform
ma-g7-arts-and-music-u03-l10,ma-g7-arts-and-music,7,arts-and-music,34,3,Music Creation and Performance,10,Synthesis and review: notation or sequencing,Synthesis and review,notation or sequencing,Michigan Arts: Music Create;Perform
ma-g7-arts-and-music-u03-l11,ma-g7-arts-and-music,7,arts-and-music,35,3,Music Creation and Performance,11,Unit assessment: ensemble skills,Unit assessment,ensemble skills,Michigan Arts: Music Create;Perform
ma-g7-arts-and-music-u03-l12,ma-g7-arts-and-music,7,arts-and-music,36,3,Music Creation and Performance,12,Correction and reflection: practice and interpretation,Correction and reflection,practice and interpretation,Michigan Arts: Music Create;Perform
ma-g7-arts-and-music-u04-l01,ma-g7-arts-and-music,7,arts-and-music,37,4,Theatre and Media Production,1,Launch and diagnostic: character objective and obstacle,Launch and diagnostic,character objective and obstacle,Michigan Arts: Theatre Create;Perform;Media Arts Create
ma-g7-arts-and-music-u04-l02,ma-g7-arts-and-music,7,arts-and-music,38,4,Theatre and Media Production,2,Concept model A: script structure,Concept model A,script structure,Michigan Arts: Theatre Create;Perform;Media Arts Create
ma-g7-arts-and-music-u04-l03,ma-g7-arts-and-music,7,arts-and-music,39,4,Theatre and Media Production,3,Guided practice A: blocking and voice,Guided practice A,blocking and voice,Michigan Arts: Theatre Create;Perform;Media Arts Create
ma-g7-arts-and-music-u04-l04,ma-g7-arts-and-music,7,arts-and-music,40,4,Theatre and Media Production,4,Independent application A: camera and framing concepts,Independent application A,camera and framing concepts,Michigan Arts: Theatre Create;Perform;Media Arts Create
ma-g7-arts-and-music-u04-l05,ma-g7-arts-and-music,7,arts-and-music,41,4,Theatre and Media Production,5,Concept model B: sound and editing,Concept model B,sound and editing,Michigan Arts: Theatre Create;Perform;Media Arts Create
ma-g7-arts-and-music-u04-l06,ma-g7-arts-and-music,7,arts-and-music,42,4,Theatre and Media Production,6,Guided practice B: production roles and consent,Guided practice B,production roles and consent,Michigan Arts: Theatre Create;Perform;Media Arts Create
ma-g7-arts-and-music-u04-l07,ma-g7-arts-and-music,7,arts-and-music,43,4,Theatre and Media Production,7,Investigation or close reading: character objective and obstacle,Investigation or close reading,character objective and obstacle,Michigan Arts: Theatre Create;Perform;Media Arts Create
ma-g7-arts-and-music-u04-l08,ma-g7-arts-and-music,7,arts-and-music,44,4,Theatre and Media Production,8,Reteach and varied practice: script structure,Reteach and varied practice,script structure,Michigan Arts: Theatre Create;Perform;Media Arts Create
ma-g7-arts-and-music-u04-l09,ma-g7-arts-and-music,7,arts-and-music,45,4,Theatre and Media Production,9,Performance task build: blocking and voice,Performance task build,blocking and voice,Michigan Arts: Theatre Create;Perform;Media Arts Create
ma-g7-arts-and-music-u04-l10,ma-g7-arts-and-music,7,arts-and-music,46,4,Theatre and Media Production,10,Synthesis and review: camera and framing concepts,Synthesis and review,camera and framing concepts,Michigan Arts: Theatre Create;Perform;Media Arts Create
ma-g7-arts-and-music-u04-l11,ma-g7-arts-and-music,7,arts-and-music,47,4,Theatre and Media Production,11,Unit assessment: sound and editing,Unit assessment,sound and editing,Michigan Arts: Theatre Create;Perform;Media Arts Create
ma-g7-arts-and-music-u04-l12,ma-g7-arts-and-music,7,arts-and-music,48,4,Theatre and Media Production,12,Correction and reflection: production roles and consent,Correction and reflection,production roles and consent,Michigan Arts: Theatre Create;Perform;Media Arts Create
ma-g7-arts-and-music-u05-l01,ma-g7-arts-and-music,7,arts-and-music,49,5,"Dance, Culture, and Artistic Context",1,Launch and diagnostic: movement motifs,Launch and diagnostic,movement motifs,Michigan Arts: Dance Create;Connect;Respond
ma-g7-arts-and-music-u05-l02,ma-g7-arts-and-music,7,arts-and-music,50,5,"Dance, Culture, and Artistic Context",2,Concept model A: space time and energy,Concept model A,space time and energy,Michigan Arts: Dance Create;Connect;Respond
ma-g7-arts-and-music-u05-l03,ma-g7-arts-and-music,7,arts-and-music,51,5,"Dance, Culture, and Artistic Context",3,Guided practice A: choreographic structure,Guided practice A,choreographic structure,Michigan Arts: Dance Create;Connect;Respond
ma-g7-arts-and-music-u05-l04,ma-g7-arts-and-music,7,arts-and-music,52,5,"Dance, Culture, and Artistic Context",4,Independent application A: cultural context,Independent application A,cultural context,Michigan Arts: Dance Create;Connect;Respond
ma-g7-arts-and-music-u05-l05,ma-g7-arts-and-music,7,arts-and-music,53,5,"Dance, Culture, and Artistic Context",5,Concept model B: respectful borrowing versus appropriation,Concept model B,respectful borrowing versus appropriation,Michigan Arts: Dance Create;Connect;Respond
ma-g7-arts-and-music-u05-l06,ma-g7-arts-and-music,7,arts-and-music,54,5,"Dance, Culture, and Artistic Context",6,Guided practice B: analysis and interpretation,Guided practice B,analysis and interpretation,Michigan Arts: Dance Create;Connect;Respond
ma-g7-arts-and-music-u05-l07,ma-g7-arts-and-music,7,arts-and-music,55,5,"Dance, Culture, and Artistic Context",7,Investigation or close reading: movement motifs,Investigation or close reading,movement motifs,Michigan Arts: Dance Create;Connect;Respond
ma-g7-arts-and-music-u05-l08,ma-g7-arts-and-music,7,arts-and-music,56,5,"Dance, Culture, and Artistic Context",8,Reteach and varied practice: space time and energy,Reteach and varied practice,space time and energy,Michigan Arts: Dance Create;Connect;Respond
ma-g7-arts-and-music-u05-l09,ma-g7-arts-and-music,7,arts-and-music,57,5,"Dance, Culture, and Artistic Context",9,Performance task build: choreographic structure,Performance task build,choreographic structure,Michigan Arts: Dance Create;Connect;Respond
ma-g7-arts-and-music-u05-l10,ma-g7-arts-and-music,7,arts-and-music,58,5,"Dance, Culture, and Artistic Context",10,Synthesis and review: cultural context,Synthesis and review,cultural context,Michigan Arts: Dance Create;Connect;Respond
ma-g7-arts-and-music-u05-l11,ma-g7-arts-and-music,7,arts-and-music,59,5,"Dance, Culture, and Artistic Context",11,Unit assessment: respectful borrowing versus appropriation,Unit assessment,respectful borrowing versus appropriation,Michigan Arts: Dance Create;Connect;Respond
ma-g7-arts-and-music-u05-l12,ma-g7-arts-and-music,7,arts-and-music,60,5,"Dance, Culture, and Artistic Context",12,Correction and reflection: analysis and interpretation,Correction and reflection,analysis and interpretation,Michigan Arts: Dance Create;Connect;Respond
ma-g7-arts-and-music-u06-l01,ma-g7-arts-and-music,7,arts-and-music,61,6,"Curating, Portfolio, and Exhibition",1,Launch and diagnostic: curatorial theme,Launch and diagnostic,curatorial theme,Michigan Arts: Present/Perform;Respond;Connect
ma-g7-arts-and-music-u06-l02,ma-g7-arts-and-music,7,arts-and-music,62,6,"Curating, Portfolio, and Exhibition",2,Concept model A: selection and sequencing,Concept model A,selection and sequencing,Michigan Arts: Present/Perform;Respond;Connect
ma-g7-arts-and-music-u06-l03,ma-g7-arts-and-music,7,arts-and-music,63,6,"Curating, Portfolio, and Exhibition",3,Guided practice A: artist statements,Guided practice A,artist statements,Michigan Arts: Present/Perform;Respond;Connect
ma-g7-arts-and-music-u06-l04,ma-g7-arts-and-music,7,arts-and-music,64,6,"Curating, Portfolio, and Exhibition",4,Independent application A: audience experience,Independent application A,audience experience,Michigan Arts: Present/Perform;Respond;Connect
ma-g7-arts-and-music-u06-l05,ma-g7-arts-and-music,7,arts-and-music,65,6,"Curating, Portfolio, and Exhibition",5,Concept model B: feedback and revision,Concept model B,feedback and revision,Michigan Arts: Present/Perform;Respond;Connect
ma-g7-arts-and-music-u06-l06,ma-g7-arts-and-music,7,arts-and-music,66,6,"Curating, Portfolio, and Exhibition",6,Guided practice B: reflection and future goals,Guided practice B,reflection and future goals,Michigan Arts: Present/Perform;Respond;Connect
ma-g7-arts-and-music-u06-l07,ma-g7-arts-and-music,7,arts-and-music,67,6,"Curating, Portfolio, and Exhibition",7,Investigation or close reading: curatorial theme,Investigation or close reading,curatorial theme,Michigan Arts: Present/Perform;Respond;Connect
ma-g7-arts-and-music-u06-l08,ma-g7-arts-and-music,7,arts-and-music,68,6,"Curating, Portfolio, and Exhibition",8,Reteach and varied practice: selection and sequencing,Reteach and varied practice,selection and sequencing,Michigan Arts: Present/Perform;Respond;Connect
ma-g7-arts-and-music-u06-l09,ma-g7-arts-and-music,7,arts-and-music,69,6,"Curating, Portfolio, and Exhibition",9,Performance task build: artist statements,Performance task build,artist statements,Michigan Arts: Present/Perform;Respond;Connect
ma-g7-arts-and-music-u06-l10,ma-g7-arts-and-music,7,arts-and-music,70,6,"Curating, Portfolio, and Exhibition",10,Synthesis and review: audience experience,Synthesis and review,audience experience,Michigan Arts: Present/Perform;Respond;Connect
ma-g7-arts-and-music-u06-l11,ma-g7-arts-and-music,7,arts-and-music,71,6,"Curating, Portfolio, and Exhibition",11,Unit assessment: feedback and revision,Unit assessment,feedback and revision,Michigan Arts: Present/Perform;Respond;Connect
ma-g7-arts-and-music-u06-l12,ma-g7-arts-and-music,7,arts-and-music,72,6,"Curating, Portfolio, and Exhibition",12,Correction and reflection: reflection and future goals,Correction and reflection,reflection and future goals,Michigan Arts: Present/Perform;Respond;Connect
ma-g7-financial-literacy-u01-l01,ma-g7-financial-literacy,7,financial-literacy,1,1,"Income, Skills, and Work Choices",1,Launch and diagnostic: income sources,Launch and diagnostic,income sources,PF1 foundations
ma-g7-financial-literacy-u01-l02,ma-g7-financial-literacy,7,financial-literacy,2,1,"Income, Skills, and Work Choices",2,Explicit model: education training and skills,Explicit model,education training and skills,PF1 foundations
ma-g7-financial-literacy-u01-l03,ma-g7-financial-literacy,7,financial-literacy,3,1,"Income, Skills, and Work Choices",3,Guided practice: gross pay and deductions concepts,Guided practice,gross pay and deductions concepts,PF1 foundations
ma-g7-financial-literacy-u01-l04,ma-g7-financial-literacy,7,financial-literacy,4,1,"Income, Skills, and Work Choices",4,Application or project: benefits,Application or project,benefits,PF1 foundations
ma-g7-financial-literacy-u01-l05,ma-g7-financial-literacy,7,financial-literacy,5,1,"Income, Skills, and Work Choices",5,Mastery check: entrepreneurship,Mastery check,entrepreneurship,PF1 foundations
ma-g7-financial-literacy-u01-l06,ma-g7-financial-literacy,7,financial-literacy,6,1,"Income, Skills, and Work Choices",6,Correction and reflection: workplace rights and responsibilities foundations,Correction and reflection,workplace rights and responsibilities foundations,PF1 foundations
ma-g7-financial-literacy-u02-l01,ma-g7-financial-literacy,7,financial-literacy,7,2,Consumer Decisions and Contracts,1,Launch and diagnostic: needs priorities and opportunity cost,Launch and diagnostic,needs priorities and opportunity cost,PF2 foundations;PF6 foundations
ma-g7-financial-literacy-u02-l02,ma-g7-financial-literacy,7,financial-literacy,8,2,Consumer Decisions and Contracts,2,Explicit model: unit pricing,Explicit model,unit pricing,PF2 foundations;PF6 foundations
ma-g7-financial-literacy-u02-l03,ma-g7-financial-literacy,7,financial-literacy,9,2,Consumer Decisions and Contracts,3,Guided practice: advertising and influence,Guided practice,advertising and influence,PF2 foundations;PF6 foundations
ma-g7-financial-literacy-u02-l04,ma-g7-financial-literacy,7,financial-literacy,10,2,Consumer Decisions and Contracts,4,Application or project: terms and conditions,Application or project,terms and conditions,PF2 foundations;PF6 foundations
ma-g7-financial-literacy-u02-l05,ma-g7-financial-literacy,7,financial-literacy,11,2,Consumer Decisions and Contracts,5,Mastery check: subscriptions and returns,Mastery check,subscriptions and returns,PF2 foundations;PF6 foundations
ma-g7-financial-literacy-u02-l06,ma-g7-financial-literacy,7,financial-literacy,12,2,Consumer Decisions and Contracts,6,Correction and reflection: fraud and consumer protection,Correction and reflection,fraud and consumer protection,PF2 foundations;PF6 foundations
ma-g7-financial-literacy-u03-l01,ma-g7-financial-literacy,7,financial-literacy,13,3,Budgeting and Saving,1,Launch and diagnostic: cash flow,Launch and diagnostic,cash flow,PF3 foundations
ma-g7-financial-literacy-u03-l02,ma-g7-financial-literacy,7,financial-literacy,14,3,Budgeting and Saving,2,Explicit model: fixed variable and periodic expenses,Explicit model,fixed variable and periodic expenses,PF3 foundations
ma-g7-financial-literacy-u03-l03,ma-g7-financial-literacy,7,financial-literacy,15,3,Budgeting and Saving,3,Guided practice: emergency savings concept,Guided practice,emergency savings concept,PF3 foundations
ma-g7-financial-literacy-u03-l04,ma-g7-financial-literacy,7,financial-literacy,16,3,Budgeting and Saving,4,Application or project: goal-based saving,Application or project,goal-based saving,PF3 foundations
ma-g7-financial-literacy-u03-l05,ma-g7-financial-literacy,7,financial-literacy,17,3,Budgeting and Saving,5,Mastery check: banking services,Mastery check,banking services,PF3 foundations
ma-g7-financial-literacy-u03-l06,ma-g7-financial-literacy,7,financial-literacy,18,3,Budgeting and Saving,6,Correction and reflection: budget revision,Correction and reflection,budget revision,PF3 foundations
ma-g7-financial-literacy-u04-l01,ma-g7-financial-literacy,7,financial-literacy,19,4,Credit and Borrowing,1,Launch and diagnostic: principal interest and term,Launch and diagnostic,principal interest and term,PF4 foundations
ma-g7-financial-literacy-u04-l02,ma-g7-financial-literacy,7,financial-literacy,20,4,Credit and Borrowing,2,Explicit model: credit reports and scores concepts,Explicit model,credit reports and scores concepts,PF4 foundations
ma-g7-financial-literacy-u04-l03,ma-g7-financial-literacy,7,financial-literacy,21,4,Credit and Borrowing,3,Guided practice: minimum payments,Guided practice,minimum payments,PF4 foundations
ma-g7-financial-literacy-u04-l04,ma-g7-financial-literacy,7,financial-literacy,22,4,Credit and Borrowing,4,Application or project: secured and unsecured debt,Application or project,secured and unsecured debt,PF4 foundations
ma-g7-financial-literacy-u04-l05,ma-g7-financial-literacy,7,financial-literacy,23,4,Credit and Borrowing,5,Mastery check: student-aid introduction,Mastery check,student-aid introduction,PF4 foundations
ma-g7-financial-literacy-u04-l06,ma-g7-financial-literacy,7,financial-literacy,24,4,Credit and Borrowing,6,Correction and reflection: predatory lending and scams,Correction and reflection,predatory lending and scams,PF4 foundations
ma-g7-financial-literacy-u05-l01,ma-g7-financial-literacy,7,financial-literacy,25,5,"Investing, Risk, and Protection",1,Launch and diagnostic: saving versus investing,Launch and diagnostic,saving versus investing,PF5 foundations;PF6 foundations
ma-g7-financial-literacy-u05-l02,ma-g7-financial-literacy,7,financial-literacy,26,5,"Investing, Risk, and Protection",2,Explicit model: risk return and time horizon,Explicit model,risk return and time horizon,PF5 foundations;PF6 foundations
ma-g7-financial-literacy-u05-l03,ma-g7-financial-literacy,7,financial-literacy,27,5,"Investing, Risk, and Protection",3,Guided practice: diversification concept,Guided practice,diversification concept,PF5 foundations;PF6 foundations
ma-g7-financial-literacy-u05-l04,ma-g7-financial-literacy,7,financial-literacy,28,5,"Investing, Risk, and Protection",4,Application or project: compound growth,Application or project,compound growth,PF5 foundations;PF6 foundations
ma-g7-financial-literacy-u05-l05,ma-g7-financial-literacy,7,financial-literacy,29,5,"Investing, Risk, and Protection",5,Mastery check: insurance purpose,Mastery check,insurance purpose,PF5 foundations;PF6 foundations
ma-g7-financial-literacy-u05-l06,ma-g7-financial-literacy,7,financial-literacy,30,5,"Investing, Risk, and Protection",6,Correction and reflection: identity theft protection,Correction and reflection,identity theft protection,PF5 foundations;PF6 foundations
ma-g7-financial-literacy-u06-l01,ma-g7-financial-literacy,7,financial-literacy,31,6,"Taxes, Giving, and Financial Plan Capstone",1,Launch and diagnostic: why taxes exist,Launch and diagnostic,why taxes exist,PF7 foundations;PF1-PF6 review
ma-g7-financial-literacy-u06-l02,ma-g7-financial-literacy,7,financial-literacy,32,6,"Taxes, Giving, and Financial Plan Capstone",2,Explicit model: paycheck and sales tax concepts,Explicit model,paycheck and sales tax concepts,PF7 foundations;PF1-PF6 review
ma-g7-financial-literacy-u06-l03,ma-g7-financial-literacy,7,financial-literacy,33,6,"Taxes, Giving, and Financial Plan Capstone",3,Guided practice: public goods,Guided practice,public goods,PF7 foundations;PF1-PF6 review
ma-g7-financial-literacy-u06-l04,ma-g7-financial-literacy,7,financial-literacy,34,6,"Taxes, Giving, and Financial Plan Capstone",4,Application or project: charitable giving,Application or project,charitable giving,PF7 foundations;PF1-PF6 review
ma-g7-financial-literacy-u06-l05,ma-g7-financial-literacy,7,financial-literacy,35,6,"Taxes, Giving, and Financial Plan Capstone",5,Mastery check: financial goals,Mastery check,financial goals,PF7 foundations;PF1-PF6 review
ma-g7-financial-literacy-u06-l06,ma-g7-financial-literacy,7,financial-literacy,36,6,"Taxes, Giving, and Financial Plan Capstone",6,Correction and reflection: decision ethics and reflection,Correction and reflection,decision ethics and reflection,PF7 foundations;PF1-PF6 review
ma-g8-mathematics-u01-l01,ma-g8-mathematics,8,mathematics,1,1,Real Numbers and Irrational Numbers,1,Launch and diagnostic: rational and irrational numbers,Launch and diagnostic,rational and irrational numbers,8.NS.1;8.NS.2;MP.2;MP.6
ma-g8-mathematics-u01-l02,ma-g8-mathematics,8,mathematics,2,1,Real Numbers and Irrational Numbers,2,Concept model A: decimal expansions,Concept model A,decimal expansions,8.NS.1;8.NS.2;MP.2;MP.6
ma-g8-mathematics-u01-l03,ma-g8-mathematics,8,mathematics,3,1,Real Numbers and Irrational Numbers,3,Guided practice A: approximating square roots,Guided practice A,approximating square roots,8.NS.1;8.NS.2;MP.2;MP.6
ma-g8-mathematics-u01-l04,ma-g8-mathematics,8,mathematics,4,1,Real Numbers and Irrational Numbers,4,Independent application A: locating irrational numbers on number lines,Independent application A,locating irrational numbers on number lines,8.NS.1;8.NS.2;MP.2;MP.6
ma-g8-mathematics-u01-l05,ma-g8-mathematics,8,mathematics,5,1,Real Numbers and Irrational Numbers,5,Concept model B: comparing real numbers,Concept model B,comparing real numbers,8.NS.1;8.NS.2;MP.2;MP.6
ma-g8-mathematics-u01-l06,ma-g8-mathematics,8,mathematics,6,1,Real Numbers and Irrational Numbers,6,Guided practice B: precision and estimation,Guided practice B,precision and estimation,8.NS.1;8.NS.2;MP.2;MP.6
ma-g8-mathematics-u01-l07,ma-g8-mathematics,8,mathematics,7,1,Real Numbers and Irrational Numbers,7,Investigation or close reading: rational and irrational numbers,Investigation or close reading,rational and irrational numbers,8.NS.1;8.NS.2;MP.2;MP.6
ma-g8-mathematics-u01-l08,ma-g8-mathematics,8,mathematics,8,1,Real Numbers and Irrational Numbers,8,Reteach and varied practice: decimal expansions,Reteach and varied practice,decimal expansions,8.NS.1;8.NS.2;MP.2;MP.6
ma-g8-mathematics-u01-l09,ma-g8-mathematics,8,mathematics,9,1,Real Numbers and Irrational Numbers,9,Concept model C: approximating square roots,Concept model C,approximating square roots,8.NS.1;8.NS.2;MP.2;MP.6
ma-g8-mathematics-u01-l10,ma-g8-mathematics,8,mathematics,10,1,Real Numbers and Irrational Numbers,10,Discussion or problem seminar: locating irrational numbers on number lines,Discussion or problem seminar,locating irrational numbers on number lines,8.NS.1;8.NS.2;MP.2;MP.6
ma-g8-mathematics-u01-l11,ma-g8-mathematics,8,mathematics,11,1,Real Numbers and Irrational Numbers,11,Performance task planning: comparing real numbers,Performance task planning,comparing real numbers,8.NS.1;8.NS.2;MP.2;MP.6
ma-g8-mathematics-u01-l12,ma-g8-mathematics,8,mathematics,12,1,Real Numbers and Irrational Numbers,12,Performance task build: precision and estimation,Performance task build,precision and estimation,8.NS.1;8.NS.2;MP.2;MP.6
ma-g8-mathematics-u01-l13,ma-g8-mathematics,8,mathematics,13,1,Real Numbers and Irrational Numbers,13,Skill consolidation: rational and irrational numbers,Skill consolidation,rational and irrational numbers,8.NS.1;8.NS.2;MP.2;MP.6
ma-g8-mathematics-u01-l14,ma-g8-mathematics,8,mathematics,14,1,Real Numbers and Irrational Numbers,14,Transfer challenge: decimal expansions,Transfer challenge,decimal expansions,8.NS.1;8.NS.2;MP.2;MP.6
ma-g8-mathematics-u01-l15,ma-g8-mathematics,8,mathematics,15,1,Real Numbers and Irrational Numbers,15,Assessment preparation: approximating square roots,Assessment preparation,approximating square roots,8.NS.1;8.NS.2;MP.2;MP.6
ma-g8-mathematics-u01-l16,ma-g8-mathematics,8,mathematics,16,1,Real Numbers and Irrational Numbers,16,Unit assessment: locating irrational numbers on number lines,Unit assessment,locating irrational numbers on number lines,8.NS.1;8.NS.2;MP.2;MP.6
ma-g8-mathematics-u01-l17,ma-g8-mathematics,8,mathematics,17,1,Real Numbers and Irrational Numbers,17,Targeted correction: comparing real numbers,Targeted correction,comparing real numbers,8.NS.1;8.NS.2;MP.2;MP.6
ma-g8-mathematics-u01-l18,ma-g8-mathematics,8,mathematics,18,1,Real Numbers and Irrational Numbers,18,"Publication, presentation, or reflection: precision and estimation","Publication, presentation, or reflection",precision and estimation,8.NS.1;8.NS.2;MP.2;MP.6
ma-g8-mathematics-u02-l01,ma-g8-mathematics,8,mathematics,19,2,Integer Exponents and Scientific Notation,1,Launch and diagnostic: laws of integer exponents,Launch and diagnostic,laws of integer exponents,8.EE.1;8.EE.3;8.EE.4
ma-g8-mathematics-u02-l02,ma-g8-mathematics,8,mathematics,20,2,Integer Exponents and Scientific Notation,2,Concept model A: powers of ten,Concept model A,powers of ten,8.EE.1;8.EE.3;8.EE.4
ma-g8-mathematics-u02-l03,ma-g8-mathematics,8,mathematics,21,2,Integer Exponents and Scientific Notation,3,Guided practice A: scientific notation,Guided practice A,scientific notation,8.EE.1;8.EE.3;8.EE.4
ma-g8-mathematics-u02-l04,ma-g8-mathematics,8,mathematics,22,2,Integer Exponents and Scientific Notation,4,Independent application A: comparing extreme quantities,Independent application A,comparing extreme quantities,8.EE.1;8.EE.3;8.EE.4
ma-g8-mathematics-u02-l05,ma-g8-mathematics,8,mathematics,23,2,Integer Exponents and Scientific Notation,5,Concept model B: operations in scientific notation,Concept model B,operations in scientific notation,8.EE.1;8.EE.3;8.EE.4
ma-g8-mathematics-u02-l06,ma-g8-mathematics,8,mathematics,24,2,Integer Exponents and Scientific Notation,6,Guided practice B: measurement and technology applications,Guided practice B,measurement and technology applications,8.EE.1;8.EE.3;8.EE.4
ma-g8-mathematics-u02-l07,ma-g8-mathematics,8,mathematics,25,2,Integer Exponents and Scientific Notation,7,Investigation or close reading: laws of integer exponents,Investigation or close reading,laws of integer exponents,8.EE.1;8.EE.3;8.EE.4
ma-g8-mathematics-u02-l08,ma-g8-mathematics,8,mathematics,26,2,Integer Exponents and Scientific Notation,8,Reteach and varied practice: powers of ten,Reteach and varied practice,powers of ten,8.EE.1;8.EE.3;8.EE.4
ma-g8-mathematics-u02-l09,ma-g8-mathematics,8,mathematics,27,2,Integer Exponents and Scientific Notation,9,Concept model C: scientific notation,Concept model C,scientific notation,8.EE.1;8.EE.3;8.EE.4
ma-g8-mathematics-u02-l10,ma-g8-mathematics,8,mathematics,28,2,Integer Exponents and Scientific Notation,10,Discussion or problem seminar: comparing extreme quantities,Discussion or problem seminar,comparing extreme quantities,8.EE.1;8.EE.3;8.EE.4
ma-g8-mathematics-u02-l11,ma-g8-mathematics,8,mathematics,29,2,Integer Exponents and Scientific Notation,11,Performance task planning: operations in scientific notation,Performance task planning,operations in scientific notation,8.EE.1;8.EE.3;8.EE.4
ma-g8-mathematics-u02-l12,ma-g8-mathematics,8,mathematics,30,2,Integer Exponents and Scientific Notation,12,Performance task build: measurement and technology applications,Performance task build,measurement and technology applications,8.EE.1;8.EE.3;8.EE.4
ma-g8-mathematics-u02-l13,ma-g8-mathematics,8,mathematics,31,2,Integer Exponents and Scientific Notation,13,Skill consolidation: laws of integer exponents,Skill consolidation,laws of integer exponents,8.EE.1;8.EE.3;8.EE.4
ma-g8-mathematics-u02-l14,ma-g8-mathematics,8,mathematics,32,2,Integer Exponents and Scientific Notation,14,Transfer challenge: powers of ten,Transfer challenge,powers of ten,8.EE.1;8.EE.3;8.EE.4
ma-g8-mathematics-u02-l15,ma-g8-mathematics,8,mathematics,33,2,Integer Exponents and Scientific Notation,15,Assessment preparation: scientific notation,Assessment preparation,scientific notation,8.EE.1;8.EE.3;8.EE.4
ma-g8-mathematics-u02-l16,ma-g8-mathematics,8,mathematics,34,2,Integer Exponents and Scientific Notation,16,Unit assessment: comparing extreme quantities,Unit assessment,comparing extreme quantities,8.EE.1;8.EE.3;8.EE.4
ma-g8-mathematics-u02-l17,ma-g8-mathematics,8,mathematics,35,2,Integer Exponents and Scientific Notation,17,Targeted correction: operations in scientific notation,Targeted correction,operations in scientific notation,8.EE.1;8.EE.3;8.EE.4
ma-g8-mathematics-u02-l18,ma-g8-mathematics,8,mathematics,36,2,Integer Exponents and Scientific Notation,18,"Publication, presentation, or reflection: measurement and technology applications","Publication, presentation, or reflection",measurement and technology applications,8.EE.1;8.EE.3;8.EE.4
ma-g8-mathematics-u03-l01,ma-g8-mathematics,8,mathematics,37,3,Linear Equations,1,Launch and diagnostic: one-variable equations,Launch and diagnostic,one-variable equations,8.EE.7
ma-g8-mathematics-u03-l02,ma-g8-mathematics,8,mathematics,38,3,Linear Equations,2,Concept model A: distributive property and combining terms,Concept model A,distributive property and combining terms,8.EE.7
ma-g8-mathematics-u03-l03,ma-g8-mathematics,8,mathematics,39,3,Linear Equations,3,Guided practice A: variables on both sides,Guided practice A,variables on both sides,8.EE.7
ma-g8-mathematics-u03-l04,ma-g8-mathematics,8,mathematics,40,3,Linear Equations,4,Independent application A: one solution no solution infinitely many solutions,Independent application A,one solution no solution infinitely many solutions,8.EE.7
ma-g8-mathematics-u03-l05,ma-g8-mathematics,8,mathematics,41,3,Linear Equations,5,Concept model B: checking solutions,Concept model B,checking solutions,8.EE.7
ma-g8-mathematics-u03-l06,ma-g8-mathematics,8,mathematics,42,3,Linear Equations,6,Guided practice B: equations from contexts,Guided practice B,equations from contexts,8.EE.7
ma-g8-mathematics-u03-l07,ma-g8-mathematics,8,mathematics,43,3,Linear Equations,7,Investigation or close reading: one-variable equations,Investigation or close reading,one-variable equations,8.EE.7
ma-g8-mathematics-u03-l08,ma-g8-mathematics,8,mathematics,44,3,Linear Equations,8,Reteach and varied practice: distributive property and combining terms,Reteach and varied practice,distributive property and combining terms,8.EE.7
ma-g8-mathematics-u03-l09,ma-g8-mathematics,8,mathematics,45,3,Linear Equations,9,Concept model C: variables on both sides,Concept model C,variables on both sides,8.EE.7
ma-g8-mathematics-u03-l10,ma-g8-mathematics,8,mathematics,46,3,Linear Equations,10,Discussion or problem seminar: one solution no solution infinitely many solutions,Discussion or problem seminar,one solution no solution infinitely many solutions,8.EE.7
ma-g8-mathematics-u03-l11,ma-g8-mathematics,8,mathematics,47,3,Linear Equations,11,Performance task planning: checking solutions,Performance task planning,checking solutions,8.EE.7
ma-g8-mathematics-u03-l12,ma-g8-mathematics,8,mathematics,48,3,Linear Equations,12,Performance task build: equations from contexts,Performance task build,equations from contexts,8.EE.7
ma-g8-mathematics-u03-l13,ma-g8-mathematics,8,mathematics,49,3,Linear Equations,13,Skill consolidation: one-variable equations,Skill consolidation,one-variable equations,8.EE.7
ma-g8-mathematics-u03-l14,ma-g8-mathematics,8,mathematics,50,3,Linear Equations,14,Transfer challenge: distributive property and combining terms,Transfer challenge,distributive property and combining terms,8.EE.7
ma-g8-mathematics-u03-l15,ma-g8-mathematics,8,mathematics,51,3,Linear Equations,15,Assessment preparation: variables on both sides,Assessment preparation,variables on both sides,8.EE.7
ma-g8-mathematics-u03-l16,ma-g8-mathematics,8,mathematics,52,3,Linear Equations,16,Unit assessment: one solution no solution infinitely many solutions,Unit assessment,one solution no solution infinitely many solutions,8.EE.7
ma-g8-mathematics-u03-l17,ma-g8-mathematics,8,mathematics,53,3,Linear Equations,17,Targeted correction: checking solutions,Targeted correction,checking solutions,8.EE.7
ma-g8-mathematics-u03-l18,ma-g8-mathematics,8,mathematics,54,3,Linear Equations,18,"Publication, presentation, or reflection: equations from contexts","Publication, presentation, or reflection",equations from contexts,8.EE.7
ma-g8-mathematics-u04-l01,ma-g8-mathematics,8,mathematics,55,4,"Slope, Lines, and Proportional Connections",1,Launch and diagnostic: slope as rate of change,Launch and diagnostic,slope as rate of change,8.EE.5;8.EE.6
ma-g8-mathematics-u04-l02,ma-g8-mathematics,8,mathematics,56,4,"Slope, Lines, and Proportional Connections",2,Concept model A: similar triangles and slope,Concept model A,similar triangles and slope,8.EE.5;8.EE.6
ma-g8-mathematics-u04-l03,ma-g8-mathematics,8,mathematics,57,4,"Slope, Lines, and Proportional Connections",3,Guided practice A: slope-intercept form,Guided practice A,slope-intercept form,8.EE.5;8.EE.6
ma-g8-mathematics-u04-l04,ma-g8-mathematics,8,mathematics,58,4,"Slope, Lines, and Proportional Connections",4,Independent application A: graphs tables and equations,Independent application A,graphs tables and equations,8.EE.5;8.EE.6
ma-g8-mathematics-u04-l05,ma-g8-mathematics,8,mathematics,59,4,"Slope, Lines, and Proportional Connections",5,Concept model B: parallel-line reasoning,Concept model B,parallel-line reasoning,8.EE.5;8.EE.6
ma-g8-mathematics-u04-l06,ma-g8-mathematics,8,mathematics,60,4,"Slope, Lines, and Proportional Connections",6,Guided practice B: interpreting intercepts,Guided practice B,interpreting intercepts,8.EE.5;8.EE.6
ma-g8-mathematics-u04-l07,ma-g8-mathematics,8,mathematics,61,4,"Slope, Lines, and Proportional Connections",7,Investigation or close reading: slope as rate of change,Investigation or close reading,slope as rate of change,8.EE.5;8.EE.6
ma-g8-mathematics-u04-l08,ma-g8-mathematics,8,mathematics,62,4,"Slope, Lines, and Proportional Connections",8,Reteach and varied practice: similar triangles and slope,Reteach and varied practice,similar triangles and slope,8.EE.5;8.EE.6
ma-g8-mathematics-u04-l09,ma-g8-mathematics,8,mathematics,63,4,"Slope, Lines, and Proportional Connections",9,Concept model C: slope-intercept form,Concept model C,slope-intercept form,8.EE.5;8.EE.6
ma-g8-mathematics-u04-l10,ma-g8-mathematics,8,mathematics,64,4,"Slope, Lines, and Proportional Connections",10,Discussion or problem seminar: graphs tables and equations,Discussion or problem seminar,graphs tables and equations,8.EE.5;8.EE.6
ma-g8-mathematics-u04-l11,ma-g8-mathematics,8,mathematics,65,4,"Slope, Lines, and Proportional Connections",11,Performance task planning: parallel-line reasoning,Performance task planning,parallel-line reasoning,8.EE.5;8.EE.6
ma-g8-mathematics-u04-l12,ma-g8-mathematics,8,mathematics,66,4,"Slope, Lines, and Proportional Connections",12,Performance task build: interpreting intercepts,Performance task build,interpreting intercepts,8.EE.5;8.EE.6
ma-g8-mathematics-u04-l13,ma-g8-mathematics,8,mathematics,67,4,"Slope, Lines, and Proportional Connections",13,Skill consolidation: slope as rate of change,Skill consolidation,slope as rate of change,8.EE.5;8.EE.6
ma-g8-mathematics-u04-l14,ma-g8-mathematics,8,mathematics,68,4,"Slope, Lines, and Proportional Connections",14,Transfer challenge: similar triangles and slope,Transfer challenge,similar triangles and slope,8.EE.5;8.EE.6
ma-g8-mathematics-u04-l15,ma-g8-mathematics,8,mathematics,69,4,"Slope, Lines, and Proportional Connections",15,Assessment preparation: slope-intercept form,Assessment preparation,slope-intercept form,8.EE.5;8.EE.6
ma-g8-mathematics-u04-l16,ma-g8-mathematics,8,mathematics,70,4,"Slope, Lines, and Proportional Connections",16,Unit assessment: graphs tables and equations,Unit assessment,graphs tables and equations,8.EE.5;8.EE.6
ma-g8-mathematics-u04-l17,ma-g8-mathematics,8,mathematics,71,4,"Slope, Lines, and Proportional Connections",17,Targeted correction: parallel-line reasoning,Targeted correction,parallel-line reasoning,8.EE.5;8.EE.6
ma-g8-mathematics-u04-l18,ma-g8-mathematics,8,mathematics,72,4,"Slope, Lines, and Proportional Connections",18,"Publication, presentation, or reflection: interpreting intercepts","Publication, presentation, or reflection",interpreting intercepts,8.EE.5;8.EE.6
ma-g8-mathematics-u05-l01,ma-g8-mathematics,8,mathematics,73,5,Functions,1,Launch and diagnostic: function definition,Launch and diagnostic,function definition,8.F.1;8.F.2;8.F.3;8.F.4;8.F.5
ma-g8-mathematics-u05-l02,ma-g8-mathematics,8,mathematics,74,5,Functions,2,Concept model A: input output and notation,Concept model A,input output and notation,8.F.1;8.F.2;8.F.3;8.F.4;8.F.5
ma-g8-mathematics-u05-l03,ma-g8-mathematics,8,mathematics,75,5,Functions,3,Guided practice A: comparing functions,Guided practice A,comparing functions,8.F.1;8.F.2;8.F.3;8.F.4;8.F.5
ma-g8-mathematics-u05-l04,ma-g8-mathematics,8,mathematics,76,5,Functions,4,Independent application A: linear versus nonlinear patterns,Independent application A,linear versus nonlinear patterns,8.F.1;8.F.2;8.F.3;8.F.4;8.F.5
ma-g8-mathematics-u05-l05,ma-g8-mathematics,8,mathematics,77,5,Functions,5,Concept model B: constructing functions,Concept model B,constructing functions,8.F.1;8.F.2;8.F.3;8.F.4;8.F.5
ma-g8-mathematics-u05-l06,ma-g8-mathematics,8,mathematics,78,5,Functions,6,Guided practice B: qualitative graph interpretation,Guided practice B,qualitative graph interpretation,8.F.1;8.F.2;8.F.3;8.F.4;8.F.5
ma-g8-mathematics-u05-l07,ma-g8-mathematics,8,mathematics,79,5,Functions,7,Investigation or close reading: function definition,Investigation or close reading,function definition,8.F.1;8.F.2;8.F.3;8.F.4;8.F.5
ma-g8-mathematics-u05-l08,ma-g8-mathematics,8,mathematics,80,5,Functions,8,Reteach and varied practice: input output and notation,Reteach and varied practice,input output and notation,8.F.1;8.F.2;8.F.3;8.F.4;8.F.5
ma-g8-mathematics-u05-l09,ma-g8-mathematics,8,mathematics,81,5,Functions,9,Concept model C: comparing functions,Concept model C,comparing functions,8.F.1;8.F.2;8.F.3;8.F.4;8.F.5
ma-g8-mathematics-u05-l10,ma-g8-mathematics,8,mathematics,82,5,Functions,10,Discussion or problem seminar: linear versus nonlinear patterns,Discussion or problem seminar,linear versus nonlinear patterns,8.F.1;8.F.2;8.F.3;8.F.4;8.F.5
ma-g8-mathematics-u05-l11,ma-g8-mathematics,8,mathematics,83,5,Functions,11,Performance task planning: constructing functions,Performance task planning,constructing functions,8.F.1;8.F.2;8.F.3;8.F.4;8.F.5
ma-g8-mathematics-u05-l12,ma-g8-mathematics,8,mathematics,84,5,Functions,12,Performance task build: qualitative graph interpretation,Performance task build,qualitative graph interpretation,8.F.1;8.F.2;8.F.3;8.F.4;8.F.5
ma-g8-mathematics-u05-l13,ma-g8-mathematics,8,mathematics,85,5,Functions,13,Skill consolidation: function definition,Skill consolidation,function definition,8.F.1;8.F.2;8.F.3;8.F.4;8.F.5
ma-g8-mathematics-u05-l14,ma-g8-mathematics,8,mathematics,86,5,Functions,14,Transfer challenge: input output and notation,Transfer challenge,input output and notation,8.F.1;8.F.2;8.F.3;8.F.4;8.F.5
ma-g8-mathematics-u05-l15,ma-g8-mathematics,8,mathematics,87,5,Functions,15,Assessment preparation: comparing functions,Assessment preparation,comparing functions,8.F.1;8.F.2;8.F.3;8.F.4;8.F.5
ma-g8-mathematics-u05-l16,ma-g8-mathematics,8,mathematics,88,5,Functions,16,Unit assessment: linear versus nonlinear patterns,Unit assessment,linear versus nonlinear patterns,8.F.1;8.F.2;8.F.3;8.F.4;8.F.5
ma-g8-mathematics-u05-l17,ma-g8-mathematics,8,mathematics,89,5,Functions,17,Targeted correction: constructing functions,Targeted correction,constructing functions,8.F.1;8.F.2;8.F.3;8.F.4;8.F.5
ma-g8-mathematics-u05-l18,ma-g8-mathematics,8,mathematics,90,5,Functions,18,"Publication, presentation, or reflection: qualitative graph interpretation","Publication, presentation, or reflection",qualitative graph interpretation,8.F.1;8.F.2;8.F.3;8.F.4;8.F.5
ma-g8-mathematics-u06-l01,ma-g8-mathematics,8,mathematics,91,6,Systems of Linear Equations,1,Launch and diagnostic: intersection as shared solution,Launch and diagnostic,intersection as shared solution,8.EE.8
ma-g8-mathematics-u06-l02,ma-g8-mathematics,8,mathematics,92,6,Systems of Linear Equations,2,Concept model A: graphing systems,Concept model A,graphing systems,8.EE.8
ma-g8-mathematics-u06-l03,ma-g8-mathematics,8,mathematics,93,6,Systems of Linear Equations,3,Guided practice A: substitution or equivalent reasoning,Guided practice A,substitution or equivalent reasoning,8.EE.8
ma-g8-mathematics-u06-l04,ma-g8-mathematics,8,mathematics,94,6,Systems of Linear Equations,4,Independent application A: one no or infinitely many solutions,Independent application A,one no or infinitely many solutions,8.EE.8
ma-g8-mathematics-u06-l05,ma-g8-mathematics,8,mathematics,95,6,Systems of Linear Equations,5,Concept model B: systems from contexts,Concept model B,systems from contexts,8.EE.8
ma-g8-mathematics-u06-l06,ma-g8-mathematics,8,mathematics,96,6,Systems of Linear Equations,6,Guided practice B: checking and interpreting,Guided practice B,checking and interpreting,8.EE.8
ma-g8-mathematics-u06-l07,ma-g8-mathematics,8,mathematics,97,6,Systems of Linear Equations,7,Investigation or close reading: intersection as shared solution,Investigation or close reading,intersection as shared solution,8.EE.8
ma-g8-mathematics-u06-l08,ma-g8-mathematics,8,mathematics,98,6,Systems of Linear Equations,8,Reteach and varied practice: graphing systems,Reteach and varied practice,graphing systems,8.EE.8
ma-g8-mathematics-u06-l09,ma-g8-mathematics,8,mathematics,99,6,Systems of Linear Equations,9,Concept model C: substitution or equivalent reasoning,Concept model C,substitution or equivalent reasoning,8.EE.8
ma-g8-mathematics-u06-l10,ma-g8-mathematics,8,mathematics,100,6,Systems of Linear Equations,10,Discussion or problem seminar: one no or infinitely many solutions,Discussion or problem seminar,one no or infinitely many solutions,8.EE.8
ma-g8-mathematics-u06-l11,ma-g8-mathematics,8,mathematics,101,6,Systems of Linear Equations,11,Performance task planning: systems from contexts,Performance task planning,systems from contexts,8.EE.8
ma-g8-mathematics-u06-l12,ma-g8-mathematics,8,mathematics,102,6,Systems of Linear Equations,12,Performance task build: checking and interpreting,Performance task build,checking and interpreting,8.EE.8
ma-g8-mathematics-u06-l13,ma-g8-mathematics,8,mathematics,103,6,Systems of Linear Equations,13,Skill consolidation: intersection as shared solution,Skill consolidation,intersection as shared solution,8.EE.8
ma-g8-mathematics-u06-l14,ma-g8-mathematics,8,mathematics,104,6,Systems of Linear Equations,14,Transfer challenge: graphing systems,Transfer challenge,graphing systems,8.EE.8
ma-g8-mathematics-u06-l15,ma-g8-mathematics,8,mathematics,105,6,Systems of Linear Equations,15,Assessment preparation: substitution or equivalent reasoning,Assessment preparation,substitution or equivalent reasoning,8.EE.8
ma-g8-mathematics-u06-l16,ma-g8-mathematics,8,mathematics,106,6,Systems of Linear Equations,16,Unit assessment: one no or infinitely many solutions,Unit assessment,one no or infinitely many solutions,8.EE.8
ma-g8-mathematics-u06-l17,ma-g8-mathematics,8,mathematics,107,6,Systems of Linear Equations,17,Targeted correction: systems from contexts,Targeted correction,systems from contexts,8.EE.8
ma-g8-mathematics-u06-l18,ma-g8-mathematics,8,mathematics,108,6,Systems of Linear Equations,18,"Publication, presentation, or reflection: checking and interpreting","Publication, presentation, or reflection",checking and interpreting,8.EE.8
ma-g8-mathematics-u07-l01,ma-g8-mathematics,8,mathematics,109,7,"Transformations, Congruence, and Similarity",1,Launch and diagnostic: translations rotations reflections and dilations,Launch and diagnostic,translations rotations reflections and dilations,8.G.1;8.G.2;8.G.3;8.G.4;8.G.5
ma-g8-mathematics-u07-l02,ma-g8-mathematics,8,mathematics,110,7,"Transformations, Congruence, and Similarity",2,Concept model A: coordinate rules,Concept model A,coordinate rules,8.G.1;8.G.2;8.G.3;8.G.4;8.G.5
ma-g8-mathematics-u07-l03,ma-g8-mathematics,8,mathematics,111,7,"Transformations, Congruence, and Similarity",3,Guided practice A: congruence through rigid motion,Guided practice A,congruence through rigid motion,8.G.1;8.G.2;8.G.3;8.G.4;8.G.5
ma-g8-mathematics-u07-l04,ma-g8-mathematics,8,mathematics,112,7,"Transformations, Congruence, and Similarity",4,Independent application A: similarity through dilation,Independent application A,similarity through dilation,8.G.1;8.G.2;8.G.3;8.G.4;8.G.5
ma-g8-mathematics-u07-l05,ma-g8-mathematics,8,mathematics,113,7,"Transformations, Congruence, and Similarity",5,Concept model B: angle relationships,Concept model B,angle relationships,8.G.1;8.G.2;8.G.3;8.G.4;8.G.5
ma-g8-mathematics-u07-l06,ma-g8-mathematics,8,mathematics,114,7,"Transformations, Congruence, and Similarity",6,Guided practice B: informal geometric arguments,Guided practice B,informal geometric arguments,8.G.1;8.G.2;8.G.3;8.G.4;8.G.5
ma-g8-mathematics-u07-l07,ma-g8-mathematics,8,mathematics,115,7,"Transformations, Congruence, and Similarity",7,Investigation or close reading: translations rotations reflections and dilations,Investigation or close reading,translations rotations reflections and dilations,8.G.1;8.G.2;8.G.3;8.G.4;8.G.5
ma-g8-mathematics-u07-l08,ma-g8-mathematics,8,mathematics,116,7,"Transformations, Congruence, and Similarity",8,Reteach and varied practice: coordinate rules,Reteach and varied practice,coordinate rules,8.G.1;8.G.2;8.G.3;8.G.4;8.G.5
ma-g8-mathematics-u07-l09,ma-g8-mathematics,8,mathematics,117,7,"Transformations, Congruence, and Similarity",9,Concept model C: congruence through rigid motion,Concept model C,congruence through rigid motion,8.G.1;8.G.2;8.G.3;8.G.4;8.G.5
ma-g8-mathematics-u07-l10,ma-g8-mathematics,8,mathematics,118,7,"Transformations, Congruence, and Similarity",10,Discussion or problem seminar: similarity through dilation,Discussion or problem seminar,similarity through dilation,8.G.1;8.G.2;8.G.3;8.G.4;8.G.5
ma-g8-mathematics-u07-l11,ma-g8-mathematics,8,mathematics,119,7,"Transformations, Congruence, and Similarity",11,Performance task planning: angle relationships,Performance task planning,angle relationships,8.G.1;8.G.2;8.G.3;8.G.4;8.G.5
ma-g8-mathematics-u07-l12,ma-g8-mathematics,8,mathematics,120,7,"Transformations, Congruence, and Similarity",12,Performance task build: informal geometric arguments,Performance task build,informal geometric arguments,8.G.1;8.G.2;8.G.3;8.G.4;8.G.5
ma-g8-mathematics-u07-l13,ma-g8-mathematics,8,mathematics,121,7,"Transformations, Congruence, and Similarity",13,Skill consolidation: translations rotations reflections and dilations,Skill consolidation,translations rotations reflections and dilations,8.G.1;8.G.2;8.G.3;8.G.4;8.G.5
ma-g8-mathematics-u07-l14,ma-g8-mathematics,8,mathematics,122,7,"Transformations, Congruence, and Similarity",14,Transfer challenge: coordinate rules,Transfer challenge,coordinate rules,8.G.1;8.G.2;8.G.3;8.G.4;8.G.5
ma-g8-mathematics-u07-l15,ma-g8-mathematics,8,mathematics,123,7,"Transformations, Congruence, and Similarity",15,Assessment preparation: congruence through rigid motion,Assessment preparation,congruence through rigid motion,8.G.1;8.G.2;8.G.3;8.G.4;8.G.5
ma-g8-mathematics-u07-l16,ma-g8-mathematics,8,mathematics,124,7,"Transformations, Congruence, and Similarity",16,Unit assessment: similarity through dilation,Unit assessment,similarity through dilation,8.G.1;8.G.2;8.G.3;8.G.4;8.G.5
ma-g8-mathematics-u07-l17,ma-g8-mathematics,8,mathematics,125,7,"Transformations, Congruence, and Similarity",17,Targeted correction: angle relationships,Targeted correction,angle relationships,8.G.1;8.G.2;8.G.3;8.G.4;8.G.5
ma-g8-mathematics-u07-l18,ma-g8-mathematics,8,mathematics,126,7,"Transformations, Congruence, and Similarity",18,"Publication, presentation, or reflection: informal geometric arguments","Publication, presentation, or reflection",informal geometric arguments,8.G.1;8.G.2;8.G.3;8.G.4;8.G.5
ma-g8-mathematics-u08-l01,ma-g8-mathematics,8,mathematics,127,8,Pythagorean Theorem and Coordinate Geometry,1,Launch and diagnostic: Pythagorean relationship,Launch and diagnostic,Pythagorean relationship,8.G.6;8.G.7;8.G.8
ma-g8-mathematics-u08-l02,ma-g8-mathematics,8,mathematics,128,8,Pythagorean Theorem and Coordinate Geometry,2,Concept model A: proof models,Concept model A,proof models,8.G.6;8.G.7;8.G.8
ma-g8-mathematics-u08-l03,ma-g8-mathematics,8,mathematics,129,8,Pythagorean Theorem and Coordinate Geometry,3,Guided practice A: unknown side lengths,Guided practice A,unknown side lengths,8.G.6;8.G.7;8.G.8
ma-g8-mathematics-u08-l04,ma-g8-mathematics,8,mathematics,130,8,Pythagorean Theorem and Coordinate Geometry,4,Independent application A: distance in the coordinate plane,Independent application A,distance in the coordinate plane,8.G.6;8.G.7;8.G.8
ma-g8-mathematics-u08-l05,ma-g8-mathematics,8,mathematics,131,8,Pythagorean Theorem and Coordinate Geometry,5,Concept model B: real-world diagonal problems,Concept model B,real-world diagonal problems,8.G.6;8.G.7;8.G.8
ma-g8-mathematics-u08-l06,ma-g8-mathematics,8,mathematics,132,8,Pythagorean Theorem and Coordinate Geometry,6,Guided practice B: reasonableness and units,Guided practice B,reasonableness and units,8.G.6;8.G.7;8.G.8
ma-g8-mathematics-u08-l07,ma-g8-mathematics,8,mathematics,133,8,Pythagorean Theorem and Coordinate Geometry,7,Investigation or close reading: Pythagorean relationship,Investigation or close reading,Pythagorean relationship,8.G.6;8.G.7;8.G.8
ma-g8-mathematics-u08-l08,ma-g8-mathematics,8,mathematics,134,8,Pythagorean Theorem and Coordinate Geometry,8,Reteach and varied practice: proof models,Reteach and varied practice,proof models,8.G.6;8.G.7;8.G.8
ma-g8-mathematics-u08-l09,ma-g8-mathematics,8,mathematics,135,8,Pythagorean Theorem and Coordinate Geometry,9,Concept model C: unknown side lengths,Concept model C,unknown side lengths,8.G.6;8.G.7;8.G.8
ma-g8-mathematics-u08-l10,ma-g8-mathematics,8,mathematics,136,8,Pythagorean Theorem and Coordinate Geometry,10,Discussion or problem seminar: distance in the coordinate plane,Discussion or problem seminar,distance in the coordinate plane,8.G.6;8.G.7;8.G.8
ma-g8-mathematics-u08-l11,ma-g8-mathematics,8,mathematics,137,8,Pythagorean Theorem and Coordinate Geometry,11,Performance task planning: real-world diagonal problems,Performance task planning,real-world diagonal problems,8.G.6;8.G.7;8.G.8
ma-g8-mathematics-u08-l12,ma-g8-mathematics,8,mathematics,138,8,Pythagorean Theorem and Coordinate Geometry,12,Performance task build: reasonableness and units,Performance task build,reasonableness and units,8.G.6;8.G.7;8.G.8
ma-g8-mathematics-u08-l13,ma-g8-mathematics,8,mathematics,139,8,Pythagorean Theorem and Coordinate Geometry,13,Skill consolidation: Pythagorean relationship,Skill consolidation,Pythagorean relationship,8.G.6;8.G.7;8.G.8
ma-g8-mathematics-u08-l14,ma-g8-mathematics,8,mathematics,140,8,Pythagorean Theorem and Coordinate Geometry,14,Transfer challenge: proof models,Transfer challenge,proof models,8.G.6;8.G.7;8.G.8
ma-g8-mathematics-u08-l15,ma-g8-mathematics,8,mathematics,141,8,Pythagorean Theorem and Coordinate Geometry,15,Assessment preparation: unknown side lengths,Assessment preparation,unknown side lengths,8.G.6;8.G.7;8.G.8
ma-g8-mathematics-u08-l16,ma-g8-mathematics,8,mathematics,142,8,Pythagorean Theorem and Coordinate Geometry,16,Unit assessment: distance in the coordinate plane,Unit assessment,distance in the coordinate plane,8.G.6;8.G.7;8.G.8
ma-g8-mathematics-u08-l17,ma-g8-mathematics,8,mathematics,143,8,Pythagorean Theorem and Coordinate Geometry,17,Targeted correction: real-world diagonal problems,Targeted correction,real-world diagonal problems,8.G.6;8.G.7;8.G.8
ma-g8-mathematics-u08-l18,ma-g8-mathematics,8,mathematics,144,8,Pythagorean Theorem and Coordinate Geometry,18,"Publication, presentation, or reflection: reasonableness and units","Publication, presentation, or reflection",reasonableness and units,8.G.6;8.G.7;8.G.8
ma-g8-mathematics-u09-l01,ma-g8-mathematics,8,mathematics,145,9,Volume and Bivariate Data,1,Launch and diagnostic: volume of cylinders cones and spheres,Launch and diagnostic,volume of cylinders cones and spheres,8.G.9;8.SP.1;8.SP.2;8.SP.3;8.SP.4
ma-g8-mathematics-u09-l02,ma-g8-mathematics,8,mathematics,146,9,Volume and Bivariate Data,2,Concept model A: scatter plots,Concept model A,scatter plots,8.G.9;8.SP.1;8.SP.2;8.SP.3;8.SP.4
ma-g8-mathematics-u09-l03,ma-g8-mathematics,8,mathematics,147,9,Volume and Bivariate Data,3,Guided practice A: association and outliers,Guided practice A,association and outliers,8.G.9;8.SP.1;8.SP.2;8.SP.3;8.SP.4
ma-g8-mathematics-u09-l04,ma-g8-mathematics,8,mathematics,148,9,Volume and Bivariate Data,4,Independent application A: lines of fit,Independent application A,lines of fit,8.G.9;8.SP.1;8.SP.2;8.SP.3;8.SP.4
ma-g8-mathematics-u09-l05,ma-g8-mathematics,8,mathematics,149,9,Volume and Bivariate Data,5,Concept model B: two-way tables,Concept model B,two-way tables,8.G.9;8.SP.1;8.SP.2;8.SP.3;8.SP.4
ma-g8-mathematics-u09-l06,ma-g8-mathematics,8,mathematics,150,9,Volume and Bivariate Data,6,Guided practice B: correlation versus causation,Guided practice B,correlation versus causation,8.G.9;8.SP.1;8.SP.2;8.SP.3;8.SP.4
ma-g8-mathematics-u09-l07,ma-g8-mathematics,8,mathematics,151,9,Volume and Bivariate Data,7,Investigation or close reading: volume of cylinders cones and spheres,Investigation or close reading,volume of cylinders cones and spheres,8.G.9;8.SP.1;8.SP.2;8.SP.3;8.SP.4
ma-g8-mathematics-u09-l08,ma-g8-mathematics,8,mathematics,152,9,Volume and Bivariate Data,8,Reteach and varied practice: scatter plots,Reteach and varied practice,scatter plots,8.G.9;8.SP.1;8.SP.2;8.SP.3;8.SP.4
ma-g8-mathematics-u09-l09,ma-g8-mathematics,8,mathematics,153,9,Volume and Bivariate Data,9,Concept model C: association and outliers,Concept model C,association and outliers,8.G.9;8.SP.1;8.SP.2;8.SP.3;8.SP.4
ma-g8-mathematics-u09-l10,ma-g8-mathematics,8,mathematics,154,9,Volume and Bivariate Data,10,Discussion or problem seminar: lines of fit,Discussion or problem seminar,lines of fit,8.G.9;8.SP.1;8.SP.2;8.SP.3;8.SP.4
ma-g8-mathematics-u09-l11,ma-g8-mathematics,8,mathematics,155,9,Volume and Bivariate Data,11,Performance task planning: two-way tables,Performance task planning,two-way tables,8.G.9;8.SP.1;8.SP.2;8.SP.3;8.SP.4
ma-g8-mathematics-u09-l12,ma-g8-mathematics,8,mathematics,156,9,Volume and Bivariate Data,12,Performance task build: correlation versus causation,Performance task build,correlation versus causation,8.G.9;8.SP.1;8.SP.2;8.SP.3;8.SP.4
ma-g8-mathematics-u09-l13,ma-g8-mathematics,8,mathematics,157,9,Volume and Bivariate Data,13,Skill consolidation: volume of cylinders cones and spheres,Skill consolidation,volume of cylinders cones and spheres,8.G.9;8.SP.1;8.SP.2;8.SP.3;8.SP.4
ma-g8-mathematics-u09-l14,ma-g8-mathematics,8,mathematics,158,9,Volume and Bivariate Data,14,Transfer challenge: scatter plots,Transfer challenge,scatter plots,8.G.9;8.SP.1;8.SP.2;8.SP.3;8.SP.4
ma-g8-mathematics-u09-l15,ma-g8-mathematics,8,mathematics,159,9,Volume and Bivariate Data,15,Assessment preparation: association and outliers,Assessment preparation,association and outliers,8.G.9;8.SP.1;8.SP.2;8.SP.3;8.SP.4
ma-g8-mathematics-u09-l16,ma-g8-mathematics,8,mathematics,160,9,Volume and Bivariate Data,16,Unit assessment: lines of fit,Unit assessment,lines of fit,8.G.9;8.SP.1;8.SP.2;8.SP.3;8.SP.4
ma-g8-mathematics-u09-l17,ma-g8-mathematics,8,mathematics,161,9,Volume and Bivariate Data,17,Targeted correction: two-way tables,Targeted correction,two-way tables,8.G.9;8.SP.1;8.SP.2;8.SP.3;8.SP.4
ma-g8-mathematics-u09-l18,ma-g8-mathematics,8,mathematics,162,9,Volume and Bivariate Data,18,"Publication, presentation, or reflection: correlation versus causation","Publication, presentation, or reflection",correlation versus causation,8.G.9;8.SP.1;8.SP.2;8.SP.3;8.SP.4
ma-g8-mathematics-u10-l01,ma-g8-mathematics,8,mathematics,163,10,Integrated Algebraic Modeling Capstone,1,Launch and diagnostic: defining variables and assumptions,Launch and diagnostic,defining variables and assumptions,8.EE.7;8.EE.8;8.F.4;8.G.7;8.SP.3;MP.4
ma-g8-mathematics-u10-l02,ma-g8-mathematics,8,mathematics,164,10,Integrated Algebraic Modeling Capstone,2,Concept model A: selecting linear or nonlinear models,Concept model A,selecting linear or nonlinear models,8.EE.7;8.EE.8;8.F.4;8.G.7;8.SP.3;MP.4
ma-g8-mathematics-u10-l03,ma-g8-mathematics,8,mathematics,165,10,Integrated Algebraic Modeling Capstone,3,Guided practice A: systems and constraints,Guided practice A,systems and constraints,8.EE.7;8.EE.8;8.F.4;8.G.7;8.SP.3;MP.4
ma-g8-mathematics-u10-l04,ma-g8-mathematics,8,mathematics,166,10,Integrated Algebraic Modeling Capstone,4,Independent application A: geometry and measurement,Independent application A,geometry and measurement,8.EE.7;8.EE.8;8.F.4;8.G.7;8.SP.3;MP.4
ma-g8-mathematics-u10-l05,ma-g8-mathematics,8,mathematics,167,10,Integrated Algebraic Modeling Capstone,5,Concept model B: data trends and uncertainty,Concept model B,data trends and uncertainty,8.EE.7;8.EE.8;8.F.4;8.G.7;8.SP.3;MP.4
ma-g8-mathematics-u10-l06,ma-g8-mathematics,8,mathematics,168,10,Integrated Algebraic Modeling Capstone,6,Guided practice B: mathematical communication,Guided practice B,mathematical communication,8.EE.7;8.EE.8;8.F.4;8.G.7;8.SP.3;MP.4
ma-g8-mathematics-u10-l07,ma-g8-mathematics,8,mathematics,169,10,Integrated Algebraic Modeling Capstone,7,Investigation or close reading: defining variables and assumptions,Investigation or close reading,defining variables and assumptions,8.EE.7;8.EE.8;8.F.4;8.G.7;8.SP.3;MP.4
ma-g8-mathematics-u10-l08,ma-g8-mathematics,8,mathematics,170,10,Integrated Algebraic Modeling Capstone,8,Reteach and varied practice: selecting linear or nonlinear models,Reteach and varied practice,selecting linear or nonlinear models,8.EE.7;8.EE.8;8.F.4;8.G.7;8.SP.3;MP.4
ma-g8-mathematics-u10-l09,ma-g8-mathematics,8,mathematics,171,10,Integrated Algebraic Modeling Capstone,9,Concept model C: systems and constraints,Concept model C,systems and constraints,8.EE.7;8.EE.8;8.F.4;8.G.7;8.SP.3;MP.4
ma-g8-mathematics-u10-l10,ma-g8-mathematics,8,mathematics,172,10,Integrated Algebraic Modeling Capstone,10,Discussion or problem seminar: geometry and measurement,Discussion or problem seminar,geometry and measurement,8.EE.7;8.EE.8;8.F.4;8.G.7;8.SP.3;MP.4
ma-g8-mathematics-u10-l11,ma-g8-mathematics,8,mathematics,173,10,Integrated Algebraic Modeling Capstone,11,Performance task planning: data trends and uncertainty,Performance task planning,data trends and uncertainty,8.EE.7;8.EE.8;8.F.4;8.G.7;8.SP.3;MP.4
ma-g8-mathematics-u10-l12,ma-g8-mathematics,8,mathematics,174,10,Integrated Algebraic Modeling Capstone,12,Performance task build: mathematical communication,Performance task build,mathematical communication,8.EE.7;8.EE.8;8.F.4;8.G.7;8.SP.3;MP.4
ma-g8-mathematics-u10-l13,ma-g8-mathematics,8,mathematics,175,10,Integrated Algebraic Modeling Capstone,13,Skill consolidation: defining variables and assumptions,Skill consolidation,defining variables and assumptions,8.EE.7;8.EE.8;8.F.4;8.G.7;8.SP.3;MP.4
ma-g8-mathematics-u10-l14,ma-g8-mathematics,8,mathematics,176,10,Integrated Algebraic Modeling Capstone,14,Transfer challenge: selecting linear or nonlinear models,Transfer challenge,selecting linear or nonlinear models,8.EE.7;8.EE.8;8.F.4;8.G.7;8.SP.3;MP.4
ma-g8-mathematics-u10-l15,ma-g8-mathematics,8,mathematics,177,10,Integrated Algebraic Modeling Capstone,15,Assessment preparation: systems and constraints,Assessment preparation,systems and constraints,8.EE.7;8.EE.8;8.F.4;8.G.7;8.SP.3;MP.4
ma-g8-mathematics-u10-l16,ma-g8-mathematics,8,mathematics,178,10,Integrated Algebraic Modeling Capstone,16,Unit assessment: geometry and measurement,Unit assessment,geometry and measurement,8.EE.7;8.EE.8;8.F.4;8.G.7;8.SP.3;MP.4
ma-g8-mathematics-u10-l17,ma-g8-mathematics,8,mathematics,179,10,Integrated Algebraic Modeling Capstone,17,Targeted correction: data trends and uncertainty,Targeted correction,data trends and uncertainty,8.EE.7;8.EE.8;8.F.4;8.G.7;8.SP.3;MP.4
ma-g8-mathematics-u10-l18,ma-g8-mathematics,8,mathematics,180,10,Integrated Algebraic Modeling Capstone,18,"Publication, presentation, or reflection: mathematical communication","Publication, presentation, or reflection",mathematical communication,8.EE.7;8.EE.8;8.F.4;8.G.7;8.SP.3;MP.4
ma-g8-english-language-arts-u01-l01,ma-g8-english-language-arts,8,english-language-arts,1,1,"Evidence, Independence, and Academic Conversation",1,Launch and diagnostic: strongest textual evidence,Launch and diagnostic,strongest textual evidence,8.RL.1;8.RI.1;8.SL.1;8.W.4;8.L.1
ma-g8-english-language-arts-u01-l02,ma-g8-english-language-arts,8,english-language-arts,2,1,"Evidence, Independence, and Academic Conversation",2,Concept model A: inference and ambiguity,Concept model A,inference and ambiguity,8.RL.1;8.RI.1;8.SL.1;8.W.4;8.L.1
ma-g8-english-language-arts-u01-l03,ma-g8-english-language-arts,8,english-language-arts,3,1,"Evidence, Independence, and Academic Conversation",3,Guided practice A: discussion leadership,Guided practice A,discussion leadership,8.RL.1;8.RI.1;8.SL.1;8.W.4;8.L.1
ma-g8-english-language-arts-u01-l04,ma-g8-english-language-arts,8,english-language-arts,4,1,"Evidence, Independence, and Academic Conversation",4,Independent application A: annotation and note systems,Independent application A,annotation and note systems,8.RL.1;8.RI.1;8.SL.1;8.W.4;8.L.1
ma-g8-english-language-arts-u01-l05,ma-g8-english-language-arts,8,english-language-arts,5,1,"Evidence, Independence, and Academic Conversation",5,Concept model B: baseline analysis,Concept model B,baseline analysis,8.RL.1;8.RI.1;8.SL.1;8.W.4;8.L.1
ma-g8-english-language-arts-u01-l06,ma-g8-english-language-arts,8,english-language-arts,6,1,"Evidence, Independence, and Academic Conversation",6,Guided practice B: independent reading planning,Guided practice B,independent reading planning,8.RL.1;8.RI.1;8.SL.1;8.W.4;8.L.1
ma-g8-english-language-arts-u01-l07,ma-g8-english-language-arts,8,english-language-arts,7,1,"Evidence, Independence, and Academic Conversation",7,Investigation or close reading: strongest textual evidence,Investigation or close reading,strongest textual evidence,8.RL.1;8.RI.1;8.SL.1;8.W.4;8.L.1
ma-g8-english-language-arts-u01-l08,ma-g8-english-language-arts,8,english-language-arts,8,1,"Evidence, Independence, and Academic Conversation",8,Reteach and varied practice: inference and ambiguity,Reteach and varied practice,inference and ambiguity,8.RL.1;8.RI.1;8.SL.1;8.W.4;8.L.1
ma-g8-english-language-arts-u01-l09,ma-g8-english-language-arts,8,english-language-arts,9,1,"Evidence, Independence, and Academic Conversation",9,Concept model C: discussion leadership,Concept model C,discussion leadership,8.RL.1;8.RI.1;8.SL.1;8.W.4;8.L.1
ma-g8-english-language-arts-u01-l10,ma-g8-english-language-arts,8,english-language-arts,10,1,"Evidence, Independence, and Academic Conversation",10,Discussion or problem seminar: annotation and note systems,Discussion or problem seminar,annotation and note systems,8.RL.1;8.RI.1;8.SL.1;8.W.4;8.L.1
ma-g8-english-language-arts-u01-l11,ma-g8-english-language-arts,8,english-language-arts,11,1,"Evidence, Independence, and Academic Conversation",11,Performance task planning: baseline analysis,Performance task planning,baseline analysis,8.RL.1;8.RI.1;8.SL.1;8.W.4;8.L.1
ma-g8-english-language-arts-u01-l12,ma-g8-english-language-arts,8,english-language-arts,12,1,"Evidence, Independence, and Academic Conversation",12,Performance task build: independent reading planning,Performance task build,independent reading planning,8.RL.1;8.RI.1;8.SL.1;8.W.4;8.L.1
ma-g8-english-language-arts-u01-l13,ma-g8-english-language-arts,8,english-language-arts,13,1,"Evidence, Independence, and Academic Conversation",13,Skill consolidation: strongest textual evidence,Skill consolidation,strongest textual evidence,8.RL.1;8.RI.1;8.SL.1;8.W.4;8.L.1
ma-g8-english-language-arts-u01-l14,ma-g8-english-language-arts,8,english-language-arts,14,1,"Evidence, Independence, and Academic Conversation",14,Transfer challenge: inference and ambiguity,Transfer challenge,inference and ambiguity,8.RL.1;8.RI.1;8.SL.1;8.W.4;8.L.1
ma-g8-english-language-arts-u01-l15,ma-g8-english-language-arts,8,english-language-arts,15,1,"Evidence, Independence, and Academic Conversation",15,Assessment preparation: discussion leadership,Assessment preparation,discussion leadership,8.RL.1;8.RI.1;8.SL.1;8.W.4;8.L.1
ma-g8-english-language-arts-u01-l16,ma-g8-english-language-arts,8,english-language-arts,16,1,"Evidence, Independence, and Academic Conversation",16,Unit assessment: annotation and note systems,Unit assessment,annotation and note systems,8.RL.1;8.RI.1;8.SL.1;8.W.4;8.L.1
ma-g8-english-language-arts-u01-l17,ma-g8-english-language-arts,8,english-language-arts,17,1,"Evidence, Independence, and Academic Conversation",17,Targeted correction: baseline analysis,Targeted correction,baseline analysis,8.RL.1;8.RI.1;8.SL.1;8.W.4;8.L.1
ma-g8-english-language-arts-u01-l18,ma-g8-english-language-arts,8,english-language-arts,18,1,"Evidence, Independence, and Academic Conversation",18,"Publication, presentation, or reflection: independent reading planning","Publication, presentation, or reflection",independent reading planning,8.RL.1;8.RI.1;8.SL.1;8.W.4;8.L.1
ma-g8-english-language-arts-u02-l01,ma-g8-english-language-arts,8,english-language-arts,19,2,"Theme, Character Complexity, and Narrative Craft",1,Launch and diagnostic: theme development,Launch and diagnostic,theme development,8.RL.1;8.RL.2;8.RL.3;8.W.3;8.W.5
ma-g8-english-language-arts-u02-l02,ma-g8-english-language-arts,8,english-language-arts,20,2,"Theme, Character Complexity, and Narrative Craft",2,Concept model A: conflicting motivations,Concept model A,conflicting motivations,8.RL.1;8.RL.2;8.RL.3;8.W.3;8.W.5
ma-g8-english-language-arts-u02-l03,ma-g8-english-language-arts,8,english-language-arts,21,2,"Theme, Character Complexity, and Narrative Craft",3,Guided practice A: dialogue and incident,Guided practice A,dialogue and incident,8.RL.1;8.RL.2;8.RL.3;8.W.3;8.W.5
ma-g8-english-language-arts-u02-l04,ma-g8-english-language-arts,8,english-language-arts,22,2,"Theme, Character Complexity, and Narrative Craft",4,Independent application A: point of view and reliability,Independent application A,point of view and reliability,8.RL.1;8.RL.2;8.RL.3;8.W.3;8.W.5
ma-g8-english-language-arts-u02-l05,ma-g8-english-language-arts,8,english-language-arts,23,2,"Theme, Character Complexity, and Narrative Craft",5,Concept model B: pacing and structure,Concept model B,pacing and structure,8.RL.1;8.RL.2;8.RL.3;8.W.3;8.W.5
ma-g8-english-language-arts-u02-l06,ma-g8-english-language-arts,8,english-language-arts,24,2,"Theme, Character Complexity, and Narrative Craft",6,Guided practice B: narrative revision,Guided practice B,narrative revision,8.RL.1;8.RL.2;8.RL.3;8.W.3;8.W.5
ma-g8-english-language-arts-u02-l07,ma-g8-english-language-arts,8,english-language-arts,25,2,"Theme, Character Complexity, and Narrative Craft",7,Investigation or close reading: theme development,Investigation or close reading,theme development,8.RL.1;8.RL.2;8.RL.3;8.W.3;8.W.5
ma-g8-english-language-arts-u02-l08,ma-g8-english-language-arts,8,english-language-arts,26,2,"Theme, Character Complexity, and Narrative Craft",8,Reteach and varied practice: conflicting motivations,Reteach and varied practice,conflicting motivations,8.RL.1;8.RL.2;8.RL.3;8.W.3;8.W.5
ma-g8-english-language-arts-u02-l09,ma-g8-english-language-arts,8,english-language-arts,27,2,"Theme, Character Complexity, and Narrative Craft",9,Concept model C: dialogue and incident,Concept model C,dialogue and incident,8.RL.1;8.RL.2;8.RL.3;8.W.3;8.W.5
ma-g8-english-language-arts-u02-l10,ma-g8-english-language-arts,8,english-language-arts,28,2,"Theme, Character Complexity, and Narrative Craft",10,Discussion or problem seminar: point of view and reliability,Discussion or problem seminar,point of view and reliability,8.RL.1;8.RL.2;8.RL.3;8.W.3;8.W.5
ma-g8-english-language-arts-u02-l11,ma-g8-english-language-arts,8,english-language-arts,29,2,"Theme, Character Complexity, and Narrative Craft",11,Performance task planning: pacing and structure,Performance task planning,pacing and structure,8.RL.1;8.RL.2;8.RL.3;8.W.3;8.W.5
ma-g8-english-language-arts-u02-l12,ma-g8-english-language-arts,8,english-language-arts,30,2,"Theme, Character Complexity, and Narrative Craft",12,Performance task build: narrative revision,Performance task build,narrative revision,8.RL.1;8.RL.2;8.RL.3;8.W.3;8.W.5
ma-g8-english-language-arts-u02-l13,ma-g8-english-language-arts,8,english-language-arts,31,2,"Theme, Character Complexity, and Narrative Craft",13,Skill consolidation: theme development,Skill consolidation,theme development,8.RL.1;8.RL.2;8.RL.3;8.W.3;8.W.5
ma-g8-english-language-arts-u02-l14,ma-g8-english-language-arts,8,english-language-arts,32,2,"Theme, Character Complexity, and Narrative Craft",14,Transfer challenge: conflicting motivations,Transfer challenge,conflicting motivations,8.RL.1;8.RL.2;8.RL.3;8.W.3;8.W.5
ma-g8-english-language-arts-u02-l15,ma-g8-english-language-arts,8,english-language-arts,33,2,"Theme, Character Complexity, and Narrative Craft",15,Assessment preparation: dialogue and incident,Assessment preparation,dialogue and incident,8.RL.1;8.RL.2;8.RL.3;8.W.3;8.W.5
ma-g8-english-language-arts-u02-l16,ma-g8-english-language-arts,8,english-language-arts,34,2,"Theme, Character Complexity, and Narrative Craft",16,Unit assessment: point of view and reliability,Unit assessment,point of view and reliability,8.RL.1;8.RL.2;8.RL.3;8.W.3;8.W.5
ma-g8-english-language-arts-u02-l17,ma-g8-english-language-arts,8,english-language-arts,35,2,"Theme, Character Complexity, and Narrative Craft",17,Targeted correction: pacing and structure,Targeted correction,pacing and structure,8.RL.1;8.RL.2;8.RL.3;8.W.3;8.W.5
ma-g8-english-language-arts-u02-l18,ma-g8-english-language-arts,8,english-language-arts,36,2,"Theme, Character Complexity, and Narrative Craft",18,"Publication, presentation, or reflection: narrative revision","Publication, presentation, or reflection",narrative revision,8.RL.1;8.RL.2;8.RL.3;8.W.3;8.W.5
ma-g8-english-language-arts-u03-l01,ma-g8-english-language-arts,8,english-language-arts,37,3,"Central Ideas, Connections, and Explanatory Synthesis",1,Launch and diagnostic: central idea development,Launch and diagnostic,central idea development,8.RI.2;8.RI.3;8.RI.5;8.W.2;8.W.9
ma-g8-english-language-arts-u03-l02,ma-g8-english-language-arts,8,english-language-arts,38,3,"Central Ideas, Connections, and Explanatory Synthesis",2,Concept model A: connections and distinctions,Concept model A,connections and distinctions,8.RI.2;8.RI.3;8.RI.5;8.W.2;8.W.9
ma-g8-english-language-arts-u03-l03,ma-g8-english-language-arts,8,english-language-arts,39,3,"Central Ideas, Connections, and Explanatory Synthesis",3,Guided practice A: paragraph and section roles,Guided practice A,paragraph and section roles,8.RI.2;8.RI.3;8.RI.5;8.W.2;8.W.9
ma-g8-english-language-arts-u03-l04,ma-g8-english-language-arts,8,english-language-arts,40,3,"Central Ideas, Connections, and Explanatory Synthesis",4,Independent application A: objective summary,Independent application A,objective summary,8.RI.2;8.RI.3;8.RI.5;8.W.2;8.W.9
ma-g8-english-language-arts-u03-l05,ma-g8-english-language-arts,8,english-language-arts,41,3,"Central Ideas, Connections, and Explanatory Synthesis",5,Concept model B: technical vocabulary,Concept model B,technical vocabulary,8.RI.2;8.RI.3;8.RI.5;8.W.2;8.W.9
ma-g8-english-language-arts-u03-l06,ma-g8-english-language-arts,8,english-language-arts,42,3,"Central Ideas, Connections, and Explanatory Synthesis",6,Guided practice B: multi-source explanatory synthesis,Guided practice B,multi-source explanatory synthesis,8.RI.2;8.RI.3;8.RI.5;8.W.2;8.W.9
ma-g8-english-language-arts-u03-l07,ma-g8-english-language-arts,8,english-language-arts,43,3,"Central Ideas, Connections, and Explanatory Synthesis",7,Investigation or close reading: central idea development,Investigation or close reading,central idea development,8.RI.2;8.RI.3;8.RI.5;8.W.2;8.W.9
ma-g8-english-language-arts-u03-l08,ma-g8-english-language-arts,8,english-language-arts,44,3,"Central Ideas, Connections, and Explanatory Synthesis",8,Reteach and varied practice: connections and distinctions,Reteach and varied practice,connections and distinctions,8.RI.2;8.RI.3;8.RI.5;8.W.2;8.W.9
ma-g8-english-language-arts-u03-l09,ma-g8-english-language-arts,8,english-language-arts,45,3,"Central Ideas, Connections, and Explanatory Synthesis",9,Concept model C: paragraph and section roles,Concept model C,paragraph and section roles,8.RI.2;8.RI.3;8.RI.5;8.W.2;8.W.9
ma-g8-english-language-arts-u03-l10,ma-g8-english-language-arts,8,english-language-arts,46,3,"Central Ideas, Connections, and Explanatory Synthesis",10,Discussion or problem seminar: objective summary,Discussion or problem seminar,objective summary,8.RI.2;8.RI.3;8.RI.5;8.W.2;8.W.9
ma-g8-english-language-arts-u03-l11,ma-g8-english-language-arts,8,english-language-arts,47,3,"Central Ideas, Connections, and Explanatory Synthesis",11,Performance task planning: technical vocabulary,Performance task planning,technical vocabulary,8.RI.2;8.RI.3;8.RI.5;8.W.2;8.W.9
ma-g8-english-language-arts-u03-l12,ma-g8-english-language-arts,8,english-language-arts,48,3,"Central Ideas, Connections, and Explanatory Synthesis",12,Performance task build: multi-source explanatory synthesis,Performance task build,multi-source explanatory synthesis,8.RI.2;8.RI.3;8.RI.5;8.W.2;8.W.9
ma-g8-english-language-arts-u03-l13,ma-g8-english-language-arts,8,english-language-arts,49,3,"Central Ideas, Connections, and Explanatory Synthesis",13,Skill consolidation: central idea development,Skill consolidation,central idea development,8.RI.2;8.RI.3;8.RI.5;8.W.2;8.W.9
ma-g8-english-language-arts-u03-l14,ma-g8-english-language-arts,8,english-language-arts,50,3,"Central Ideas, Connections, and Explanatory Synthesis",14,Transfer challenge: connections and distinctions,Transfer challenge,connections and distinctions,8.RI.2;8.RI.3;8.RI.5;8.W.2;8.W.9
ma-g8-english-language-arts-u03-l15,ma-g8-english-language-arts,8,english-language-arts,51,3,"Central Ideas, Connections, and Explanatory Synthesis",15,Assessment preparation: paragraph and section roles,Assessment preparation,paragraph and section roles,8.RI.2;8.RI.3;8.RI.5;8.W.2;8.W.9
ma-g8-english-language-arts-u03-l16,ma-g8-english-language-arts,8,english-language-arts,52,3,"Central Ideas, Connections, and Explanatory Synthesis",16,Unit assessment: objective summary,Unit assessment,objective summary,8.RI.2;8.RI.3;8.RI.5;8.W.2;8.W.9
ma-g8-english-language-arts-u03-l17,ma-g8-english-language-arts,8,english-language-arts,53,3,"Central Ideas, Connections, and Explanatory Synthesis",17,Targeted correction: technical vocabulary,Targeted correction,technical vocabulary,8.RI.2;8.RI.3;8.RI.5;8.W.2;8.W.9
ma-g8-english-language-arts-u03-l18,ma-g8-english-language-arts,8,english-language-arts,54,3,"Central Ideas, Connections, and Explanatory Synthesis",18,"Publication, presentation, or reflection: multi-source explanatory synthesis","Publication, presentation, or reflection",multi-source explanatory synthesis,8.RI.2;8.RI.3;8.RI.5;8.W.2;8.W.9
ma-g8-english-language-arts-u04-l01,ma-g8-english-language-arts,8,english-language-arts,55,4,"Poetry, Style, and Rhetorical Language",1,Launch and diagnostic: figurative and connotative language,Launch and diagnostic,figurative and connotative language,8.RL.4;8.RL.5;8.L.3;8.L.5;8.SL.6
ma-g8-english-language-arts-u04-l02,ma-g8-english-language-arts,8,english-language-arts,56,4,"Poetry, Style, and Rhetorical Language",2,Concept model A: analogy and allusion,Concept model A,analogy and allusion,8.RL.4;8.RL.5;8.L.3;8.L.5;8.SL.6
ma-g8-english-language-arts-u04-l03,ma-g8-english-language-arts,8,english-language-arts,57,4,"Poetry, Style, and Rhetorical Language",3,Guided practice A: poetic and prose structure,Guided practice A,poetic and prose structure,8.RL.4;8.RL.5;8.L.3;8.L.5;8.SL.6
ma-g8-english-language-arts-u04-l04,ma-g8-english-language-arts,8,english-language-arts,58,4,"Poetry, Style, and Rhetorical Language",4,Independent application A: tone shifts,Independent application A,tone shifts,8.RL.4;8.RL.5;8.L.3;8.L.5;8.SL.6
ma-g8-english-language-arts-u04-l05,ma-g8-english-language-arts,8,english-language-arts,59,4,"Poetry, Style, and Rhetorical Language",5,Concept model B: style and voice,Concept model B,style and voice,8.RL.4;8.RL.5;8.L.3;8.L.5;8.SL.6
ma-g8-english-language-arts-u04-l06,ma-g8-english-language-arts,8,english-language-arts,60,4,"Poetry, Style, and Rhetorical Language",6,Guided practice B: interpretation and performance choices,Guided practice B,interpretation and performance choices,8.RL.4;8.RL.5;8.L.3;8.L.5;8.SL.6
ma-g8-english-language-arts-u04-l07,ma-g8-english-language-arts,8,english-language-arts,61,4,"Poetry, Style, and Rhetorical Language",7,Investigation or close reading: figurative and connotative language,Investigation or close reading,figurative and connotative language,8.RL.4;8.RL.5;8.L.3;8.L.5;8.SL.6
ma-g8-english-language-arts-u04-l08,ma-g8-english-language-arts,8,english-language-arts,62,4,"Poetry, Style, and Rhetorical Language",8,Reteach and varied practice: analogy and allusion,Reteach and varied practice,analogy and allusion,8.RL.4;8.RL.5;8.L.3;8.L.5;8.SL.6
ma-g8-english-language-arts-u04-l09,ma-g8-english-language-arts,8,english-language-arts,63,4,"Poetry, Style, and Rhetorical Language",9,Concept model C: poetic and prose structure,Concept model C,poetic and prose structure,8.RL.4;8.RL.5;8.L.3;8.L.5;8.SL.6
ma-g8-english-language-arts-u04-l10,ma-g8-english-language-arts,8,english-language-arts,64,4,"Poetry, Style, and Rhetorical Language",10,Discussion or problem seminar: tone shifts,Discussion or problem seminar,tone shifts,8.RL.4;8.RL.5;8.L.3;8.L.5;8.SL.6
ma-g8-english-language-arts-u04-l11,ma-g8-english-language-arts,8,english-language-arts,65,4,"Poetry, Style, and Rhetorical Language",11,Performance task planning: style and voice,Performance task planning,style and voice,8.RL.4;8.RL.5;8.L.3;8.L.5;8.SL.6
ma-g8-english-language-arts-u04-l12,ma-g8-english-language-arts,8,english-language-arts,66,4,"Poetry, Style, and Rhetorical Language",12,Performance task build: interpretation and performance choices,Performance task build,interpretation and performance choices,8.RL.4;8.RL.5;8.L.3;8.L.5;8.SL.6
ma-g8-english-language-arts-u04-l13,ma-g8-english-language-arts,8,english-language-arts,67,4,"Poetry, Style, and Rhetorical Language",13,Skill consolidation: figurative and connotative language,Skill consolidation,figurative and connotative language,8.RL.4;8.RL.5;8.L.3;8.L.5;8.SL.6
ma-g8-english-language-arts-u04-l14,ma-g8-english-language-arts,8,english-language-arts,68,4,"Poetry, Style, and Rhetorical Language",14,Transfer challenge: analogy and allusion,Transfer challenge,analogy and allusion,8.RL.4;8.RL.5;8.L.3;8.L.5;8.SL.6
ma-g8-english-language-arts-u04-l15,ma-g8-english-language-arts,8,english-language-arts,69,4,"Poetry, Style, and Rhetorical Language",15,Assessment preparation: poetic and prose structure,Assessment preparation,poetic and prose structure,8.RL.4;8.RL.5;8.L.3;8.L.5;8.SL.6
ma-g8-english-language-arts-u04-l16,ma-g8-english-language-arts,8,english-language-arts,70,4,"Poetry, Style, and Rhetorical Language",16,Unit assessment: tone shifts,Unit assessment,tone shifts,8.RL.4;8.RL.5;8.L.3;8.L.5;8.SL.6
ma-g8-english-language-arts-u04-l17,ma-g8-english-language-arts,8,english-language-arts,71,4,"Poetry, Style, and Rhetorical Language",17,Targeted correction: style and voice,Targeted correction,style and voice,8.RL.4;8.RL.5;8.L.3;8.L.5;8.SL.6
ma-g8-english-language-arts-u04-l18,ma-g8-english-language-arts,8,english-language-arts,72,4,"Poetry, Style, and Rhetorical Language",18,"Publication, presentation, or reflection: interpretation and performance choices","Publication, presentation, or reflection",interpretation and performance choices,8.RL.4;8.RL.5;8.L.3;8.L.5;8.SL.6
ma-g8-english-language-arts-u05-l01,ma-g8-english-language-arts,8,english-language-arts,73,5,"Argument, Counterclaim, and Civic Reasoning",1,Launch and diagnostic: claim precision,Launch and diagnostic,claim precision,8.RI.8;8.RI.9;8.W.1;8.SL.3;8.SL.4
ma-g8-english-language-arts-u05-l02,ma-g8-english-language-arts,8,english-language-arts,74,5,"Argument, Counterclaim, and Civic Reasoning",2,Concept model A: logical reasoning,Concept model A,logical reasoning,8.RI.8;8.RI.9;8.W.1;8.SL.3;8.SL.4
ma-g8-english-language-arts-u05-l03,ma-g8-english-language-arts,8,english-language-arts,75,5,"Argument, Counterclaim, and Civic Reasoning",3,Guided practice A: relevant sufficient evidence,Guided practice A,relevant sufficient evidence,8.RI.8;8.RI.9;8.W.1;8.SL.3;8.SL.4
ma-g8-english-language-arts-u05-l04,ma-g8-english-language-arts,8,english-language-arts,76,5,"Argument, Counterclaim, and Civic Reasoning",4,Independent application A: counterclaim and rebuttal,Independent application A,counterclaim and rebuttal,8.RI.8;8.RI.9;8.W.1;8.SL.3;8.SL.4
ma-g8-english-language-arts-u05-l05,ma-g8-english-language-arts,8,english-language-arts,77,5,"Argument, Counterclaim, and Civic Reasoning",5,Concept model B: source disagreement,Concept model B,source disagreement,8.RI.8;8.RI.9;8.W.1;8.SL.3;8.SL.4
ma-g8-english-language-arts-u05-l06,ma-g8-english-language-arts,8,english-language-arts,78,5,"Argument, Counterclaim, and Civic Reasoning",6,Guided practice B: formal presentation,Guided practice B,formal presentation,8.RI.8;8.RI.9;8.W.1;8.SL.3;8.SL.4
ma-g8-english-language-arts-u05-l07,ma-g8-english-language-arts,8,english-language-arts,79,5,"Argument, Counterclaim, and Civic Reasoning",7,Investigation or close reading: claim precision,Investigation or close reading,claim precision,8.RI.8;8.RI.9;8.W.1;8.SL.3;8.SL.4
ma-g8-english-language-arts-u05-l08,ma-g8-english-language-arts,8,english-language-arts,80,5,"Argument, Counterclaim, and Civic Reasoning",8,Reteach and varied practice: logical reasoning,Reteach and varied practice,logical reasoning,8.RI.8;8.RI.9;8.W.1;8.SL.3;8.SL.4
ma-g8-english-language-arts-u05-l09,ma-g8-english-language-arts,8,english-language-arts,81,5,"Argument, Counterclaim, and Civic Reasoning",9,Concept model C: relevant sufficient evidence,Concept model C,relevant sufficient evidence,8.RI.8;8.RI.9;8.W.1;8.SL.3;8.SL.4
ma-g8-english-language-arts-u05-l10,ma-g8-english-language-arts,8,english-language-arts,82,5,"Argument, Counterclaim, and Civic Reasoning",10,Discussion or problem seminar: counterclaim and rebuttal,Discussion or problem seminar,counterclaim and rebuttal,8.RI.8;8.RI.9;8.W.1;8.SL.3;8.SL.4
ma-g8-english-language-arts-u05-l11,ma-g8-english-language-arts,8,english-language-arts,83,5,"Argument, Counterclaim, and Civic Reasoning",11,Performance task planning: source disagreement,Performance task planning,source disagreement,8.RI.8;8.RI.9;8.W.1;8.SL.3;8.SL.4
ma-g8-english-language-arts-u05-l12,ma-g8-english-language-arts,8,english-language-arts,84,5,"Argument, Counterclaim, and Civic Reasoning",12,Performance task build: formal presentation,Performance task build,formal presentation,8.RI.8;8.RI.9;8.W.1;8.SL.3;8.SL.4
ma-g8-english-language-arts-u05-l13,ma-g8-english-language-arts,8,english-language-arts,85,5,"Argument, Counterclaim, and Civic Reasoning",13,Skill consolidation: claim precision,Skill consolidation,claim precision,8.RI.8;8.RI.9;8.W.1;8.SL.3;8.SL.4
ma-g8-english-language-arts-u05-l14,ma-g8-english-language-arts,8,english-language-arts,86,5,"Argument, Counterclaim, and Civic Reasoning",14,Transfer challenge: logical reasoning,Transfer challenge,logical reasoning,8.RI.8;8.RI.9;8.W.1;8.SL.3;8.SL.4
ma-g8-english-language-arts-u05-l15,ma-g8-english-language-arts,8,english-language-arts,87,5,"Argument, Counterclaim, and Civic Reasoning",15,Assessment preparation: relevant sufficient evidence,Assessment preparation,relevant sufficient evidence,8.RI.8;8.RI.9;8.W.1;8.SL.3;8.SL.4
ma-g8-english-language-arts-u05-l16,ma-g8-english-language-arts,8,english-language-arts,88,5,"Argument, Counterclaim, and Civic Reasoning",16,Unit assessment: counterclaim and rebuttal,Unit assessment,counterclaim and rebuttal,8.RI.8;8.RI.9;8.W.1;8.SL.3;8.SL.4
ma-g8-english-language-arts-u05-l17,ma-g8-english-language-arts,8,english-language-arts,89,5,"Argument, Counterclaim, and Civic Reasoning",17,Targeted correction: source disagreement,Targeted correction,source disagreement,8.RI.8;8.RI.9;8.W.1;8.SL.3;8.SL.4
ma-g8-english-language-arts-u05-l18,ma-g8-english-language-arts,8,english-language-arts,90,5,"Argument, Counterclaim, and Civic Reasoning",18,"Publication, presentation, or reflection: formal presentation","Publication, presentation, or reflection",formal presentation,8.RI.8;8.RI.9;8.W.1;8.SL.3;8.SL.4
ma-g8-english-language-arts-u06-l01,ma-g8-english-language-arts,8,english-language-arts,91,6,"Research, Citation, and Knowledge Building",1,Launch and diagnostic: complex research questions,Launch and diagnostic,complex research questions,8.W.7;8.W.8;8.W.9;8.RI.7;8.SL.2
ma-g8-english-language-arts-u06-l02,ma-g8-english-language-arts,8,english-language-arts,92,6,"Research, Citation, and Knowledge Building",2,Concept model A: advanced search and source tracing,Concept model A,advanced search and source tracing,8.W.7;8.W.8;8.W.9;8.RI.7;8.SL.2
ma-g8-english-language-arts-u06-l03,ma-g8-english-language-arts,8,english-language-arts,93,6,"Research, Citation, and Knowledge Building",3,Guided practice A: credibility bias and expertise,Guided practice A,credibility bias and expertise,8.W.7;8.W.8;8.W.9;8.RI.7;8.SL.2
ma-g8-english-language-arts-u06-l04,ma-g8-english-language-arts,8,english-language-arts,94,6,"Research, Citation, and Knowledge Building",4,Independent application A: paraphrase quotation and citation,Independent application A,paraphrase quotation and citation,8.W.7;8.W.8;8.W.9;8.RI.7;8.SL.2
ma-g8-english-language-arts-u06-l05,ma-g8-english-language-arts,8,english-language-arts,95,6,"Research, Citation, and Knowledge Building",5,Concept model B: synthesis across media,Concept model B,synthesis across media,8.W.7;8.W.8;8.W.9;8.RI.7;8.SL.2
ma-g8-english-language-arts-u06-l06,ma-g8-english-language-arts,8,english-language-arts,96,6,"Research, Citation, and Knowledge Building",6,Guided practice B: research limits and ethics,Guided practice B,research limits and ethics,8.W.7;8.W.8;8.W.9;8.RI.7;8.SL.2
ma-g8-english-language-arts-u06-l07,ma-g8-english-language-arts,8,english-language-arts,97,6,"Research, Citation, and Knowledge Building",7,Investigation or close reading: complex research questions,Investigation or close reading,complex research questions,8.W.7;8.W.8;8.W.9;8.RI.7;8.SL.2
ma-g8-english-language-arts-u06-l08,ma-g8-english-language-arts,8,english-language-arts,98,6,"Research, Citation, and Knowledge Building",8,Reteach and varied practice: advanced search and source tracing,Reteach and varied practice,advanced search and source tracing,8.W.7;8.W.8;8.W.9;8.RI.7;8.SL.2
ma-g8-english-language-arts-u06-l09,ma-g8-english-language-arts,8,english-language-arts,99,6,"Research, Citation, and Knowledge Building",9,Concept model C: credibility bias and expertise,Concept model C,credibility bias and expertise,8.W.7;8.W.8;8.W.9;8.RI.7;8.SL.2
ma-g8-english-language-arts-u06-l10,ma-g8-english-language-arts,8,english-language-arts,100,6,"Research, Citation, and Knowledge Building",10,Discussion or problem seminar: paraphrase quotation and citation,Discussion or problem seminar,paraphrase quotation and citation,8.W.7;8.W.8;8.W.9;8.RI.7;8.SL.2
ma-g8-english-language-arts-u06-l11,ma-g8-english-language-arts,8,english-language-arts,101,6,"Research, Citation, and Knowledge Building",11,Performance task planning: synthesis across media,Performance task planning,synthesis across media,8.W.7;8.W.8;8.W.9;8.RI.7;8.SL.2
ma-g8-english-language-arts-u06-l12,ma-g8-english-language-arts,8,english-language-arts,102,6,"Research, Citation, and Knowledge Building",12,Performance task build: research limits and ethics,Performance task build,research limits and ethics,8.W.7;8.W.8;8.W.9;8.RI.7;8.SL.2
ma-g8-english-language-arts-u06-l13,ma-g8-english-language-arts,8,english-language-arts,103,6,"Research, Citation, and Knowledge Building",13,Skill consolidation: complex research questions,Skill consolidation,complex research questions,8.W.7;8.W.8;8.W.9;8.RI.7;8.SL.2
ma-g8-english-language-arts-u06-l14,ma-g8-english-language-arts,8,english-language-arts,104,6,"Research, Citation, and Knowledge Building",14,Transfer challenge: advanced search and source tracing,Transfer challenge,advanced search and source tracing,8.W.7;8.W.8;8.W.9;8.RI.7;8.SL.2
ma-g8-english-language-arts-u06-l15,ma-g8-english-language-arts,8,english-language-arts,105,6,"Research, Citation, and Knowledge Building",15,Assessment preparation: credibility bias and expertise,Assessment preparation,credibility bias and expertise,8.W.7;8.W.8;8.W.9;8.RI.7;8.SL.2
ma-g8-english-language-arts-u06-l16,ma-g8-english-language-arts,8,english-language-arts,106,6,"Research, Citation, and Knowledge Building",16,Unit assessment: paraphrase quotation and citation,Unit assessment,paraphrase quotation and citation,8.W.7;8.W.8;8.W.9;8.RI.7;8.SL.2
ma-g8-english-language-arts-u06-l17,ma-g8-english-language-arts,8,english-language-arts,107,6,"Research, Citation, and Knowledge Building",17,Targeted correction: synthesis across media,Targeted correction,synthesis across media,8.W.7;8.W.8;8.W.9;8.RI.7;8.SL.2
ma-g8-english-language-arts-u06-l18,ma-g8-english-language-arts,8,english-language-arts,108,6,"Research, Citation, and Knowledge Building",18,"Publication, presentation, or reflection: research limits and ethics","Publication, presentation, or reflection",research limits and ethics,8.W.7;8.W.8;8.W.9;8.RI.7;8.SL.2
ma-g8-english-language-arts-u07-l01,ma-g8-english-language-arts,8,english-language-arts,109,7,"Rhetoric, Media, and Information Ecosystems",1,Launch and diagnostic: author purpose and point of view,Launch and diagnostic,author purpose and point of view,8.RI.6;8.RI.7;8.RI.8;8.SL.2;8.SL.5
ma-g8-english-language-arts-u07-l02,ma-g8-english-language-arts,8,english-language-arts,110,7,"Rhetoric, Media, and Information Ecosystems",2,Concept model A: rhetorical appeals,Concept model A,rhetorical appeals,8.RI.6;8.RI.7;8.RI.8;8.SL.2;8.SL.5
ma-g8-english-language-arts-u07-l03,ma-g8-english-language-arts,8,english-language-arts,111,7,"Rhetoric, Media, and Information Ecosystems",3,Guided practice A: visual and audio framing,Guided practice A,visual and audio framing,8.RI.6;8.RI.7;8.RI.8;8.SL.2;8.SL.5
ma-g8-english-language-arts-u07-l04,ma-g8-english-language-arts,8,english-language-arts,112,7,"Rhetoric, Media, and Information Ecosystems",4,Independent application A: algorithmic attention,Independent application A,algorithmic attention,8.RI.6;8.RI.7;8.RI.8;8.SL.2;8.SL.5
ma-g8-english-language-arts-u07-l05,ma-g8-english-language-arts,8,english-language-arts,113,7,"Rhetoric, Media, and Information Ecosystems",5,Concept model B: misinformation patterns,Concept model B,misinformation patterns,8.RI.6;8.RI.7;8.RI.8;8.SL.2;8.SL.5
ma-g8-english-language-arts-u07-l06,ma-g8-english-language-arts,8,english-language-arts,114,7,"Rhetoric, Media, and Information Ecosystems",6,Guided practice B: fact opinion and inference,Guided practice B,fact opinion and inference,8.RI.6;8.RI.7;8.RI.8;8.SL.2;8.SL.5
ma-g8-english-language-arts-u07-l07,ma-g8-english-language-arts,8,english-language-arts,115,7,"Rhetoric, Media, and Information Ecosystems",7,Investigation or close reading: author purpose and point of view,Investigation or close reading,author purpose and point of view,8.RI.6;8.RI.7;8.RI.8;8.SL.2;8.SL.5
ma-g8-english-language-arts-u07-l08,ma-g8-english-language-arts,8,english-language-arts,116,7,"Rhetoric, Media, and Information Ecosystems",8,Reteach and varied practice: rhetorical appeals,Reteach and varied practice,rhetorical appeals,8.RI.6;8.RI.7;8.RI.8;8.SL.2;8.SL.5
ma-g8-english-language-arts-u07-l09,ma-g8-english-language-arts,8,english-language-arts,117,7,"Rhetoric, Media, and Information Ecosystems",9,Concept model C: visual and audio framing,Concept model C,visual and audio framing,8.RI.6;8.RI.7;8.RI.8;8.SL.2;8.SL.5
ma-g8-english-language-arts-u07-l10,ma-g8-english-language-arts,8,english-language-arts,118,7,"Rhetoric, Media, and Information Ecosystems",10,Discussion or problem seminar: algorithmic attention,Discussion or problem seminar,algorithmic attention,8.RI.6;8.RI.7;8.RI.8;8.SL.2;8.SL.5
ma-g8-english-language-arts-u07-l11,ma-g8-english-language-arts,8,english-language-arts,119,7,"Rhetoric, Media, and Information Ecosystems",11,Performance task planning: misinformation patterns,Performance task planning,misinformation patterns,8.RI.6;8.RI.7;8.RI.8;8.SL.2;8.SL.5
ma-g8-english-language-arts-u07-l12,ma-g8-english-language-arts,8,english-language-arts,120,7,"Rhetoric, Media, and Information Ecosystems",12,Performance task build: fact opinion and inference,Performance task build,fact opinion and inference,8.RI.6;8.RI.7;8.RI.8;8.SL.2;8.SL.5
ma-g8-english-language-arts-u07-l13,ma-g8-english-language-arts,8,english-language-arts,121,7,"Rhetoric, Media, and Information Ecosystems",13,Skill consolidation: author purpose and point of view,Skill consolidation,author purpose and point of view,8.RI.6;8.RI.7;8.RI.8;8.SL.2;8.SL.5
ma-g8-english-language-arts-u07-l14,ma-g8-english-language-arts,8,english-language-arts,122,7,"Rhetoric, Media, and Information Ecosystems",14,Transfer challenge: rhetorical appeals,Transfer challenge,rhetorical appeals,8.RI.6;8.RI.7;8.RI.8;8.SL.2;8.SL.5
ma-g8-english-language-arts-u07-l15,ma-g8-english-language-arts,8,english-language-arts,123,7,"Rhetoric, Media, and Information Ecosystems",15,Assessment preparation: visual and audio framing,Assessment preparation,visual and audio framing,8.RI.6;8.RI.7;8.RI.8;8.SL.2;8.SL.5
ma-g8-english-language-arts-u07-l16,ma-g8-english-language-arts,8,english-language-arts,124,7,"Rhetoric, Media, and Information Ecosystems",16,Unit assessment: algorithmic attention,Unit assessment,algorithmic attention,8.RI.6;8.RI.7;8.RI.8;8.SL.2;8.SL.5
ma-g8-english-language-arts-u07-l17,ma-g8-english-language-arts,8,english-language-arts,125,7,"Rhetoric, Media, and Information Ecosystems",17,Targeted correction: misinformation patterns,Targeted correction,misinformation patterns,8.RI.6;8.RI.7;8.RI.8;8.SL.2;8.SL.5
ma-g8-english-language-arts-u07-l18,ma-g8-english-language-arts,8,english-language-arts,126,7,"Rhetoric, Media, and Information Ecosystems",18,"Publication, presentation, or reflection: fact opinion and inference","Publication, presentation, or reflection",fact opinion and inference,8.RI.6;8.RI.7;8.RI.8;8.SL.2;8.SL.5
ma-g8-english-language-arts-u08-l01,ma-g8-english-language-arts,8,english-language-arts,127,8,"Grammar, Style, and Editing for Impact",1,Launch and diagnostic: verbals and sentence structures,Launch and diagnostic,verbals and sentence structures,8.L.1;8.L.2;8.L.3;8.L.4;8.L.5;8.L.6
ma-g8-english-language-arts-u08-l02,ma-g8-english-language-arts,8,english-language-arts,128,8,"Grammar, Style, and Editing for Impact",2,Concept model A: active and passive voice,Concept model A,active and passive voice,8.L.1;8.L.2;8.L.3;8.L.4;8.L.5;8.L.6
ma-g8-english-language-arts-u08-l03,ma-g8-english-language-arts,8,english-language-arts,129,8,"Grammar, Style, and Editing for Impact",3,Guided practice A: mood and voice,Guided practice A,mood and voice,8.L.1;8.L.2;8.L.3;8.L.4;8.L.5;8.L.6
ma-g8-english-language-arts-u08-l04,ma-g8-english-language-arts,8,english-language-arts,130,8,"Grammar, Style, and Editing for Impact",4,Independent application A: punctuation for effect,Independent application A,punctuation for effect,8.L.1;8.L.2;8.L.3;8.L.4;8.L.5;8.L.6
ma-g8-english-language-arts-u08-l05,ma-g8-english-language-arts,8,english-language-arts,131,8,"Grammar, Style, and Editing for Impact",5,Concept model B: concise precise language,Concept model B,concise precise language,8.L.1;8.L.2;8.L.3;8.L.4;8.L.5;8.L.6
ma-g8-english-language-arts-u08-l06,ma-g8-english-language-arts,8,english-language-arts,132,8,"Grammar, Style, and Editing for Impact",6,Guided practice B: vocabulary acquisition,Guided practice B,vocabulary acquisition,8.L.1;8.L.2;8.L.3;8.L.4;8.L.5;8.L.6
ma-g8-english-language-arts-u08-l07,ma-g8-english-language-arts,8,english-language-arts,133,8,"Grammar, Style, and Editing for Impact",7,Investigation or close reading: verbals and sentence structures,Investigation or close reading,verbals and sentence structures,8.L.1;8.L.2;8.L.3;8.L.4;8.L.5;8.L.6
ma-g8-english-language-arts-u08-l08,ma-g8-english-language-arts,8,english-language-arts,134,8,"Grammar, Style, and Editing for Impact",8,Reteach and varied practice: active and passive voice,Reteach and varied practice,active and passive voice,8.L.1;8.L.2;8.L.3;8.L.4;8.L.5;8.L.6
ma-g8-english-language-arts-u08-l09,ma-g8-english-language-arts,8,english-language-arts,135,8,"Grammar, Style, and Editing for Impact",9,Concept model C: mood and voice,Concept model C,mood and voice,8.L.1;8.L.2;8.L.3;8.L.4;8.L.5;8.L.6
ma-g8-english-language-arts-u08-l10,ma-g8-english-language-arts,8,english-language-arts,136,8,"Grammar, Style, and Editing for Impact",10,Discussion or problem seminar: punctuation for effect,Discussion or problem seminar,punctuation for effect,8.L.1;8.L.2;8.L.3;8.L.4;8.L.5;8.L.6
ma-g8-english-language-arts-u08-l11,ma-g8-english-language-arts,8,english-language-arts,137,8,"Grammar, Style, and Editing for Impact",11,Performance task planning: concise precise language,Performance task planning,concise precise language,8.L.1;8.L.2;8.L.3;8.L.4;8.L.5;8.L.6
ma-g8-english-language-arts-u08-l12,ma-g8-english-language-arts,8,english-language-arts,138,8,"Grammar, Style, and Editing for Impact",12,Performance task build: vocabulary acquisition,Performance task build,vocabulary acquisition,8.L.1;8.L.2;8.L.3;8.L.4;8.L.5;8.L.6
ma-g8-english-language-arts-u08-l13,ma-g8-english-language-arts,8,english-language-arts,139,8,"Grammar, Style, and Editing for Impact",13,Skill consolidation: verbals and sentence structures,Skill consolidation,verbals and sentence structures,8.L.1;8.L.2;8.L.3;8.L.4;8.L.5;8.L.6
ma-g8-english-language-arts-u08-l14,ma-g8-english-language-arts,8,english-language-arts,140,8,"Grammar, Style, and Editing for Impact",14,Transfer challenge: active and passive voice,Transfer challenge,active and passive voice,8.L.1;8.L.2;8.L.3;8.L.4;8.L.5;8.L.6
ma-g8-english-language-arts-u08-l15,ma-g8-english-language-arts,8,english-language-arts,141,8,"Grammar, Style, and Editing for Impact",15,Assessment preparation: mood and voice,Assessment preparation,mood and voice,8.L.1;8.L.2;8.L.3;8.L.4;8.L.5;8.L.6
ma-g8-english-language-arts-u08-l16,ma-g8-english-language-arts,8,english-language-arts,142,8,"Grammar, Style, and Editing for Impact",16,Unit assessment: punctuation for effect,Unit assessment,punctuation for effect,8.L.1;8.L.2;8.L.3;8.L.4;8.L.5;8.L.6
ma-g8-english-language-arts-u08-l17,ma-g8-english-language-arts,8,english-language-arts,143,8,"Grammar, Style, and Editing for Impact",17,Targeted correction: concise precise language,Targeted correction,concise precise language,8.L.1;8.L.2;8.L.3;8.L.4;8.L.5;8.L.6
ma-g8-english-language-arts-u08-l18,ma-g8-english-language-arts,8,english-language-arts,144,8,"Grammar, Style, and Editing for Impact",18,"Publication, presentation, or reflection: vocabulary acquisition","Publication, presentation, or reflection",vocabulary acquisition,8.L.1;8.L.2;8.L.3;8.L.4;8.L.5;8.L.6
ma-g8-english-language-arts-u09-l01,ma-g8-english-language-arts,8,english-language-arts,145,9,Comparative Literature and Historical Context,1,Launch and diagnostic: universal and culture-specific themes,Launch and diagnostic,universal and culture-specific themes,8.RL.2;8.RL.6;8.RL.7;8.RL.9;8.W.9;8.SL.1
ma-g8-english-language-arts-u09-l02,ma-g8-english-language-arts,8,english-language-arts,146,9,Comparative Literature and Historical Context,2,Concept model A: modern versus traditional texts,Concept model A,modern versus traditional texts,8.RL.2;8.RL.6;8.RL.7;8.RL.9;8.W.9;8.SL.1
ma-g8-english-language-arts-u09-l03,ma-g8-english-language-arts,8,english-language-arts,147,9,Comparative Literature and Historical Context,3,Guided practice A: historical context,Guided practice A,historical context,8.RL.2;8.RL.6;8.RL.7;8.RL.9;8.W.9;8.SL.1
ma-g8-english-language-arts-u09-l04,ma-g8-english-language-arts,8,english-language-arts,148,9,Comparative Literature and Historical Context,4,Independent application A: adaptation across media,Independent application A,adaptation across media,8.RL.2;8.RL.6;8.RL.7;8.RL.9;8.W.9;8.SL.1
ma-g8-english-language-arts-u09-l05,ma-g8-english-language-arts,8,english-language-arts,149,9,Comparative Literature and Historical Context,5,Concept model B: perspective and power,Concept model B,perspective and power,8.RL.2;8.RL.6;8.RL.7;8.RL.9;8.W.9;8.SL.1
ma-g8-english-language-arts-u09-l06,ma-g8-english-language-arts,8,english-language-arts,150,9,Comparative Literature and Historical Context,6,Guided practice B: comparative thesis writing,Guided practice B,comparative thesis writing,8.RL.2;8.RL.6;8.RL.7;8.RL.9;8.W.9;8.SL.1
ma-g8-english-language-arts-u09-l07,ma-g8-english-language-arts,8,english-language-arts,151,9,Comparative Literature and Historical Context,7,Investigation or close reading: universal and culture-specific themes,Investigation or close reading,universal and culture-specific themes,8.RL.2;8.RL.6;8.RL.7;8.RL.9;8.W.9;8.SL.1
ma-g8-english-language-arts-u09-l08,ma-g8-english-language-arts,8,english-language-arts,152,9,Comparative Literature and Historical Context,8,Reteach and varied practice: modern versus traditional texts,Reteach and varied practice,modern versus traditional texts,8.RL.2;8.RL.6;8.RL.7;8.RL.9;8.W.9;8.SL.1
ma-g8-english-language-arts-u09-l09,ma-g8-english-language-arts,8,english-language-arts,153,9,Comparative Literature and Historical Context,9,Concept model C: historical context,Concept model C,historical context,8.RL.2;8.RL.6;8.RL.7;8.RL.9;8.W.9;8.SL.1
ma-g8-english-language-arts-u09-l10,ma-g8-english-language-arts,8,english-language-arts,154,9,Comparative Literature and Historical Context,10,Discussion or problem seminar: adaptation across media,Discussion or problem seminar,adaptation across media,8.RL.2;8.RL.6;8.RL.7;8.RL.9;8.W.9;8.SL.1
ma-g8-english-language-arts-u09-l11,ma-g8-english-language-arts,8,english-language-arts,155,9,Comparative Literature and Historical Context,11,Performance task planning: perspective and power,Performance task planning,perspective and power,8.RL.2;8.RL.6;8.RL.7;8.RL.9;8.W.9;8.SL.1
ma-g8-english-language-arts-u09-l12,ma-g8-english-language-arts,8,english-language-arts,156,9,Comparative Literature and Historical Context,12,Performance task build: comparative thesis writing,Performance task build,comparative thesis writing,8.RL.2;8.RL.6;8.RL.7;8.RL.9;8.W.9;8.SL.1
ma-g8-english-language-arts-u09-l13,ma-g8-english-language-arts,8,english-language-arts,157,9,Comparative Literature and Historical Context,13,Skill consolidation: universal and culture-specific themes,Skill consolidation,universal and culture-specific themes,8.RL.2;8.RL.6;8.RL.7;8.RL.9;8.W.9;8.SL.1
ma-g8-english-language-arts-u09-l14,ma-g8-english-language-arts,8,english-language-arts,158,9,Comparative Literature and Historical Context,14,Transfer challenge: modern versus traditional texts,Transfer challenge,modern versus traditional texts,8.RL.2;8.RL.6;8.RL.7;8.RL.9;8.W.9;8.SL.1
ma-g8-english-language-arts-u09-l15,ma-g8-english-language-arts,8,english-language-arts,159,9,Comparative Literature and Historical Context,15,Assessment preparation: historical context,Assessment preparation,historical context,8.RL.2;8.RL.6;8.RL.7;8.RL.9;8.W.9;8.SL.1
ma-g8-english-language-arts-u09-l16,ma-g8-english-language-arts,8,english-language-arts,160,9,Comparative Literature and Historical Context,16,Unit assessment: adaptation across media,Unit assessment,adaptation across media,8.RL.2;8.RL.6;8.RL.7;8.RL.9;8.W.9;8.SL.1
ma-g8-english-language-arts-u09-l17,ma-g8-english-language-arts,8,english-language-arts,161,9,Comparative Literature and Historical Context,17,Targeted correction: perspective and power,Targeted correction,perspective and power,8.RL.2;8.RL.6;8.RL.7;8.RL.9;8.W.9;8.SL.1
ma-g8-english-language-arts-u09-l18,ma-g8-english-language-arts,8,english-language-arts,162,9,Comparative Literature and Historical Context,18,"Publication, presentation, or reflection: comparative thesis writing","Publication, presentation, or reflection",comparative thesis writing,8.RL.2;8.RL.6;8.RL.7;8.RL.9;8.W.9;8.SL.1
ma-g8-english-language-arts-u10-l01,ma-g8-english-language-arts,8,english-language-arts,163,10,"Publication, Portfolio, and Transition Capstone",1,Launch and diagnostic: audience and purpose,Launch and diagnostic,audience and purpose,8.RL.10;8.RI.10;8.W.4;8.W.5;8.W.6;8.SL.4;8.SL.5
ma-g8-english-language-arts-u10-l02,ma-g8-english-language-arts,8,english-language-arts,164,10,"Publication, Portfolio, and Transition Capstone",2,Concept model A: long-form revision,Concept model A,long-form revision,8.RL.10;8.RI.10;8.W.4;8.W.5;8.W.6;8.SL.4;8.SL.5
ma-g8-english-language-arts-u10-l03,ma-g8-english-language-arts,8,english-language-arts,165,10,"Publication, Portfolio, and Transition Capstone",3,Guided practice A: ethical technology use,Guided practice A,ethical technology use,8.RL.10;8.RI.10;8.W.4;8.W.5;8.W.6;8.SL.4;8.SL.5
ma-g8-english-language-arts-u10-l04,ma-g8-english-language-arts,8,english-language-arts,166,10,"Publication, Portfolio, and Transition Capstone",4,Independent application A: portfolio curation,Independent application A,portfolio curation,8.RL.10;8.RI.10;8.W.4;8.W.5;8.W.6;8.SL.4;8.SL.5
ma-g8-english-language-arts-u10-l05,ma-g8-english-language-arts,8,english-language-arts,167,10,"Publication, Portfolio, and Transition Capstone",5,Concept model B: presentation and defense,Concept model B,presentation and defense,8.RL.10;8.RI.10;8.W.4;8.W.5;8.W.6;8.SL.4;8.SL.5
ma-g8-english-language-arts-u10-l06,ma-g8-english-language-arts,8,english-language-arts,168,10,"Publication, Portfolio, and Transition Capstone",6,Guided practice B: high-school readiness reflection,Guided practice B,high-school readiness reflection,8.RL.10;8.RI.10;8.W.4;8.W.5;8.W.6;8.SL.4;8.SL.5
ma-g8-english-language-arts-u10-l07,ma-g8-english-language-arts,8,english-language-arts,169,10,"Publication, Portfolio, and Transition Capstone",7,Investigation or close reading: audience and purpose,Investigation or close reading,audience and purpose,8.RL.10;8.RI.10;8.W.4;8.W.5;8.W.6;8.SL.4;8.SL.5
ma-g8-english-language-arts-u10-l08,ma-g8-english-language-arts,8,english-language-arts,170,10,"Publication, Portfolio, and Transition Capstone",8,Reteach and varied practice: long-form revision,Reteach and varied practice,long-form revision,8.RL.10;8.RI.10;8.W.4;8.W.5;8.W.6;8.SL.4;8.SL.5
ma-g8-english-language-arts-u10-l09,ma-g8-english-language-arts,8,english-language-arts,171,10,"Publication, Portfolio, and Transition Capstone",9,Concept model C: ethical technology use,Concept model C,ethical technology use,8.RL.10;8.RI.10;8.W.4;8.W.5;8.W.6;8.SL.4;8.SL.5
ma-g8-english-language-arts-u10-l10,ma-g8-english-language-arts,8,english-language-arts,172,10,"Publication, Portfolio, and Transition Capstone",10,Discussion or problem seminar: portfolio curation,Discussion or problem seminar,portfolio curation,8.RL.10;8.RI.10;8.W.4;8.W.5;8.W.6;8.SL.4;8.SL.5
ma-g8-english-language-arts-u10-l11,ma-g8-english-language-arts,8,english-language-arts,173,10,"Publication, Portfolio, and Transition Capstone",11,Performance task planning: presentation and defense,Performance task planning,presentation and defense,8.RL.10;8.RI.10;8.W.4;8.W.5;8.W.6;8.SL.4;8.SL.5
ma-g8-english-language-arts-u10-l12,ma-g8-english-language-arts,8,english-language-arts,174,10,"Publication, Portfolio, and Transition Capstone",12,Performance task build: high-school readiness reflection,Performance task build,high-school readiness reflection,8.RL.10;8.RI.10;8.W.4;8.W.5;8.W.6;8.SL.4;8.SL.5
ma-g8-english-language-arts-u10-l13,ma-g8-english-language-arts,8,english-language-arts,175,10,"Publication, Portfolio, and Transition Capstone",13,Skill consolidation: audience and purpose,Skill consolidation,audience and purpose,8.RL.10;8.RI.10;8.W.4;8.W.5;8.W.6;8.SL.4;8.SL.5
ma-g8-english-language-arts-u10-l14,ma-g8-english-language-arts,8,english-language-arts,176,10,"Publication, Portfolio, and Transition Capstone",14,Transfer challenge: long-form revision,Transfer challenge,long-form revision,8.RL.10;8.RI.10;8.W.4;8.W.5;8.W.6;8.SL.4;8.SL.5
ma-g8-english-language-arts-u10-l15,ma-g8-english-language-arts,8,english-language-arts,177,10,"Publication, Portfolio, and Transition Capstone",15,Assessment preparation: ethical technology use,Assessment preparation,ethical technology use,8.RL.10;8.RI.10;8.W.4;8.W.5;8.W.6;8.SL.4;8.SL.5
ma-g8-english-language-arts-u10-l16,ma-g8-english-language-arts,8,english-language-arts,178,10,"Publication, Portfolio, and Transition Capstone",16,Unit assessment: portfolio curation,Unit assessment,portfolio curation,8.RL.10;8.RI.10;8.W.4;8.W.5;8.W.6;8.SL.4;8.SL.5
ma-g8-english-language-arts-u10-l17,ma-g8-english-language-arts,8,english-language-arts,179,10,"Publication, Portfolio, and Transition Capstone",17,Targeted correction: presentation and defense,Targeted correction,presentation and defense,8.RL.10;8.RI.10;8.W.4;8.W.5;8.W.6;8.SL.4;8.SL.5
ma-g8-english-language-arts-u10-l18,ma-g8-english-language-arts,8,english-language-arts,180,10,"Publication, Portfolio, and Transition Capstone",18,"Publication, presentation, or reflection: high-school readiness reflection","Publication, presentation, or reflection",high-school readiness reflection,8.RL.10;8.RI.10;8.W.4;8.W.5;8.W.6;8.SL.4;8.SL.5
ma-g8-science-u01-l01,ma-g8-science,8,science,1,1,"Forces, Motion, and Interactions",1,Launch and diagnostic: Newton’s laws at middle-school level,Launch and diagnostic,Newton’s laws at middle-school level,MS-PS2-1;MS-PS2-2;MS-PS2-4;MS-PS2-5
ma-g8-science-u01-l02,ma-g8-science,8,science,2,1,"Forces, Motion, and Interactions",2,Concept model A: force and mass,Concept model A,force and mass,MS-PS2-1;MS-PS2-2;MS-PS2-4;MS-PS2-5
ma-g8-science-u01-l03,ma-g8-science,8,science,3,1,"Forces, Motion, and Interactions",3,Guided practice A: motion graphs,Guided practice A,motion graphs,MS-PS2-1;MS-PS2-2;MS-PS2-4;MS-PS2-5
ma-g8-science-u01-l04,ma-g8-science,8,science,4,1,"Forces, Motion, and Interactions",4,Independent application A: collisions,Independent application A,collisions,MS-PS2-1;MS-PS2-2;MS-PS2-4;MS-PS2-5
ma-g8-science-u01-l05,ma-g8-science,8,science,5,1,"Forces, Motion, and Interactions",5,Concept model B: gravitational interactions,Concept model B,gravitational interactions,MS-PS2-1;MS-PS2-2;MS-PS2-4;MS-PS2-5
ma-g8-science-u01-l06,ma-g8-science,8,science,6,1,"Forces, Motion, and Interactions",6,Guided practice B: electric and magnetic fields,Guided practice B,electric and magnetic fields,MS-PS2-1;MS-PS2-2;MS-PS2-4;MS-PS2-5
ma-g8-science-u01-l07,ma-g8-science,8,science,7,1,"Forces, Motion, and Interactions",7,Investigation or close reading: Newton’s laws at middle-school level,Investigation or close reading,Newton’s laws at middle-school level,MS-PS2-1;MS-PS2-2;MS-PS2-4;MS-PS2-5
ma-g8-science-u01-l08,ma-g8-science,8,science,8,1,"Forces, Motion, and Interactions",8,Reteach and varied practice: force and mass,Reteach and varied practice,force and mass,MS-PS2-1;MS-PS2-2;MS-PS2-4;MS-PS2-5
ma-g8-science-u01-l09,ma-g8-science,8,science,9,1,"Forces, Motion, and Interactions",9,Performance task build: motion graphs,Performance task build,motion graphs,MS-PS2-1;MS-PS2-2;MS-PS2-4;MS-PS2-5
ma-g8-science-u01-l10,ma-g8-science,8,science,10,1,"Forces, Motion, and Interactions",10,Synthesis and review: collisions,Synthesis and review,collisions,MS-PS2-1;MS-PS2-2;MS-PS2-4;MS-PS2-5
ma-g8-science-u01-l11,ma-g8-science,8,science,11,1,"Forces, Motion, and Interactions",11,Unit assessment: gravitational interactions,Unit assessment,gravitational interactions,MS-PS2-1;MS-PS2-2;MS-PS2-4;MS-PS2-5
ma-g8-science-u01-l12,ma-g8-science,8,science,12,1,"Forces, Motion, and Interactions",12,Correction and reflection: electric and magnetic fields,Correction and reflection,electric and magnetic fields,MS-PS2-1;MS-PS2-2;MS-PS2-4;MS-PS2-5
ma-g8-science-u02-l01,ma-g8-science,8,science,13,2,Waves and Information Transfer,1,Launch and diagnostic: wave amplitude wavelength and energy,Launch and diagnostic,wave amplitude wavelength and energy,MS-PS4-1;MS-PS4-2;MS-PS4-3
ma-g8-science-u02-l02,ma-g8-science,8,science,14,2,Waves and Information Transfer,2,Concept model A: reflection absorption and transmission,Concept model A,reflection absorption and transmission,MS-PS4-1;MS-PS4-2;MS-PS4-3
ma-g8-science-u02-l03,ma-g8-science,8,science,15,2,Waves and Information Transfer,3,Guided practice A: light and sound models,Guided practice A,light and sound models,MS-PS4-1;MS-PS4-2;MS-PS4-3
ma-g8-science-u02-l04,ma-g8-science,8,science,16,2,Waves and Information Transfer,4,Independent application A: digital versus analog signals,Independent application A,digital versus analog signals,MS-PS4-1;MS-PS4-2;MS-PS4-3
ma-g8-science-u02-l05,ma-g8-science,8,science,17,2,Waves and Information Transfer,5,Concept model B: communication technologies,Concept model B,communication technologies,MS-PS4-1;MS-PS4-2;MS-PS4-3
ma-g8-science-u02-l06,ma-g8-science,8,science,18,2,Waves and Information Transfer,6,Guided practice B: model limitations,Guided practice B,model limitations,MS-PS4-1;MS-PS4-2;MS-PS4-3
ma-g8-science-u02-l07,ma-g8-science,8,science,19,2,Waves and Information Transfer,7,Investigation or close reading: wave amplitude wavelength and energy,Investigation or close reading,wave amplitude wavelength and energy,MS-PS4-1;MS-PS4-2;MS-PS4-3
ma-g8-science-u02-l08,ma-g8-science,8,science,20,2,Waves and Information Transfer,8,Reteach and varied practice: reflection absorption and transmission,Reteach and varied practice,reflection absorption and transmission,MS-PS4-1;MS-PS4-2;MS-PS4-3
ma-g8-science-u02-l09,ma-g8-science,8,science,21,2,Waves and Information Transfer,9,Performance task build: light and sound models,Performance task build,light and sound models,MS-PS4-1;MS-PS4-2;MS-PS4-3
ma-g8-science-u02-l10,ma-g8-science,8,science,22,2,Waves and Information Transfer,10,Synthesis and review: digital versus analog signals,Synthesis and review,digital versus analog signals,MS-PS4-1;MS-PS4-2;MS-PS4-3
ma-g8-science-u02-l11,ma-g8-science,8,science,23,2,Waves and Information Transfer,11,Unit assessment: communication technologies,Unit assessment,communication technologies,MS-PS4-1;MS-PS4-2;MS-PS4-3
ma-g8-science-u02-l12,ma-g8-science,8,science,24,2,Waves and Information Transfer,12,Correction and reflection: model limitations,Correction and reflection,model limitations,MS-PS4-1;MS-PS4-2;MS-PS4-3
ma-g8-science-u03-l01,ma-g8-science,8,science,25,3,"Growth, Reproduction, and Heredity",1,Launch and diagnostic: sexual and asexual reproduction,Launch and diagnostic,sexual and asexual reproduction,MS-LS1-4;MS-LS3-1;MS-LS3-2
ma-g8-science-u03-l02,ma-g8-science,8,science,26,3,"Growth, Reproduction, and Heredity",2,Concept model A: genes chromosomes and traits,Concept model A,genes chromosomes and traits,MS-LS1-4;MS-LS3-1;MS-LS3-2
ma-g8-science-u03-l03,ma-g8-science,8,science,27,3,"Growth, Reproduction, and Heredity",3,Guided practice A: mutations,Guided practice A,mutations,MS-LS1-4;MS-LS3-1;MS-LS3-2
ma-g8-science-u03-l04,ma-g8-science,8,science,28,3,"Growth, Reproduction, and Heredity",4,Independent application A: inheritance models,Independent application A,inheritance models,MS-LS1-4;MS-LS3-1;MS-LS3-2
ma-g8-science-u03-l05,ma-g8-science,8,science,29,3,"Growth, Reproduction, and Heredity",5,Concept model B: environment and trait expression,Concept model B,environment and trait expression,MS-LS1-4;MS-LS3-1;MS-LS3-2
ma-g8-science-u03-l06,ma-g8-science,8,science,30,3,"Growth, Reproduction, and Heredity",6,Guided practice B: probability and model limits,Guided practice B,probability and model limits,MS-LS1-4;MS-LS3-1;MS-LS3-2
ma-g8-science-u03-l07,ma-g8-science,8,science,31,3,"Growth, Reproduction, and Heredity",7,Investigation or close reading: sexual and asexual reproduction,Investigation or close reading,sexual and asexual reproduction,MS-LS1-4;MS-LS3-1;MS-LS3-2
ma-g8-science-u03-l08,ma-g8-science,8,science,32,3,"Growth, Reproduction, and Heredity",8,Reteach and varied practice: genes chromosomes and traits,Reteach and varied practice,genes chromosomes and traits,MS-LS1-4;MS-LS3-1;MS-LS3-2
ma-g8-science-u03-l09,ma-g8-science,8,science,33,3,"Growth, Reproduction, and Heredity",9,Performance task build: mutations,Performance task build,mutations,MS-LS1-4;MS-LS3-1;MS-LS3-2
ma-g8-science-u03-l10,ma-g8-science,8,science,34,3,"Growth, Reproduction, and Heredity",10,Synthesis and review: inheritance models,Synthesis and review,inheritance models,MS-LS1-4;MS-LS3-1;MS-LS3-2
ma-g8-science-u03-l11,ma-g8-science,8,science,35,3,"Growth, Reproduction, and Heredity",11,Unit assessment: environment and trait expression,Unit assessment,environment and trait expression,MS-LS1-4;MS-LS3-1;MS-LS3-2
ma-g8-science-u03-l12,ma-g8-science,8,science,36,3,"Growth, Reproduction, and Heredity",12,Correction and reflection: probability and model limits,Correction and reflection,probability and model limits,MS-LS1-4;MS-LS3-1;MS-LS3-2
ma-g8-science-u04-l01,ma-g8-science,8,science,37,4,Natural Selection and Adaptation,1,Launch and diagnostic: fossil evidence,Launch and diagnostic,fossil evidence,MS-LS4-1;MS-LS4-2;MS-LS4-3;MS-LS4-4;MS-LS4-6
ma-g8-science-u04-l02,ma-g8-science,8,science,38,4,Natural Selection and Adaptation,2,Concept model A: anatomical similarities,Concept model A,anatomical similarities,MS-LS4-1;MS-LS4-2;MS-LS4-3;MS-LS4-4;MS-LS4-6
ma-g8-science-u04-l03,ma-g8-science,8,science,39,4,Natural Selection and Adaptation,3,Guided practice A: embryological evidence,Guided practice A,embryological evidence,MS-LS4-1;MS-LS4-2;MS-LS4-3;MS-LS4-4;MS-LS4-6
ma-g8-science-u04-l04,ma-g8-science,8,science,40,4,Natural Selection and Adaptation,4,Independent application A: variation,Independent application A,variation,MS-LS4-1;MS-LS4-2;MS-LS4-3;MS-LS4-4;MS-LS4-6
ma-g8-science-u04-l05,ma-g8-science,8,science,41,4,Natural Selection and Adaptation,5,Concept model B: natural selection,Concept model B,natural selection,MS-LS4-1;MS-LS4-2;MS-LS4-3;MS-LS4-4;MS-LS4-6
ma-g8-science-u04-l06,ma-g8-science,8,science,42,4,Natural Selection and Adaptation,6,Guided practice B: population change over generations,Guided practice B,population change over generations,MS-LS4-1;MS-LS4-2;MS-LS4-3;MS-LS4-4;MS-LS4-6
ma-g8-science-u04-l07,ma-g8-science,8,science,43,4,Natural Selection and Adaptation,7,Investigation or close reading: fossil evidence,Investigation or close reading,fossil evidence,MS-LS4-1;MS-LS4-2;MS-LS4-3;MS-LS4-4;MS-LS4-6
ma-g8-science-u04-l08,ma-g8-science,8,science,44,4,Natural Selection and Adaptation,8,Reteach and varied practice: anatomical similarities,Reteach and varied practice,anatomical similarities,MS-LS4-1;MS-LS4-2;MS-LS4-3;MS-LS4-4;MS-LS4-6
ma-g8-science-u04-l09,ma-g8-science,8,science,45,4,Natural Selection and Adaptation,9,Performance task build: embryological evidence,Performance task build,embryological evidence,MS-LS4-1;MS-LS4-2;MS-LS4-3;MS-LS4-4;MS-LS4-6
ma-g8-science-u04-l10,ma-g8-science,8,science,46,4,Natural Selection and Adaptation,10,Synthesis and review: variation,Synthesis and review,variation,MS-LS4-1;MS-LS4-2;MS-LS4-3;MS-LS4-4;MS-LS4-6
ma-g8-science-u04-l11,ma-g8-science,8,science,47,4,Natural Selection and Adaptation,11,Unit assessment: natural selection,Unit assessment,natural selection,MS-LS4-1;MS-LS4-2;MS-LS4-3;MS-LS4-4;MS-LS4-6
ma-g8-science-u04-l12,ma-g8-science,8,science,48,4,Natural Selection and Adaptation,12,Correction and reflection: population change over generations,Correction and reflection,population change over generations,MS-LS4-1;MS-LS4-2;MS-LS4-3;MS-LS4-4;MS-LS4-6
ma-g8-science-u05-l01,ma-g8-science,8,science,49,5,Earth History and Geologic Processes,1,Launch and diagnostic: geologic time,Launch and diagnostic,geologic time,MS-ESS1-4;MS-ESS2-1;MS-ESS2-2;MS-ESS2-3
ma-g8-science-u05-l02,ma-g8-science,8,science,50,5,Earth History and Geologic Processes,2,Concept model A: rock strata and fossils,Concept model A,rock strata and fossils,MS-ESS1-4;MS-ESS2-1;MS-ESS2-2;MS-ESS2-3
ma-g8-science-u05-l03,ma-g8-science,8,science,51,5,Earth History and Geologic Processes,3,Guided practice A: plate tectonics,Guided practice A,plate tectonics,MS-ESS1-4;MS-ESS2-1;MS-ESS2-2;MS-ESS2-3
ma-g8-science-u05-l04,ma-g8-science,8,science,52,5,Earth History and Geologic Processes,4,Independent application A: cycling of Earth materials,Independent application A,cycling of Earth materials,MS-ESS1-4;MS-ESS2-1;MS-ESS2-2;MS-ESS2-3
ma-g8-science-u05-l05,ma-g8-science,8,science,53,5,Earth History and Geologic Processes,5,Concept model B: surface processes,Concept model B,surface processes,MS-ESS1-4;MS-ESS2-1;MS-ESS2-2;MS-ESS2-3
ma-g8-science-u05-l06,ma-g8-science,8,science,54,5,Earth History and Geologic Processes,6,Guided practice B: evidence for past change,Guided practice B,evidence for past change,MS-ESS1-4;MS-ESS2-1;MS-ESS2-2;MS-ESS2-3
ma-g8-science-u05-l07,ma-g8-science,8,science,55,5,Earth History and Geologic Processes,7,Investigation or close reading: geologic time,Investigation or close reading,geologic time,MS-ESS1-4;MS-ESS2-1;MS-ESS2-2;MS-ESS2-3
ma-g8-science-u05-l08,ma-g8-science,8,science,56,5,Earth History and Geologic Processes,8,Reteach and varied practice: rock strata and fossils,Reteach and varied practice,rock strata and fossils,MS-ESS1-4;MS-ESS2-1;MS-ESS2-2;MS-ESS2-3
ma-g8-science-u05-l09,ma-g8-science,8,science,57,5,Earth History and Geologic Processes,9,Performance task build: plate tectonics,Performance task build,plate tectonics,MS-ESS1-4;MS-ESS2-1;MS-ESS2-2;MS-ESS2-3
ma-g8-science-u05-l10,ma-g8-science,8,science,58,5,Earth History and Geologic Processes,10,Synthesis and review: cycling of Earth materials,Synthesis and review,cycling of Earth materials,MS-ESS1-4;MS-ESS2-1;MS-ESS2-2;MS-ESS2-3
ma-g8-science-u05-l11,ma-g8-science,8,science,59,5,Earth History and Geologic Processes,11,Unit assessment: surface processes,Unit assessment,surface processes,MS-ESS1-4;MS-ESS2-1;MS-ESS2-2;MS-ESS2-3
ma-g8-science-u05-l12,ma-g8-science,8,science,60,5,Earth History and Geologic Processes,12,Correction and reflection: evidence for past change,Correction and reflection,evidence for past change,MS-ESS1-4;MS-ESS2-1;MS-ESS2-2;MS-ESS2-3
ma-g8-science-u06-l01,ma-g8-science,8,science,61,6,"Earth, Moon, Sun, and the Solar System",1,Launch and diagnostic: seasons,Launch and diagnostic,seasons,MS-ESS1-1;MS-ESS1-2;MS-ESS1-3
ma-g8-science-u06-l02,ma-g8-science,8,science,62,6,"Earth, Moon, Sun, and the Solar System",2,Concept model A: lunar phases and eclipses,Concept model A,lunar phases and eclipses,MS-ESS1-1;MS-ESS1-2;MS-ESS1-3
ma-g8-science-u06-l03,ma-g8-science,8,science,63,6,"Earth, Moon, Sun, and the Solar System",3,Guided practice A: gravity and orbital motion,Guided practice A,gravity and orbital motion,MS-ESS1-1;MS-ESS1-2;MS-ESS1-3
ma-g8-science-u06-l04,ma-g8-science,8,science,64,6,"Earth, Moon, Sun, and the Solar System",4,Independent application A: solar-system scale,Independent application A,solar-system scale,MS-ESS1-1;MS-ESS1-2;MS-ESS1-3
ma-g8-science-u06-l05,ma-g8-science,8,science,65,6,"Earth, Moon, Sun, and the Solar System",5,Concept model B: technology and space data,Concept model B,technology and space data,MS-ESS1-1;MS-ESS1-2;MS-ESS1-3
ma-g8-science-u06-l06,ma-g8-science,8,science,66,6,"Earth, Moon, Sun, and the Solar System",6,Guided practice B: model misconceptions,Guided practice B,model misconceptions,MS-ESS1-1;MS-ESS1-2;MS-ESS1-3
ma-g8-science-u06-l07,ma-g8-science,8,science,67,6,"Earth, Moon, Sun, and the Solar System",7,Investigation or close reading: seasons,Investigation or close reading,seasons,MS-ESS1-1;MS-ESS1-2;MS-ESS1-3
ma-g8-science-u06-l08,ma-g8-science,8,science,68,6,"Earth, Moon, Sun, and the Solar System",8,Reteach and varied practice: lunar phases and eclipses,Reteach and varied practice,lunar phases and eclipses,MS-ESS1-1;MS-ESS1-2;MS-ESS1-3
ma-g8-science-u06-l09,ma-g8-science,8,science,69,6,"Earth, Moon, Sun, and the Solar System",9,Performance task build: gravity and orbital motion,Performance task build,gravity and orbital motion,MS-ESS1-1;MS-ESS1-2;MS-ESS1-3
ma-g8-science-u06-l10,ma-g8-science,8,science,70,6,"Earth, Moon, Sun, and the Solar System",10,Synthesis and review: solar-system scale,Synthesis and review,solar-system scale,MS-ESS1-1;MS-ESS1-2;MS-ESS1-3
ma-g8-science-u06-l11,ma-g8-science,8,science,71,6,"Earth, Moon, Sun, and the Solar System",11,Unit assessment: technology and space data,Unit assessment,technology and space data,MS-ESS1-1;MS-ESS1-2;MS-ESS1-3
ma-g8-science-u06-l12,ma-g8-science,8,science,72,6,"Earth, Moon, Sun, and the Solar System",12,Correction and reflection: model misconceptions,Correction and reflection,model misconceptions,MS-ESS1-1;MS-ESS1-2;MS-ESS1-3
ma-g8-science-u07-l01,ma-g8-science,8,science,73,7,"Resources, Climate, and Human Systems",1,Launch and diagnostic: resource distribution,Launch and diagnostic,resource distribution,MS-ESS3-1;MS-ESS3-3;MS-ESS3-4;MS-ESS3-5
ma-g8-science-u07-l02,ma-g8-science,8,science,74,7,"Resources, Climate, and Human Systems",2,Concept model A: geoscience processes,Concept model A,geoscience processes,MS-ESS3-1;MS-ESS3-3;MS-ESS3-4;MS-ESS3-5
ma-g8-science-u07-l03,ma-g8-science,8,science,75,7,"Resources, Climate, and Human Systems",3,Guided practice A: population and consumption,Guided practice A,population and consumption,MS-ESS3-1;MS-ESS3-3;MS-ESS3-4;MS-ESS3-5
ma-g8-science-u07-l04,ma-g8-science,8,science,76,7,"Resources, Climate, and Human Systems",4,Independent application A: climate evidence,Independent application A,climate evidence,MS-ESS3-1;MS-ESS3-3;MS-ESS3-4;MS-ESS3-5
ma-g8-science-u07-l05,ma-g8-science,8,science,77,7,"Resources, Climate, and Human Systems",5,Concept model B: mitigation adaptation and tradeoffs,Concept model B,mitigation adaptation and tradeoffs,MS-ESS3-1;MS-ESS3-3;MS-ESS3-4;MS-ESS3-5
ma-g8-science-u07-l06,ma-g8-science,8,science,78,7,"Resources, Climate, and Human Systems",6,Guided practice B: environmental justice foundations,Guided practice B,environmental justice foundations,MS-ESS3-1;MS-ESS3-3;MS-ESS3-4;MS-ESS3-5
ma-g8-science-u07-l07,ma-g8-science,8,science,79,7,"Resources, Climate, and Human Systems",7,Investigation or close reading: resource distribution,Investigation or close reading,resource distribution,MS-ESS3-1;MS-ESS3-3;MS-ESS3-4;MS-ESS3-5
ma-g8-science-u07-l08,ma-g8-science,8,science,80,7,"Resources, Climate, and Human Systems",8,Reteach and varied practice: geoscience processes,Reteach and varied practice,geoscience processes,MS-ESS3-1;MS-ESS3-3;MS-ESS3-4;MS-ESS3-5
ma-g8-science-u07-l09,ma-g8-science,8,science,81,7,"Resources, Climate, and Human Systems",9,Performance task build: population and consumption,Performance task build,population and consumption,MS-ESS3-1;MS-ESS3-3;MS-ESS3-4;MS-ESS3-5
ma-g8-science-u07-l10,ma-g8-science,8,science,82,7,"Resources, Climate, and Human Systems",10,Synthesis and review: climate evidence,Synthesis and review,climate evidence,MS-ESS3-1;MS-ESS3-3;MS-ESS3-4;MS-ESS3-5
ma-g8-science-u07-l11,ma-g8-science,8,science,83,7,"Resources, Climate, and Human Systems",11,Unit assessment: mitigation adaptation and tradeoffs,Unit assessment,mitigation adaptation and tradeoffs,MS-ESS3-1;MS-ESS3-3;MS-ESS3-4;MS-ESS3-5
ma-g8-science-u07-l12,ma-g8-science,8,science,84,7,"Resources, Climate, and Human Systems",12,Correction and reflection: environmental justice foundations,Correction and reflection,environmental justice foundations,MS-ESS3-1;MS-ESS3-3;MS-ESS3-4;MS-ESS3-5
ma-g8-science-u08-l01,ma-g8-science,8,science,85,8,Applied Biology and Ecosystem Design,1,Launch and diagnostic: biodiversity,Launch and diagnostic,biodiversity,MS-LS2-4;MS-LS2-5;MS-LS4-5;MS-ETS1-2
ma-g8-science-u08-l02,ma-g8-science,8,science,86,8,Applied Biology and Ecosystem Design,2,Concept model A: ecosystem services,Concept model A,ecosystem services,MS-LS2-4;MS-LS2-5;MS-LS4-5;MS-ETS1-2
ma-g8-science-u08-l03,ma-g8-science,8,science,87,8,Applied Biology and Ecosystem Design,3,Guided practice A: disturbance and resilience,Guided practice A,disturbance and resilience,MS-LS2-4;MS-LS2-5;MS-LS4-5;MS-ETS1-2
ma-g8-science-u08-l04,ma-g8-science,8,science,88,8,Applied Biology and Ecosystem Design,4,Independent application A: artificial selection,Independent application A,artificial selection,MS-LS2-4;MS-LS2-5;MS-LS4-5;MS-ETS1-2
ma-g8-science-u08-l05,ma-g8-science,8,science,89,8,Applied Biology and Ecosystem Design,5,Concept model B: solution impacts,Concept model B,solution impacts,MS-LS2-4;MS-LS2-5;MS-LS4-5;MS-ETS1-2
ma-g8-science-u08-l06,ma-g8-science,8,science,90,8,Applied Biology and Ecosystem Design,6,Guided practice B: competing design criteria,Guided practice B,competing design criteria,MS-LS2-4;MS-LS2-5;MS-LS4-5;MS-ETS1-2
ma-g8-science-u08-l07,ma-g8-science,8,science,91,8,Applied Biology and Ecosystem Design,7,Investigation or close reading: biodiversity,Investigation or close reading,biodiversity,MS-LS2-4;MS-LS2-5;MS-LS4-5;MS-ETS1-2
ma-g8-science-u08-l08,ma-g8-science,8,science,92,8,Applied Biology and Ecosystem Design,8,Reteach and varied practice: ecosystem services,Reteach and varied practice,ecosystem services,MS-LS2-4;MS-LS2-5;MS-LS4-5;MS-ETS1-2
ma-g8-science-u08-l09,ma-g8-science,8,science,93,8,Applied Biology and Ecosystem Design,9,Performance task build: disturbance and resilience,Performance task build,disturbance and resilience,MS-LS2-4;MS-LS2-5;MS-LS4-5;MS-ETS1-2
ma-g8-science-u08-l10,ma-g8-science,8,science,94,8,Applied Biology and Ecosystem Design,10,Synthesis and review: artificial selection,Synthesis and review,artificial selection,MS-LS2-4;MS-LS2-5;MS-LS4-5;MS-ETS1-2
ma-g8-science-u08-l11,ma-g8-science,8,science,95,8,Applied Biology and Ecosystem Design,11,Unit assessment: solution impacts,Unit assessment,solution impacts,MS-LS2-4;MS-LS2-5;MS-LS4-5;MS-ETS1-2
ma-g8-science-u08-l12,ma-g8-science,8,science,96,8,Applied Biology and Ecosystem Design,12,Correction and reflection: competing design criteria,Correction and reflection,competing design criteria,MS-LS2-4;MS-LS2-5;MS-LS4-5;MS-ETS1-2
ma-g8-science-u09-l01,ma-g8-science,8,science,97,9,Engineering and Scientific Argument Capstone,1,Launch and diagnostic: problem definition,Launch and diagnostic,problem definition,MS-ETS1-1;MS-ETS1-2;MS-ETS1-3;MS-ETS1-4
ma-g8-science-u09-l02,ma-g8-science,8,science,98,9,Engineering and Scientific Argument Capstone,2,Concept model A: criteria constraints and stakeholders,Concept model A,criteria constraints and stakeholders,MS-ETS1-1;MS-ETS1-2;MS-ETS1-3;MS-ETS1-4
ma-g8-science-u09-l03,ma-g8-science,8,science,99,9,Engineering and Scientific Argument Capstone,3,Guided practice A: data-driven comparison,Guided practice A,data-driven comparison,MS-ETS1-1;MS-ETS1-2;MS-ETS1-3;MS-ETS1-4
ma-g8-science-u09-l04,ma-g8-science,8,science,100,9,Engineering and Scientific Argument Capstone,4,Independent application A: iterative modeling,Independent application A,iterative modeling,MS-ETS1-1;MS-ETS1-2;MS-ETS1-3;MS-ETS1-4
ma-g8-science-u09-l05,ma-g8-science,8,science,101,9,Engineering and Scientific Argument Capstone,5,Concept model B: optimization,Concept model B,optimization,MS-ETS1-1;MS-ETS1-2;MS-ETS1-3;MS-ETS1-4
ma-g8-science-u09-l06,ma-g8-science,8,science,102,9,Engineering and Scientific Argument Capstone,6,Guided practice B: scientific argument and communication,Guided practice B,scientific argument and communication,MS-ETS1-1;MS-ETS1-2;MS-ETS1-3;MS-ETS1-4
ma-g8-science-u09-l07,ma-g8-science,8,science,103,9,Engineering and Scientific Argument Capstone,7,Investigation or close reading: problem definition,Investigation or close reading,problem definition,MS-ETS1-1;MS-ETS1-2;MS-ETS1-3;MS-ETS1-4
ma-g8-science-u09-l08,ma-g8-science,8,science,104,9,Engineering and Scientific Argument Capstone,8,Reteach and varied practice: criteria constraints and stakeholders,Reteach and varied practice,criteria constraints and stakeholders,MS-ETS1-1;MS-ETS1-2;MS-ETS1-3;MS-ETS1-4
ma-g8-science-u09-l09,ma-g8-science,8,science,105,9,Engineering and Scientific Argument Capstone,9,Performance task build: data-driven comparison,Performance task build,data-driven comparison,MS-ETS1-1;MS-ETS1-2;MS-ETS1-3;MS-ETS1-4
ma-g8-science-u09-l10,ma-g8-science,8,science,106,9,Engineering and Scientific Argument Capstone,10,Synthesis and review: iterative modeling,Synthesis and review,iterative modeling,MS-ETS1-1;MS-ETS1-2;MS-ETS1-3;MS-ETS1-4
ma-g8-science-u09-l11,ma-g8-science,8,science,107,9,Engineering and Scientific Argument Capstone,11,Unit assessment: optimization,Unit assessment,optimization,MS-ETS1-1;MS-ETS1-2;MS-ETS1-3;MS-ETS1-4
ma-g8-science-u09-l12,ma-g8-science,8,science,108,9,Engineering and Scientific Argument Capstone,12,Correction and reflection: scientific argument and communication,Correction and reflection,scientific argument and communication,MS-ETS1-1;MS-ETS1-2;MS-ETS1-3;MS-ETS1-4
ma-g8-social-studies-u01-l01,ma-g8-social-studies,8,social-studies,1,1,Constitutional Foundations and Historical Inquiry,1,Launch and diagnostic: historical evidence and argument,Launch and diagnostic,historical evidence and argument,Michigan Grade 8 U3.3;H1;C1
ma-g8-social-studies-u01-l02,ma-g8-social-studies,8,social-studies,2,1,Constitutional Foundations and Historical Inquiry,2,Concept model A: Articles of Confederation,Concept model A,Articles of Confederation,Michigan Grade 8 U3.3;H1;C1
ma-g8-social-studies-u01-l03,ma-g8-social-studies,8,social-studies,3,1,Constitutional Foundations and Historical Inquiry,3,Guided practice A: Constitutional Convention,Guided practice A,Constitutional Convention,Michigan Grade 8 U3.3;H1;C1
ma-g8-social-studies-u01-l04,ma-g8-social-studies,8,social-studies,4,1,Constitutional Foundations and Historical Inquiry,4,Independent application A: federalism and separation of powers,Independent application A,federalism and separation of powers,Michigan Grade 8 U3.3;H1;C1
ma-g8-social-studies-u01-l05,ma-g8-social-studies,8,social-studies,5,1,Constitutional Foundations and Historical Inquiry,5,Concept model B: ratification debate,Concept model B,ratification debate,Michigan Grade 8 U3.3;H1;C1
ma-g8-social-studies-u01-l06,ma-g8-social-studies,8,social-studies,6,1,Constitutional Foundations and Historical Inquiry,6,Guided practice B: rights and unresolved exclusions,Guided practice B,rights and unresolved exclusions,Michigan Grade 8 U3.3;H1;C1
ma-g8-social-studies-u01-l07,ma-g8-social-studies,8,social-studies,7,1,Constitutional Foundations and Historical Inquiry,7,Investigation or close reading: historical evidence and argument,Investigation or close reading,historical evidence and argument,Michigan Grade 8 U3.3;H1;C1
ma-g8-social-studies-u01-l08,ma-g8-social-studies,8,social-studies,8,1,Constitutional Foundations and Historical Inquiry,8,Reteach and varied practice: Articles of Confederation,Reteach and varied practice,Articles of Confederation,Michigan Grade 8 U3.3;H1;C1
ma-g8-social-studies-u01-l09,ma-g8-social-studies,8,social-studies,9,1,Constitutional Foundations and Historical Inquiry,9,Performance task build: Constitutional Convention,Performance task build,Constitutional Convention,Michigan Grade 8 U3.3;H1;C1
ma-g8-social-studies-u01-l10,ma-g8-social-studies,8,social-studies,10,1,Constitutional Foundations and Historical Inquiry,10,Synthesis and review: federalism and separation of powers,Synthesis and review,federalism and separation of powers,Michigan Grade 8 U3.3;H1;C1
ma-g8-social-studies-u01-l11,ma-g8-social-studies,8,social-studies,11,1,Constitutional Foundations and Historical Inquiry,11,Unit assessment: ratification debate,Unit assessment,ratification debate,Michigan Grade 8 U3.3;H1;C1
ma-g8-social-studies-u01-l12,ma-g8-social-studies,8,social-studies,12,1,Constitutional Foundations and Historical Inquiry,12,Correction and reflection: rights and unresolved exclusions,Correction and reflection,rights and unresolved exclusions,Michigan Grade 8 U3.3;H1;C1
ma-g8-social-studies-u02-l01,ma-g8-social-studies,8,social-studies,13,2,Building the Early Republic,1,Launch and diagnostic: Washington administration,Launch and diagnostic,Washington administration,Michigan Grade 8 U4.1;C2;E1
ma-g8-social-studies-u02-l02,ma-g8-social-studies,8,social-studies,14,2,Building the Early Republic,2,Concept model A: political parties,Concept model A,political parties,Michigan Grade 8 U4.1;C2;E1
ma-g8-social-studies-u02-l03,ma-g8-social-studies,8,social-studies,15,2,Building the Early Republic,3,Guided practice A: Hamiltonian and Jeffersonian visions,Guided practice A,Hamiltonian and Jeffersonian visions,Michigan Grade 8 U4.1;C2;E1
ma-g8-social-studies-u02-l04,ma-g8-social-studies,8,social-studies,16,2,Building the Early Republic,4,Independent application A: foreign policy,Independent application A,foreign policy,Michigan Grade 8 U4.1;C2;E1
ma-g8-social-studies-u02-l05,ma-g8-social-studies,8,social-studies,17,2,Building the Early Republic,5,Concept model B: Marbury and judicial review,Concept model B,Marbury and judicial review,Michigan Grade 8 U4.1;C2;E1
ma-g8-social-studies-u02-l06,ma-g8-social-studies,8,social-studies,18,2,Building the Early Republic,6,Guided practice B: citizenship and participation,Guided practice B,citizenship and participation,Michigan Grade 8 U4.1;C2;E1
ma-g8-social-studies-u02-l07,ma-g8-social-studies,8,social-studies,19,2,Building the Early Republic,7,Investigation or close reading: Washington administration,Investigation or close reading,Washington administration,Michigan Grade 8 U4.1;C2;E1
ma-g8-social-studies-u02-l08,ma-g8-social-studies,8,social-studies,20,2,Building the Early Republic,8,Reteach and varied practice: political parties,Reteach and varied practice,political parties,Michigan Grade 8 U4.1;C2;E1
ma-g8-social-studies-u02-l09,ma-g8-social-studies,8,social-studies,21,2,Building the Early Republic,9,Performance task build: Hamiltonian and Jeffersonian visions,Performance task build,Hamiltonian and Jeffersonian visions,Michigan Grade 8 U4.1;C2;E1
ma-g8-social-studies-u02-l10,ma-g8-social-studies,8,social-studies,22,2,Building the Early Republic,10,Synthesis and review: foreign policy,Synthesis and review,foreign policy,Michigan Grade 8 U4.1;C2;E1
ma-g8-social-studies-u02-l11,ma-g8-social-studies,8,social-studies,23,2,Building the Early Republic,11,Unit assessment: Marbury and judicial review,Unit assessment,Marbury and judicial review,Michigan Grade 8 U4.1;C2;E1
ma-g8-social-studies-u02-l12,ma-g8-social-studies,8,social-studies,24,2,Building the Early Republic,12,Correction and reflection: citizenship and participation,Correction and reflection,citizenship and participation,Michigan Grade 8 U4.1;C2;E1
ma-g8-social-studies-u03-l01,ma-g8-social-studies,8,social-studies,25,3,"Expansion, Geography, and Indigenous Sovereignty",1,Launch and diagnostic: Louisiana Purchase,Launch and diagnostic,Louisiana Purchase,Michigan Grade 8 U4.1;U4.2;G2;G4
ma-g8-social-studies-u03-l02,ma-g8-social-studies,8,social-studies,26,3,"Expansion, Geography, and Indigenous Sovereignty",2,Concept model A: exploration and mapping,Concept model A,exploration and mapping,Michigan Grade 8 U4.1;U4.2;G2;G4
ma-g8-social-studies-u03-l03,ma-g8-social-studies,8,social-studies,27,3,"Expansion, Geography, and Indigenous Sovereignty",3,Guided practice A: settlement and transportation,Guided practice A,settlement and transportation,Michigan Grade 8 U4.1;U4.2;G2;G4
ma-g8-social-studies-u03-l04,ma-g8-social-studies,8,social-studies,28,3,"Expansion, Geography, and Indigenous Sovereignty",4,Independent application A: Indigenous nations and sovereignty,Independent application A,Indigenous nations and sovereignty,Michigan Grade 8 U4.1;U4.2;G2;G4
ma-g8-social-studies-u03-l05,ma-g8-social-studies,8,social-studies,29,3,"Expansion, Geography, and Indigenous Sovereignty",5,Concept model B: Indian Removal,Concept model B,Indian Removal,Michigan Grade 8 U4.1;U4.2;G2;G4
ma-g8-social-studies-u03-l06,ma-g8-social-studies,8,social-studies,30,3,"Expansion, Geography, and Indigenous Sovereignty",6,Guided practice B: environmental and demographic change,Guided practice B,environmental and demographic change,Michigan Grade 8 U4.1;U4.2;G2;G4
ma-g8-social-studies-u03-l07,ma-g8-social-studies,8,social-studies,31,3,"Expansion, Geography, and Indigenous Sovereignty",7,Investigation or close reading: Louisiana Purchase,Investigation or close reading,Louisiana Purchase,Michigan Grade 8 U4.1;U4.2;G2;G4
ma-g8-social-studies-u03-l08,ma-g8-social-studies,8,social-studies,32,3,"Expansion, Geography, and Indigenous Sovereignty",8,Reteach and varied practice: exploration and mapping,Reteach and varied practice,exploration and mapping,Michigan Grade 8 U4.1;U4.2;G2;G4
ma-g8-social-studies-u03-l09,ma-g8-social-studies,8,social-studies,33,3,"Expansion, Geography, and Indigenous Sovereignty",9,Performance task build: settlement and transportation,Performance task build,settlement and transportation,Michigan Grade 8 U4.1;U4.2;G2;G4
ma-g8-social-studies-u03-l10,ma-g8-social-studies,8,social-studies,34,3,"Expansion, Geography, and Indigenous Sovereignty",10,Synthesis and review: Indigenous nations and sovereignty,Synthesis and review,Indigenous nations and sovereignty,Michigan Grade 8 U4.1;U4.2;G2;G4
ma-g8-social-studies-u03-l11,ma-g8-social-studies,8,social-studies,35,3,"Expansion, Geography, and Indigenous Sovereignty",11,Unit assessment: Indian Removal,Unit assessment,Indian Removal,Michigan Grade 8 U4.1;U4.2;G2;G4
ma-g8-social-studies-u03-l12,ma-g8-social-studies,8,social-studies,36,3,"Expansion, Geography, and Indigenous Sovereignty",12,Correction and reflection: environmental and demographic change,Correction and reflection,environmental and demographic change,Michigan Grade 8 U4.1;U4.2;G2;G4
ma-g8-social-studies-u04-l01,ma-g8-social-studies,8,social-studies,37,4,Economic and Social Transformation,1,Launch and diagnostic: Market Revolution,Launch and diagnostic,Market Revolution,Michigan Grade 8 U4.2;E1;G4
ma-g8-social-studies-u04-l02,ma-g8-social-studies,8,social-studies,38,4,Economic and Social Transformation,2,Concept model A: industrialization,Concept model A,industrialization,Michigan Grade 8 U4.2;E1;G4
ma-g8-social-studies-u04-l03,ma-g8-social-studies,8,social-studies,39,4,Economic and Social Transformation,3,Guided practice A: agriculture and labor,Guided practice A,agriculture and labor,Michigan Grade 8 U4.2;E1;G4
ma-g8-social-studies-u04-l04,ma-g8-social-studies,8,social-studies,40,4,Economic and Social Transformation,4,Independent application A: immigration,Independent application A,immigration,Michigan Grade 8 U4.2;E1;G4
ma-g8-social-studies-u04-l05,ma-g8-social-studies,8,social-studies,41,4,Economic and Social Transformation,5,Concept model B: urbanization,Concept model B,urbanization,Michigan Grade 8 U4.2;E1;G4
ma-g8-social-studies-u04-l06,ma-g8-social-studies,8,social-studies,42,4,Economic and Social Transformation,6,Guided practice B: regional economic differences,Guided practice B,regional economic differences,Michigan Grade 8 U4.2;E1;G4
ma-g8-social-studies-u04-l07,ma-g8-social-studies,8,social-studies,43,4,Economic and Social Transformation,7,Investigation or close reading: Market Revolution,Investigation or close reading,Market Revolution,Michigan Grade 8 U4.2;E1;G4
ma-g8-social-studies-u04-l08,ma-g8-social-studies,8,social-studies,44,4,Economic and Social Transformation,8,Reteach and varied practice: industrialization,Reteach and varied practice,industrialization,Michigan Grade 8 U4.2;E1;G4
ma-g8-social-studies-u04-l09,ma-g8-social-studies,8,social-studies,45,4,Economic and Social Transformation,9,Performance task build: agriculture and labor,Performance task build,agriculture and labor,Michigan Grade 8 U4.2;E1;G4
ma-g8-social-studies-u04-l10,ma-g8-social-studies,8,social-studies,46,4,Economic and Social Transformation,10,Synthesis and review: immigration,Synthesis and review,immigration,Michigan Grade 8 U4.2;E1;G4
ma-g8-social-studies-u04-l11,ma-g8-social-studies,8,social-studies,47,4,Economic and Social Transformation,11,Unit assessment: urbanization,Unit assessment,urbanization,Michigan Grade 8 U4.2;E1;G4
ma-g8-social-studies-u04-l12,ma-g8-social-studies,8,social-studies,48,4,Economic and Social Transformation,12,Correction and reflection: regional economic differences,Correction and reflection,regional economic differences,Michigan Grade 8 U4.2;E1;G4
ma-g8-social-studies-u05-l01,ma-g8-social-studies,8,social-studies,49,5,Reform Movements and Democratic Participation,1,Launch and diagnostic: abolition,Launch and diagnostic,abolition,Michigan Grade 8 U4.3;C2;P3
ma-g8-social-studies-u05-l02,ma-g8-social-studies,8,social-studies,50,5,Reform Movements and Democratic Participation,2,Concept model A: women’s rights,Concept model A,women’s rights,Michigan Grade 8 U4.3;C2;P3
ma-g8-social-studies-u05-l03,ma-g8-social-studies,8,social-studies,51,5,Reform Movements and Democratic Participation,3,Guided practice A: education and prison reform,Guided practice A,education and prison reform,Michigan Grade 8 U4.3;C2;P3
ma-g8-social-studies-u05-l04,ma-g8-social-studies,8,social-studies,52,5,Reform Movements and Democratic Participation,4,Independent application A: religious and utopian movements,Independent application A,religious and utopian movements,Michigan Grade 8 U4.3;C2;P3
ma-g8-social-studies-u05-l05,ma-g8-social-studies,8,social-studies,53,5,Reform Movements and Democratic Participation,5,Concept model B: organizing and petition,Concept model B,organizing and petition,Michigan Grade 8 U4.3;C2;P3
ma-g8-social-studies-u05-l06,ma-g8-social-studies,8,social-studies,54,5,Reform Movements and Democratic Participation,6,Guided practice B: limits of democracy,Guided practice B,limits of democracy,Michigan Grade 8 U4.3;C2;P3
ma-g8-social-studies-u05-l07,ma-g8-social-studies,8,social-studies,55,5,Reform Movements and Democratic Participation,7,Investigation or close reading: abolition,Investigation or close reading,abolition,Michigan Grade 8 U4.3;C2;P3
ma-g8-social-studies-u05-l08,ma-g8-social-studies,8,social-studies,56,5,Reform Movements and Democratic Participation,8,Reteach and varied practice: women’s rights,Reteach and varied practice,women’s rights,Michigan Grade 8 U4.3;C2;P3
ma-g8-social-studies-u05-l09,ma-g8-social-studies,8,social-studies,57,5,Reform Movements and Democratic Participation,9,Performance task build: education and prison reform,Performance task build,education and prison reform,Michigan Grade 8 U4.3;C2;P3
ma-g8-social-studies-u05-l10,ma-g8-social-studies,8,social-studies,58,5,Reform Movements and Democratic Participation,10,Synthesis and review: religious and utopian movements,Synthesis and review,religious and utopian movements,Michigan Grade 8 U4.3;C2;P3
ma-g8-social-studies-u05-l11,ma-g8-social-studies,8,social-studies,59,5,Reform Movements and Democratic Participation,11,Unit assessment: organizing and petition,Unit assessment,organizing and petition,Michigan Grade 8 U4.3;C2;P3
ma-g8-social-studies-u05-l12,ma-g8-social-studies,8,social-studies,60,5,Reform Movements and Democratic Participation,12,Correction and reflection: limits of democracy,Correction and reflection,limits of democracy,Michigan Grade 8 U4.3;C2;P3
ma-g8-social-studies-u06-l01,ma-g8-social-studies,8,social-studies,61,6,"Slavery, Resistance, and Sectional Conflict",1,Launch and diagnostic: enslavement and law,Launch and diagnostic,enslavement and law,Michigan Grade 8 U4.3;U5.1;C2
ma-g8-social-studies-u06-l02,ma-g8-social-studies,8,social-studies,62,6,"Slavery, Resistance, and Sectional Conflict",2,Concept model A: family culture and resistance,Concept model A,family culture and resistance,Michigan Grade 8 U4.3;U5.1;C2
ma-g8-social-studies-u06-l03,ma-g8-social-studies,8,social-studies,63,6,"Slavery, Resistance, and Sectional Conflict",3,Guided practice A: abolitionist arguments,Guided practice A,abolitionist arguments,Michigan Grade 8 U4.3;U5.1;C2
ma-g8-social-studies-u06-l04,ma-g8-social-studies,8,social-studies,64,6,"Slavery, Resistance, and Sectional Conflict",4,Independent application A: territorial expansion and slavery,Independent application A,territorial expansion and slavery,Michigan Grade 8 U4.3;U5.1;C2
ma-g8-social-studies-u06-l05,ma-g8-social-studies,8,social-studies,65,6,"Slavery, Resistance, and Sectional Conflict",5,Concept model B: compromise and conflict,Concept model B,compromise and conflict,Michigan Grade 8 U4.3;U5.1;C2
ma-g8-social-studies-u06-l06,ma-g8-social-studies,8,social-studies,66,6,"Slavery, Resistance, and Sectional Conflict",6,Guided practice B: Dred Scott and political crisis,Guided practice B,Dred Scott and political crisis,Michigan Grade 8 U4.3;U5.1;C2
ma-g8-social-studies-u06-l07,ma-g8-social-studies,8,social-studies,67,6,"Slavery, Resistance, and Sectional Conflict",7,Investigation or close reading: enslavement and law,Investigation or close reading,enslavement and law,Michigan Grade 8 U4.3;U5.1;C2
ma-g8-social-studies-u06-l08,ma-g8-social-studies,8,social-studies,68,6,"Slavery, Resistance, and Sectional Conflict",8,Reteach and varied practice: family culture and resistance,Reteach and varied practice,family culture and resistance,Michigan Grade 8 U4.3;U5.1;C2
ma-g8-social-studies-u06-l09,ma-g8-social-studies,8,social-studies,69,6,"Slavery, Resistance, and Sectional Conflict",9,Performance task build: abolitionist arguments,Performance task build,abolitionist arguments,Michigan Grade 8 U4.3;U5.1;C2
ma-g8-social-studies-u06-l10,ma-g8-social-studies,8,social-studies,70,6,"Slavery, Resistance, and Sectional Conflict",10,Synthesis and review: territorial expansion and slavery,Synthesis and review,territorial expansion and slavery,Michigan Grade 8 U4.3;U5.1;C2
ma-g8-social-studies-u06-l11,ma-g8-social-studies,8,social-studies,71,6,"Slavery, Resistance, and Sectional Conflict",11,Unit assessment: compromise and conflict,Unit assessment,compromise and conflict,Michigan Grade 8 U4.3;U5.1;C2
ma-g8-social-studies-u06-l12,ma-g8-social-studies,8,social-studies,72,6,"Slavery, Resistance, and Sectional Conflict",12,Correction and reflection: Dred Scott and political crisis,Correction and reflection,Dred Scott and political crisis,Michigan Grade 8 U4.3;U5.1;C2
ma-g8-social-studies-u07-l01,ma-g8-social-studies,8,social-studies,73,7,Civil War,1,Launch and diagnostic: secession and causes,Launch and diagnostic,secession and causes,Michigan Grade 8 U5.2;G2;E1
ma-g8-social-studies-u07-l02,ma-g8-social-studies,8,social-studies,74,7,Civil War,2,Concept model A: Union and Confederate strategies,Concept model A,Union and Confederate strategies,Michigan Grade 8 U5.2;G2;E1
ma-g8-social-studies-u07-l03,ma-g8-social-studies,8,social-studies,75,7,Civil War,3,Guided practice A: major turning points,Guided practice A,major turning points,Michigan Grade 8 U5.2;G2;E1
ma-g8-social-studies-u07-l04,ma-g8-social-studies,8,social-studies,76,7,Civil War,4,Independent application A: wartime economies,Independent application A,wartime economies,Michigan Grade 8 U5.2;G2;E1
ma-g8-social-studies-u07-l05,ma-g8-social-studies,8,social-studies,77,7,Civil War,5,Concept model B: Emancipation,Concept model B,Emancipation,Michigan Grade 8 U5.2;G2;E1
ma-g8-social-studies-u07-l06,ma-g8-social-studies,8,social-studies,78,7,Civil War,6,Guided practice B: experiences of soldiers civilians and Black Americans,Guided practice B,experiences of soldiers civilians and Black Americans,Michigan Grade 8 U5.2;G2;E1
ma-g8-social-studies-u07-l07,ma-g8-social-studies,8,social-studies,79,7,Civil War,7,Investigation or close reading: secession and causes,Investigation or close reading,secession and causes,Michigan Grade 8 U5.2;G2;E1
ma-g8-social-studies-u07-l08,ma-g8-social-studies,8,social-studies,80,7,Civil War,8,Reteach and varied practice: Union and Confederate strategies,Reteach and varied practice,Union and Confederate strategies,Michigan Grade 8 U5.2;G2;E1
ma-g8-social-studies-u07-l09,ma-g8-social-studies,8,social-studies,81,7,Civil War,9,Performance task build: major turning points,Performance task build,major turning points,Michigan Grade 8 U5.2;G2;E1
ma-g8-social-studies-u07-l10,ma-g8-social-studies,8,social-studies,82,7,Civil War,10,Synthesis and review: wartime economies,Synthesis and review,wartime economies,Michigan Grade 8 U5.2;G2;E1
ma-g8-social-studies-u07-l11,ma-g8-social-studies,8,social-studies,83,7,Civil War,11,Unit assessment: Emancipation,Unit assessment,Emancipation,Michigan Grade 8 U5.2;G2;E1
ma-g8-social-studies-u07-l12,ma-g8-social-studies,8,social-studies,84,7,Civil War,12,Correction and reflection: experiences of soldiers civilians and Black Americans,Correction and reflection,experiences of soldiers civilians and Black Americans,Michigan Grade 8 U5.2;G2;E1
ma-g8-social-studies-u08-l01,ma-g8-social-studies,8,social-studies,85,8,Reconstruction and Its Contested Legacy,1,Launch and diagnostic: 13th 14th and 15th Amendments,Launch and diagnostic,13th 14th and 15th Amendments,Michigan Grade 8 U5.3;C2;P3
ma-g8-social-studies-u08-l02,ma-g8-social-studies,8,social-studies,86,8,Reconstruction and Its Contested Legacy,2,Concept model A: Freedmen’s Bureau,Concept model A,Freedmen’s Bureau,Michigan Grade 8 U5.3;C2;P3
ma-g8-social-studies-u08-l03,ma-g8-social-studies,8,social-studies,87,8,Reconstruction and Its Contested Legacy,3,Guided practice A: Black political participation,Guided practice A,Black political participation,Michigan Grade 8 U5.3;C2;P3
ma-g8-social-studies-u08-l04,ma-g8-social-studies,8,social-studies,88,8,Reconstruction and Its Contested Legacy,4,Independent application A: violence and resistance,Independent application A,violence and resistance,Michigan Grade 8 U5.3;C2;P3
ma-g8-social-studies-u08-l05,ma-g8-social-studies,8,social-studies,89,8,Reconstruction and Its Contested Legacy,5,Concept model B: Reconstruction governments,Concept model B,Reconstruction governments,Michigan Grade 8 U5.3;C2;P3
ma-g8-social-studies-u08-l06,ma-g8-social-studies,8,social-studies,90,8,Reconstruction and Its Contested Legacy,6,Guided practice B: end of Reconstruction and long-term legacy,Guided practice B,end of Reconstruction and long-term legacy,Michigan Grade 8 U5.3;C2;P3
ma-g8-social-studies-u08-l07,ma-g8-social-studies,8,social-studies,91,8,Reconstruction and Its Contested Legacy,7,Investigation or close reading: 13th 14th and 15th Amendments,Investigation or close reading,13th 14th and 15th Amendments,Michigan Grade 8 U5.3;C2;P3
ma-g8-social-studies-u08-l08,ma-g8-social-studies,8,social-studies,92,8,Reconstruction and Its Contested Legacy,8,Reteach and varied practice: Freedmen’s Bureau,Reteach and varied practice,Freedmen’s Bureau,Michigan Grade 8 U5.3;C2;P3
ma-g8-social-studies-u08-l09,ma-g8-social-studies,8,social-studies,93,8,Reconstruction and Its Contested Legacy,9,Performance task build: Black political participation,Performance task build,Black political participation,Michigan Grade 8 U5.3;C2;P3
ma-g8-social-studies-u08-l10,ma-g8-social-studies,8,social-studies,94,8,Reconstruction and Its Contested Legacy,10,Synthesis and review: violence and resistance,Synthesis and review,violence and resistance,Michigan Grade 8 U5.3;C2;P3
ma-g8-social-studies-u08-l11,ma-g8-social-studies,8,social-studies,95,8,Reconstruction and Its Contested Legacy,11,Unit assessment: Reconstruction governments,Unit assessment,Reconstruction governments,Michigan Grade 8 U5.3;C2;P3
ma-g8-social-studies-u08-l12,ma-g8-social-studies,8,social-studies,96,8,Reconstruction and Its Contested Legacy,12,Correction and reflection: end of Reconstruction and long-term legacy,Correction and reflection,end of Reconstruction and long-term legacy,Michigan Grade 8 U5.3;C2;P3
ma-g8-social-studies-u09-l01,ma-g8-social-studies,8,social-studies,97,9,Civic Inquiry and Bridge to 1870–1898,1,Launch and diagnostic: industrial growth introduction,Launch and diagnostic,industrial growth introduction,Michigan Grade 8 U6.1 introduction;P3;P4
ma-g8-social-studies-u09-l02,ma-g8-social-studies,8,social-studies,98,9,Civic Inquiry and Bridge to 1870–1898,2,Concept model A: western expansion and federal policy,Concept model A,western expansion and federal policy,Michigan Grade 8 U6.1 introduction;P3;P4
ma-g8-social-studies-u09-l03,ma-g8-social-studies,8,social-studies,99,9,Civic Inquiry and Bridge to 1870–1898,3,Guided practice A: citizenship after Reconstruction,Guided practice A,citizenship after Reconstruction,Michigan Grade 8 U6.1 introduction;P3;P4
ma-g8-social-studies-u09-l04,ma-g8-social-studies,8,social-studies,100,9,Civic Inquiry and Bridge to 1870–1898,4,Independent application A: constitutional change,Independent application A,constitutional change,Michigan Grade 8 U6.1 introduction;P3;P4
ma-g8-social-studies-u09-l05,ma-g8-social-studies,8,social-studies,101,9,Civic Inquiry and Bridge to 1870–1898,5,Concept model B: historical memory,Concept model B,historical memory,Michigan Grade 8 U6.1 introduction;P3;P4
ma-g8-social-studies-u09-l06,ma-g8-social-studies,8,social-studies,102,9,Civic Inquiry and Bridge to 1870–1898,6,Guided practice B: public issue inquiry,Guided practice B,public issue inquiry,Michigan Grade 8 U6.1 introduction;P3;P4
ma-g8-social-studies-u09-l07,ma-g8-social-studies,8,social-studies,103,9,Civic Inquiry and Bridge to 1870–1898,7,Investigation or close reading: industrial growth introduction,Investigation or close reading,industrial growth introduction,Michigan Grade 8 U6.1 introduction;P3;P4
ma-g8-social-studies-u09-l08,ma-g8-social-studies,8,social-studies,104,9,Civic Inquiry and Bridge to 1870–1898,8,Reteach and varied practice: western expansion and federal policy,Reteach and varied practice,western expansion and federal policy,Michigan Grade 8 U6.1 introduction;P3;P4
ma-g8-social-studies-u09-l09,ma-g8-social-studies,8,social-studies,105,9,Civic Inquiry and Bridge to 1870–1898,9,Performance task build: citizenship after Reconstruction,Performance task build,citizenship after Reconstruction,Michigan Grade 8 U6.1 introduction;P3;P4
ma-g8-social-studies-u09-l10,ma-g8-social-studies,8,social-studies,106,9,Civic Inquiry and Bridge to 1870–1898,10,Synthesis and review: constitutional change,Synthesis and review,constitutional change,Michigan Grade 8 U6.1 introduction;P3;P4
ma-g8-social-studies-u09-l11,ma-g8-social-studies,8,social-studies,107,9,Civic Inquiry and Bridge to 1870–1898,11,Unit assessment: historical memory,Unit assessment,historical memory,Michigan Grade 8 U6.1 introduction;P3;P4
ma-g8-social-studies-u09-l12,ma-g8-social-studies,8,social-studies,108,9,Civic Inquiry and Bridge to 1870–1898,12,Correction and reflection: public issue inquiry,Correction and reflection,public issue inquiry,Michigan Grade 8 U6.1 introduction;P3;P4
ma-g8-health-u01-l01,ma-g8-health,8,health,1,1,"Health Systems, Information, and Self-Advocacy",1,Launch and diagnostic: health determinants,Launch and diagnostic,health determinants,Michigan Health: Core Concepts;Accessing Information;Advocacy
ma-g8-health-u01-l02,ma-g8-health,8,health,2,1,"Health Systems, Information, and Self-Advocacy",2,Explicit model: navigating services,Explicit model,navigating services,Michigan Health: Core Concepts;Accessing Information;Advocacy
ma-g8-health-u01-l03,ma-g8-health,8,health,3,1,"Health Systems, Information, and Self-Advocacy",3,Guided practice: confidentiality and consent concepts,Guided practice,confidentiality and consent concepts,Michigan Health: Core Concepts;Accessing Information;Advocacy
ma-g8-health-u01-l04,ma-g8-health,8,health,4,1,"Health Systems, Information, and Self-Advocacy",4,Application or project: evaluating claims,Application or project,evaluating claims,Michigan Health: Core Concepts;Accessing Information;Advocacy
ma-g8-health-u01-l05,ma-g8-health,8,health,5,1,"Health Systems, Information, and Self-Advocacy",5,Mastery check: self-advocacy,Mastery check,self-advocacy,Michigan Health: Core Concepts;Accessing Information;Advocacy
ma-g8-health-u01-l06,ma-g8-health,8,health,6,1,"Health Systems, Information, and Self-Advocacy",6,Correction and reflection: emergency and crisis support,Correction and reflection,emergency and crisis support,Michigan Health: Core Concepts;Accessing Information;Advocacy
ma-g8-health-u02-l01,ma-g8-health,8,health,7,2,"Nutrition, Movement, Sleep, and Performance Without Diet Culture",1,Launch and diagnostic: adequate fueling for growth and activity,Launch and diagnostic,adequate fueling for growth and activity,Michigan Health: Nutrition;Self-Management
ma-g8-health-u02-l02,ma-g8-health,8,health,8,2,"Nutrition, Movement, Sleep, and Performance Without Diet Culture",2,Explicit model: hydration,Explicit model,hydration,Michigan Health: Nutrition;Self-Management
ma-g8-health-u02-l03,ma-g8-health,8,health,9,2,"Nutrition, Movement, Sleep, and Performance Without Diet Culture",3,Guided practice: sleep and circadian habits,Guided practice,sleep and circadian habits,Michigan Health: Nutrition;Self-Management
ma-g8-health-u02-l04,ma-g8-health,8,health,10,2,"Nutrition, Movement, Sleep, and Performance Without Diet Culture",4,Application or project: recovery,Application or project,recovery,Michigan Health: Nutrition;Self-Management
ma-g8-health-u02-l05,ma-g8-health,8,health,11,2,"Nutrition, Movement, Sleep, and Performance Without Diet Culture",5,Mastery check: supplement and energy-product claims,Mastery check,supplement and energy-product claims,Michigan Health: Nutrition;Self-Management
ma-g8-health-u02-l06,ma-g8-health,8,health,12,2,"Nutrition, Movement, Sleep, and Performance Without Diet Culture",6,Correction and reflection: body respect and media literacy,Correction and reflection,body respect and media literacy,Michigan Health: Nutrition;Self-Management
ma-g8-health-u03-l01,ma-g8-health,8,health,13,3,"Mental Health, Stress, and Support Networks",1,Launch and diagnostic: stress and coping,Launch and diagnostic,stress and coping,Michigan Health: Mental and Emotional Health;Goal Setting
ma-g8-health-u03-l02,ma-g8-health,8,health,14,3,"Mental Health, Stress, and Support Networks",2,Explicit model: anxiety and depression literacy without diagnosis,Explicit model,anxiety and depression literacy without diagnosis,Michigan Health: Mental and Emotional Health;Goal Setting
ma-g8-health-u03-l03,ma-g8-health,8,health,15,3,"Mental Health, Stress, and Support Networks",3,Guided practice: protective factors,Guided practice,protective factors,Michigan Health: Mental and Emotional Health;Goal Setting
ma-g8-health-u03-l04,ma-g8-health,8,health,16,3,"Mental Health, Stress, and Support Networks",4,Application or project: supporting a peer without becoming the counselor,Application or project,supporting a peer without becoming the counselor,Michigan Health: Mental and Emotional Health;Goal Setting
ma-g8-health-u03-l05,ma-g8-health,8,health,17,3,"Mental Health, Stress, and Support Networks",5,Mastery check: crisis warning signs,Mastery check,crisis warning signs,Michigan Health: Mental and Emotional Health;Goal Setting
ma-g8-health-u03-l06,ma-g8-health,8,health,18,3,"Mental Health, Stress, and Support Networks",6,Correction and reflection: help-seeking plans,Correction and reflection,help-seeking plans,Michigan Health: Mental and Emotional Health;Goal Setting
ma-g8-health-u04-l01,ma-g8-health,8,health,19,4,"Healthy Relationships, Consent, and Digital Boundaries",1,Launch and diagnostic: respect and power,Launch and diagnostic,respect and power,Michigan Health: Interpersonal Communication;Sexual Health;Advocacy
ma-g8-health-u04-l02,ma-g8-health,8,health,20,4,"Healthy Relationships, Consent, and Digital Boundaries",2,Explicit model: clear ongoing reversible consent,Explicit model,clear ongoing reversible consent,Michigan Health: Interpersonal Communication;Sexual Health;Advocacy
ma-g8-health-u04-l03,ma-g8-health,8,health,21,4,"Healthy Relationships, Consent, and Digital Boundaries",3,Guided practice: communication and refusal,Guided practice,communication and refusal,Michigan Health: Interpersonal Communication;Sexual Health;Advocacy
ma-g8-health-u04-l04,ma-g8-health,8,health,22,4,"Healthy Relationships, Consent, and Digital Boundaries",4,Application or project: dating and friendship boundaries,Application or project,dating and friendship boundaries,Michigan Health: Interpersonal Communication;Sexual Health;Advocacy
ma-g8-health-u04-l05,ma-g8-health,8,health,23,4,"Healthy Relationships, Consent, and Digital Boundaries",5,Mastery check: digital images and privacy,Mastery check,digital images and privacy,Michigan Health: Interpersonal Communication;Sexual Health;Advocacy
ma-g8-health-u04-l06,ma-g8-health,8,health,24,4,"Healthy Relationships, Consent, and Digital Boundaries",6,Correction and reflection: harassment reporting and bystander action,Correction and reflection,harassment reporting and bystander action,Michigan Health: Interpersonal Communication;Sexual Health;Advocacy
ma-g8-health-u05-l01,ma-g8-health,8,health,25,5,"Substance Use, Medication, and Harm Prevention",1,Launch and diagnostic: brain and body effects,Launch and diagnostic,brain and body effects,Michigan Health: Substance Use Prevention;Decision-Making
ma-g8-health-u05-l02,ma-g8-health,8,health,26,5,"Substance Use, Medication, and Harm Prevention",2,Explicit model: nicotine alcohol cannabis and other drugs,Explicit model,nicotine alcohol cannabis and other drugs,Michigan Health: Substance Use Prevention;Decision-Making
ma-g8-health-u05-l03,ma-g8-health,8,health,27,5,"Substance Use, Medication, and Harm Prevention",3,Guided practice: medication and opioid safety,Guided practice,medication and opioid safety,Michigan Health: Substance Use Prevention;Decision-Making
ma-g8-health-u05-l04,ma-g8-health,8,health,28,5,"Substance Use, Medication, and Harm Prevention",4,Application or project: impaired driving,Application or project,impaired driving,Michigan Health: Substance Use Prevention;Decision-Making
ma-g8-health-u05-l05,ma-g8-health,8,health,29,5,"Substance Use, Medication, and Harm Prevention",5,Mastery check: overdose response and naloxone awareness,Mastery check,overdose response and naloxone awareness,Michigan Health: Substance Use Prevention;Decision-Making
ma-g8-health-u05-l06,ma-g8-health,8,health,30,5,"Substance Use, Medication, and Harm Prevention",6,Correction and reflection: social influence and refusal,Correction and reflection,social influence and refusal,Michigan Health: Substance Use Prevention;Decision-Making
ma-g8-health-u06-l01,ma-g8-health,8,health,31,6,"Sexual Health, Disease Prevention, and Community Action",1,Launch and diagnostic: reproductive health concepts,Launch and diagnostic,reproductive health concepts,Michigan Health: Sexual Health;Disease Prevention;Advocacy
ma-g8-health-u06-l02,ma-g8-health,8,health,32,6,"Sexual Health, Disease Prevention, and Community Action",2,Explicit model: pregnancy and infection prevention concepts,Explicit model,pregnancy and infection prevention concepts,Michigan Health: Sexual Health;Disease Prevention;Advocacy
ma-g8-health-u06-l03,ma-g8-health,8,health,33,6,"Sexual Health, Disease Prevention, and Community Action",3,Guided practice: testing and healthcare supports,Guided practice,testing and healthcare supports,Michigan Health: Sexual Health;Disease Prevention;Advocacy
ma-g8-health-u06-l04,ma-g8-health,8,health,34,6,"Sexual Health, Disease Prevention, and Community Action",4,Application or project: consent and coercion,Application or project,consent and coercion,Michigan Health: Sexual Health;Disease Prevention;Advocacy
ma-g8-health-u06-l05,ma-g8-health,8,health,35,6,"Sexual Health, Disease Prevention, and Community Action",5,Mastery check: media myths,Mastery check,media myths,Michigan Health: Sexual Health;Disease Prevention;Advocacy
ma-g8-health-u06-l06,ma-g8-health,8,health,36,6,"Sexual Health, Disease Prevention, and Community Action",6,Correction and reflection: health advocacy and respectful communication,Correction and reflection,health advocacy and respectful communication,Michigan Health: Sexual Health;Disease Prevention;Advocacy
ma-g8-physical-education-u01-l01,ma-g8-physical-education,8,physical-education,1,1,Personal Readiness and Goal Design,1,Launch and diagnostic: movement screening without diagnosis,Launch and diagnostic,movement screening without diagnosis,Michigan PE Standards 1;3;4
ma-g8-physical-education-u01-l02,ma-g8-physical-education,8,physical-education,2,1,Personal Readiness and Goal Design,2,Concept model A: warm-up design,Concept model A,warm-up design,Michigan PE Standards 1;3;4
ma-g8-physical-education-u01-l03,ma-g8-physical-education,8,physical-education,3,1,Personal Readiness and Goal Design,3,Guided practice A: skill baseline,Guided practice A,skill baseline,Michigan PE Standards 1;3;4
ma-g8-physical-education-u01-l04,ma-g8-physical-education,8,physical-education,4,1,Personal Readiness and Goal Design,4,Independent application A: activity preferences,Independent application A,activity preferences,Michigan PE Standards 1;3;4
ma-g8-physical-education-u01-l05,ma-g8-physical-education,8,physical-education,5,1,Personal Readiness and Goal Design,5,Concept model B: SMART and process goals,Concept model B,SMART and process goals,Michigan PE Standards 1;3;4
ma-g8-physical-education-u01-l06,ma-g8-physical-education,8,physical-education,6,1,Personal Readiness and Goal Design,6,Guided practice B: safety and recovery plan,Guided practice B,safety and recovery plan,Michigan PE Standards 1;3;4
ma-g8-physical-education-u01-l07,ma-g8-physical-education,8,physical-education,7,1,Personal Readiness and Goal Design,7,Investigation or close reading: movement screening without diagnosis,Investigation or close reading,movement screening without diagnosis,Michigan PE Standards 1;3;4
ma-g8-physical-education-u01-l08,ma-g8-physical-education,8,physical-education,8,1,Personal Readiness and Goal Design,8,Reteach and varied practice: warm-up design,Reteach and varied practice,warm-up design,Michigan PE Standards 1;3;4
ma-g8-physical-education-u01-l09,ma-g8-physical-education,8,physical-education,9,1,Personal Readiness and Goal Design,9,Performance task build: skill baseline,Performance task build,skill baseline,Michigan PE Standards 1;3;4
ma-g8-physical-education-u01-l10,ma-g8-physical-education,8,physical-education,10,1,Personal Readiness and Goal Design,10,Synthesis and review: activity preferences,Synthesis and review,activity preferences,Michigan PE Standards 1;3;4
ma-g8-physical-education-u01-l11,ma-g8-physical-education,8,physical-education,11,1,Personal Readiness and Goal Design,11,Unit assessment: SMART and process goals,Unit assessment,SMART and process goals,Michigan PE Standards 1;3;4
ma-g8-physical-education-u01-l12,ma-g8-physical-education,8,physical-education,12,1,Personal Readiness and Goal Design,12,Correction and reflection: safety and recovery plan,Correction and reflection,safety and recovery plan,Michigan PE Standards 1;3;4
ma-g8-physical-education-u02-l01,ma-g8-physical-education,8,physical-education,13,2,Training Principles and Fitness Literacy,1,Launch and diagnostic: training variables,Launch and diagnostic,training variables,Michigan PE Standards 3;4;5
ma-g8-physical-education-u02-l02,ma-g8-physical-education,8,physical-education,14,2,Training Principles and Fitness Literacy,2,Concept model A: progressive overload concept,Concept model A,progressive overload concept,Michigan PE Standards 3;4;5
ma-g8-physical-education-u02-l03,ma-g8-physical-education,8,physical-education,15,2,Training Principles and Fitness Literacy,3,Guided practice A: recovery and adaptation,Guided practice A,recovery and adaptation,Michigan PE Standards 3;4;5
ma-g8-physical-education-u02-l04,ma-g8-physical-education,8,physical-education,16,2,Training Principles and Fitness Literacy,4,Independent application A: mobility and stability,Independent application A,mobility and stability,Michigan PE Standards 3;4;5
ma-g8-physical-education-u02-l05,ma-g8-physical-education,8,physical-education,17,2,Training Principles and Fitness Literacy,5,Concept model B: cardiorespiratory training,Concept model B,cardiorespiratory training,Michigan PE Standards 3;4;5
ma-g8-physical-education-u02-l06,ma-g8-physical-education,8,physical-education,18,2,Training Principles and Fitness Literacy,6,Guided practice B: misleading fitness claims,Guided practice B,misleading fitness claims,Michigan PE Standards 3;4;5
ma-g8-physical-education-u02-l07,ma-g8-physical-education,8,physical-education,19,2,Training Principles and Fitness Literacy,7,Investigation or close reading: training variables,Investigation or close reading,training variables,Michigan PE Standards 3;4;5
ma-g8-physical-education-u02-l08,ma-g8-physical-education,8,physical-education,20,2,Training Principles and Fitness Literacy,8,Reteach and varied practice: progressive overload concept,Reteach and varied practice,progressive overload concept,Michigan PE Standards 3;4;5
ma-g8-physical-education-u02-l09,ma-g8-physical-education,8,physical-education,21,2,Training Principles and Fitness Literacy,9,Performance task build: recovery and adaptation,Performance task build,recovery and adaptation,Michigan PE Standards 3;4;5
ma-g8-physical-education-u02-l10,ma-g8-physical-education,8,physical-education,22,2,Training Principles and Fitness Literacy,10,Synthesis and review: mobility and stability,Synthesis and review,mobility and stability,Michigan PE Standards 3;4;5
ma-g8-physical-education-u02-l11,ma-g8-physical-education,8,physical-education,23,2,Training Principles and Fitness Literacy,11,Unit assessment: cardiorespiratory training,Unit assessment,cardiorespiratory training,Michigan PE Standards 3;4;5
ma-g8-physical-education-u02-l12,ma-g8-physical-education,8,physical-education,24,2,Training Principles and Fitness Literacy,12,Correction and reflection: misleading fitness claims,Correction and reflection,misleading fitness claims,Michigan PE Standards 3;4;5
ma-g8-physical-education-u03-l01,ma-g8-physical-education,8,physical-education,25,3,Advanced Game Strategy,1,Launch and diagnostic: off-ball movement,Launch and diagnostic,off-ball movement,Michigan PE Standards 1;2;4
ma-g8-physical-education-u03-l02,ma-g8-physical-education,8,physical-education,26,3,Advanced Game Strategy,2,Concept model A: transition,Concept model A,transition,Michigan PE Standards 1;2;4
ma-g8-physical-education-u03-l03,ma-g8-physical-education,8,physical-education,27,3,Advanced Game Strategy,3,Guided practice A: defensive systems,Guided practice A,defensive systems,Michigan PE Standards 1;2;4
ma-g8-physical-education-u03-l04,ma-g8-physical-education,8,physical-education,28,3,Advanced Game Strategy,4,Independent application A: decision speed,Independent application A,decision speed,Michigan PE Standards 1;2;4
ma-g8-physical-education-u03-l05,ma-g8-physical-education,8,physical-education,29,3,Advanced Game Strategy,5,Concept model B: communication,Concept model B,communication,Michigan PE Standards 1;2;4
ma-g8-physical-education-u03-l06,ma-g8-physical-education,8,physical-education,30,3,Advanced Game Strategy,6,Guided practice B: video-free tactical analysis,Guided practice B,video-free tactical analysis,Michigan PE Standards 1;2;4
ma-g8-physical-education-u03-l07,ma-g8-physical-education,8,physical-education,31,3,Advanced Game Strategy,7,Investigation or close reading: off-ball movement,Investigation or close reading,off-ball movement,Michigan PE Standards 1;2;4
ma-g8-physical-education-u03-l08,ma-g8-physical-education,8,physical-education,32,3,Advanced Game Strategy,8,Reteach and varied practice: transition,Reteach and varied practice,transition,Michigan PE Standards 1;2;4
ma-g8-physical-education-u03-l09,ma-g8-physical-education,8,physical-education,33,3,Advanced Game Strategy,9,Performance task build: defensive systems,Performance task build,defensive systems,Michigan PE Standards 1;2;4
ma-g8-physical-education-u03-l10,ma-g8-physical-education,8,physical-education,34,3,Advanced Game Strategy,10,Synthesis and review: decision speed,Synthesis and review,decision speed,Michigan PE Standards 1;2;4
ma-g8-physical-education-u03-l11,ma-g8-physical-education,8,physical-education,35,3,Advanced Game Strategy,11,Unit assessment: communication,Unit assessment,communication,Michigan PE Standards 1;2;4
ma-g8-physical-education-u03-l12,ma-g8-physical-education,8,physical-education,36,3,Advanced Game Strategy,12,Correction and reflection: video-free tactical analysis,Correction and reflection,video-free tactical analysis,Michigan PE Standards 1;2;4
ma-g8-physical-education-u04-l01,ma-g8-physical-education,8,physical-education,37,4,Individual and Dual Activities,1,Launch and diagnostic: racquet paddle or target skills,Launch and diagnostic,racquet paddle or target skills,Michigan PE Standards 1;2;5
ma-g8-physical-education-u04-l02,ma-g8-physical-education,8,physical-education,38,4,Individual and Dual Activities,2,Concept model A: wrestling-style stance and movement without unsafe contact,Concept model A,wrestling-style stance and movement without unsafe contact,Michigan PE Standards 1;2;5
ma-g8-physical-education-u04-l03,ma-g8-physical-education,8,physical-education,39,4,Individual and Dual Activities,3,Guided practice A: martial-arts-inspired forms without combat,Guided practice A,martial-arts-inspired forms without combat,Michigan PE Standards 1;2;5
ma-g8-physical-education-u04-l04,ma-g8-physical-education,8,physical-education,40,4,Individual and Dual Activities,4,Independent application A: skill routines,Independent application A,skill routines,Michigan PE Standards 1;2;5
ma-g8-physical-education-u04-l05,ma-g8-physical-education,8,physical-education,41,4,Individual and Dual Activities,5,Concept model B: self-officiating,Concept model B,self-officiating,Michigan PE Standards 1;2;5
ma-g8-physical-education-u04-l06,ma-g8-physical-education,8,physical-education,42,4,Individual and Dual Activities,6,Guided practice B: personal challenge design,Guided practice B,personal challenge design,Michigan PE Standards 1;2;5
ma-g8-physical-education-u04-l07,ma-g8-physical-education,8,physical-education,43,4,Individual and Dual Activities,7,Investigation or close reading: racquet paddle or target skills,Investigation or close reading,racquet paddle or target skills,Michigan PE Standards 1;2;5
ma-g8-physical-education-u04-l08,ma-g8-physical-education,8,physical-education,44,4,Individual and Dual Activities,8,Reteach and varied practice: wrestling-style stance and movement without unsafe contact,Reteach and varied practice,wrestling-style stance and movement without unsafe contact,Michigan PE Standards 1;2;5
ma-g8-physical-education-u04-l09,ma-g8-physical-education,8,physical-education,45,4,Individual and Dual Activities,9,Performance task build: martial-arts-inspired forms without combat,Performance task build,martial-arts-inspired forms without combat,Michigan PE Standards 1;2;5
ma-g8-physical-education-u04-l10,ma-g8-physical-education,8,physical-education,46,4,Individual and Dual Activities,10,Synthesis and review: skill routines,Synthesis and review,skill routines,Michigan PE Standards 1;2;5
ma-g8-physical-education-u04-l11,ma-g8-physical-education,8,physical-education,47,4,Individual and Dual Activities,11,Unit assessment: self-officiating,Unit assessment,self-officiating,Michigan PE Standards 1;2;5
ma-g8-physical-education-u04-l12,ma-g8-physical-education,8,physical-education,48,4,Individual and Dual Activities,12,Correction and reflection: personal challenge design,Correction and reflection,personal challenge design,Michigan PE Standards 1;2;5
ma-g8-physical-education-u05-l01,ma-g8-physical-education,8,physical-education,49,5,"Dance, Rhythm, and Creative Performance",1,Launch and diagnostic: movement quality,Launch and diagnostic,movement quality,Michigan PE Standards 1;2;5
ma-g8-physical-education-u05-l02,ma-g8-physical-education,8,physical-education,50,5,"Dance, Rhythm, and Creative Performance",2,Concept model A: complex rhythmic patterns,Concept model A,complex rhythmic patterns,Michigan PE Standards 1;2;5
ma-g8-physical-education-u05-l03,ma-g8-physical-education,8,physical-education,51,5,"Dance, Rhythm, and Creative Performance",3,Guided practice A: choreographic devices,Guided practice A,choreographic devices,Michigan PE Standards 1;2;5
ma-g8-physical-education-u05-l04,ma-g8-physical-education,8,physical-education,52,5,"Dance, Rhythm, and Creative Performance",4,Independent application A: partner and group safety,Independent application A,partner and group safety,Michigan PE Standards 1;2;5
ma-g8-physical-education-u05-l05,ma-g8-physical-education,8,physical-education,53,5,"Dance, Rhythm, and Creative Performance",5,Concept model B: cultural context,Concept model B,cultural context,Michigan PE Standards 1;2;5
ma-g8-physical-education-u05-l06,ma-g8-physical-education,8,physical-education,54,5,"Dance, Rhythm, and Creative Performance",6,Guided practice B: performance and critique,Guided practice B,performance and critique,Michigan PE Standards 1;2;5
ma-g8-physical-education-u05-l07,ma-g8-physical-education,8,physical-education,55,5,"Dance, Rhythm, and Creative Performance",7,Investigation or close reading: movement quality,Investigation or close reading,movement quality,Michigan PE Standards 1;2;5
ma-g8-physical-education-u05-l08,ma-g8-physical-education,8,physical-education,56,5,"Dance, Rhythm, and Creative Performance",8,Reteach and varied practice: complex rhythmic patterns,Reteach and varied practice,complex rhythmic patterns,Michigan PE Standards 1;2;5
ma-g8-physical-education-u05-l09,ma-g8-physical-education,8,physical-education,57,5,"Dance, Rhythm, and Creative Performance",9,Performance task build: choreographic devices,Performance task build,choreographic devices,Michigan PE Standards 1;2;5
ma-g8-physical-education-u05-l10,ma-g8-physical-education,8,physical-education,58,5,"Dance, Rhythm, and Creative Performance",10,Synthesis and review: partner and group safety,Synthesis and review,partner and group safety,Michigan PE Standards 1;2;5
ma-g8-physical-education-u05-l11,ma-g8-physical-education,8,physical-education,59,5,"Dance, Rhythm, and Creative Performance",11,Unit assessment: cultural context,Unit assessment,cultural context,Michigan PE Standards 1;2;5
ma-g8-physical-education-u05-l12,ma-g8-physical-education,8,physical-education,60,5,"Dance, Rhythm, and Creative Performance",12,Correction and reflection: performance and critique,Correction and reflection,performance and critique,Michigan PE Standards 1;2;5
ma-g8-physical-education-u06-l01,ma-g8-physical-education,8,physical-education,61,6,"Outdoor, Aquatic, and Community Activity Planning",1,Launch and diagnostic: route and risk planning,Launch and diagnostic,route and risk planning,Michigan PE Standards 1;3;5
ma-g8-physical-education-u06-l02,ma-g8-physical-education,8,physical-education,62,6,"Outdoor, Aquatic, and Community Activity Planning",2,Concept model A: weather,Concept model A,weather,Michigan PE Standards 1;3;5
ma-g8-physical-education-u06-l03,ma-g8-physical-education,8,physical-education,63,6,"Outdoor, Aquatic, and Community Activity Planning",3,Guided practice A: water safety concepts,Guided practice A,water safety concepts,Michigan PE Standards 1;3;5
ma-g8-physical-education-u06-l04,ma-g8-physical-education,8,physical-education,64,6,"Outdoor, Aquatic, and Community Activity Planning",4,Independent application A: cycling or trail etiquette,Independent application A,cycling or trail etiquette,Michigan PE Standards 1;3;5
ma-g8-physical-education-u06-l05,ma-g8-physical-education,8,physical-education,65,6,"Outdoor, Aquatic, and Community Activity Planning",5,Concept model B: emergency communication,Concept model B,emergency communication,Michigan PE Standards 1;3;5
ma-g8-physical-education-u06-l06,ma-g8-physical-education,8,physical-education,66,6,"Outdoor, Aquatic, and Community Activity Planning",6,Guided practice B: community recreation access,Guided practice B,community recreation access,Michigan PE Standards 1;3;5
ma-g8-physical-education-u06-l07,ma-g8-physical-education,8,physical-education,67,6,"Outdoor, Aquatic, and Community Activity Planning",7,Investigation or close reading: route and risk planning,Investigation or close reading,route and risk planning,Michigan PE Standards 1;3;5
ma-g8-physical-education-u06-l08,ma-g8-physical-education,8,physical-education,68,6,"Outdoor, Aquatic, and Community Activity Planning",8,Reteach and varied practice: weather,Reteach and varied practice,weather,Michigan PE Standards 1;3;5
ma-g8-physical-education-u06-l09,ma-g8-physical-education,8,physical-education,69,6,"Outdoor, Aquatic, and Community Activity Planning",9,Performance task build: water safety concepts,Performance task build,water safety concepts,Michigan PE Standards 1;3;5
ma-g8-physical-education-u06-l10,ma-g8-physical-education,8,physical-education,70,6,"Outdoor, Aquatic, and Community Activity Planning",10,Synthesis and review: cycling or trail etiquette,Synthesis and review,cycling or trail etiquette,Michigan PE Standards 1;3;5
ma-g8-physical-education-u06-l11,ma-g8-physical-education,8,physical-education,71,6,"Outdoor, Aquatic, and Community Activity Planning",11,Unit assessment: emergency communication,Unit assessment,emergency communication,Michigan PE Standards 1;3;5
ma-g8-physical-education-u06-l12,ma-g8-physical-education,8,physical-education,72,6,"Outdoor, Aquatic, and Community Activity Planning",12,Correction and reflection: community recreation access,Correction and reflection,community recreation access,Michigan PE Standards 1;3;5
ma-g8-physical-education-u07-l01,ma-g8-physical-education,8,physical-education,73,7,"Leadership, Coaching, and Officiating",1,Launch and diagnostic: demonstrating cues,Launch and diagnostic,demonstrating cues,Michigan PE Standards 2;4;5
ma-g8-physical-education-u07-l02,ma-g8-physical-education,8,physical-education,74,7,"Leadership, Coaching, and Officiating",2,Concept model A: giving feedback,Concept model A,giving feedback,Michigan PE Standards 2;4;5
ma-g8-physical-education-u07-l03,ma-g8-physical-education,8,physical-education,75,7,"Leadership, Coaching, and Officiating",3,Guided practice A: organizing groups,Guided practice A,organizing groups,Michigan PE Standards 2;4;5
ma-g8-physical-education-u07-l04,ma-g8-physical-education,8,physical-education,76,7,"Leadership, Coaching, and Officiating",4,Independent application A: officiating fairly,Independent application A,officiating fairly,Michigan PE Standards 2;4;5
ma-g8-physical-education-u07-l05,ma-g8-physical-education,8,physical-education,77,7,"Leadership, Coaching, and Officiating",5,Concept model B: conflict repair,Concept model B,conflict repair,Michigan PE Standards 2;4;5
ma-g8-physical-education-u07-l06,ma-g8-physical-education,8,physical-education,78,7,"Leadership, Coaching, and Officiating",6,Guided practice B: inclusive adaptation,Guided practice B,inclusive adaptation,Michigan PE Standards 2;4;5
ma-g8-physical-education-u07-l07,ma-g8-physical-education,8,physical-education,79,7,"Leadership, Coaching, and Officiating",7,Investigation or close reading: demonstrating cues,Investigation or close reading,demonstrating cues,Michigan PE Standards 2;4;5
ma-g8-physical-education-u07-l08,ma-g8-physical-education,8,physical-education,80,7,"Leadership, Coaching, and Officiating",8,Reteach and varied practice: giving feedback,Reteach and varied practice,giving feedback,Michigan PE Standards 2;4;5
ma-g8-physical-education-u07-l09,ma-g8-physical-education,8,physical-education,81,7,"Leadership, Coaching, and Officiating",9,Performance task build: organizing groups,Performance task build,organizing groups,Michigan PE Standards 2;4;5
ma-g8-physical-education-u07-l10,ma-g8-physical-education,8,physical-education,82,7,"Leadership, Coaching, and Officiating",10,Synthesis and review: officiating fairly,Synthesis and review,officiating fairly,Michigan PE Standards 2;4;5
ma-g8-physical-education-u07-l11,ma-g8-physical-education,8,physical-education,83,7,"Leadership, Coaching, and Officiating",11,Unit assessment: conflict repair,Unit assessment,conflict repair,Michigan PE Standards 2;4;5
ma-g8-physical-education-u07-l12,ma-g8-physical-education,8,physical-education,84,7,"Leadership, Coaching, and Officiating",12,Correction and reflection: inclusive adaptation,Correction and reflection,inclusive adaptation,Michigan PE Standards 2;4;5
ma-g8-physical-education-u08-l01,ma-g8-physical-education,8,physical-education,85,8,Stress Management and Lifelong Movement,1,Launch and diagnostic: movement and mood,Launch and diagnostic,movement and mood,Michigan PE Standards 3;5
ma-g8-physical-education-u08-l02,ma-g8-physical-education,8,physical-education,86,8,Stress Management and Lifelong Movement,2,Concept model A: recreation and connection,Concept model A,recreation and connection,Michigan PE Standards 3;5
ma-g8-physical-education-u08-l03,ma-g8-physical-education,8,physical-education,87,8,Stress Management and Lifelong Movement,3,Guided practice A: active recovery,Guided practice A,active recovery,Michigan PE Standards 3;5
ma-g8-physical-education-u08-l04,ma-g8-physical-education,8,physical-education,88,8,Stress Management and Lifelong Movement,4,Independent application A: mindful movement,Independent application A,mindful movement,Michigan PE Standards 3;5
ma-g8-physical-education-u08-l05,ma-g8-physical-education,8,physical-education,89,8,Stress Management and Lifelong Movement,5,Concept model B: habit design,Concept model B,habit design,Michigan PE Standards 3;5
ma-g8-physical-education-u08-l06,ma-g8-physical-education,8,physical-education,90,8,Stress Management and Lifelong Movement,6,Guided practice B: barriers and supports,Guided practice B,barriers and supports,Michigan PE Standards 3;5
ma-g8-physical-education-u08-l07,ma-g8-physical-education,8,physical-education,91,8,Stress Management and Lifelong Movement,7,Investigation or close reading: movement and mood,Investigation or close reading,movement and mood,Michigan PE Standards 3;5
ma-g8-physical-education-u08-l08,ma-g8-physical-education,8,physical-education,92,8,Stress Management and Lifelong Movement,8,Reteach and varied practice: recreation and connection,Reteach and varied practice,recreation and connection,Michigan PE Standards 3;5
ma-g8-physical-education-u08-l09,ma-g8-physical-education,8,physical-education,93,8,Stress Management and Lifelong Movement,9,Performance task build: active recovery,Performance task build,active recovery,Michigan PE Standards 3;5
ma-g8-physical-education-u08-l10,ma-g8-physical-education,8,physical-education,94,8,Stress Management and Lifelong Movement,10,Synthesis and review: mindful movement,Synthesis and review,mindful movement,Michigan PE Standards 3;5
ma-g8-physical-education-u08-l11,ma-g8-physical-education,8,physical-education,95,8,Stress Management and Lifelong Movement,11,Unit assessment: habit design,Unit assessment,habit design,Michigan PE Standards 3;5
ma-g8-physical-education-u08-l12,ma-g8-physical-education,8,physical-education,96,8,Stress Management and Lifelong Movement,12,Correction and reflection: barriers and supports,Correction and reflection,barriers and supports,Michigan PE Standards 3;5
ma-g8-physical-education-u09-l01,ma-g8-physical-education,8,physical-education,97,9,Lifetime Activity Capstone,1,Launch and diagnostic: portfolio evidence,Launch and diagnostic,portfolio evidence,Michigan PE Standards 1-5
ma-g8-physical-education-u09-l02,ma-g8-physical-education,8,physical-education,98,9,Lifetime Activity Capstone,2,Concept model A: skill transfer,Concept model A,skill transfer,Michigan PE Standards 1-5
ma-g8-physical-education-u09-l03,ma-g8-physical-education,8,physical-education,99,9,Lifetime Activity Capstone,3,Guided practice A: fitness literacy,Guided practice A,fitness literacy,Michigan PE Standards 1-5
ma-g8-physical-education-u09-l04,ma-g8-physical-education,8,physical-education,100,9,Lifetime Activity Capstone,4,Independent application A: leadership,Independent application A,leadership,Michigan PE Standards 1-5
ma-g8-physical-education-u09-l05,ma-g8-physical-education,8,physical-education,101,9,Lifetime Activity Capstone,5,Concept model B: community resources,Concept model B,community resources,Michigan PE Standards 1-5
ma-g8-physical-education-u09-l06,ma-g8-physical-education,8,physical-education,102,9,Lifetime Activity Capstone,6,Guided practice B: transition planning,Guided practice B,transition planning,Michigan PE Standards 1-5
ma-g8-physical-education-u09-l07,ma-g8-physical-education,8,physical-education,103,9,Lifetime Activity Capstone,7,Investigation or close reading: portfolio evidence,Investigation or close reading,portfolio evidence,Michigan PE Standards 1-5
ma-g8-physical-education-u09-l08,ma-g8-physical-education,8,physical-education,104,9,Lifetime Activity Capstone,8,Reteach and varied practice: skill transfer,Reteach and varied practice,skill transfer,Michigan PE Standards 1-5
ma-g8-physical-education-u09-l09,ma-g8-physical-education,8,physical-education,105,9,Lifetime Activity Capstone,9,Performance task build: fitness literacy,Performance task build,fitness literacy,Michigan PE Standards 1-5
ma-g8-physical-education-u09-l10,ma-g8-physical-education,8,physical-education,106,9,Lifetime Activity Capstone,10,Synthesis and review: leadership,Synthesis and review,leadership,Michigan PE Standards 1-5
ma-g8-physical-education-u09-l11,ma-g8-physical-education,8,physical-education,107,9,Lifetime Activity Capstone,11,Unit assessment: community resources,Unit assessment,community resources,Michigan PE Standards 1-5
ma-g8-physical-education-u09-l12,ma-g8-physical-education,8,physical-education,108,9,Lifetime Activity Capstone,12,Correction and reflection: transition planning,Correction and reflection,transition planning,Michigan PE Standards 1-5
ma-g8-ready-for-life-u01-l01,ma-g8-ready-for-life,8,ready-for-life,1,1,Independent Planning and Executive Routines,1,Launch and diagnostic: long-range planning,Launch and diagnostic,long-range planning,Manuel Academy RFL Grade 8 progression
ma-g8-ready-for-life-u01-l02,ma-g8-ready-for-life,8,ready-for-life,2,1,Independent Planning and Executive Routines,2,Explicit model: breaking down projects,Explicit model,breaking down projects,Manuel Academy RFL Grade 8 progression
ma-g8-ready-for-life-u01-l03,ma-g8-ready-for-life,8,ready-for-life,3,1,Independent Planning and Executive Routines,3,Guided practice: priorities and deadlines,Guided practice,priorities and deadlines,Manuel Academy RFL Grade 8 progression
ma-g8-ready-for-life-u01-l04,ma-g8-ready-for-life,8,ready-for-life,4,1,Independent Planning and Executive Routines,4,Application or project: digital and paper systems,Application or project,digital and paper systems,Manuel Academy RFL Grade 8 progression
ma-g8-ready-for-life-u01-l05,ma-g8-ready-for-life,8,ready-for-life,5,1,Independent Planning and Executive Routines,5,Mastery check: interruptions and recovery,Mastery check,interruptions and recovery,Manuel Academy RFL Grade 8 progression
ma-g8-ready-for-life-u01-l06,ma-g8-ready-for-life,8,ready-for-life,6,1,Independent Planning and Executive Routines,6,Correction and reflection: asking for support early,Correction and reflection,asking for support early,Manuel Academy RFL Grade 8 progression
ma-g8-ready-for-life-u02-l01,ma-g8-ready-for-life,8,ready-for-life,7,2,Home Operations and Basic Maintenance,1,Launch and diagnostic: cleaning and laundry schedules,Launch and diagnostic,cleaning and laundry schedules,Manuel Academy RFL Grade 8 progression
ma-g8-ready-for-life-u02-l02,ma-g8-ready-for-life,8,ready-for-life,8,2,Home Operations and Basic Maintenance,2,Explicit model: inventory and restocking,Explicit model,inventory and restocking,Manuel Academy RFL Grade 8 progression
ma-g8-ready-for-life-u02-l03,ma-g8-ready-for-life,8,ready-for-life,9,2,Home Operations and Basic Maintenance,3,Guided practice: basic tool identification,Guided practice,basic tool identification,Manuel Academy RFL Grade 8 progression
ma-g8-ready-for-life-u02-l04,ma-g8-ready-for-life,8,ready-for-life,10,2,Home Operations and Basic Maintenance,4,Application or project: maintenance requests,Application or project,maintenance requests,Manuel Academy RFL Grade 8 progression
ma-g8-ready-for-life-u02-l05,ma-g8-ready-for-life,8,ready-for-life,11,2,Home Operations and Basic Maintenance,5,Mastery check: utility and fire-safety awareness,Mastery check,utility and fire-safety awareness,Manuel Academy RFL Grade 8 progression
ma-g8-ready-for-life-u02-l06,ma-g8-ready-for-life,8,ready-for-life,12,2,Home Operations and Basic Maintenance,6,Correction and reflection: tenant homeowner and family boundaries,Correction and reflection,tenant homeowner and family boundaries,Manuel Academy RFL Grade 8 progression
ma-g8-ready-for-life-u03-l01,ma-g8-ready-for-life,8,ready-for-life,13,3,"Meal Planning, Cooking, and Food Management",1,Launch and diagnostic: meal planning for variety and adequacy,Launch and diagnostic,meal planning for variety and adequacy,Manuel Academy RFL Grade 8 progression
ma-g8-ready-for-life-u03-l02,ma-g8-ready-for-life,8,ready-for-life,14,3,"Meal Planning, Cooking, and Food Management",2,Explicit model: shopping lists and unit costs,Explicit model,shopping lists and unit costs,Manuel Academy RFL Grade 8 progression
ma-g8-ready-for-life-u03-l03,ma-g8-ready-for-life,8,ready-for-life,15,3,"Meal Planning, Cooking, and Food Management",3,Guided practice: recipe scaling,Guided practice,recipe scaling,Manuel Academy RFL Grade 8 progression
ma-g8-ready-for-life-u03-l04,ma-g8-ready-for-life,8,ready-for-life,16,3,"Meal Planning, Cooking, and Food Management",4,Application or project: knife heat and appliance safety,Application or project,knife heat and appliance safety,Manuel Academy RFL Grade 8 progression
ma-g8-ready-for-life-u03-l05,ma-g8-ready-for-life,8,ready-for-life,17,3,"Meal Planning, Cooking, and Food Management",5,Mastery check: leftovers and storage,Mastery check,leftovers and storage,Manuel Academy RFL Grade 8 progression
ma-g8-ready-for-life-u03-l06,ma-g8-ready-for-life,8,ready-for-life,18,3,"Meal Planning, Cooking, and Food Management",6,Correction and reflection: cleanup and food-waste reduction,Correction and reflection,cleanup and food-waste reduction,Manuel Academy RFL Grade 8 progression
ma-g8-ready-for-life-u04-l01,ma-g8-ready-for-life,8,ready-for-life,19,4,"Transportation, Appointments, and Community Navigation",1,Launch and diagnostic: route and schedule planning,Launch and diagnostic,route and schedule planning,Manuel Academy RFL Grade 8 progression
ma-g8-ready-for-life-u04-l02,ma-g8-ready-for-life,8,ready-for-life,20,4,"Transportation, Appointments, and Community Navigation",2,Explicit model: transportation costs,Explicit model,transportation costs,Manuel Academy RFL Grade 8 progression
ma-g8-ready-for-life-u04-l03,ma-g8-ready-for-life,8,ready-for-life,21,4,"Transportation, Appointments, and Community Navigation",3,Guided practice: appointment preparation,Guided practice,appointment preparation,Manuel Academy RFL Grade 8 progression
ma-g8-ready-for-life-u04-l04,ma-g8-ready-for-life,8,ready-for-life,22,4,"Transportation, Appointments, and Community Navigation",4,Application or project: documents and questions,Application or project,documents and questions,Manuel Academy RFL Grade 8 progression
ma-g8-ready-for-life-u04-l05,ma-g8-ready-for-life,8,ready-for-life,23,4,"Transportation, Appointments, and Community Navigation",5,Mastery check: personal safety and check-ins,Mastery check,personal safety and check-ins,Manuel Academy RFL Grade 8 progression
ma-g8-ready-for-life-u04-l06,ma-g8-ready-for-life,8,ready-for-life,24,4,"Transportation, Appointments, and Community Navigation",6,Correction and reflection: accessibility and contingency planning,Correction and reflection,accessibility and contingency planning,Manuel Academy RFL Grade 8 progression
ma-g8-ready-for-life-u05-l01,ma-g8-ready-for-life,8,ready-for-life,25,5,"Work, Communication, and Career Readiness",1,Launch and diagnostic: skills and interests,Launch and diagnostic,skills and interests,Manuel Academy RFL Grade 8 progression
ma-g8-ready-for-life-u05-l02,ma-g8-ready-for-life,8,ready-for-life,26,5,"Work, Communication, and Career Readiness",2,Explicit model: résumé foundations,Explicit model,résumé foundations,Manuel Academy RFL Grade 8 progression
ma-g8-ready-for-life-u05-l03,ma-g8-ready-for-life,8,ready-for-life,27,5,"Work, Communication, and Career Readiness",3,Guided practice: professional communication,Guided practice,professional communication,Manuel Academy RFL Grade 8 progression
ma-g8-ready-for-life-u05-l04,ma-g8-ready-for-life,8,ready-for-life,28,5,"Work, Communication, and Career Readiness",4,Application or project: applications and interviews,Application or project,applications and interviews,Manuel Academy RFL Grade 8 progression
ma-g8-ready-for-life-u05-l05,ma-g8-ready-for-life,8,ready-for-life,29,5,"Work, Communication, and Career Readiness",5,Mastery check: workplace boundaries,Mastery check,workplace boundaries,Manuel Academy RFL Grade 8 progression
ma-g8-ready-for-life-u05-l06,ma-g8-ready-for-life,8,ready-for-life,30,5,"Work, Communication, and Career Readiness",6,Correction and reflection: feedback and problem escalation,Correction and reflection,feedback and problem escalation,Manuel Academy RFL Grade 8 progression
ma-g8-ready-for-life-u06-l01,ma-g8-ready-for-life,8,ready-for-life,31,6,Independent-Living Capstone,1,Launch and diagnostic: monthly schedule,Launch and diagnostic,monthly schedule,Manuel Academy RFL Grade 8 progression
ma-g8-ready-for-life-u06-l02,ma-g8-ready-for-life,8,ready-for-life,32,6,Independent-Living Capstone,2,Explicit model: household budget connection,Explicit model,household budget connection,Manuel Academy RFL Grade 8 progression
ma-g8-ready-for-life-u06-l03,ma-g8-ready-for-life,8,ready-for-life,33,6,Independent-Living Capstone,3,Guided practice: food and transportation plan,Guided practice,food and transportation plan,Manuel Academy RFL Grade 8 progression
ma-g8-ready-for-life-u06-l04,ma-g8-ready-for-life,8,ready-for-life,34,6,Independent-Living Capstone,4,Application or project: health and safety support,Application or project,health and safety support,Manuel Academy RFL Grade 8 progression
ma-g8-ready-for-life-u06-l05,ma-g8-ready-for-life,8,ready-for-life,35,6,Independent-Living Capstone,5,Mastery check: communication and documents,Mastery check,communication and documents,Manuel Academy RFL Grade 8 progression
ma-g8-ready-for-life-u06-l06,ma-g8-ready-for-life,8,ready-for-life,36,6,Independent-Living Capstone,6,Correction and reflection: reflection and backup plans,Correction and reflection,reflection and backup plans,Manuel Academy RFL Grade 8 progression
ma-g8-technology-u01-l01,ma-g8-technology,8,technology,1,1,"Digital Identity, Information, and AI Literacy",1,Launch and diagnostic: privacy and data trails,Launch and diagnostic,privacy and data trails,Michigan Computer Science: Impacts of Computing;Networks and Internet
ma-g8-technology-u01-l02,ma-g8-technology,8,technology,2,1,"Digital Identity, Information, and AI Literacy",2,Explicit model: platform incentives,Explicit model,platform incentives,Michigan Computer Science: Impacts of Computing;Networks and Internet
ma-g8-technology-u01-l03,ma-g8-technology,8,technology,3,1,"Digital Identity, Information, and AI Literacy",3,Guided practice: algorithmic recommendations,Guided practice,algorithmic recommendations,Michigan Computer Science: Impacts of Computing;Networks and Internet
ma-g8-technology-u01-l04,ma-g8-technology,8,technology,4,1,"Digital Identity, Information, and AI Literacy",4,Application or project: misinformation and synthetic media,Application or project,misinformation and synthetic media,Michigan Computer Science: Impacts of Computing;Networks and Internet
ma-g8-technology-u01-l05,ma-g8-technology,8,technology,5,1,"Digital Identity, Information, and AI Literacy",5,Mastery check: AI prompting and verification,Mastery check,AI prompting and verification,Michigan Computer Science: Impacts of Computing;Networks and Internet
ma-g8-technology-u01-l06,ma-g8-technology,8,technology,6,1,"Digital Identity, Information, and AI Literacy",6,Correction and reflection: copyright and attribution,Correction and reflection,copyright and attribution,Michigan Computer Science: Impacts of Computing;Networks and Internet
ma-g8-technology-u02-l01,ma-g8-technology,8,technology,7,2,Programming and Software Design,1,Launch and diagnostic: requirements and decomposition,Launch and diagnostic,requirements and decomposition,Michigan Computer Science: Algorithms and Programming
ma-g8-technology-u02-l02,ma-g8-technology,8,technology,8,2,Programming and Software Design,2,Explicit model: data and variables,Explicit model,data and variables,Michigan Computer Science: Algorithms and Programming
ma-g8-technology-u02-l03,ma-g8-technology,8,technology,9,2,Programming and Software Design,3,Guided practice: selection and iteration,Guided practice,selection and iteration,Michigan Computer Science: Algorithms and Programming
ma-g8-technology-u02-l04,ma-g8-technology,8,technology,10,2,Programming and Software Design,4,Application or project: functions or procedures,Application or project,functions or procedures,Michigan Computer Science: Algorithms and Programming
ma-g8-technology-u02-l05,ma-g8-technology,8,technology,11,2,Programming and Software Design,5,Mastery check: testing debugging and versioning,Mastery check,testing debugging and versioning,Michigan Computer Science: Algorithms and Programming
ma-g8-technology-u02-l06,ma-g8-technology,8,technology,12,2,Programming and Software Design,6,Correction and reflection: documentation,Correction and reflection,documentation,Michigan Computer Science: Algorithms and Programming
ma-g8-technology-u03-l01,ma-g8-technology,8,technology,13,3,"Web, App, and Accessible Interface Design",1,Launch and diagnostic: semantic structure,Launch and diagnostic,semantic structure,Michigan Computer Science: Computing Systems;Impacts of Computing
ma-g8-technology-u03-l02,ma-g8-technology,8,technology,14,3,"Web, App, and Accessible Interface Design",2,Explicit model: layout and responsive design,Explicit model,layout and responsive design,Michigan Computer Science: Computing Systems;Impacts of Computing
ma-g8-technology-u03-l03,ma-g8-technology,8,technology,15,3,"Web, App, and Accessible Interface Design",3,Guided practice: forms and validation without private data,Guided practice,forms and validation without private data,Michigan Computer Science: Computing Systems;Impacts of Computing
ma-g8-technology-u03-l04,ma-g8-technology,8,technology,16,3,"Web, App, and Accessible Interface Design",4,Application or project: accessibility standards,Application or project,accessibility standards,Michigan Computer Science: Computing Systems;Impacts of Computing
ma-g8-technology-u03-l05,ma-g8-technology,8,technology,17,3,"Web, App, and Accessible Interface Design",5,Mastery check: user testing,Mastery check,user testing,Michigan Computer Science: Computing Systems;Impacts of Computing
ma-g8-technology-u03-l06,ma-g8-technology,8,technology,18,3,"Web, App, and Accessible Interface Design",6,Correction and reflection: iteration,Correction and reflection,iteration,Michigan Computer Science: Computing Systems;Impacts of Computing
ma-g8-technology-u04-l01,ma-g8-technology,8,technology,19,4,Data Science and Computational Models,1,Launch and diagnostic: ethical data collection,Launch and diagnostic,ethical data collection,Michigan Computer Science: Data and Analysis
ma-g8-technology-u04-l02,ma-g8-technology,8,technology,20,4,Data Science and Computational Models,2,Explicit model: cleaning and transformation,Explicit model,cleaning and transformation,Michigan Computer Science: Data and Analysis
ma-g8-technology-u04-l03,ma-g8-technology,8,technology,21,4,Data Science and Computational Models,3,Guided practice: formulas and code,Guided practice,formulas and code,Michigan Computer Science: Data and Analysis
ma-g8-technology-u04-l04,ma-g8-technology,8,technology,22,4,Data Science and Computational Models,4,Application or project: visualization,Application or project,visualization,Michigan Computer Science: Data and Analysis
ma-g8-technology-u04-l05,ma-g8-technology,8,technology,23,4,Data Science and Computational Models,5,Mastery check: correlation and model limitations,Mastery check,correlation and model limitations,Michigan Computer Science: Data and Analysis
ma-g8-technology-u04-l06,ma-g8-technology,8,technology,24,4,Data Science and Computational Models,6,Correction and reflection: data storytelling,Correction and reflection,data storytelling,Michigan Computer Science: Data and Analysis
ma-g8-technology-u05-l01,ma-g8-technology,8,technology,25,5,Networks and Cybersecurity,1,Launch and diagnostic: internet routing concepts,Launch and diagnostic,internet routing concepts,Michigan Computer Science: Networks and Internet;Cybersecurity
ma-g8-technology-u05-l02,ma-g8-technology,8,technology,26,5,Networks and Cybersecurity,2,Explicit model: encryption and certificates,Explicit model,encryption and certificates,Michigan Computer Science: Networks and Internet;Cybersecurity
ma-g8-technology-u05-l03,ma-g8-technology,8,technology,27,5,Networks and Cybersecurity,3,Guided practice: authentication and authorization,Guided practice,authentication and authorization,Michigan Computer Science: Networks and Internet;Cybersecurity
ma-g8-technology-u05-l04,ma-g8-technology,8,technology,28,5,Networks and Cybersecurity,4,Application or project: common attacks and social engineering,Application or project,common attacks and social engineering,Michigan Computer Science: Networks and Internet;Cybersecurity
ma-g8-technology-u05-l05,ma-g8-technology,8,technology,29,5,Networks and Cybersecurity,5,Mastery check: secure development habits,Mastery check,secure development habits,Michigan Computer Science: Networks and Internet;Cybersecurity
ma-g8-technology-u05-l06,ma-g8-technology,8,technology,30,5,Networks and Cybersecurity,6,Correction and reflection: incident response and ethics,Correction and reflection,incident response and ethics,Michigan Computer Science: Networks and Internet;Cybersecurity
ma-g8-technology-u06-l01,ma-g8-technology,8,technology,31,6,Technology Capstone and Impact Review,1,Launch and diagnostic: problem framing,Launch and diagnostic,problem framing,Michigan Computer Science: Algorithms and Programming;Impacts of Computing
ma-g8-technology-u06-l02,ma-g8-technology,8,technology,32,6,Technology Capstone and Impact Review,2,Explicit model: stakeholders and unintended effects,Explicit model,stakeholders and unintended effects,Michigan Computer Science: Algorithms and Programming;Impacts of Computing
ma-g8-technology-u06-l03,ma-g8-technology,8,technology,33,6,Technology Capstone and Impact Review,3,Guided practice: prototype development,Guided practice,prototype development,Michigan Computer Science: Algorithms and Programming;Impacts of Computing
ma-g8-technology-u06-l04,ma-g8-technology,8,technology,34,6,Technology Capstone and Impact Review,4,Application or project: testing and accessibility,Application or project,testing and accessibility,Michigan Computer Science: Algorithms and Programming;Impacts of Computing
ma-g8-technology-u06-l05,ma-g8-technology,8,technology,35,6,Technology Capstone and Impact Review,5,Mastery check: privacy and security review,Mastery check,privacy and security review,Michigan Computer Science: Algorithms and Programming;Impacts of Computing
ma-g8-technology-u06-l06,ma-g8-technology,8,technology,36,6,Technology Capstone and Impact Review,6,Correction and reflection: presentation and maintenance plan,Correction and reflection,presentation and maintenance plan,Michigan Computer Science: Algorithms and Programming;Impacts of Computing
ma-g8-arts-and-music-u01-l01,ma-g8-arts-and-music,8,arts-and-music,1,1,Artistic Voice and Advanced Composition,1,Launch and diagnostic: personal artistic questions,Launch and diagnostic,personal artistic questions,Michigan Arts: Visual Arts Create;Respond
ma-g8-arts-and-music-u01-l02,ma-g8-arts-and-music,8,arts-and-music,2,1,Artistic Voice and Advanced Composition,2,Concept model A: composition and visual hierarchy,Concept model A,composition and visual hierarchy,Michigan Arts: Visual Arts Create;Respond
ma-g8-arts-and-music-u01-l03,ma-g8-arts-and-music,8,arts-and-music,3,1,Artistic Voice and Advanced Composition,3,Guided practice A: symbol metaphor and abstraction,Guided practice A,symbol metaphor and abstraction,Michigan Arts: Visual Arts Create;Respond
ma-g8-arts-and-music-u01-l04,ma-g8-arts-and-music,8,arts-and-music,4,1,Artistic Voice and Advanced Composition,4,Independent application A: style studies without copying,Independent application A,style studies without copying,Michigan Arts: Visual Arts Create;Respond
ma-g8-arts-and-music-u01-l05,ma-g8-arts-and-music,8,arts-and-music,5,1,Artistic Voice and Advanced Composition,5,Concept model B: iterative sketching,Concept model B,iterative sketching,Michigan Arts: Visual Arts Create;Respond
ma-g8-arts-and-music-u01-l06,ma-g8-arts-and-music,8,arts-and-music,6,1,Artistic Voice and Advanced Composition,6,Guided practice B: critique and revision,Guided practice B,critique and revision,Michigan Arts: Visual Arts Create;Respond
ma-g8-arts-and-music-u01-l07,ma-g8-arts-and-music,8,arts-and-music,7,1,Artistic Voice and Advanced Composition,7,Investigation or close reading: personal artistic questions,Investigation or close reading,personal artistic questions,Michigan Arts: Visual Arts Create;Respond
ma-g8-arts-and-music-u01-l08,ma-g8-arts-and-music,8,arts-and-music,8,1,Artistic Voice and Advanced Composition,8,Reteach and varied practice: composition and visual hierarchy,Reteach and varied practice,composition and visual hierarchy,Michigan Arts: Visual Arts Create;Respond
ma-g8-arts-and-music-u01-l09,ma-g8-arts-and-music,8,arts-and-music,9,1,Artistic Voice and Advanced Composition,9,Performance task build: symbol metaphor and abstraction,Performance task build,symbol metaphor and abstraction,Michigan Arts: Visual Arts Create;Respond
ma-g8-arts-and-music-u01-l10,ma-g8-arts-and-music,8,arts-and-music,10,1,Artistic Voice and Advanced Composition,10,Synthesis and review: style studies without copying,Synthesis and review,style studies without copying,Michigan Arts: Visual Arts Create;Respond
ma-g8-arts-and-music-u01-l11,ma-g8-arts-and-music,8,arts-and-music,11,1,Artistic Voice and Advanced Composition,11,Unit assessment: iterative sketching,Unit assessment,iterative sketching,Michigan Arts: Visual Arts Create;Respond
ma-g8-arts-and-music-u01-l12,ma-g8-arts-and-music,8,arts-and-music,12,1,Artistic Voice and Advanced Composition,12,Correction and reflection: critique and revision,Correction and reflection,critique and revision,Michigan Arts: Visual Arts Create;Respond
ma-g8-arts-and-music-u02-l01,ma-g8-arts-and-music,8,arts-and-music,13,2,"Design, Media, and Material Exploration",1,Launch and diagnostic: graphic design foundations,Launch and diagnostic,graphic design foundations,Michigan Arts: Visual Arts Create;Media Arts Create
ma-g8-arts-and-music-u02-l02,ma-g8-arts-and-music,8,arts-and-music,14,2,"Design, Media, and Material Exploration",2,Concept model A: photography concepts without requiring people,Concept model A,photography concepts without requiring people,Michigan Arts: Visual Arts Create;Media Arts Create
ma-g8-arts-and-music-u02-l03,ma-g8-arts-and-music,8,arts-and-music,15,2,"Design, Media, and Material Exploration",3,Guided practice A: mixed media,Guided practice A,mixed media,Michigan Arts: Visual Arts Create;Media Arts Create
ma-g8-arts-and-music-u02-l04,ma-g8-arts-and-music,8,arts-and-music,16,2,"Design, Media, and Material Exploration",4,Independent application A: three-dimensional or spatial design,Independent application A,three-dimensional or spatial design,Michigan Arts: Visual Arts Create;Media Arts Create
ma-g8-arts-and-music-u02-l05,ma-g8-arts-and-music,8,arts-and-music,17,2,"Design, Media, and Material Exploration",5,Concept model B: digital editing ethics,Concept model B,digital editing ethics,Michigan Arts: Visual Arts Create;Media Arts Create
ma-g8-arts-and-music-u02-l06,ma-g8-arts-and-music,8,arts-and-music,18,2,"Design, Media, and Material Exploration",6,Guided practice B: craftsmanship and safety,Guided practice B,craftsmanship and safety,Michigan Arts: Visual Arts Create;Media Arts Create
ma-g8-arts-and-music-u02-l07,ma-g8-arts-and-music,8,arts-and-music,19,2,"Design, Media, and Material Exploration",7,Investigation or close reading: graphic design foundations,Investigation or close reading,graphic design foundations,Michigan Arts: Visual Arts Create;Media Arts Create
ma-g8-arts-and-music-u02-l08,ma-g8-arts-and-music,8,arts-and-music,20,2,"Design, Media, and Material Exploration",8,Reteach and varied practice: photography concepts without requiring people,Reteach and varied practice,photography concepts without requiring people,Michigan Arts: Visual Arts Create;Media Arts Create
ma-g8-arts-and-music-u02-l09,ma-g8-arts-and-music,8,arts-and-music,21,2,"Design, Media, and Material Exploration",9,Performance task build: mixed media,Performance task build,mixed media,Michigan Arts: Visual Arts Create;Media Arts Create
ma-g8-arts-and-music-u02-l10,ma-g8-arts-and-music,8,arts-and-music,22,2,"Design, Media, and Material Exploration",10,Synthesis and review: three-dimensional or spatial design,Synthesis and review,three-dimensional or spatial design,Michigan Arts: Visual Arts Create;Media Arts Create
ma-g8-arts-and-music-u02-l11,ma-g8-arts-and-music,8,arts-and-music,23,2,"Design, Media, and Material Exploration",11,Unit assessment: digital editing ethics,Unit assessment,digital editing ethics,Michigan Arts: Visual Arts Create;Media Arts Create
ma-g8-arts-and-music-u02-l12,ma-g8-arts-and-music,8,arts-and-music,24,2,"Design, Media, and Material Exploration",12,Correction and reflection: craftsmanship and safety,Correction and reflection,craftsmanship and safety,Michigan Arts: Visual Arts Create;Media Arts Create
ma-g8-arts-and-music-u03-l01,ma-g8-arts-and-music,8,arts-and-music,25,3,"Music Composition, Production, and Performance",1,Launch and diagnostic: rhythm harmony and melody,Launch and diagnostic,rhythm harmony and melody,Michigan Arts: Music Create;Perform;Respond
ma-g8-arts-and-music-u03-l02,ma-g8-arts-and-music,8,arts-and-music,26,3,"Music Composition, Production, and Performance",2,Concept model A: form and arrangement,Concept model A,form and arrangement,Michigan Arts: Music Create;Perform;Respond
ma-g8-arts-and-music-u03-l03,ma-g8-arts-and-music,8,arts-and-music,27,3,"Music Composition, Production, and Performance",3,Guided practice A: notation or digital sequencing,Guided practice A,notation or digital sequencing,Michigan Arts: Music Create;Perform;Respond
ma-g8-arts-and-music-u03-l04,ma-g8-arts-and-music,8,arts-and-music,28,3,"Music Composition, Production, and Performance",4,Independent application A: recording and mixing concepts,Independent application A,recording and mixing concepts,Michigan Arts: Music Create;Perform;Respond
ma-g8-arts-and-music-u03-l05,ma-g8-arts-and-music,8,arts-and-music,29,3,"Music Composition, Production, and Performance",5,Concept model B: copyright and original work,Concept model B,copyright and original work,Michigan Arts: Music Create;Perform;Respond
ma-g8-arts-and-music-u03-l06,ma-g8-arts-and-music,8,arts-and-music,30,3,"Music Composition, Production, and Performance",6,Guided practice B: rehearsal and performance,Guided practice B,rehearsal and performance,Michigan Arts: Music Create;Perform;Respond
ma-g8-arts-and-music-u03-l07,ma-g8-arts-and-music,8,arts-and-music,31,3,"Music Composition, Production, and Performance",7,Investigation or close reading: rhythm harmony and melody,Investigation or close reading,rhythm harmony and melody,Michigan Arts: Music Create;Perform;Respond
ma-g8-arts-and-music-u03-l08,ma-g8-arts-and-music,8,arts-and-music,32,3,"Music Composition, Production, and Performance",8,Reteach and varied practice: form and arrangement,Reteach and varied practice,form and arrangement,Michigan Arts: Music Create;Perform;Respond
ma-g8-arts-and-music-u03-l09,ma-g8-arts-and-music,8,arts-and-music,33,3,"Music Composition, Production, and Performance",9,Performance task build: notation or digital sequencing,Performance task build,notation or digital sequencing,Michigan Arts: Music Create;Perform;Respond
ma-g8-arts-and-music-u03-l10,ma-g8-arts-and-music,8,arts-and-music,34,3,"Music Composition, Production, and Performance",10,Synthesis and review: recording and mixing concepts,Synthesis and review,recording and mixing concepts,Michigan Arts: Music Create;Perform;Respond
ma-g8-arts-and-music-u03-l11,ma-g8-arts-and-music,8,arts-and-music,35,3,"Music Composition, Production, and Performance",11,Unit assessment: copyright and original work,Unit assessment,copyright and original work,Michigan Arts: Music Create;Perform;Respond
ma-g8-arts-and-music-u03-l12,ma-g8-arts-and-music,8,arts-and-music,36,3,"Music Composition, Production, and Performance",12,Correction and reflection: rehearsal and performance,Correction and reflection,rehearsal and performance,Michigan Arts: Music Create;Perform;Respond
ma-g8-arts-and-music-u04-l01,ma-g8-arts-and-music,8,arts-and-music,37,4,"Theatre, Film, and Production Collaboration",1,Launch and diagnostic: dramaturgy and script analysis,Launch and diagnostic,dramaturgy and script analysis,Michigan Arts: Theatre Create;Perform;Media Arts Produce
ma-g8-arts-and-music-u04-l02,ma-g8-arts-and-music,8,arts-and-music,38,4,"Theatre, Film, and Production Collaboration",2,Concept model A: directing and blocking,Concept model A,directing and blocking,Michigan Arts: Theatre Create;Perform;Media Arts Produce
ma-g8-arts-and-music-u04-l03,ma-g8-arts-and-music,8,arts-and-music,39,4,"Theatre, Film, and Production Collaboration",3,Guided practice A: acting or voice options,Guided practice A,acting or voice options,Michigan Arts: Theatre Create;Perform;Media Arts Produce
ma-g8-arts-and-music-u04-l04,ma-g8-arts-and-music,8,arts-and-music,40,4,"Theatre, Film, and Production Collaboration",4,Independent application A: cinematography and editing,Independent application A,cinematography and editing,Michigan Arts: Theatre Create;Perform;Media Arts Produce
ma-g8-arts-and-music-u04-l05,ma-g8-arts-and-music,8,arts-and-music,41,4,"Theatre, Film, and Production Collaboration",5,Concept model B: production management,Concept model B,production management,Michigan Arts: Theatre Create;Perform;Media Arts Produce
ma-g8-arts-and-music-u04-l06,ma-g8-arts-and-music,8,arts-and-music,42,4,"Theatre, Film, and Production Collaboration",6,Guided practice B: consent and safe collaboration,Guided practice B,consent and safe collaboration,Michigan Arts: Theatre Create;Perform;Media Arts Produce
ma-g8-arts-and-music-u04-l07,ma-g8-arts-and-music,8,arts-and-music,43,4,"Theatre, Film, and Production Collaboration",7,Investigation or close reading: dramaturgy and script analysis,Investigation or close reading,dramaturgy and script analysis,Michigan Arts: Theatre Create;Perform;Media Arts Produce
ma-g8-arts-and-music-u04-l08,ma-g8-arts-and-music,8,arts-and-music,44,4,"Theatre, Film, and Production Collaboration",8,Reteach and varied practice: directing and blocking,Reteach and varied practice,directing and blocking,Michigan Arts: Theatre Create;Perform;Media Arts Produce
ma-g8-arts-and-music-u04-l09,ma-g8-arts-and-music,8,arts-and-music,45,4,"Theatre, Film, and Production Collaboration",9,Performance task build: acting or voice options,Performance task build,acting or voice options,Michigan Arts: Theatre Create;Perform;Media Arts Produce
ma-g8-arts-and-music-u04-l10,ma-g8-arts-and-music,8,arts-and-music,46,4,"Theatre, Film, and Production Collaboration",10,Synthesis and review: cinematography and editing,Synthesis and review,cinematography and editing,Michigan Arts: Theatre Create;Perform;Media Arts Produce
ma-g8-arts-and-music-u04-l11,ma-g8-arts-and-music,8,arts-and-music,47,4,"Theatre, Film, and Production Collaboration",11,Unit assessment: production management,Unit assessment,production management,Michigan Arts: Theatre Create;Perform;Media Arts Produce
ma-g8-arts-and-music-u04-l12,ma-g8-arts-and-music,8,arts-and-music,48,4,"Theatre, Film, and Production Collaboration",12,Correction and reflection: consent and safe collaboration,Correction and reflection,consent and safe collaboration,Michigan Arts: Theatre Create;Perform;Media Arts Produce
ma-g8-arts-and-music-u05-l01,ma-g8-arts-and-music,8,arts-and-music,49,5,"Arts, Identity, Culture, and Ethics",1,Launch and diagnostic: art and identity without forced disclosure,Launch and diagnostic,art and identity without forced disclosure,Michigan Arts: Connect;Respond
ma-g8-arts-and-music-u05-l02,ma-g8-arts-and-music,8,arts-and-music,50,5,"Arts, Identity, Culture, and Ethics",2,Concept model A: historical and cultural context,Concept model A,historical and cultural context,Michigan Arts: Connect;Respond
ma-g8-arts-and-music-u05-l03,ma-g8-arts-and-music,8,arts-and-music,51,5,"Arts, Identity, Culture, and Ethics",3,Guided practice A: representation and stereotype,Guided practice A,representation and stereotype,Michigan Arts: Connect;Respond
ma-g8-arts-and-music-u05-l04,ma-g8-arts-and-music,8,arts-and-music,52,5,"Arts, Identity, Culture, and Ethics",4,Independent application A: appropriation attribution and collaboration,Independent application A,appropriation attribution and collaboration,Michigan Arts: Connect;Respond
ma-g8-arts-and-music-u05-l05,ma-g8-arts-and-music,8,arts-and-music,53,5,"Arts, Identity, Culture, and Ethics",5,Concept model B: censorship and public art,Concept model B,censorship and public art,Michigan Arts: Connect;Respond
ma-g8-arts-and-music-u05-l06,ma-g8-arts-and-music,8,arts-and-music,54,5,"Arts, Identity, Culture, and Ethics",6,Guided practice B: ethical criticism,Guided practice B,ethical criticism,Michigan Arts: Connect;Respond
ma-g8-arts-and-music-u05-l07,ma-g8-arts-and-music,8,arts-and-music,55,5,"Arts, Identity, Culture, and Ethics",7,Investigation or close reading: art and identity without forced disclosure,Investigation or close reading,art and identity without forced disclosure,Michigan Arts: Connect;Respond
ma-g8-arts-and-music-u05-l08,ma-g8-arts-and-music,8,arts-and-music,56,5,"Arts, Identity, Culture, and Ethics",8,Reteach and varied practice: historical and cultural context,Reteach and varied practice,historical and cultural context,Michigan Arts: Connect;Respond
ma-g8-arts-and-music-u05-l09,ma-g8-arts-and-music,8,arts-and-music,57,5,"Arts, Identity, Culture, and Ethics",9,Performance task build: representation and stereotype,Performance task build,representation and stereotype,Michigan Arts: Connect;Respond
ma-g8-arts-and-music-u05-l10,ma-g8-arts-and-music,8,arts-and-music,58,5,"Arts, Identity, Culture, and Ethics",10,Synthesis and review: appropriation attribution and collaboration,Synthesis and review,appropriation attribution and collaboration,Michigan Arts: Connect;Respond
ma-g8-arts-and-music-u05-l11,ma-g8-arts-and-music,8,arts-and-music,59,5,"Arts, Identity, Culture, and Ethics",11,Unit assessment: censorship and public art,Unit assessment,censorship and public art,Michigan Arts: Connect;Respond
ma-g8-arts-and-music-u05-l12,ma-g8-arts-and-music,8,arts-and-music,60,5,"Arts, Identity, Culture, and Ethics",12,Correction and reflection: ethical criticism,Correction and reflection,ethical criticism,Michigan Arts: Connect;Respond
ma-g8-arts-and-music-u06-l01,ma-g8-arts-and-music,8,arts-and-music,61,6,Portfolio and Public or Private Exhibition,1,Launch and diagnostic: portfolio selection,Launch and diagnostic,portfolio selection,Michigan Arts: Present/Perform;Respond;Connect
ma-g8-arts-and-music-u06-l02,ma-g8-arts-and-music,8,arts-and-music,62,6,Portfolio and Public or Private Exhibition,2,Concept model A: professional presentation,Concept model A,professional presentation,Michigan Arts: Present/Perform;Respond;Connect
ma-g8-arts-and-music-u06-l03,ma-g8-arts-and-music,8,arts-and-music,63,6,Portfolio and Public or Private Exhibition,3,Guided practice A: artist statements,Guided practice A,artist statements,Michigan Arts: Present/Perform;Respond;Connect
ma-g8-arts-and-music-u06-l04,ma-g8-arts-and-music,8,arts-and-music,64,6,Portfolio and Public or Private Exhibition,4,Independent application A: audience and venue,Independent application A,audience and venue,Michigan Arts: Present/Perform;Respond;Connect
ma-g8-arts-and-music-u06-l05,ma-g8-arts-and-music,8,arts-and-music,65,6,Portfolio and Public or Private Exhibition,5,Concept model B: feedback and revision,Concept model B,feedback and revision,Michigan Arts: Present/Perform;Respond;Connect
ma-g8-arts-and-music-u06-l06,ma-g8-arts-and-music,8,arts-and-music,66,6,Portfolio and Public or Private Exhibition,6,Guided practice B: future arts pathways,Guided practice B,future arts pathways,Michigan Arts: Present/Perform;Respond;Connect
ma-g8-arts-and-music-u06-l07,ma-g8-arts-and-music,8,arts-and-music,67,6,Portfolio and Public or Private Exhibition,7,Investigation or close reading: portfolio selection,Investigation or close reading,portfolio selection,Michigan Arts: Present/Perform;Respond;Connect
ma-g8-arts-and-music-u06-l08,ma-g8-arts-and-music,8,arts-and-music,68,6,Portfolio and Public or Private Exhibition,8,Reteach and varied practice: professional presentation,Reteach and varied practice,professional presentation,Michigan Arts: Present/Perform;Respond;Connect
ma-g8-arts-and-music-u06-l09,ma-g8-arts-and-music,8,arts-and-music,69,6,Portfolio and Public or Private Exhibition,9,Performance task build: artist statements,Performance task build,artist statements,Michigan Arts: Present/Perform;Respond;Connect
ma-g8-arts-and-music-u06-l10,ma-g8-arts-and-music,8,arts-and-music,70,6,Portfolio and Public or Private Exhibition,10,Synthesis and review: audience and venue,Synthesis and review,audience and venue,Michigan Arts: Present/Perform;Respond;Connect
ma-g8-arts-and-music-u06-l11,ma-g8-arts-and-music,8,arts-and-music,71,6,Portfolio and Public or Private Exhibition,11,Unit assessment: feedback and revision,Unit assessment,feedback and revision,Michigan Arts: Present/Perform;Respond;Connect
ma-g8-arts-and-music-u06-l12,ma-g8-arts-and-music,8,arts-and-music,72,6,Portfolio and Public or Private Exhibition,12,Correction and reflection: future arts pathways,Correction and reflection,future arts pathways,Michigan Arts: Present/Perform;Respond;Connect
ma-g8-financial-literacy-u01-l01,ma-g8-financial-literacy,8,financial-literacy,1,1,PF1 — Earning Income,1,Launch and diagnostic: career and education pathways,Launch and diagnostic,career and education pathways,PF1
ma-g8-financial-literacy-u01-l02,ma-g8-financial-literacy,8,financial-literacy,2,1,PF1 — Earning Income,2,Concept model A: wages salary commissions and self-employment,Concept model A,wages salary commissions and self-employment,PF1
ma-g8-financial-literacy-u01-l03,ma-g8-financial-literacy,8,financial-literacy,3,1,PF1 — Earning Income,3,Guided practice A: gross pay deductions and net pay,Guided practice A,gross pay deductions and net pay,PF1
ma-g8-financial-literacy-u01-l04,ma-g8-financial-literacy,8,financial-literacy,4,1,PF1 — Earning Income,4,Independent application A: benefits and total compensation,Independent application A,benefits and total compensation,PF1
ma-g8-financial-literacy-u01-l05,ma-g8-financial-literacy,8,financial-literacy,5,1,PF1 — Earning Income,5,Concept model B: labor-market information,Concept model B,labor-market information,PF1
ma-g8-financial-literacy-u01-l06,ma-g8-financial-literacy,8,financial-literacy,6,1,PF1 — Earning Income,6,Guided practice B: entrepreneurship and irregular income,Guided practice B,entrepreneurship and irregular income,PF1
ma-g8-financial-literacy-u01-l07,ma-g8-financial-literacy,8,financial-literacy,7,1,PF1 — Earning Income,7,Investigation or close reading: career and education pathways,Investigation or close reading,career and education pathways,PF1
ma-g8-financial-literacy-u01-l08,ma-g8-financial-literacy,8,financial-literacy,8,1,PF1 — Earning Income,8,Reteach and varied practice: wages salary commissions and self-employment,Reteach and varied practice,wages salary commissions and self-employment,PF1
ma-g8-financial-literacy-u01-l09,ma-g8-financial-literacy,8,financial-literacy,9,1,PF1 — Earning Income,9,Performance task build: gross pay deductions and net pay,Performance task build,gross pay deductions and net pay,PF1
ma-g8-financial-literacy-u01-l10,ma-g8-financial-literacy,8,financial-literacy,10,1,PF1 — Earning Income,10,Synthesis and review: benefits and total compensation,Synthesis and review,benefits and total compensation,PF1
ma-g8-financial-literacy-u02-l01,ma-g8-financial-literacy,8,financial-literacy,11,2,PF2 — Buying Goods and Services,1,Launch and diagnostic: opportunity cost and priorities,Launch and diagnostic,opportunity cost and priorities,PF2
ma-g8-financial-literacy-u02-l02,ma-g8-financial-literacy,8,financial-literacy,12,2,PF2 — Buying Goods and Services,2,Concept model A: comparison shopping and unit cost,Concept model A,comparison shopping and unit cost,PF2
ma-g8-financial-literacy-u02-l03,ma-g8-financial-literacy,8,financial-literacy,13,2,PF2 — Buying Goods and Services,3,Guided practice A: contracts subscriptions and warranties,Guided practice A,contracts subscriptions and warranties,PF2
ma-g8-financial-literacy-u02-l04,ma-g8-financial-literacy,8,financial-literacy,14,2,PF2 — Buying Goods and Services,4,Independent application A: advertising and behavioral influence,Independent application A,advertising and behavioral influence,PF2
ma-g8-financial-literacy-u02-l05,ma-g8-financial-literacy,8,financial-literacy,15,2,PF2 — Buying Goods and Services,5,Concept model B: consumer rights and complaint steps,Concept model B,consumer rights and complaint steps,PF2
ma-g8-financial-literacy-u02-l06,ma-g8-financial-literacy,8,financial-literacy,16,2,PF2 — Buying Goods and Services,6,Guided practice B: fraud scams and identity protection,Guided practice B,fraud scams and identity protection,PF2
ma-g8-financial-literacy-u02-l07,ma-g8-financial-literacy,8,financial-literacy,17,2,PF2 — Buying Goods and Services,7,Investigation or close reading: opportunity cost and priorities,Investigation or close reading,opportunity cost and priorities,PF2
ma-g8-financial-literacy-u02-l08,ma-g8-financial-literacy,8,financial-literacy,18,2,PF2 — Buying Goods and Services,8,Reteach and varied practice: comparison shopping and unit cost,Reteach and varied practice,comparison shopping and unit cost,PF2
ma-g8-financial-literacy-u02-l09,ma-g8-financial-literacy,8,financial-literacy,19,2,PF2 — Buying Goods and Services,9,Performance task build: contracts subscriptions and warranties,Performance task build,contracts subscriptions and warranties,PF2
ma-g8-financial-literacy-u02-l10,ma-g8-financial-literacy,8,financial-literacy,20,2,PF2 — Buying Goods and Services,10,Synthesis and review: advertising and behavioral influence,Synthesis and review,advertising and behavioral influence,PF2
ma-g8-financial-literacy-u03-l01,ma-g8-financial-literacy,8,financial-literacy,21,3,PF3 — Budgeting and Saving,1,Launch and diagnostic: cash-flow statements,Launch and diagnostic,cash-flow statements,PF3
ma-g8-financial-literacy-u03-l02,ma-g8-financial-literacy,8,financial-literacy,22,3,PF3 — Budgeting and Saving,2,Concept model A: fixed variable and periodic expenses,Concept model A,fixed variable and periodic expenses,PF3
ma-g8-financial-literacy-u03-l03,ma-g8-financial-literacy,8,financial-literacy,23,3,PF3 — Budgeting and Saving,3,Guided practice A: emergency funds,Guided practice A,emergency funds,PF3
ma-g8-financial-literacy-u03-l04,ma-g8-financial-literacy,8,financial-literacy,24,3,PF3 — Budgeting and Saving,4,Independent application A: short medium and long goals,Independent application A,short medium and long goals,PF3
ma-g8-financial-literacy-u03-l05,ma-g8-financial-literacy,8,financial-literacy,25,3,PF3 — Budgeting and Saving,5,Concept model B: bank and credit-union services,Concept model B,bank and credit-union services,PF3
ma-g8-financial-literacy-u03-l06,ma-g8-financial-literacy,8,financial-literacy,26,3,PF3 — Budgeting and Saving,6,Guided practice B: compound interest and inflation concepts,Guided practice B,compound interest and inflation concepts,PF3
ma-g8-financial-literacy-u03-l07,ma-g8-financial-literacy,8,financial-literacy,27,3,PF3 — Budgeting and Saving,7,Investigation or close reading: cash-flow statements,Investigation or close reading,cash-flow statements,PF3
ma-g8-financial-literacy-u03-l08,ma-g8-financial-literacy,8,financial-literacy,28,3,PF3 — Budgeting and Saving,8,Reteach and varied practice: fixed variable and periodic expenses,Reteach and varied practice,fixed variable and periodic expenses,PF3
ma-g8-financial-literacy-u03-l09,ma-g8-financial-literacy,8,financial-literacy,29,3,PF3 — Budgeting and Saving,9,Performance task build: emergency funds,Performance task build,emergency funds,PF3
ma-g8-financial-literacy-u03-l10,ma-g8-financial-literacy,8,financial-literacy,30,3,PF3 — Budgeting and Saving,10,Synthesis and review: short medium and long goals,Synthesis and review,short medium and long goals,PF3
ma-g8-financial-literacy-u04-l01,ma-g8-financial-literacy,8,financial-literacy,31,4,PF4 — Using Credit,1,Launch and diagnostic: principal annual percentage rate and term,Launch and diagnostic,principal annual percentage rate and term,PF4;PF4.1
ma-g8-financial-literacy-u04-l02,ma-g8-financial-literacy,8,financial-literacy,32,4,PF4 — Using Credit,2,Concept model A: credit reports and scores,Concept model A,credit reports and scores,PF4;PF4.1
ma-g8-financial-literacy-u04-l03,ma-g8-financial-literacy,8,financial-literacy,33,4,PF4 — Using Credit,3,Guided practice A: credit cards and minimum payments,Guided practice A,credit cards and minimum payments,PF4;PF4.1
ma-g8-financial-literacy-u04-l04,ma-g8-financial-literacy,8,financial-literacy,34,4,PF4 — Using Credit,4,Independent application A: auto personal and mortgage loan concepts,Independent application A,auto personal and mortgage loan concepts,PF4;PF4.1
ma-g8-financial-literacy-u04-l05,ma-g8-financial-literacy,8,financial-literacy,35,4,PF4 — Using Credit,5,Concept model B: student aid grants scholarships and loans,Concept model B,student aid grants scholarships and loans,PF4;PF4.1
ma-g8-financial-literacy-u04-l06,ma-g8-financial-literacy,8,financial-literacy,36,4,PF4 — Using Credit,6,Guided practice B: predatory lending debt collection and bankruptcy concepts,Guided practice B,predatory lending debt collection and bankruptcy concepts,PF4;PF4.1
ma-g8-financial-literacy-u04-l07,ma-g8-financial-literacy,8,financial-literacy,37,4,PF4 — Using Credit,7,Investigation or close reading: principal annual percentage rate and term,Investigation or close reading,principal annual percentage rate and term,PF4;PF4.1
ma-g8-financial-literacy-u04-l08,ma-g8-financial-literacy,8,financial-literacy,38,4,PF4 — Using Credit,8,Reteach and varied practice: credit reports and scores,Reteach and varied practice,credit reports and scores,PF4;PF4.1
ma-g8-financial-literacy-u04-l09,ma-g8-financial-literacy,8,financial-literacy,39,4,PF4 — Using Credit,9,Performance task build: credit cards and minimum payments,Performance task build,credit cards and minimum payments,PF4;PF4.1
ma-g8-financial-literacy-u04-l10,ma-g8-financial-literacy,8,financial-literacy,40,4,PF4 — Using Credit,10,Synthesis and review: auto personal and mortgage loan concepts,Synthesis and review,auto personal and mortgage loan concepts,PF4;PF4.1
ma-g8-financial-literacy-u04-l11,ma-g8-financial-literacy,8,financial-literacy,41,4,PF4 — Using Credit,11,Unit assessment: student aid grants scholarships and loans,Unit assessment,student aid grants scholarships and loans,PF4;PF4.1
ma-g8-financial-literacy-u05-l01,ma-g8-financial-literacy,8,financial-literacy,42,5,PF5 — Financial Investing,1,Launch and diagnostic: risk return liquidity and time horizon,Launch and diagnostic,risk return liquidity and time horizon,PF5
ma-g8-financial-literacy-u05-l02,ma-g8-financial-literacy,8,financial-literacy,43,5,PF5 — Financial Investing,2,Concept model A: stocks bonds funds and ownership concepts,Concept model A,stocks bonds funds and ownership concepts,PF5
ma-g8-financial-literacy-u05-l03,ma-g8-financial-literacy,8,financial-literacy,44,5,PF5 — Financial Investing,3,Guided practice A: diversification,Guided practice A,diversification,PF5
ma-g8-financial-literacy-u05-l04,ma-g8-financial-literacy,8,financial-literacy,45,5,PF5 — Financial Investing,4,Independent application A: compound growth and volatility,Independent application A,compound growth and volatility,PF5
ma-g8-financial-literacy-u05-l05,ma-g8-financial-literacy,8,financial-literacy,46,5,PF5 — Financial Investing,5,Concept model B: fees and conflicts of interest,Concept model B,fees and conflicts of interest,PF5
ma-g8-financial-literacy-u05-l06,ma-g8-financial-literacy,8,financial-literacy,47,5,PF5 — Financial Investing,6,Guided practice B: retirement and long-term investing concepts,Guided practice B,retirement and long-term investing concepts,PF5
ma-g8-financial-literacy-u05-l07,ma-g8-financial-literacy,8,financial-literacy,48,5,PF5 — Financial Investing,7,Investigation or close reading: risk return liquidity and time horizon,Investigation or close reading,risk return liquidity and time horizon,PF5
ma-g8-financial-literacy-u05-l08,ma-g8-financial-literacy,8,financial-literacy,49,5,PF5 — Financial Investing,8,Reteach and varied practice: stocks bonds funds and ownership concepts,Reteach and varied practice,stocks bonds funds and ownership concepts,PF5
ma-g8-financial-literacy-u05-l09,ma-g8-financial-literacy,8,financial-literacy,50,5,PF5 — Financial Investing,9,Performance task build: diversification,Performance task build,diversification,PF5
ma-g8-financial-literacy-u05-l10,ma-g8-financial-literacy,8,financial-literacy,51,5,PF5 — Financial Investing,10,Synthesis and review: compound growth and volatility,Synthesis and review,compound growth and volatility,PF5
ma-g8-financial-literacy-u06-l01,ma-g8-financial-literacy,8,financial-literacy,52,6,PF6 — Protecting and Insuring,1,Launch and diagnostic: risk management,Launch and diagnostic,risk management,PF6
ma-g8-financial-literacy-u06-l02,ma-g8-financial-literacy,8,financial-literacy,53,6,PF6 — Protecting and Insuring,2,Concept model A: health auto renters homeowners and life insurance concepts,Concept model A,health auto renters homeowners and life insurance concepts,PF6
ma-g8-financial-literacy-u06-l03,ma-g8-financial-literacy,8,financial-literacy,54,6,PF6 — Protecting and Insuring,3,Guided practice A: deductibles premiums limits and exclusions,Guided practice A,deductibles premiums limits and exclusions,PF6
ma-g8-financial-literacy-u06-l04,ma-g8-financial-literacy,8,financial-literacy,55,6,PF6 — Protecting and Insuring,4,Independent application A: emergency planning,Independent application A,emergency planning,PF6
ma-g8-financial-literacy-u06-l05,ma-g8-financial-literacy,8,financial-literacy,56,6,PF6 — Protecting and Insuring,5,Concept model B: identity theft and cybersecurity,Concept model B,identity theft and cybersecurity,PF6
ma-g8-financial-literacy-u06-l06,ma-g8-financial-literacy,8,financial-literacy,57,6,PF6 — Protecting and Insuring,6,Guided practice B: consumer and financial professional verification,Guided practice B,consumer and financial professional verification,PF6
ma-g8-financial-literacy-u06-l07,ma-g8-financial-literacy,8,financial-literacy,58,6,PF6 — Protecting and Insuring,7,Investigation or close reading: risk management,Investigation or close reading,risk management,PF6
ma-g8-financial-literacy-u06-l08,ma-g8-financial-literacy,8,financial-literacy,59,6,PF6 — Protecting and Insuring,8,Reteach and varied practice: health auto renters homeowners and life insurance concepts,Reteach and varied practice,health auto renters homeowners and life insurance concepts,PF6
ma-g8-financial-literacy-u06-l09,ma-g8-financial-literacy,8,financial-literacy,60,6,PF6 — Protecting and Insuring,9,Performance task build: deductibles premiums limits and exclusions,Performance task build,deductibles premiums limits and exclusions,PF6
ma-g8-financial-literacy-u06-l10,ma-g8-financial-literacy,8,financial-literacy,61,6,PF6 — Protecting and Insuring,10,Synthesis and review: emergency planning,Synthesis and review,emergency planning,PF6
ma-g8-financial-literacy-u07-l01,ma-g8-financial-literacy,8,financial-literacy,62,7,PF7 — Paying Taxes and Financial Plan Capstone,1,Launch and diagnostic: purposes and types of taxes,Launch and diagnostic,purposes and types of taxes,PF7;PF1–PF7 synthesis
ma-g8-financial-literacy-u07-l02,ma-g8-financial-literacy,8,financial-literacy,63,7,PF7 — Paying Taxes and Financial Plan Capstone,2,Concept model A: payroll income sales property and excise tax concepts,Concept model A,payroll income sales property and excise tax concepts,PF7;PF1–PF7 synthesis
ma-g8-financial-literacy-u07-l03,ma-g8-financial-literacy,8,financial-literacy,64,7,PF7 — Paying Taxes and Financial Plan Capstone,3,Guided practice A: tax forms and withholding concepts,Guided practice A,tax forms and withholding concepts,PF7;PF1–PF7 synthesis
ma-g8-financial-literacy-u07-l04,ma-g8-financial-literacy,8,financial-literacy,65,7,PF7 — Paying Taxes and Financial Plan Capstone,4,Independent application A: public goods and policy tradeoffs,Independent application A,public goods and policy tradeoffs,PF7;PF1–PF7 synthesis
ma-g8-financial-literacy-u07-l05,ma-g8-financial-literacy,8,financial-literacy,66,7,PF7 — Paying Taxes and Financial Plan Capstone,5,Concept model B: record keeping and deadlines,Concept model B,record keeping and deadlines,PF7;PF1–PF7 synthesis
ma-g8-financial-literacy-u07-l06,ma-g8-financial-literacy,8,financial-literacy,67,7,PF7 — Paying Taxes and Financial Plan Capstone,6,Guided practice B: integrated financial planning,Guided practice B,integrated financial planning,PF7;PF1–PF7 synthesis
ma-g8-financial-literacy-u07-l07,ma-g8-financial-literacy,8,financial-literacy,68,7,PF7 — Paying Taxes and Financial Plan Capstone,7,Investigation or close reading: purposes and types of taxes,Investigation or close reading,purposes and types of taxes,PF7;PF1–PF7 synthesis
ma-g8-financial-literacy-u07-l08,ma-g8-financial-literacy,8,financial-literacy,69,7,PF7 — Paying Taxes and Financial Plan Capstone,8,Reteach and varied practice: payroll income sales property and excise tax concepts,Reteach and varied practice,payroll income sales property and excise tax concepts,PF7;PF1–PF7 synthesis
ma-g8-financial-literacy-u07-l09,ma-g8-financial-literacy,8,financial-literacy,70,7,PF7 — Paying Taxes and Financial Plan Capstone,9,Performance task build: tax forms and withholding concepts,Performance task build,tax forms and withholding concepts,PF7;PF1–PF7 synthesis
ma-g8-financial-literacy-u07-l10,ma-g8-financial-literacy,8,financial-literacy,71,7,PF7 — Paying Taxes and Financial Plan Capstone,10,Synthesis and review: public goods and policy tradeoffs,Synthesis and review,public goods and policy tradeoffs,PF7;PF1–PF7 synthesis
ma-g8-financial-literacy-u07-l11,ma-g8-financial-literacy,8,financial-literacy,72,7,PF7 — Paying Taxes and Financial Plan Capstone,11,Unit assessment: record keeping and deadlines,Unit assessment,record keeping and deadlines,PF7;PF1–PF7 synthesis
