lesson_id,course_id,instructional_sha256_r1,instructional_sha256_r2,instructional_equal,citation_sequence_sha256_r1,citation_sequence_sha256_r2,citation_sequence_equal,roundtrip_byte_identical
ma-g3-mathematics-u01-l01,ma-g3-mathematics,07c8e09f45830b43d6282d4bcda54541e8e4e342db9203f24716517a93920126,07c8e09f45830b43d6282d4bcda54541e8e4e342db9203f24716517a93920126,true,93adf3170b46a3a4c2b23e3e9b918e7e3bf684829ac70725f47c4ff506886228,93adf3170b46a3a4c2b23e3e9b918e7e3bf684829ac70725f47c4ff506886228,true,true
ma-g3-mathematics-u01-l02,ma-g3-mathematics,85e725be6c7d5b2595bf30271290c9472695fd03d54c30e9470675b459400f1b,85e725be6c7d5b2595bf30271290c9472695fd03d54c30e9470675b459400f1b,true,4672437c16fb944b43e17c8cb18f5d69c7cc9a28e07af332b4fcb79106dbe48f,4672437c16fb944b43e17c8cb18f5d69c7cc9a28e07af332b4fcb79106dbe48f,true,true
ma-g3-mathematics-u01-l03,ma-g3-mathematics,11cf951ffc1a81042af921a719cfaeaab0fe73b77acd3f297a2261cccd01466b,11cf951ffc1a81042af921a719cfaeaab0fe73b77acd3f297a2261cccd01466b,true,ea66068c190d4244b51453642bc9609126d213aad20b87a28057b734ddcc823f,ea66068c190d4244b51453642bc9609126d213aad20b87a28057b734ddcc823f,true,true
ma-g3-mathematics-u01-l04,ma-g3-mathematics,d2c2d0c095670626c1841a6c8b75517190c894b05777f5605e8f907badaac1bb,d2c2d0c095670626c1841a6c8b75517190c894b05777f5605e8f907badaac1bb,true,4957adce321748ecce9d9784641a39a807e585dcf1551dcbde2490ec5b404017,4957adce321748ecce9d9784641a39a807e585dcf1551dcbde2490ec5b404017,true,true
ma-g3-mathematics-u01-l05,ma-g3-mathematics,d8cef2d09eb19e40796ca1a9068adb97f97211555508a5a2d36bd05c1a5652e2,d8cef2d09eb19e40796ca1a9068adb97f97211555508a5a2d36bd05c1a5652e2,true,4957adce321748ecce9d9784641a39a807e585dcf1551dcbde2490ec5b404017,4957adce321748ecce9d9784641a39a807e585dcf1551dcbde2490ec5b404017,true,true
ma-g3-mathematics-u01-l06,ma-g3-mathematics,785b98e25872bd6a12fa40122d0c2856a2b7fc19b0fe44a0a5582626732899b2,785b98e25872bd6a12fa40122d0c2856a2b7fc19b0fe44a0a5582626732899b2,true,ab54464665485990d15f257142f42d7f2e64515cf42730dd4a38275d332407d0,ab54464665485990d15f257142f42d7f2e64515cf42730dd4a38275d332407d0,true,true
ma-g3-mathematics-u01-l07,ma-g3-mathematics,e1eb58eaefcd9fcea7c79ec24139b85f022b85fd88911ac2c2cdaabbf586403e,e1eb58eaefcd9fcea7c79ec24139b85f022b85fd88911ac2c2cdaabbf586403e,true,57a4766db9fbb11907780299db9af8cc871a88e92351cb1e4b4cd1da601470f6,57a4766db9fbb11907780299db9af8cc871a88e92351cb1e4b4cd1da601470f6,true,true
ma-g3-mathematics-u01-l08,ma-g3-mathematics,978927fadad461829a81853553520545c261eff5c470b0b08f95202a6ea667e7,978927fadad461829a81853553520545c261eff5c470b0b08f95202a6ea667e7,true,1ddc4fa3d66167f8f167e6fa7ce13de47d173cd82396b22108f186289952c08e,1ddc4fa3d66167f8f167e6fa7ce13de47d173cd82396b22108f186289952c08e,true,true
ma-g3-mathematics-u01-l09,ma-g3-mathematics,c7b4641486fca2af94be8af44539aec745ee098b1a0b4546c7c33f9b27fa3d5b,c7b4641486fca2af94be8af44539aec745ee098b1a0b4546c7c33f9b27fa3d5b,true,57a4766db9fbb11907780299db9af8cc871a88e92351cb1e4b4cd1da601470f6,57a4766db9fbb11907780299db9af8cc871a88e92351cb1e4b4cd1da601470f6,true,true
ma-g3-mathematics-u01-l10,ma-g3-mathematics,74cf632390badbd11038bceb4e5cbdcae9ee5fdeb6a05e440e3c7024bb97d1c2,74cf632390badbd11038bceb4e5cbdcae9ee5fdeb6a05e440e3c7024bb97d1c2,true,57a4766db9fbb11907780299db9af8cc871a88e92351cb1e4b4cd1da601470f6,57a4766db9fbb11907780299db9af8cc871a88e92351cb1e4b4cd1da601470f6,true,true
ma-g3-mathematics-u01-l11,ma-g3-mathematics,6f2df7c496a183fcbac8967db9e21e63acdd0872751ecf2d8991ac8fc33aabaa,6f2df7c496a183fcbac8967db9e21e63acdd0872751ecf2d8991ac8fc33aabaa,true,cc1804531362c899bb35b5751719c0e5a4f1b62e5928ceb33581a3d6a6c87fa3,cc1804531362c899bb35b5751719c0e5a4f1b62e5928ceb33581a3d6a6c87fa3,true,true
ma-g3-mathematics-u01-l12,ma-g3-mathematics,436c3680fb947581d4a843ff07c26848e5554d12ac9698dc689001198e0ddc99,436c3680fb947581d4a843ff07c26848e5554d12ac9698dc689001198e0ddc99,true,4c53d5e368821fefee9809e251f23f800ad43bd04ad72f044ae84f8adf705c56,4c53d5e368821fefee9809e251f23f800ad43bd04ad72f044ae84f8adf705c56,true,true
ma-g3-mathematics-u01-l13,ma-g3-mathematics,4be87ebc21693a0d6943339e93149a75366c9d97a7961b2587203f45cac6611b,4be87ebc21693a0d6943339e93149a75366c9d97a7961b2587203f45cac6611b,true,8fb51553a6519b28b8fd2c9017807c6d7439edb92e0210b73165d921777b9f7f,8fb51553a6519b28b8fd2c9017807c6d7439edb92e0210b73165d921777b9f7f,true,true
ma-g3-mathematics-u01-l14,ma-g3-mathematics,27a5d638a84dccced0847ae48e3a033715d2348edebb1fd86a2e8d9dca46a649,27a5d638a84dccced0847ae48e3a033715d2348edebb1fd86a2e8d9dca46a649,true,4c53d5e368821fefee9809e251f23f800ad43bd04ad72f044ae84f8adf705c56,4c53d5e368821fefee9809e251f23f800ad43bd04ad72f044ae84f8adf705c56,true,true
ma-g3-mathematics-u01-l15,ma-g3-mathematics,89cd582d3edaef18575d9063221d3f3e1425ea5ea02f1de2b89de423e07ed298,89cd582d3edaef18575d9063221d3f3e1425ea5ea02f1de2b89de423e07ed298,true,f56f82464b203abde8e18486a2b72d1055ce216205f6705c2e88bc97dc00e502,f56f82464b203abde8e18486a2b72d1055ce216205f6705c2e88bc97dc00e502,true,true
ma-g3-mathematics-u01-l16,ma-g3-mathematics,a2af07db9514863bdfeaf86dd5c05887eeda9abd257b92c79fd29130c6800d59,a2af07db9514863bdfeaf86dd5c05887eeda9abd257b92c79fd29130c6800d59,true,3d6560453a4a4d5770ac514af95fd2787e8d6043841a733f014ae910010cd862,3d6560453a4a4d5770ac514af95fd2787e8d6043841a733f014ae910010cd862,true,true
ma-g3-mathematics-u01-l17,ma-g3-mathematics,b8944ef37034835d344b40b2ecd36200308bfa95a1d0fbf5a85bc11947d8f5e9,b8944ef37034835d344b40b2ecd36200308bfa95a1d0fbf5a85bc11947d8f5e9,true,f56f82464b203abde8e18486a2b72d1055ce216205f6705c2e88bc97dc00e502,f56f82464b203abde8e18486a2b72d1055ce216205f6705c2e88bc97dc00e502,true,true
ma-g3-mathematics-u01-l18,ma-g3-mathematics,eee088022edff8c715814368d38f0d683c041120f20648c70ff1701f966da882,eee088022edff8c715814368d38f0d683c041120f20648c70ff1701f966da882,true,3b917457947fdf94a6d80cef43fab37d2a5cdedc12ba21545760e2a5c0810ce3,3b917457947fdf94a6d80cef43fab37d2a5cdedc12ba21545760e2a5c0810ce3,true,true
ma-g3-mathematics-u02-l01,ma-g3-mathematics,dd69e0c4ec5081607c4c2ebb47395ca87417fb0f5c8f70664560a680196d0b92,dd69e0c4ec5081607c4c2ebb47395ca87417fb0f5c8f70664560a680196d0b92,true,e5c7c5a67aed4c3a26d2401b7a9243fd7fc33e9fc152182c1ed658526bc50be3,e5c7c5a67aed4c3a26d2401b7a9243fd7fc33e9fc152182c1ed658526bc50be3,true,true
ma-g3-mathematics-u02-l02,ma-g3-mathematics,878fc9cd1cc5b1eaa32bea7dfb448b4f444f087c424a46c5c28ec1c417829a81,878fc9cd1cc5b1eaa32bea7dfb448b4f444f087c424a46c5c28ec1c417829a81,true,7fc04f448e83b3aad824b7f96ba2196224a13a08fd7c63e5e350b0faf12dda7e,7fc04f448e83b3aad824b7f96ba2196224a13a08fd7c63e5e350b0faf12dda7e,true,true
ma-g3-mathematics-u02-l03,ma-g3-mathematics,76e2a176af1c7c7c0985d0b33f5a88dcdf02a69a0c01455eea862543c80a6f12,76e2a176af1c7c7c0985d0b33f5a88dcdf02a69a0c01455eea862543c80a6f12,true,8b9cf76ebaffb88b30439fff1bdecc2d967199062582161684d57490a591f9c4,8b9cf76ebaffb88b30439fff1bdecc2d967199062582161684d57490a591f9c4,true,true
ma-g3-mathematics-u02-l04,ma-g3-mathematics,bd65edb9569040f8e073481f08c40e9b91519a725ac40c637bb302e2e0565ed1,bd65edb9569040f8e073481f08c40e9b91519a725ac40c637bb302e2e0565ed1,true,7fc04f448e83b3aad824b7f96ba2196224a13a08fd7c63e5e350b0faf12dda7e,7fc04f448e83b3aad824b7f96ba2196224a13a08fd7c63e5e350b0faf12dda7e,true,true
ma-g3-mathematics-u02-l05,ma-g3-mathematics,5c558eb7ad2bc24ec91dfada13cf170a3f59bb5dbb66ee885e6ef5399a61096f,5c558eb7ad2bc24ec91dfada13cf170a3f59bb5dbb66ee885e6ef5399a61096f,true,7fc04f448e83b3aad824b7f96ba2196224a13a08fd7c63e5e350b0faf12dda7e,7fc04f448e83b3aad824b7f96ba2196224a13a08fd7c63e5e350b0faf12dda7e,true,true
ma-g3-mathematics-u02-l06,ma-g3-mathematics,5f1c3bc20d335101f77564b8ecb405a9655f5497ff96ed72de0741bc6d5e52a7,5f1c3bc20d335101f77564b8ecb405a9655f5497ff96ed72de0741bc6d5e52a7,true,b39009a2e59b51c8dec7cde7aaedf51214245e75af563651775cc6b24fe9037a,b39009a2e59b51c8dec7cde7aaedf51214245e75af563651775cc6b24fe9037a,true,true
ma-g3-mathematics-u02-l07,ma-g3-mathematics,f12b341aae34fb4860fac23a5e6ec595f25a08e6aa7271892b794016234ec257,f12b341aae34fb4860fac23a5e6ec595f25a08e6aa7271892b794016234ec257,true,b39009a2e59b51c8dec7cde7aaedf51214245e75af563651775cc6b24fe9037a,b39009a2e59b51c8dec7cde7aaedf51214245e75af563651775cc6b24fe9037a,true,true
ma-g3-mathematics-u02-l08,ma-g3-mathematics,47f31ed7c3131e24a6cadf97969001ff832339ede189425c5033aba92eb40594,47f31ed7c3131e24a6cadf97969001ff832339ede189425c5033aba92eb40594,true,4e64c687b1c6065eca12d3fbebb8eff770629d158896eac38ac7d661acab73b9,4e64c687b1c6065eca12d3fbebb8eff770629d158896eac38ac7d661acab73b9,true,true
ma-g3-mathematics-u02-l09,ma-g3-mathematics,fcfaa504c3e190daebf10bd65767ffbbbe284be267d312a63b2898e875c17ca3,fcfaa504c3e190daebf10bd65767ffbbbe284be267d312a63b2898e875c17ca3,true,167ed67acbc96b3750e888a10b636beaf3baf260b913e28662b35d4055ef18f7,167ed67acbc96b3750e888a10b636beaf3baf260b913e28662b35d4055ef18f7,true,true
ma-g3-mathematics-u02-l10,ma-g3-mathematics,0725d995f712079a2dc3c7016f352fd7f07d0c8b3cb063368cfda0452121bee4,0725d995f712079a2dc3c7016f352fd7f07d0c8b3cb063368cfda0452121bee4,true,33b9a36651c6ee6d4fe92e33cbf8907f27d0efe60afa44a9d44859bcbd1d23de,33b9a36651c6ee6d4fe92e33cbf8907f27d0efe60afa44a9d44859bcbd1d23de,true,true
ma-g3-mathematics-u02-l11,ma-g3-mathematics,d2a9bd5a123967fe4b71fb4d4b9a456072bcd46e1757d152854f570c57bf535a,d2a9bd5a123967fe4b71fb4d4b9a456072bcd46e1757d152854f570c57bf535a,true,9613604062f0139d0bb22e67b7e02a6726eff120d0b528ea9d36ec7e3da1b7b5,9613604062f0139d0bb22e67b7e02a6726eff120d0b528ea9d36ec7e3da1b7b5,true,true
ma-g3-mathematics-u02-l12,ma-g3-mathematics,2ae5d3470ceb04e338e75edcf9b1d1bccb82ccad287425d20486d12a86a51c47,2ae5d3470ceb04e338e75edcf9b1d1bccb82ccad287425d20486d12a86a51c47,true,8e58289dd3ded4f0eae82651d0b8c8784b1f15f65b53a3b2ecbce0ba78f55e75,8e58289dd3ded4f0eae82651d0b8c8784b1f15f65b53a3b2ecbce0ba78f55e75,true,true
ma-g3-mathematics-u02-l13,ma-g3-mathematics,81dd8dbd87ae073adf32915db97eec9056f872f7066b8a4aa54499ca63077d23,81dd8dbd87ae073adf32915db97eec9056f872f7066b8a4aa54499ca63077d23,true,645a2cef3f4d50709cf97d2d480b9c034613fccc5a543807484ec9da05d4fb13,645a2cef3f4d50709cf97d2d480b9c034613fccc5a543807484ec9da05d4fb13,true,true
ma-g3-mathematics-u02-l14,ma-g3-mathematics,d8278edea07c3b3358b0d8ea525c509d7fd06753e78a0c4761a28b96710b4b7e,d8278edea07c3b3358b0d8ea525c509d7fd06753e78a0c4761a28b96710b4b7e,true,f46c6edbd689acdafdf2504999d22bc5ebe594079bfe22f44920af22c340546f,f46c6edbd689acdafdf2504999d22bc5ebe594079bfe22f44920af22c340546f,true,true
ma-g3-mathematics-u02-l15,ma-g3-mathematics,61917b00698e6da79b9e34d205bd3d674aecbf08b6560672afc61f3d87a1edff,61917b00698e6da79b9e34d205bd3d674aecbf08b6560672afc61f3d87a1edff,true,b3bab4b1bd50901405f24892208360f5263e085accab724a18524543efe11e98,b3bab4b1bd50901405f24892208360f5263e085accab724a18524543efe11e98,true,true
ma-g3-mathematics-u02-l16,ma-g3-mathematics,044518f5bab993a6032d263f4cf4fa11ef30f0b89e73d8618718edc56147586e,044518f5bab993a6032d263f4cf4fa11ef30f0b89e73d8618718edc56147586e,true,d9aed910f2481ae77a78827ef4130e7c34dbc87da42d68f0974ff2a29fd1994a,d9aed910f2481ae77a78827ef4130e7c34dbc87da42d68f0974ff2a29fd1994a,true,true
ma-g3-mathematics-u02-l17,ma-g3-mathematics,39878a2a18acd49ad9489b212618d1afd58918d0999b9839bc3c0dc772788d4f,39878a2a18acd49ad9489b212618d1afd58918d0999b9839bc3c0dc772788d4f,true,f46c6edbd689acdafdf2504999d22bc5ebe594079bfe22f44920af22c340546f,f46c6edbd689acdafdf2504999d22bc5ebe594079bfe22f44920af22c340546f,true,true
ma-g3-mathematics-u02-l18,ma-g3-mathematics,4c51f23553dd3b1673dffb9b7b0be7419b60698aec5eb3c0574e4e21a738e8a2,4c51f23553dd3b1673dffb9b7b0be7419b60698aec5eb3c0574e4e21a738e8a2,true,67a67c011bf65c6f94ab3cc0f78dc1687debe0550760b6eec16bd290403798dd,67a67c011bf65c6f94ab3cc0f78dc1687debe0550760b6eec16bd290403798dd,true,true
ma-g3-mathematics-u03-l01,ma-g3-mathematics,6859ca2c2c4d8549e96911ad73218b5ce3b3ad68f614ecc307adf201767f2440,6859ca2c2c4d8549e96911ad73218b5ce3b3ad68f614ecc307adf201767f2440,true,a423e8172e96fa92884c966a3776f59a02bf17e0072485f33947022ad83c1ca7,a423e8172e96fa92884c966a3776f59a02bf17e0072485f33947022ad83c1ca7,true,true
ma-g3-mathematics-u03-l02,ma-g3-mathematics,f19ca310c9b6d12ae950641f1fbc2c081bb60ec05d1edba3048d6eaac0e4d82f,f19ca310c9b6d12ae950641f1fbc2c081bb60ec05d1edba3048d6eaac0e4d82f,true,853eaf30ce6a7b80e532ed00ebf5e2685b8f2dd9f1b633ccf7db0fd02afcbff1,853eaf30ce6a7b80e532ed00ebf5e2685b8f2dd9f1b633ccf7db0fd02afcbff1,true,true
ma-g3-mathematics-u03-l03,ma-g3-mathematics,102a4fb57f99b8a245e1a1249a2a0d698478830b20b7b9534dcaf7a1bd336df0,102a4fb57f99b8a245e1a1249a2a0d698478830b20b7b9534dcaf7a1bd336df0,true,853eaf30ce6a7b80e532ed00ebf5e2685b8f2dd9f1b633ccf7db0fd02afcbff1,853eaf30ce6a7b80e532ed00ebf5e2685b8f2dd9f1b633ccf7db0fd02afcbff1,true,true
ma-g3-mathematics-u03-l04,ma-g3-mathematics,78f792ca9184002c21050f291b5e868913112d0d14be5e7922794f21f16004f4,78f792ca9184002c21050f291b5e868913112d0d14be5e7922794f21f16004f4,true,8190fe9457f4fb06d2a5435dbe270cc8ddd5ba55167fc2c2bb0a64932dc6b364,8190fe9457f4fb06d2a5435dbe270cc8ddd5ba55167fc2c2bb0a64932dc6b364,true,true
ma-g3-mathematics-u03-l05,ma-g3-mathematics,1d69f3c4a2aac195a6a3ecae8ce28702da6afc48b1b1835be8576b5ba7488022,1d69f3c4a2aac195a6a3ecae8ce28702da6afc48b1b1835be8576b5ba7488022,true,853eaf30ce6a7b80e532ed00ebf5e2685b8f2dd9f1b633ccf7db0fd02afcbff1,853eaf30ce6a7b80e532ed00ebf5e2685b8f2dd9f1b633ccf7db0fd02afcbff1,true,true
ma-g3-mathematics-u03-l06,ma-g3-mathematics,0f531731355437f56c1ea9d98eed3483350451bc58feedb9b4fba1ca7643ed21,0f531731355437f56c1ea9d98eed3483350451bc58feedb9b4fba1ca7643ed21,true,baaa503b8b4f5eacc51f3e8d3fd80de78d53d55553b1fb8451749df6c0bdc8b5,baaa503b8b4f5eacc51f3e8d3fd80de78d53d55553b1fb8451749df6c0bdc8b5,true,true
ma-g3-mathematics-u03-l07,ma-g3-mathematics,e1eab40c1c6c92aabc41c7c90c247aa718524ddedbc7fbcf1b71738455a42a52,e1eab40c1c6c92aabc41c7c90c247aa718524ddedbc7fbcf1b71738455a42a52,true,853eaf30ce6a7b80e532ed00ebf5e2685b8f2dd9f1b633ccf7db0fd02afcbff1,853eaf30ce6a7b80e532ed00ebf5e2685b8f2dd9f1b633ccf7db0fd02afcbff1,true,true
ma-g3-mathematics-u03-l08,ma-g3-mathematics,eaf7853999be22f01e874124d1ac0bca6a47e2e8897606e5e77d6e8cffbd3793,eaf7853999be22f01e874124d1ac0bca6a47e2e8897606e5e77d6e8cffbd3793,true,48dd694219b605071c96120a79a6281208deaf8bbe705b1f86ba0729c36d0ce2,48dd694219b605071c96120a79a6281208deaf8bbe705b1f86ba0729c36d0ce2,true,true
ma-g3-mathematics-u03-l09,ma-g3-mathematics,71742e4101258094533d00a33b669bfcb045a49d30b1374f8553d3fc42f38977,71742e4101258094533d00a33b669bfcb045a49d30b1374f8553d3fc42f38977,true,d624eeb5c3678124fd49337cb5dc20f19869c7f248207ac4f0fd3451e8fb37a4,d624eeb5c3678124fd49337cb5dc20f19869c7f248207ac4f0fd3451e8fb37a4,true,true
ma-g3-mathematics-u03-l10,ma-g3-mathematics,488c40685cd3d9c10161a9fb0e1195e08ab4a56a3cbe4558fe5e7e27e3135227,488c40685cd3d9c10161a9fb0e1195e08ab4a56a3cbe4558fe5e7e27e3135227,true,9613604062f0139d0bb22e67b7e02a6726eff120d0b528ea9d36ec7e3da1b7b5,9613604062f0139d0bb22e67b7e02a6726eff120d0b528ea9d36ec7e3da1b7b5,true,true
ma-g3-mathematics-u03-l11,ma-g3-mathematics,ebdd638a316c43344ff55a9db646d49205eff2993e90413f2c6b4271ed5fe686,ebdd638a316c43344ff55a9db646d49205eff2993e90413f2c6b4271ed5fe686,true,21527ea601fd6dfddfb93147dd8b903c0b617e4dc815634453622985408a4fcb,21527ea601fd6dfddfb93147dd8b903c0b617e4dc815634453622985408a4fcb,true,true
ma-g3-mathematics-u03-l12,ma-g3-mathematics,6acc6a8161e11d202696a1b0d998c345c4137acdaa2e709609296e9563fc5f0c,6acc6a8161e11d202696a1b0d998c345c4137acdaa2e709609296e9563fc5f0c,true,724138bc9796af9d19f6a8c1ea5b4d8855b6ee7f75baf178b01b8dab6194fe68,724138bc9796af9d19f6a8c1ea5b4d8855b6ee7f75baf178b01b8dab6194fe68,true,true
ma-g3-mathematics-u03-l13,ma-g3-mathematics,efa12293db619c65188f4948eb0456763e1fccde13ab13bf77c648b8d2e85fbe,efa12293db619c65188f4948eb0456763e1fccde13ab13bf77c648b8d2e85fbe,true,07a201d55889d2284c7dd78211c86c4926f706c0764ff4ebb7c76ed4ea149f15,07a201d55889d2284c7dd78211c86c4926f706c0764ff4ebb7c76ed4ea149f15,true,true
ma-g3-mathematics-u03-l14,ma-g3-mathematics,bc3270dd7edbb8cb3373e2bf7710fae75eafef8ec5145d7cbc9c575b75c2c6b7,bc3270dd7edbb8cb3373e2bf7710fae75eafef8ec5145d7cbc9c575b75c2c6b7,true,853eaf30ce6a7b80e532ed00ebf5e2685b8f2dd9f1b633ccf7db0fd02afcbff1,853eaf30ce6a7b80e532ed00ebf5e2685b8f2dd9f1b633ccf7db0fd02afcbff1,true,true
ma-g3-mathematics-u03-l15,ma-g3-mathematics,9fa7dcde7c4909662a976de022557e2a7697b6ee053765d4f06012a089dc3a4d,9fa7dcde7c4909662a976de022557e2a7697b6ee053765d4f06012a089dc3a4d,true,dd938987fd1a8092096467fc565e4b1d2b5c256647918437d2dd0b30d23e293e,dd938987fd1a8092096467fc565e4b1d2b5c256647918437d2dd0b30d23e293e,true,true
ma-g3-mathematics-u03-l16,ma-g3-mathematics,6d75d9b7cc0cb87fa5b8d0d036e3ed9eaef5f5f205e799d5f6138bcf9eefcfd6,6d75d9b7cc0cb87fa5b8d0d036e3ed9eaef5f5f205e799d5f6138bcf9eefcfd6,true,5542f96447668da30567746d87120ca82111eebdf835e48094880bd258daee36,5542f96447668da30567746d87120ca82111eebdf835e48094880bd258daee36,true,true
ma-g3-mathematics-u03-l17,ma-g3-mathematics,3b34ee7b0a69df70a7512a48c2d6eafbfe6d9dac6658cca8f05aac9a655b10ad,3b34ee7b0a69df70a7512a48c2d6eafbfe6d9dac6658cca8f05aac9a655b10ad,true,724138bc9796af9d19f6a8c1ea5b4d8855b6ee7f75baf178b01b8dab6194fe68,724138bc9796af9d19f6a8c1ea5b4d8855b6ee7f75baf178b01b8dab6194fe68,true,true
ma-g3-mathematics-u03-l18,ma-g3-mathematics,c88a03d31a5b498d9323eac58bb2034dfdec852037ffc1aa14cb53a6bfe88373,c88a03d31a5b498d9323eac58bb2034dfdec852037ffc1aa14cb53a6bfe88373,true,bce8058639b13a8e97d964e8d812ca4f4de036254ab4de2de77005b9a20b69c7,bce8058639b13a8e97d964e8d812ca4f4de036254ab4de2de77005b9a20b69c7,true,true
ma-g3-mathematics-u04-l01,ma-g3-mathematics,bf823abcc89afc6d8e5a60184533f65857faea075d57dca07634648c481d04b8,bf823abcc89afc6d8e5a60184533f65857faea075d57dca07634648c481d04b8,true,e039274655387e7f7b6f17105331fec55e6dadd27b1f02c8246b1ceea4029766,e039274655387e7f7b6f17105331fec55e6dadd27b1f02c8246b1ceea4029766,true,true
ma-g3-mathematics-u04-l02,ma-g3-mathematics,8557cf3ae283ba6b300207543c906961c29c6c247c303d100c8938e008bf19fa,8557cf3ae283ba6b300207543c906961c29c6c247c303d100c8938e008bf19fa,true,a0e244863dce0c8762dd1e10d84ddcb0a5fc5ee1f59e3020865458e2779feae2,a0e244863dce0c8762dd1e10d84ddcb0a5fc5ee1f59e3020865458e2779feae2,true,true
ma-g3-mathematics-u04-l03,ma-g3-mathematics,d4f353745d6e9f296b87e22d1c9a6175674a4abfdd0a15391ea4eb707832477f,d4f353745d6e9f296b87e22d1c9a6175674a4abfdd0a15391ea4eb707832477f,true,a0e244863dce0c8762dd1e10d84ddcb0a5fc5ee1f59e3020865458e2779feae2,a0e244863dce0c8762dd1e10d84ddcb0a5fc5ee1f59e3020865458e2779feae2,true,true
ma-g3-mathematics-u04-l04,ma-g3-mathematics,80dc169e8666a19985f499652a6465ce7e903c726f3cf3560e823faf077c57df,80dc169e8666a19985f499652a6465ce7e903c726f3cf3560e823faf077c57df,true,fe02f224d0716551aa973022e789a974a2c06fb8fc853e2f17494f5eeba278a6,fe02f224d0716551aa973022e789a974a2c06fb8fc853e2f17494f5eeba278a6,true,true
ma-g3-mathematics-u04-l05,ma-g3-mathematics,1259315cfab616a518c5385d119aa50120c97742e4492e01aba0e05a27334354,1259315cfab616a518c5385d119aa50120c97742e4492e01aba0e05a27334354,true,a0e244863dce0c8762dd1e10d84ddcb0a5fc5ee1f59e3020865458e2779feae2,a0e244863dce0c8762dd1e10d84ddcb0a5fc5ee1f59e3020865458e2779feae2,true,true
ma-g3-mathematics-u04-l06,ma-g3-mathematics,bf38a6d0f7161194168604250ff2e9e9807ba8e94352b31fc17e6b21dedfd161,bf38a6d0f7161194168604250ff2e9e9807ba8e94352b31fc17e6b21dedfd161,true,90720ed9f1c474d5d4f2cbb062cfaf13ef0acc6d6683f411aa9e74a1447c1d22,90720ed9f1c474d5d4f2cbb062cfaf13ef0acc6d6683f411aa9e74a1447c1d22,true,true
ma-g3-mathematics-u04-l07,ma-g3-mathematics,7536676cd45fa828f897288cb09a525f2d08e14705e17d00af204e886be21b51,7536676cd45fa828f897288cb09a525f2d08e14705e17d00af204e886be21b51,true,a0e244863dce0c8762dd1e10d84ddcb0a5fc5ee1f59e3020865458e2779feae2,a0e244863dce0c8762dd1e10d84ddcb0a5fc5ee1f59e3020865458e2779feae2,true,true
ma-g3-mathematics-u04-l08,ma-g3-mathematics,08462b414097258963357acf096cc4ede0f0ceae74d3631d2e2969e1efb90399,08462b414097258963357acf096cc4ede0f0ceae74d3631d2e2969e1efb90399,true,90720ed9f1c474d5d4f2cbb062cfaf13ef0acc6d6683f411aa9e74a1447c1d22,90720ed9f1c474d5d4f2cbb062cfaf13ef0acc6d6683f411aa9e74a1447c1d22,true,true
ma-g3-mathematics-u04-l09,ma-g3-mathematics,966782340c7731fbbebe176705def8d990eb571145f09028282caa8f80a186d1,966782340c7731fbbebe176705def8d990eb571145f09028282caa8f80a186d1,true,9655ee3f26f6565daf020610e916b7c27fa68b218d973a2d0cabb472bd743c07,9655ee3f26f6565daf020610e916b7c27fa68b218d973a2d0cabb472bd743c07,true,true
ma-g3-mathematics-u04-l10,ma-g3-mathematics,083e805925d6d57e2d33710e2b207cb116f5b19aa14535983da75804daeb7e61,083e805925d6d57e2d33710e2b207cb116f5b19aa14535983da75804daeb7e61,true,a0e244863dce0c8762dd1e10d84ddcb0a5fc5ee1f59e3020865458e2779feae2,a0e244863dce0c8762dd1e10d84ddcb0a5fc5ee1f59e3020865458e2779feae2,true,true
ma-g3-mathematics-u04-l11,ma-g3-mathematics,2d3c3d44b50477a532fee1ed9e1514ba909c694c01e1495091aa515461d62fac,2d3c3d44b50477a532fee1ed9e1514ba909c694c01e1495091aa515461d62fac,true,2ee1a81650084ed02963b5f277df7ab79fbd5fc3c58ff19e3a0b02100652b5db,2ee1a81650084ed02963b5f277df7ab79fbd5fc3c58ff19e3a0b02100652b5db,true,true
ma-g3-mathematics-u04-l12,ma-g3-mathematics,48836fd7fa0631d369c6025c649d986a51be4d49942d7d920595fde85f9d8c9d,48836fd7fa0631d369c6025c649d986a51be4d49942d7d920595fde85f9d8c9d,true,9594661fd5bec85fc0cb61c642659022c1aa5c06c1bd8910ad985a8b51e03dfb,9594661fd5bec85fc0cb61c642659022c1aa5c06c1bd8910ad985a8b51e03dfb,true,true
ma-g3-mathematics-u04-l13,ma-g3-mathematics,74d1d48b1001bc915a687ef26b44b9bd27b081776b75ee4df70c5f4079cf07c2,74d1d48b1001bc915a687ef26b44b9bd27b081776b75ee4df70c5f4079cf07c2,true,d8824c4673ede46cb7e6485f2443d15b01b144f6cb225a5262cb5926d53e78d0,d8824c4673ede46cb7e6485f2443d15b01b144f6cb225a5262cb5926d53e78d0,true,true
ma-g3-mathematics-u04-l14,ma-g3-mathematics,04bc3617dec04a4fd678385830bf9c1d42b69e9b05e2f3cdb9fe5a249553f7e3,04bc3617dec04a4fd678385830bf9c1d42b69e9b05e2f3cdb9fe5a249553f7e3,true,85304cf029e2101cbcb258503dcc10d5f719258301aacd3faf25b8a1234335ee,85304cf029e2101cbcb258503dcc10d5f719258301aacd3faf25b8a1234335ee,true,true
ma-g3-mathematics-u04-l15,ma-g3-mathematics,17e877a9e2690ba74dddd41fdf4c3af09c26198fb861bf4c2e563be3bf6c6226,17e877a9e2690ba74dddd41fdf4c3af09c26198fb861bf4c2e563be3bf6c6226,true,85304cf029e2101cbcb258503dcc10d5f719258301aacd3faf25b8a1234335ee,85304cf029e2101cbcb258503dcc10d5f719258301aacd3faf25b8a1234335ee,true,true
ma-g3-mathematics-u04-l16,ma-g3-mathematics,f1a75488b5b35eff1be9e9ced9aedada58052b3a9842ac662867579e3090cb3c,f1a75488b5b35eff1be9e9ced9aedada58052b3a9842ac662867579e3090cb3c,true,abfa4c97c673ba5da9739dcb410b30763f167e63b4deaea24bc8e75faa45840a,abfa4c97c673ba5da9739dcb410b30763f167e63b4deaea24bc8e75faa45840a,true,true
ma-g3-mathematics-u04-l17,ma-g3-mathematics,cd4b77cded85b96d007dea570405840fe3f0ffb51d0a7138f53973b4c80f45c1,cd4b77cded85b96d007dea570405840fe3f0ffb51d0a7138f53973b4c80f45c1,true,85304cf029e2101cbcb258503dcc10d5f719258301aacd3faf25b8a1234335ee,85304cf029e2101cbcb258503dcc10d5f719258301aacd3faf25b8a1234335ee,true,true
ma-g3-mathematics-u04-l18,ma-g3-mathematics,be0ffc28426398c9f795baf163744d023c57e78483822019a9ef29f2586aebc3,be0ffc28426398c9f795baf163744d023c57e78483822019a9ef29f2586aebc3,true,20c252fb2ffd1255ef6b0e2ac44480b64e7b31a89eaf2d3c583bbf6c90678c16,20c252fb2ffd1255ef6b0e2ac44480b64e7b31a89eaf2d3c583bbf6c90678c16,true,true
ma-g3-mathematics-u05-l01,ma-g3-mathematics,41998541eeba705340e6df357fc636128946df112fdaa49778f4827de07d0020,41998541eeba705340e6df357fc636128946df112fdaa49778f4827de07d0020,true,4c7b5bb7da199b52ba7ee927536f296fc0bc203c7a2e82ecf018c293d0d2bfda,4c7b5bb7da199b52ba7ee927536f296fc0bc203c7a2e82ecf018c293d0d2bfda,true,true
ma-g3-mathematics-u05-l02,ma-g3-mathematics,9078e9ec45f7cfc8ef393994ebc9757fe5f0cc51b86e8511b20cf073dcbc2382,9078e9ec45f7cfc8ef393994ebc9757fe5f0cc51b86e8511b20cf073dcbc2382,true,93270f21bc181b4cacbfb32f836648391d3a43c7e8d0d7bfd55f46664514f794,93270f21bc181b4cacbfb32f836648391d3a43c7e8d0d7bfd55f46664514f794,true,true
ma-g3-mathematics-u05-l03,ma-g3-mathematics,494d1a45e38619bf37ec41200355757b673406b4582d551923c3a19fa12d15b8,494d1a45e38619bf37ec41200355757b673406b4582d551923c3a19fa12d15b8,true,4ddfe4a998aa002348808219141dc2063e8416e4106f37fdb2f7581db922794a,4ddfe4a998aa002348808219141dc2063e8416e4106f37fdb2f7581db922794a,true,true
ma-g3-mathematics-u05-l04,ma-g3-mathematics,b166ed74814a8a53c8fe7e9cab1de509a08ce1a21a5a81af75a6ccc2608698da,b166ed74814a8a53c8fe7e9cab1de509a08ce1a21a5a81af75a6ccc2608698da,true,4ddfe4a998aa002348808219141dc2063e8416e4106f37fdb2f7581db922794a,4ddfe4a998aa002348808219141dc2063e8416e4106f37fdb2f7581db922794a,true,true
ma-g3-mathematics-u05-l05,ma-g3-mathematics,f6751865330803bdf94d4a86e893f23b1ff87be3ef6bbd70c85a502d73d47581,f6751865330803bdf94d4a86e893f23b1ff87be3ef6bbd70c85a502d73d47581,true,93270f21bc181b4cacbfb32f836648391d3a43c7e8d0d7bfd55f46664514f794,93270f21bc181b4cacbfb32f836648391d3a43c7e8d0d7bfd55f46664514f794,true,true
ma-g3-mathematics-u05-l06,ma-g3-mathematics,afd772e7f044019c4ee3ef6e9cac587ff33ed02c6baa24f1e54a8da32a02f0d9,afd772e7f044019c4ee3ef6e9cac587ff33ed02c6baa24f1e54a8da32a02f0d9,true,fa56062ea73c35d8c4b16e5b68a65c3005ee2bc17152d1a0d444d0e4e4d9adf3,fa56062ea73c35d8c4b16e5b68a65c3005ee2bc17152d1a0d444d0e4e4d9adf3,true,true
ma-g3-mathematics-u05-l07,ma-g3-mathematics,bbde900f74ae7757e4de54e8dbcd391f3471d911c0ad6b7217c3504af250dfe7,bbde900f74ae7757e4de54e8dbcd391f3471d911c0ad6b7217c3504af250dfe7,true,fa56062ea73c35d8c4b16e5b68a65c3005ee2bc17152d1a0d444d0e4e4d9adf3,fa56062ea73c35d8c4b16e5b68a65c3005ee2bc17152d1a0d444d0e4e4d9adf3,true,true
ma-g3-mathematics-u05-l08,ma-g3-mathematics,49f4749681ddb4d73eeff77222c8713491df2ad1a4120da299df1ae33aa8054f,49f4749681ddb4d73eeff77222c8713491df2ad1a4120da299df1ae33aa8054f,true,b3b3df35ecd99e18cbc11f238a6fd4cc9c751d95855b84d2312a5b5d0cbef2bf,b3b3df35ecd99e18cbc11f238a6fd4cc9c751d95855b84d2312a5b5d0cbef2bf,true,true
ma-g3-mathematics-u05-l09,ma-g3-mathematics,fa54ba2f95d6b0a1161de73fb6c6373fb361a322b159f06f51759aa573f67f75,fa54ba2f95d6b0a1161de73fb6c6373fb361a322b159f06f51759aa573f67f75,true,4ddfe4a998aa002348808219141dc2063e8416e4106f37fdb2f7581db922794a,4ddfe4a998aa002348808219141dc2063e8416e4106f37fdb2f7581db922794a,true,true
ma-g3-mathematics-u05-l10,ma-g3-mathematics,75f3a255942b840a4aefe2aed532f7f5bbf59f304b10d4fa751111076b3b8982,75f3a255942b840a4aefe2aed532f7f5bbf59f304b10d4fa751111076b3b8982,true,fa56062ea73c35d8c4b16e5b68a65c3005ee2bc17152d1a0d444d0e4e4d9adf3,fa56062ea73c35d8c4b16e5b68a65c3005ee2bc17152d1a0d444d0e4e4d9adf3,true,true
ma-g3-mathematics-u05-l11,ma-g3-mathematics,94ede0c645901dffacc94e15e89510b804073ff5467154293a1595a3b7e20335,94ede0c645901dffacc94e15e89510b804073ff5467154293a1595a3b7e20335,true,93270f21bc181b4cacbfb32f836648391d3a43c7e8d0d7bfd55f46664514f794,93270f21bc181b4cacbfb32f836648391d3a43c7e8d0d7bfd55f46664514f794,true,true
ma-g3-mathematics-u05-l12,ma-g3-mathematics,13caa9417594513407398eea7e5ccea810799011bcda6b00b1a78899d2f97d25,13caa9417594513407398eea7e5ccea810799011bcda6b00b1a78899d2f97d25,true,951b99d74474dde830eb81cd9b9e844389cb1c6903e587529736bb6f8c346e05,951b99d74474dde830eb81cd9b9e844389cb1c6903e587529736bb6f8c346e05,true,true
ma-g3-mathematics-u05-l13,ma-g3-mathematics,a760e23d5ef430bf349d80c60a4655dcadf6e16c20516beaa342a14fb04d1792,a760e23d5ef430bf349d80c60a4655dcadf6e16c20516beaa342a14fb04d1792,true,c0fc48c7bb86455900822ff5b6d465be76482055053bcf4b8db7f64cbdd423ba,c0fc48c7bb86455900822ff5b6d465be76482055053bcf4b8db7f64cbdd423ba,true,true
ma-g3-mathematics-u05-l14,ma-g3-mathematics,aec3762cdbc6d268a6290893f09d33aad9775368998788044957c6252161770a,aec3762cdbc6d268a6290893f09d33aad9775368998788044957c6252161770a,true,e596cbd3a29bb91249ec556bd13e9b4e8fe320af7c64f4cfa41133f3e9a4af62,e596cbd3a29bb91249ec556bd13e9b4e8fe320af7c64f4cfa41133f3e9a4af62,true,true
ma-g3-mathematics-u05-l15,ma-g3-mathematics,aa76c7bad71ec6194fa9bc72db142692a0cdabc12f2ee013de52ce671ad8e0df,aa76c7bad71ec6194fa9bc72db142692a0cdabc12f2ee013de52ce671ad8e0df,true,e596cbd3a29bb91249ec556bd13e9b4e8fe320af7c64f4cfa41133f3e9a4af62,e596cbd3a29bb91249ec556bd13e9b4e8fe320af7c64f4cfa41133f3e9a4af62,true,true
ma-g3-mathematics-u05-l16,ma-g3-mathematics,22774ca314999333c73facc733b7fccacdddf667bb3e15c637aa171295524eaf,22774ca314999333c73facc733b7fccacdddf667bb3e15c637aa171295524eaf,true,1dd6058f5a14aa7c0612165f998d974c58427f8244fe505b6c7a72fa60230abd,1dd6058f5a14aa7c0612165f998d974c58427f8244fe505b6c7a72fa60230abd,true,true
ma-g3-mathematics-u05-l17,ma-g3-mathematics,186a8471492efed7ec3c3e6c78d6ba2d43c4add10250b2c474f59c470480e2d3,186a8471492efed7ec3c3e6c78d6ba2d43c4add10250b2c474f59c470480e2d3,true,e596cbd3a29bb91249ec556bd13e9b4e8fe320af7c64f4cfa41133f3e9a4af62,e596cbd3a29bb91249ec556bd13e9b4e8fe320af7c64f4cfa41133f3e9a4af62,true,true
ma-g3-mathematics-u05-l18,ma-g3-mathematics,0fa037ec9fb456ff8a2cb0619461e1372bc8c8ce65bdd650cec3d9ad5b84f3d9,0fa037ec9fb456ff8a2cb0619461e1372bc8c8ce65bdd650cec3d9ad5b84f3d9,true,31cc1795b47ca6d03d2ded66dab43485e69492b8c2c42a92bbb874a7a6d3caba,31cc1795b47ca6d03d2ded66dab43485e69492b8c2c42a92bbb874a7a6d3caba,true,true
ma-g3-mathematics-u06-l01,ma-g3-mathematics,9c95cc40694f98aac7144803db3157734f77c9fdf95e96bd9921a0a5954d4fed,9c95cc40694f98aac7144803db3157734f77c9fdf95e96bd9921a0a5954d4fed,true,4b88816f8105fa10d795d8fad87b867c308fd5ea5447f7d7ca490bd02352546b,4b88816f8105fa10d795d8fad87b867c308fd5ea5447f7d7ca490bd02352546b,true,true
ma-g3-mathematics-u06-l02,ma-g3-mathematics,9628944d7a5071dea4551f7ea53c43c99f2994e46bab186f9219ca28278d0486,9628944d7a5071dea4551f7ea53c43c99f2994e46bab186f9219ca28278d0486,true,8ee79c17c18e5338aa626fc0daafa9fe3e78e84c75e2155bd61fd3df2124bed4,8ee79c17c18e5338aa626fc0daafa9fe3e78e84c75e2155bd61fd3df2124bed4,true,true
ma-g3-mathematics-u06-l03,ma-g3-mathematics,a7fffb1fc72dad95c094c4fbca5e5bb7853bf5dce9602c3d6edad5b2dbd0dc31,a7fffb1fc72dad95c094c4fbca5e5bb7853bf5dce9602c3d6edad5b2dbd0dc31,true,f5da95626226e58b5222d3fbc1a6cc726b2d00cbd8fe2555139b2dfbd1e91f7c,f5da95626226e58b5222d3fbc1a6cc726b2d00cbd8fe2555139b2dfbd1e91f7c,true,true
ma-g3-mathematics-u06-l04,ma-g3-mathematics,7025df7534fa3ada9c5630530bbebbaf7dd236565473898da07b04e02a01a335,7025df7534fa3ada9c5630530bbebbaf7dd236565473898da07b04e02a01a335,true,8b19ba14c661166c68d211861d629d2e2896d5631f99eb513efc323ba1e9562e,8b19ba14c661166c68d211861d629d2e2896d5631f99eb513efc323ba1e9562e,true,true
ma-g3-mathematics-u06-l05,ma-g3-mathematics,f3a6aabf1d62347f5a649fa8c302913542e612545bdc9504e77ba162c3c01610,f3a6aabf1d62347f5a649fa8c302913542e612545bdc9504e77ba162c3c01610,true,8b19ba14c661166c68d211861d629d2e2896d5631f99eb513efc323ba1e9562e,8b19ba14c661166c68d211861d629d2e2896d5631f99eb513efc323ba1e9562e,true,true
ma-g3-mathematics-u06-l06,ma-g3-mathematics,6cf8027de326f9c0d4e195d29f3ed52953377c3d32761889bcb9dd5b3da83ae4,6cf8027de326f9c0d4e195d29f3ed52953377c3d32761889bcb9dd5b3da83ae4,true,8b19ba14c661166c68d211861d629d2e2896d5631f99eb513efc323ba1e9562e,8b19ba14c661166c68d211861d629d2e2896d5631f99eb513efc323ba1e9562e,true,true
ma-g3-mathematics-u06-l07,ma-g3-mathematics,db59173d3969eabd5ca8caa7e06af3a9b1c165c777c7fcec83000eec4b516081,db59173d3969eabd5ca8caa7e06af3a9b1c165c777c7fcec83000eec4b516081,true,8b19ba14c661166c68d211861d629d2e2896d5631f99eb513efc323ba1e9562e,8b19ba14c661166c68d211861d629d2e2896d5631f99eb513efc323ba1e9562e,true,true
ma-g3-mathematics-u06-l08,ma-g3-mathematics,554830fc0ef6d4eb378cd2200358002c0baaf3e86614e4d3f93d184e7a532f74,554830fc0ef6d4eb378cd2200358002c0baaf3e86614e4d3f93d184e7a532f74,true,25a7b24d24f20385130079465d592201a7a4517ac7b4e6d5c0a127579f314c21,25a7b24d24f20385130079465d592201a7a4517ac7b4e6d5c0a127579f314c21,true,true
ma-g3-mathematics-u06-l09,ma-g3-mathematics,8fd1bb3b3bdd8b208133e5c04010aa8666d43d9f7480a51b39c5a8e363f1dc05,8fd1bb3b3bdd8b208133e5c04010aa8666d43d9f7480a51b39c5a8e363f1dc05,true,02773ee632487b9c794595b484a8d040f16ef1f0c6b627133e419f5f533a46a4,02773ee632487b9c794595b484a8d040f16ef1f0c6b627133e419f5f533a46a4,true,true
ma-g3-mathematics-u06-l10,ma-g3-mathematics,c8f645a2d0d5b8040b1329018ce87387df7812328537c96e0041db475f9ba10b,c8f645a2d0d5b8040b1329018ce87387df7812328537c96e0041db475f9ba10b,true,8b19ba14c661166c68d211861d629d2e2896d5631f99eb513efc323ba1e9562e,8b19ba14c661166c68d211861d629d2e2896d5631f99eb513efc323ba1e9562e,true,true
ma-g3-mathematics-u06-l11,ma-g3-mathematics,72725b13cc6fe9403e57d7913611c1545f8eb0e778d4057456850fbd25611edc,72725b13cc6fe9403e57d7913611c1545f8eb0e778d4057456850fbd25611edc,true,8b19ba14c661166c68d211861d629d2e2896d5631f99eb513efc323ba1e9562e,8b19ba14c661166c68d211861d629d2e2896d5631f99eb513efc323ba1e9562e,true,true
ma-g3-mathematics-u06-l12,ma-g3-mathematics,1152e1df3d19a5ea640ed47017f586f57d955602ca4245a5a7166a345abfdc11,1152e1df3d19a5ea640ed47017f586f57d955602ca4245a5a7166a345abfdc11,true,25a7b24d24f20385130079465d592201a7a4517ac7b4e6d5c0a127579f314c21,25a7b24d24f20385130079465d592201a7a4517ac7b4e6d5c0a127579f314c21,true,true
ma-g3-mathematics-u06-l13,ma-g3-mathematics,fc614662f7e8b0e376f2600a2425a3d1878366c775f1b4c34b9e2eab83c88eac,fc614662f7e8b0e376f2600a2425a3d1878366c775f1b4c34b9e2eab83c88eac,true,691d8dd243d519546ad82944ae9c89161c1f52258677635a5078e58b6b336fa9,691d8dd243d519546ad82944ae9c89161c1f52258677635a5078e58b6b336fa9,true,true
ma-g3-mathematics-u06-l14,ma-g3-mathematics,14220b8f225f52f1fdd3d72e3020eaf760ce33906f7e54071dfa59ebc8dc9217,14220b8f225f52f1fdd3d72e3020eaf760ce33906f7e54071dfa59ebc8dc9217,true,8b19ba14c661166c68d211861d629d2e2896d5631f99eb513efc323ba1e9562e,8b19ba14c661166c68d211861d629d2e2896d5631f99eb513efc323ba1e9562e,true,true
ma-g3-mathematics-u06-l15,ma-g3-mathematics,6c6fb3167aec3dbb11bf691dcb1d42053220229604d240d90026a0af98c395a3,6c6fb3167aec3dbb11bf691dcb1d42053220229604d240d90026a0af98c395a3,true,02773ee632487b9c794595b484a8d040f16ef1f0c6b627133e419f5f533a46a4,02773ee632487b9c794595b484a8d040f16ef1f0c6b627133e419f5f533a46a4,true,true
ma-g3-mathematics-u06-l16,ma-g3-mathematics,4b01997b19b1ffde89107e5d0b8843405460f4be177848de7fb8a50db3586ad8,4b01997b19b1ffde89107e5d0b8843405460f4be177848de7fb8a50db3586ad8,true,d383274f2439854c207db718b4bcc5648a669e7412af1f70ad6d594c608d6b79,d383274f2439854c207db718b4bcc5648a669e7412af1f70ad6d594c608d6b79,true,true
ma-g3-mathematics-u06-l17,ma-g3-mathematics,5e0da187648cca6b6f0c5e7034669b99b083faffae3597314e8ad1d2c2b2780e,5e0da187648cca6b6f0c5e7034669b99b083faffae3597314e8ad1d2c2b2780e,true,8b19ba14c661166c68d211861d629d2e2896d5631f99eb513efc323ba1e9562e,8b19ba14c661166c68d211861d629d2e2896d5631f99eb513efc323ba1e9562e,true,true
ma-g3-mathematics-u06-l18,ma-g3-mathematics,c93c6329a5f03ad6e6ef17680e9e26e6f51510c75d25c478ec8a4fbe34c72af8,c93c6329a5f03ad6e6ef17680e9e26e6f51510c75d25c478ec8a4fbe34c72af8,true,691d8dd243d519546ad82944ae9c89161c1f52258677635a5078e58b6b336fa9,691d8dd243d519546ad82944ae9c89161c1f52258677635a5078e58b6b336fa9,true,true
ma-g3-mathematics-u07-l01,ma-g3-mathematics,acf04b50600d2a208a0a0fe685968a193b95463a8d910463b5522dacfa11f882,acf04b50600d2a208a0a0fe685968a193b95463a8d910463b5522dacfa11f882,true,c82e07874ce547c7c4c818e75f1950a3cf1bb8841394e7670ac5c30c197dabf6,c82e07874ce547c7c4c818e75f1950a3cf1bb8841394e7670ac5c30c197dabf6,true,true
ma-g3-mathematics-u07-l02,ma-g3-mathematics,033378344ea4a40faaa345c457b6337bf2dc10155461c2ba2414a1e8ab841a20,033378344ea4a40faaa345c457b6337bf2dc10155461c2ba2414a1e8ab841a20,true,a7ab4aa6d8a78fa345ffa1e68821265762ae2807f2605855160daa9af6143059,a7ab4aa6d8a78fa345ffa1e68821265762ae2807f2605855160daa9af6143059,true,true
ma-g3-mathematics-u07-l03,ma-g3-mathematics,4a76fb1f93ecf5b0fba8e80fa42993ae8352be4e07eb5f9774586a5fbd779d5a,4a76fb1f93ecf5b0fba8e80fa42993ae8352be4e07eb5f9774586a5fbd779d5a,true,a7ab4aa6d8a78fa345ffa1e68821265762ae2807f2605855160daa9af6143059,a7ab4aa6d8a78fa345ffa1e68821265762ae2807f2605855160daa9af6143059,true,true
ma-g3-mathematics-u07-l04,ma-g3-mathematics,f129d830009f30b011c020039e9f35990c314c2e2614cd1323b6a980a054966a,f129d830009f30b011c020039e9f35990c314c2e2614cd1323b6a980a054966a,true,a7ab4aa6d8a78fa345ffa1e68821265762ae2807f2605855160daa9af6143059,a7ab4aa6d8a78fa345ffa1e68821265762ae2807f2605855160daa9af6143059,true,true
ma-g3-mathematics-u07-l05,ma-g3-mathematics,317cdf53b6082197df12d819f0dce05cbe5991c2980e552ef0642b387955c0ef,317cdf53b6082197df12d819f0dce05cbe5991c2980e552ef0642b387955c0ef,true,a7ab4aa6d8a78fa345ffa1e68821265762ae2807f2605855160daa9af6143059,a7ab4aa6d8a78fa345ffa1e68821265762ae2807f2605855160daa9af6143059,true,true
ma-g3-mathematics-u07-l06,ma-g3-mathematics,66a1b9d13b3ebb060817d4c595e7c36e4fe5127b925f1e4e5dcbb7adea9272b3,66a1b9d13b3ebb060817d4c595e7c36e4fe5127b925f1e4e5dcbb7adea9272b3,true,953185ba21ccc25157103fa59bff57860b2f36616262e424f87211a21c03c69e,953185ba21ccc25157103fa59bff57860b2f36616262e424f87211a21c03c69e,true,true
ma-g3-mathematics-u07-l07,ma-g3-mathematics,1251dfe83f28a536a6254971026ebe45d0970e2cb1e7b52094e76383de559b01,1251dfe83f28a536a6254971026ebe45d0970e2cb1e7b52094e76383de559b01,true,1734598c2991f4c619859c595b0ad0766faf3c8a14727d9587effbf3a556905d,1734598c2991f4c619859c595b0ad0766faf3c8a14727d9587effbf3a556905d,true,true
ma-g3-mathematics-u07-l08,ma-g3-mathematics,6ded78b5858e4b16fd5badabe4535df9e30c653e6eec7a85233a8aeef97e4658,6ded78b5858e4b16fd5badabe4535df9e30c653e6eec7a85233a8aeef97e4658,true,8955692b1429e4561b7e7e7c48a6d23c8cfc548588ee29c9c7c782b466d8761e,8955692b1429e4561b7e7e7c48a6d23c8cfc548588ee29c9c7c782b466d8761e,true,true
ma-g3-mathematics-u07-l09,ma-g3-mathematics,f098c3afba8a13ce13f7b566f5d4db0c10658d19281e42e25cd59b75b6a13c84,f098c3afba8a13ce13f7b566f5d4db0c10658d19281e42e25cd59b75b6a13c84,true,1bee86d210ed208b5bb5168cdff05e9f589718ec4f3310c00af0f025fc203e98,1bee86d210ed208b5bb5168cdff05e9f589718ec4f3310c00af0f025fc203e98,true,true
ma-g3-mathematics-u07-l10,ma-g3-mathematics,65e3ff4d2476f2944cfcdfacf85e62444b6898c69fdb8d3de4081405dd1512aa,65e3ff4d2476f2944cfcdfacf85e62444b6898c69fdb8d3de4081405dd1512aa,true,1734598c2991f4c619859c595b0ad0766faf3c8a14727d9587effbf3a556905d,1734598c2991f4c619859c595b0ad0766faf3c8a14727d9587effbf3a556905d,true,true
ma-g3-mathematics-u07-l11,ma-g3-mathematics,d3867ab1c70bd2fe9a6197eccfb9e3aa624869d9d8ff22ef2a313d9eef562798,d3867ab1c70bd2fe9a6197eccfb9e3aa624869d9d8ff22ef2a313d9eef562798,true,f5cff4dec6425d2ab1efc445c0d48fae9bb1143c8ab6271c7091147de64c3a6e,f5cff4dec6425d2ab1efc445c0d48fae9bb1143c8ab6271c7091147de64c3a6e,true,true
ma-g3-mathematics-u07-l12,ma-g3-mathematics,469f1c2ea0d9249f5dbb0d7a57c4720acf16b9e02e07340e1f12acfc6c8fa40b,469f1c2ea0d9249f5dbb0d7a57c4720acf16b9e02e07340e1f12acfc6c8fa40b,true,bf997622ff137d9d9a8a165a6e2596c46f29dfeb07d2721e9f10fc6dc9e80e6e,bf997622ff137d9d9a8a165a6e2596c46f29dfeb07d2721e9f10fc6dc9e80e6e,true,true
ma-g3-mathematics-u07-l13,ma-g3-mathematics,b3fb6ac197432a360ce244099da44e10f379058a9c24696a76b3b2061a3082c0,b3fb6ac197432a360ce244099da44e10f379058a9c24696a76b3b2061a3082c0,true,ce2098d19bd6f32d2716acb6c3305c1c9a8638292824dc7d13995efc901cad39,ce2098d19bd6f32d2716acb6c3305c1c9a8638292824dc7d13995efc901cad39,true,true
ma-g3-mathematics-u07-l14,ma-g3-mathematics,a1ece9d8f8f2a3a88ae58816d1118fdedf2e1d46f557b1059e46b12a92f9a3f2,a1ece9d8f8f2a3a88ae58816d1118fdedf2e1d46f557b1059e46b12a92f9a3f2,true,1bee86d210ed208b5bb5168cdff05e9f589718ec4f3310c00af0f025fc203e98,1bee86d210ed208b5bb5168cdff05e9f589718ec4f3310c00af0f025fc203e98,true,true
ma-g3-mathematics-u07-l15,ma-g3-mathematics,88c9e6efae7f98b6c640d1ce8618b7825b4ac37faff9065f4d5778fd1aaa4a92,88c9e6efae7f98b6c640d1ce8618b7825b4ac37faff9065f4d5778fd1aaa4a92,true,1bee86d210ed208b5bb5168cdff05e9f589718ec4f3310c00af0f025fc203e98,1bee86d210ed208b5bb5168cdff05e9f589718ec4f3310c00af0f025fc203e98,true,true
ma-g3-mathematics-u07-l16,ma-g3-mathematics,17356aa0a561e1f3e767dd3f9a0ea7ff5d2fbe84c30eb6de261b45cb551e7388,17356aa0a561e1f3e767dd3f9a0ea7ff5d2fbe84c30eb6de261b45cb551e7388,true,1bee86d210ed208b5bb5168cdff05e9f589718ec4f3310c00af0f025fc203e98,1bee86d210ed208b5bb5168cdff05e9f589718ec4f3310c00af0f025fc203e98,true,true
ma-g3-mathematics-u07-l17,ma-g3-mathematics,642f212e44bd01e8561234752a13dc3edf65552921c668774b94f031804d983e,642f212e44bd01e8561234752a13dc3edf65552921c668774b94f031804d983e,true,1bee86d210ed208b5bb5168cdff05e9f589718ec4f3310c00af0f025fc203e98,1bee86d210ed208b5bb5168cdff05e9f589718ec4f3310c00af0f025fc203e98,true,true
ma-g3-mathematics-u07-l18,ma-g3-mathematics,8bc0687adffba2e0ea9f8830d225a2518260acedd6342a353b47704b5323e553,8bc0687adffba2e0ea9f8830d225a2518260acedd6342a353b47704b5323e553,true,219a97567f951383cdc9d082f59d1eaaa37d551bb0ae79b7557f3adc8902f7ad,219a97567f951383cdc9d082f59d1eaaa37d551bb0ae79b7557f3adc8902f7ad,true,true
ma-g3-mathematics-u08-l01,ma-g3-mathematics,89d2c99db6ad26dc9acfa3c05fe16f70b8d57135f9f2bf9712b23a671f780f10,89d2c99db6ad26dc9acfa3c05fe16f70b8d57135f9f2bf9712b23a671f780f10,true,ed62abc940257cf37cde19fed4253a356ca45bd9cc41384cde4658738a3db010,ed62abc940257cf37cde19fed4253a356ca45bd9cc41384cde4658738a3db010,true,true
ma-g3-mathematics-u08-l02,ma-g3-mathematics,ac5ab447cd529dd270e061c783a8be1d0d0510e42557218f01c702cb03b7a88a,ac5ab447cd529dd270e061c783a8be1d0d0510e42557218f01c702cb03b7a88a,true,571a784a427f77c4b2452c678cca324fa73fd2d6ed84433413e3a30854613a45,571a784a427f77c4b2452c678cca324fa73fd2d6ed84433413e3a30854613a45,true,true
ma-g3-mathematics-u08-l03,ma-g3-mathematics,6b36945bf096889793eb86cba8e7f1f07c75be2eea9dd46a528d23814ea1f6d0,6b36945bf096889793eb86cba8e7f1f07c75be2eea9dd46a528d23814ea1f6d0,true,571a784a427f77c4b2452c678cca324fa73fd2d6ed84433413e3a30854613a45,571a784a427f77c4b2452c678cca324fa73fd2d6ed84433413e3a30854613a45,true,true
ma-g3-mathematics-u08-l04,ma-g3-mathematics,72d7431e4157f61fa851535e06598b578d0cf3013a734e215cf010f9696bdb45,72d7431e4157f61fa851535e06598b578d0cf3013a734e215cf010f9696bdb45,true,ac02df974d2260e9edc2b642c5903f7f9aa45349b665aa5f2b79d2b11ca4ad8c,ac02df974d2260e9edc2b642c5903f7f9aa45349b665aa5f2b79d2b11ca4ad8c,true,true
ma-g3-mathematics-u08-l05,ma-g3-mathematics,bbd12889a15ff976bd70c98a0cd009e343ba551ed9f6409080942538fd36d7d2,bbd12889a15ff976bd70c98a0cd009e343ba551ed9f6409080942538fd36d7d2,true,571a784a427f77c4b2452c678cca324fa73fd2d6ed84433413e3a30854613a45,571a784a427f77c4b2452c678cca324fa73fd2d6ed84433413e3a30854613a45,true,true
ma-g3-mathematics-u08-l06,ma-g3-mathematics,e4c16d21f75ee134a1f8cb4945bbe1a1f953590405cda1c6112206dcef3332d8,e4c16d21f75ee134a1f8cb4945bbe1a1f953590405cda1c6112206dcef3332d8,true,c60fbcc71d449769e9583f629098c2684c8062a30e2c461de97a43f819f4c247,c60fbcc71d449769e9583f629098c2684c8062a30e2c461de97a43f819f4c247,true,true
ma-g3-mathematics-u08-l07,ma-g3-mathematics,88f96745b04ed32d3422236b991a713696706306b9ebb8899f8a01e83af56919,88f96745b04ed32d3422236b991a713696706306b9ebb8899f8a01e83af56919,true,34d1618eaf95e914fa328bca8a9c175a4f5a71d89f640d621f9955491f3ebb02,34d1618eaf95e914fa328bca8a9c175a4f5a71d89f640d621f9955491f3ebb02,true,true
ma-g3-mathematics-u08-l08,ma-g3-mathematics,db013d2e6b55584245008d303a75677dfb3e46da4fc3d82efbbe271b45406f21,db013d2e6b55584245008d303a75677dfb3e46da4fc3d82efbbe271b45406f21,true,ed62abc940257cf37cde19fed4253a356ca45bd9cc41384cde4658738a3db010,ed62abc940257cf37cde19fed4253a356ca45bd9cc41384cde4658738a3db010,true,true
ma-g3-mathematics-u08-l09,ma-g3-mathematics,b79729c902e09eb0dc5406cdf0c9f2c133430cb44258336f2aafd82ff2687f67,b79729c902e09eb0dc5406cdf0c9f2c133430cb44258336f2aafd82ff2687f67,true,571a784a427f77c4b2452c678cca324fa73fd2d6ed84433413e3a30854613a45,571a784a427f77c4b2452c678cca324fa73fd2d6ed84433413e3a30854613a45,true,true
ma-g3-mathematics-u08-l10,ma-g3-mathematics,726a41896cd8b40778601916d80723fe171b8b59d20708f3dfcdd1638d371747,726a41896cd8b40778601916d80723fe171b8b59d20708f3dfcdd1638d371747,true,34d1618eaf95e914fa328bca8a9c175a4f5a71d89f640d621f9955491f3ebb02,34d1618eaf95e914fa328bca8a9c175a4f5a71d89f640d621f9955491f3ebb02,true,true
ma-g3-mathematics-u08-l11,ma-g3-mathematics,53015f038de7e3a47423e3f2b8f1ec92156aff051dcbc241fa1e96e839d32f3d,53015f038de7e3a47423e3f2b8f1ec92156aff051dcbc241fa1e96e839d32f3d,true,ac02df974d2260e9edc2b642c5903f7f9aa45349b665aa5f2b79d2b11ca4ad8c,ac02df974d2260e9edc2b642c5903f7f9aa45349b665aa5f2b79d2b11ca4ad8c,true,true
ma-g3-mathematics-u08-l12,ma-g3-mathematics,cf538e085fc80076e44d06974475bff922ce82cd03d2a2d4a86e5f81cc29594c,cf538e085fc80076e44d06974475bff922ce82cd03d2a2d4a86e5f81cc29594c,true,dac1bbb8a4f304865547c855d3f71ce44237f036dccdef8e789aa120ad4917c8,dac1bbb8a4f304865547c855d3f71ce44237f036dccdef8e789aa120ad4917c8,true,true
ma-g3-mathematics-u08-l13,ma-g3-mathematics,f7926388795b96b82ae204b80b816dcf01156e56ffe802a5b15ea2598a120735,f7926388795b96b82ae204b80b816dcf01156e56ffe802a5b15ea2598a120735,true,dac1bbb8a4f304865547c855d3f71ce44237f036dccdef8e789aa120ad4917c8,dac1bbb8a4f304865547c855d3f71ce44237f036dccdef8e789aa120ad4917c8,true,true
ma-g3-mathematics-u08-l14,ma-g3-mathematics,e6e5a6a11777d91bbb3b32d6c87d7954c8ba239085c5d04eb42252e9840d1644,e6e5a6a11777d91bbb3b32d6c87d7954c8ba239085c5d04eb42252e9840d1644,true,4e170a635a75e6f37fb61aaac5f9b7e504c78b249fd793e4c453ae837db4fc7f,4e170a635a75e6f37fb61aaac5f9b7e504c78b249fd793e4c453ae837db4fc7f,true,true
ma-g3-mathematics-u08-l15,ma-g3-mathematics,00939eb4f3afee537ba03e827af998fca0f826961db361312dba2975209b3350,00939eb4f3afee537ba03e827af998fca0f826961db361312dba2975209b3350,true,4e170a635a75e6f37fb61aaac5f9b7e504c78b249fd793e4c453ae837db4fc7f,4e170a635a75e6f37fb61aaac5f9b7e504c78b249fd793e4c453ae837db4fc7f,true,true
ma-g3-mathematics-u08-l16,ma-g3-mathematics,923dd6c91e4c0eb1fca527d288c3a9cb02aa66c8d690f8410fc6a81e7e6ebacb,923dd6c91e4c0eb1fca527d288c3a9cb02aa66c8d690f8410fc6a81e7e6ebacb,true,4e170a635a75e6f37fb61aaac5f9b7e504c78b249fd793e4c453ae837db4fc7f,4e170a635a75e6f37fb61aaac5f9b7e504c78b249fd793e4c453ae837db4fc7f,true,true
ma-g3-mathematics-u08-l17,ma-g3-mathematics,e47b422f60074b07cb0d02973d6beec0f7548e39bfed7e88ede3783cc11eef24,e47b422f60074b07cb0d02973d6beec0f7548e39bfed7e88ede3783cc11eef24,true,4e170a635a75e6f37fb61aaac5f9b7e504c78b249fd793e4c453ae837db4fc7f,4e170a635a75e6f37fb61aaac5f9b7e504c78b249fd793e4c453ae837db4fc7f,true,true
ma-g3-mathematics-u08-l18,ma-g3-mathematics,76403a613cf87ee77590e47f1b8c0b0d698fb1f1f2c91f5f950fd4bbe1c31bd7,76403a613cf87ee77590e47f1b8c0b0d698fb1f1f2c91f5f950fd4bbe1c31bd7,true,ed62abc940257cf37cde19fed4253a356ca45bd9cc41384cde4658738a3db010,ed62abc940257cf37cde19fed4253a356ca45bd9cc41384cde4658738a3db010,true,true
ma-g3-mathematics-u09-l01,ma-g3-mathematics,572032a9d88d36c5f2fd0bc71c2eec4ba61d569350a61a3bf680687b051ad659,572032a9d88d36c5f2fd0bc71c2eec4ba61d569350a61a3bf680687b051ad659,true,ea065db0aa3c78ec29bc05cd31e00b716f352dfb862a4d6d0982db358b5fd873,ea065db0aa3c78ec29bc05cd31e00b716f352dfb862a4d6d0982db358b5fd873,true,true
ma-g3-mathematics-u09-l02,ma-g3-mathematics,d05ae5301d9bcf1be8c99cb9c5594d9981aa15b94907c0a44f86e9d41bd5ec1a,d05ae5301d9bcf1be8c99cb9c5594d9981aa15b94907c0a44f86e9d41bd5ec1a,true,3ba7cbc6a5aadb9848b269fc4be5a97c517063a11ac2884b3c8f1cb90d9e680f,3ba7cbc6a5aadb9848b269fc4be5a97c517063a11ac2884b3c8f1cb90d9e680f,true,true
ma-g3-mathematics-u09-l03,ma-g3-mathematics,f98d82c12373cc78cdf940e928148c71e035735894290dd73f934aeb5270e839,f98d82c12373cc78cdf940e928148c71e035735894290dd73f934aeb5270e839,true,8933e3bc4cf16b205264d5a437056d94bf67d1df224008f0a3451f2379f91815,8933e3bc4cf16b205264d5a437056d94bf67d1df224008f0a3451f2379f91815,true,true
ma-g3-mathematics-u09-l04,ma-g3-mathematics,2066d56c13bbd570618477291a6f5cbd11490fba2a38a8d58e6be5c300ad81a3,2066d56c13bbd570618477291a6f5cbd11490fba2a38a8d58e6be5c300ad81a3,true,8933e3bc4cf16b205264d5a437056d94bf67d1df224008f0a3451f2379f91815,8933e3bc4cf16b205264d5a437056d94bf67d1df224008f0a3451f2379f91815,true,true
ma-g3-mathematics-u09-l05,ma-g3-mathematics,6a61019e36972c886dd3bf3a7dbdd0386a8db7b068e81c58d12eeb78a9382110,6a61019e36972c886dd3bf3a7dbdd0386a8db7b068e81c58d12eeb78a9382110,true,b0f85448c7917230599f48866738d779522a17e6f06b5a43b50d15e9ef6ea903,b0f85448c7917230599f48866738d779522a17e6f06b5a43b50d15e9ef6ea903,true,true
ma-g3-mathematics-u09-l06,ma-g3-mathematics,161ef1ac4613e915220bb3cb4aaed843e4c5d54ea558eda880431d77b70ff318,161ef1ac4613e915220bb3cb4aaed843e4c5d54ea558eda880431d77b70ff318,true,6036282855f6e5c73401508bdb7a6bd7825fc4361fb3da30e4df669bca6d4e07,6036282855f6e5c73401508bdb7a6bd7825fc4361fb3da30e4df669bca6d4e07,true,true
ma-g3-mathematics-u09-l07,ma-g3-mathematics,d1b3589da6f37a864075a333610d3123b33990c3656622de4eff6efff5aa0a73,d1b3589da6f37a864075a333610d3123b33990c3656622de4eff6efff5aa0a73,true,6036282855f6e5c73401508bdb7a6bd7825fc4361fb3da30e4df669bca6d4e07,6036282855f6e5c73401508bdb7a6bd7825fc4361fb3da30e4df669bca6d4e07,true,true
ma-g3-mathematics-u09-l08,ma-g3-mathematics,02a6ae14ddcf80a534043bef70efa5973a618ba0d561ed2a4bae81ceaa04d1f3,02a6ae14ddcf80a534043bef70efa5973a618ba0d561ed2a4bae81ceaa04d1f3,true,1bc77afeb074129398e2548db22f3514f8bf98f2d607130b2cd8255525ad646c,1bc77afeb074129398e2548db22f3514f8bf98f2d607130b2cd8255525ad646c,true,true
ma-g3-mathematics-u09-l09,ma-g3-mathematics,089a1bbf60e39152fbf1646d296e4b51e2d7655f85d66bf3de187a7a6a3c1fee,089a1bbf60e39152fbf1646d296e4b51e2d7655f85d66bf3de187a7a6a3c1fee,true,f5f49f4dbfb505cfe47f66298d05c2640232475c55daf9d23871f82311aeadce,f5f49f4dbfb505cfe47f66298d05c2640232475c55daf9d23871f82311aeadce,true,true
ma-g3-mathematics-u09-l10,ma-g3-mathematics,119ff29779980a1a5a2553fe5bab518fa60fb3f464891a4e9a9c5ff32ae2850d,119ff29779980a1a5a2553fe5bab518fa60fb3f464891a4e9a9c5ff32ae2850d,true,6036282855f6e5c73401508bdb7a6bd7825fc4361fb3da30e4df669bca6d4e07,6036282855f6e5c73401508bdb7a6bd7825fc4361fb3da30e4df669bca6d4e07,true,true
ma-g3-mathematics-u09-l11,ma-g3-mathematics,f886547d8d5142c4f03c5156c83db6957b750883e911a05b3bfbd0d8194cf7e9,f886547d8d5142c4f03c5156c83db6957b750883e911a05b3bfbd0d8194cf7e9,true,c9bb34ad874992d19a354a36bf5aea76366d26fb69bfac72dfe00422d8c54c79,c9bb34ad874992d19a354a36bf5aea76366d26fb69bfac72dfe00422d8c54c79,true,true
ma-g3-mathematics-u09-l12,ma-g3-mathematics,0785f6061fefac6e634eba5ccfff97bba09cf11d936e6331ccee57d707582eac,0785f6061fefac6e634eba5ccfff97bba09cf11d936e6331ccee57d707582eac,true,6036282855f6e5c73401508bdb7a6bd7825fc4361fb3da30e4df669bca6d4e07,6036282855f6e5c73401508bdb7a6bd7825fc4361fb3da30e4df669bca6d4e07,true,true
ma-g3-mathematics-u09-l13,ma-g3-mathematics,a0eaa56f3bc9f0da2c684eada82c4057c8c18adc67aa2775f3c69c7dded66b13,a0eaa56f3bc9f0da2c684eada82c4057c8c18adc67aa2775f3c69c7dded66b13,true,71a5c7e443273422b019c12b56bdea3cd42e323d6cd0c2f4fae4c78eeb729c6c,71a5c7e443273422b019c12b56bdea3cd42e323d6cd0c2f4fae4c78eeb729c6c,true,true
ma-g3-mathematics-u09-l14,ma-g3-mathematics,42d3429371a3b6c399ca9e6d320aa489bd828bc149c2cc269dfb704af4b6d63c,42d3429371a3b6c399ca9e6d320aa489bd828bc149c2cc269dfb704af4b6d63c,true,6036282855f6e5c73401508bdb7a6bd7825fc4361fb3da30e4df669bca6d4e07,6036282855f6e5c73401508bdb7a6bd7825fc4361fb3da30e4df669bca6d4e07,true,true
ma-g3-mathematics-u09-l15,ma-g3-mathematics,e5ce901c3f1a9a55050ba0693f6c4a60b73b59b2d0ac15893e5b72383ca05d79,e5ce901c3f1a9a55050ba0693f6c4a60b73b59b2d0ac15893e5b72383ca05d79,true,4fa472409743b1e9c513a9229a010948eb7c2a496aa84aafd948bae2f1078ed1,4fa472409743b1e9c513a9229a010948eb7c2a496aa84aafd948bae2f1078ed1,true,true
ma-g3-mathematics-u09-l16,ma-g3-mathematics,c9c82c93fb96425a12178e7f2269e89775649b303769442a049177452e10beca,c9c82c93fb96425a12178e7f2269e89775649b303769442a049177452e10beca,true,4fa472409743b1e9c513a9229a010948eb7c2a496aa84aafd948bae2f1078ed1,4fa472409743b1e9c513a9229a010948eb7c2a496aa84aafd948bae2f1078ed1,true,true
ma-g3-mathematics-u09-l17,ma-g3-mathematics,05b2a4c766a2886d13643da4b2a4b219fff10598dab1add5cf6c5d9f266e9cd5,05b2a4c766a2886d13643da4b2a4b219fff10598dab1add5cf6c5d9f266e9cd5,true,6036282855f6e5c73401508bdb7a6bd7825fc4361fb3da30e4df669bca6d4e07,6036282855f6e5c73401508bdb7a6bd7825fc4361fb3da30e4df669bca6d4e07,true,true
ma-g3-mathematics-u09-l18,ma-g3-mathematics,545dd762efb1103bf6c06bb99c6adf76003da84c002191c16909e6b5425df7dd,545dd762efb1103bf6c06bb99c6adf76003da84c002191c16909e6b5425df7dd,true,71a5c7e443273422b019c12b56bdea3cd42e323d6cd0c2f4fae4c78eeb729c6c,71a5c7e443273422b019c12b56bdea3cd42e323d6cd0c2f4fae4c78eeb729c6c,true,true
ma-g3-mathematics-u10-l01,ma-g3-mathematics,1676c4fda8bb93d6687001c92eaf2a8836bc009be5ec1b1e54fcbf1ceb0d23f4,1676c4fda8bb93d6687001c92eaf2a8836bc009be5ec1b1e54fcbf1ceb0d23f4,true,bfd6809ae153b11e63f5f0b88675a4a9a9a902c45d46ff3c00e78c0ba76cb440,bfd6809ae153b11e63f5f0b88675a4a9a9a902c45d46ff3c00e78c0ba76cb440,true,true
ma-g3-mathematics-u10-l02,ma-g3-mathematics,f3f31a928c1edc62c8231bd9597c1bf996dde5c101398b36b25a66fb4ff080c3,f3f31a928c1edc62c8231bd9597c1bf996dde5c101398b36b25a66fb4ff080c3,true,0c5d494fd38bd20502c9750626ff2f371419412d60bc373d514bd26d73030a70,0c5d494fd38bd20502c9750626ff2f371419412d60bc373d514bd26d73030a70,true,true
ma-g3-mathematics-u10-l03,ma-g3-mathematics,d65539e131a34dc1ec8029ca0405439eaae2542717094311b53899606f06a669,d65539e131a34dc1ec8029ca0405439eaae2542717094311b53899606f06a669,true,0c5d494fd38bd20502c9750626ff2f371419412d60bc373d514bd26d73030a70,0c5d494fd38bd20502c9750626ff2f371419412d60bc373d514bd26d73030a70,true,true
ma-g3-mathematics-u10-l04,ma-g3-mathematics,cea411768a17b058bd37ed6d48401d4aed4e5bb4dc5e5511b9b9928e89c44a34,cea411768a17b058bd37ed6d48401d4aed4e5bb4dc5e5511b9b9928e89c44a34,true,0c5d494fd38bd20502c9750626ff2f371419412d60bc373d514bd26d73030a70,0c5d494fd38bd20502c9750626ff2f371419412d60bc373d514bd26d73030a70,true,true
ma-g3-mathematics-u10-l05,ma-g3-mathematics,a46d64030b24e799c8be9fd4ba55db3807ab2b9c8793090af7b74fe2d46a7b32,a46d64030b24e799c8be9fd4ba55db3807ab2b9c8793090af7b74fe2d46a7b32,true,0c5d494fd38bd20502c9750626ff2f371419412d60bc373d514bd26d73030a70,0c5d494fd38bd20502c9750626ff2f371419412d60bc373d514bd26d73030a70,true,true
ma-g3-mathematics-u10-l06,ma-g3-mathematics,a42dfe6b9cb9eab22b1bdaba1fcb71d05fb5d7e13abd57d3077c7be7770909e1,a42dfe6b9cb9eab22b1bdaba1fcb71d05fb5d7e13abd57d3077c7be7770909e1,true,b08e9f3ce00de404bc930e1600d364e9291fd00f70667013be19d4dfb1fe8b54,b08e9f3ce00de404bc930e1600d364e9291fd00f70667013be19d4dfb1fe8b54,true,true
ma-g3-mathematics-u10-l07,ma-g3-mathematics,2eb4ed96deda86b3ddf4f6bdcc862186707a572957ba01281d6c938a6571c026,2eb4ed96deda86b3ddf4f6bdcc862186707a572957ba01281d6c938a6571c026,true,b08e9f3ce00de404bc930e1600d364e9291fd00f70667013be19d4dfb1fe8b54,b08e9f3ce00de404bc930e1600d364e9291fd00f70667013be19d4dfb1fe8b54,true,true
ma-g3-mathematics-u10-l08,ma-g3-mathematics,dea9045754550b2c7c2acf54a7992a1e2d59a8f821872166da6180ff71648730,dea9045754550b2c7c2acf54a7992a1e2d59a8f821872166da6180ff71648730,true,79651528acc4b7b0985a6ab8ce775c5cae9658d1211fadf381cc01644c99a884,79651528acc4b7b0985a6ab8ce775c5cae9658d1211fadf381cc01644c99a884,true,true
ma-g3-mathematics-u10-l09,ma-g3-mathematics,b97131f8bb930b096c1dc9542cabec4929067c2f0c1baca59ca57fb83c77e99f,b97131f8bb930b096c1dc9542cabec4929067c2f0c1baca59ca57fb83c77e99f,true,975bd640d431e3dbf6f205e463c935cfccef601e4ecd142ac0dae5eab2557950,975bd640d431e3dbf6f205e463c935cfccef601e4ecd142ac0dae5eab2557950,true,true
ma-g3-mathematics-u10-l10,ma-g3-mathematics,97c3b3cdaf99de64d744adc365145e037fba962137ca0b8b3f9ad10476c4019e,97c3b3cdaf99de64d744adc365145e037fba962137ca0b8b3f9ad10476c4019e,true,93270f21bc181b4cacbfb32f836648391d3a43c7e8d0d7bfd55f46664514f794,93270f21bc181b4cacbfb32f836648391d3a43c7e8d0d7bfd55f46664514f794,true,true
ma-g3-mathematics-u10-l11,ma-g3-mathematics,5aead8fdecf19a3ff2a523c2237f52398ef071a1d2b72c17113c2d824f966fd7,5aead8fdecf19a3ff2a523c2237f52398ef071a1d2b72c17113c2d824f966fd7,true,95f2e2088fddcf0536314128917e9ee9f6da4be16faa01c8bdf14ae5ef865895,95f2e2088fddcf0536314128917e9ee9f6da4be16faa01c8bdf14ae5ef865895,true,true
ma-g3-mathematics-u10-l12,ma-g3-mathematics,9433f6ac1e863ea9893274f6613e54447e8bfd3ed1477d3e4cca5c7825cbba39,9433f6ac1e863ea9893274f6613e54447e8bfd3ed1477d3e4cca5c7825cbba39,true,904926f17d006eff97de473a578af29149a713189b2ef9076a419c69c5d7c568,904926f17d006eff97de473a578af29149a713189b2ef9076a419c69c5d7c568,true,true
ma-g3-mathematics-u10-l13,ma-g3-mathematics,068377400b2f1f3c8cd0d1226b0571bbfa31856a0a903919d9bfb56e401a702b,068377400b2f1f3c8cd0d1226b0571bbfa31856a0a903919d9bfb56e401a702b,true,abb832cdb8ba2d2300885b07c37b6e614ef0e5412f90e05cd7ac24f7b7d1ce73,abb832cdb8ba2d2300885b07c37b6e614ef0e5412f90e05cd7ac24f7b7d1ce73,true,true
ma-g3-mathematics-u10-l14,ma-g3-mathematics,5a3610852ca9a476098ae58b6f55a7d5f96f270ce8897bf27e45dfe923a3d639,5a3610852ca9a476098ae58b6f55a7d5f96f270ce8897bf27e45dfe923a3d639,true,9ec3ec7dce0c977d3c5068ef6d5abe8bdb9ed7058abe4f7b3bd3f4f5968459b6,9ec3ec7dce0c977d3c5068ef6d5abe8bdb9ed7058abe4f7b3bd3f4f5968459b6,true,true
ma-g3-mathematics-u10-l15,ma-g3-mathematics,822e6138613c1b501cef1afd51d77e41091f85b436b2b07050896efd6789d5e9,822e6138613c1b501cef1afd51d77e41091f85b436b2b07050896efd6789d5e9,true,50ee8bdff118079536038713af17a25c80f1b4d53c8f0c4dc85cdaf1380dca93,50ee8bdff118079536038713af17a25c80f1b4d53c8f0c4dc85cdaf1380dca93,true,true
ma-g3-mathematics-u10-l16,ma-g3-mathematics,3ed4cdbe2001926ad5604dd89cce6496f3fa27f2b88602953a9fdb52aece14c8,3ed4cdbe2001926ad5604dd89cce6496f3fa27f2b88602953a9fdb52aece14c8,true,d058873d6038a7ad45f039c6ffea266dcd7af154e0a71aed88cfd39f941ce90e,d058873d6038a7ad45f039c6ffea266dcd7af154e0a71aed88cfd39f941ce90e,true,true
ma-g3-mathematics-u10-l17,ma-g3-mathematics,2faa00d00648b2d02584b04520497747b116b5ae2cb851829d33b498736b1912,2faa00d00648b2d02584b04520497747b116b5ae2cb851829d33b498736b1912,true,975bd640d431e3dbf6f205e463c935cfccef601e4ecd142ac0dae5eab2557950,975bd640d431e3dbf6f205e463c935cfccef601e4ecd142ac0dae5eab2557950,true,true
ma-g3-mathematics-u10-l18,ma-g3-mathematics,b36eb09a93712cfe9cd736ae99360045d20384a8776f00b5ce0331e6fecff05b,b36eb09a93712cfe9cd736ae99360045d20384a8776f00b5ce0331e6fecff05b,true,6a1e67e7490818ec5213be8390db4fd9a2ae9bc0e4a33f55e18576963651cba3,6a1e67e7490818ec5213be8390db4fd9a2ae9bc0e4a33f55e18576963651cba3,true,true
ma-g3-english-language-arts-u01-l01,ma-g3-english-language-arts,e7e3b33be3c337380cb6bbc96a8e19fb0629ba952f10898676dab856052d0428,e7e3b33be3c337380cb6bbc96a8e19fb0629ba952f10898676dab856052d0428,true,39c9a3a7b932abb31127855f9d0ce55f90919a70055901d011d878f7f4e85608,39c9a3a7b932abb31127855f9d0ce55f90919a70055901d011d878f7f4e85608,true,true
ma-g3-english-language-arts-u01-l02,ma-g3-english-language-arts,010e06f218ca2cd01888a67059b4920546da9635d7eb55a7a1106495f4d22b05,010e06f218ca2cd01888a67059b4920546da9635d7eb55a7a1106495f4d22b05,true,ceb4e802dc78e6157f14b115e05d914cf8dc64d88b32420f6f1a1f9f803bf7c0,ceb4e802dc78e6157f14b115e05d914cf8dc64d88b32420f6f1a1f9f803bf7c0,true,true
ma-g3-english-language-arts-u01-l03,ma-g3-english-language-arts,11ed2ad29d8449824ab6179c05b550dc6927a552f2f79eebae29d69ba0377332,11ed2ad29d8449824ab6179c05b550dc6927a552f2f79eebae29d69ba0377332,true,6ec86578d390c0d592b2cda948d9d885ef102b962da4a7421f4e3f9ca3175b07,6ec86578d390c0d592b2cda948d9d885ef102b962da4a7421f4e3f9ca3175b07,true,true
ma-g3-english-language-arts-u01-l04,ma-g3-english-language-arts,02d5827c78ba4a0d99a749b0119612056b07623afa2c403b2eef4ff8d171ab99,02d5827c78ba4a0d99a749b0119612056b07623afa2c403b2eef4ff8d171ab99,true,6ec86578d390c0d592b2cda948d9d885ef102b962da4a7421f4e3f9ca3175b07,6ec86578d390c0d592b2cda948d9d885ef102b962da4a7421f4e3f9ca3175b07,true,true
ma-g3-english-language-arts-u01-l05,ma-g3-english-language-arts,d42fd10c6dbb41434e4e8f59ea8247048d636050e8549a632089c197c873191c,d42fd10c6dbb41434e4e8f59ea8247048d636050e8549a632089c197c873191c,true,5c210c7678572c9be3474e4820d044b99989345d46105c159b89c586a91f7e1a,5c210c7678572c9be3474e4820d044b99989345d46105c159b89c586a91f7e1a,true,true
ma-g3-english-language-arts-u01-l06,ma-g3-english-language-arts,445031f09b1f3952526909c423fd8e5c818e2fff4b896b8ae06390bcd5d0026c,445031f09b1f3952526909c423fd8e5c818e2fff4b896b8ae06390bcd5d0026c,true,b48f62bfc6f040fa548b37603cfdc23c41a209e021ed1072fc201d8166b947da,b48f62bfc6f040fa548b37603cfdc23c41a209e021ed1072fc201d8166b947da,true,true
ma-g3-english-language-arts-u01-l07,ma-g3-english-language-arts,9d511fdefdbdffa538956b09f47b24e9dcb9e5b0af308feb0f5a08f845f44fb4,9d511fdefdbdffa538956b09f47b24e9dcb9e5b0af308feb0f5a08f845f44fb4,true,6139786c4ea00cf3c01166c4221967b0b9fe3e5450e14daf08524f2ad9144a64,6139786c4ea00cf3c01166c4221967b0b9fe3e5450e14daf08524f2ad9144a64,true,true
ma-g3-english-language-arts-u01-l08,ma-g3-english-language-arts,c11f95bd3351b0fb5bf3448367a28ec64eb141dc6ffa7a920238fba03971ffea,c11f95bd3351b0fb5bf3448367a28ec64eb141dc6ffa7a920238fba03971ffea,true,d370ba5dac71de25618f32ec31feacbb59241bd78ab38360c4a171be3c3fa0d7,d370ba5dac71de25618f32ec31feacbb59241bd78ab38360c4a171be3c3fa0d7,true,true
ma-g3-english-language-arts-u01-l09,ma-g3-english-language-arts,b37e1bf6f29fe380518e7ab5747f34b79019aa9cdf6409074470191bcb261dfe,b37e1bf6f29fe380518e7ab5747f34b79019aa9cdf6409074470191bcb261dfe,true,6ec86578d390c0d592b2cda948d9d885ef102b962da4a7421f4e3f9ca3175b07,6ec86578d390c0d592b2cda948d9d885ef102b962da4a7421f4e3f9ca3175b07,true,true
ma-g3-english-language-arts-u01-l10,ma-g3-english-language-arts,695cc98c876a3aeaae7bfc0f2d38e01a22835f0c28b9e6ffc46285240bc278c8,695cc98c876a3aeaae7bfc0f2d38e01a22835f0c28b9e6ffc46285240bc278c8,true,6ec86578d390c0d592b2cda948d9d885ef102b962da4a7421f4e3f9ca3175b07,6ec86578d390c0d592b2cda948d9d885ef102b962da4a7421f4e3f9ca3175b07,true,true
ma-g3-english-language-arts-u01-l11,ma-g3-english-language-arts,4363c761ba5a87b2c696012bce91fde39dde6a8c6005796bc55194897c2489fb,4363c761ba5a87b2c696012bce91fde39dde6a8c6005796bc55194897c2489fb,true,12dc8bdc0388b18c3330fb520f90fdafd75f8eb1f81918e2f6533285ea348ee7,12dc8bdc0388b18c3330fb520f90fdafd75f8eb1f81918e2f6533285ea348ee7,true,true
ma-g3-english-language-arts-u01-l12,ma-g3-english-language-arts,84ded855909689d54c8794903ddbe8b3486adad8a9777a0b247e6746f518a1dd,84ded855909689d54c8794903ddbe8b3486adad8a9777a0b247e6746f518a1dd,true,66c358061c0039ecbd44699b8bf40e799240b0d4dbc34476cf709b9d4b33321e,66c358061c0039ecbd44699b8bf40e799240b0d4dbc34476cf709b9d4b33321e,true,true
ma-g3-english-language-arts-u01-l13,ma-g3-english-language-arts,7cfa4a5d35336a037d400a9c86b7097a43b6fe53b5059a0311b06c29422a50ea,7cfa4a5d35336a037d400a9c86b7097a43b6fe53b5059a0311b06c29422a50ea,true,0956b269d2c0e80de18e001e86565f4a5b45047d66d21c11e369accc7da1f7fd,0956b269d2c0e80de18e001e86565f4a5b45047d66d21c11e369accc7da1f7fd,true,true
ma-g3-english-language-arts-u01-l14,ma-g3-english-language-arts,21ee35a6733ca1cae1284d3b0f17eda04a6b536e0b9b0f22e8dbff318548cc59,21ee35a6733ca1cae1284d3b0f17eda04a6b536e0b9b0f22e8dbff318548cc59,true,10c54847d0cf18cb271450890836d3f548e6dc98436aea525280be0cdfcaf405,10c54847d0cf18cb271450890836d3f548e6dc98436aea525280be0cdfcaf405,true,true
ma-g3-english-language-arts-u01-l15,ma-g3-english-language-arts,ed2c6908d71a7f1cad05c71aea8d01b436dd61d4c3a656ed01283f50813450c0,ed2c6908d71a7f1cad05c71aea8d01b436dd61d4c3a656ed01283f50813450c0,true,59705e73723ee13ab9bf384d465376f43728d913cd05429251ebc6b93f9e5f9d,59705e73723ee13ab9bf384d465376f43728d913cd05429251ebc6b93f9e5f9d,true,true
ma-g3-english-language-arts-u01-l16,ma-g3-english-language-arts,3dac3596e90c1a358dcc28d740790322eaf15455d3d8c1b0a9128e46dffa085e,3dac3596e90c1a358dcc28d740790322eaf15455d3d8c1b0a9128e46dffa085e,true,8a1b9c137c593ae0eba88091e109ebf5e41af684d93e37e1a4d1277dc79bb419,8a1b9c137c593ae0eba88091e109ebf5e41af684d93e37e1a4d1277dc79bb419,true,true
ma-g3-english-language-arts-u01-l17,ma-g3-english-language-arts,1fbbd01bd2afca0231cd12f5e010940f6aebcc355cf20c9f3c1589c16d5e385d,1fbbd01bd2afca0231cd12f5e010940f6aebcc355cf20c9f3c1589c16d5e385d,true,3b7566a9db60c3f6ca470090f2a35bf9aad71aa954b0a44aba2c71b70e3dd474,3b7566a9db60c3f6ca470090f2a35bf9aad71aa954b0a44aba2c71b70e3dd474,true,true
ma-g3-english-language-arts-u01-l18,ma-g3-english-language-arts,8adb98d841351645ed9bed6900abd273f259c658e91a765297440d3c01fd329e,8adb98d841351645ed9bed6900abd273f259c658e91a765297440d3c01fd329e,true,082f4b3c5d323f146db084e99b380dba3efa397f8437358ef0d1895b9f60838a,082f4b3c5d323f146db084e99b380dba3efa397f8437358ef0d1895b9f60838a,true,true
ma-g3-english-language-arts-u02-l01,ma-g3-english-language-arts,362cd905f153550354820807f873464f94da492eda8517ce1a4b551c2365ea21,362cd905f153550354820807f873464f94da492eda8517ce1a4b551c2365ea21,true,ec0b50efcf7e4e79cfadf98aa1e05b2f3f1bf3192c64306e7138be78b5c014ba,ec0b50efcf7e4e79cfadf98aa1e05b2f3f1bf3192c64306e7138be78b5c014ba,true,true
ma-g3-english-language-arts-u02-l02,ma-g3-english-language-arts,c1f42846a4ed5dd4dc81bd08e83ef50edf59b5de461cd760c3a6a395d2e1819d,c1f42846a4ed5dd4dc81bd08e83ef50edf59b5de461cd760c3a6a395d2e1819d,true,ceb4e802dc78e6157f14b115e05d914cf8dc64d88b32420f6f1a1f9f803bf7c0,ceb4e802dc78e6157f14b115e05d914cf8dc64d88b32420f6f1a1f9f803bf7c0,true,true
ma-g3-english-language-arts-u02-l03,ma-g3-english-language-arts,df1e0d610be472c5479c4c27a8e1315ff7507ff528f0e40147ae47120f4c829e,df1e0d610be472c5479c4c27a8e1315ff7507ff528f0e40147ae47120f4c829e,true,25abe5afe8c8ccaacad190b1cd19653c1d9a3989a0c7063addf19df661d8c711,25abe5afe8c8ccaacad190b1cd19653c1d9a3989a0c7063addf19df661d8c711,true,true
ma-g3-english-language-arts-u02-l04,ma-g3-english-language-arts,877b0e6a91e181fd37dc0129a3ed2fd5df11950b8b6937b6308387a7e7607ee5,877b0e6a91e181fd37dc0129a3ed2fd5df11950b8b6937b6308387a7e7607ee5,true,25abe5afe8c8ccaacad190b1cd19653c1d9a3989a0c7063addf19df661d8c711,25abe5afe8c8ccaacad190b1cd19653c1d9a3989a0c7063addf19df661d8c711,true,true
ma-g3-english-language-arts-u02-l05,ma-g3-english-language-arts,5aa08aebacbdb1fb8191a1d23aee4c7ea45aebca540b12af9b4278e98c1cd97c,5aa08aebacbdb1fb8191a1d23aee4c7ea45aebca540b12af9b4278e98c1cd97c,true,5c210c7678572c9be3474e4820d044b99989345d46105c159b89c586a91f7e1a,5c210c7678572c9be3474e4820d044b99989345d46105c159b89c586a91f7e1a,true,true
ma-g3-english-language-arts-u02-l06,ma-g3-english-language-arts,034c2d616b98fa16630b9422d444734ec7cd6637ffae04708183f1d8350d6fa7,034c2d616b98fa16630b9422d444734ec7cd6637ffae04708183f1d8350d6fa7,true,25abe5afe8c8ccaacad190b1cd19653c1d9a3989a0c7063addf19df661d8c711,25abe5afe8c8ccaacad190b1cd19653c1d9a3989a0c7063addf19df661d8c711,true,true
ma-g3-english-language-arts-u02-l07,ma-g3-english-language-arts,e04d16684ca6e201678da03f2e0aab2dd2e2421bcfb819a455c90ece606d30e6,e04d16684ca6e201678da03f2e0aab2dd2e2421bcfb819a455c90ece606d30e6,true,25abe5afe8c8ccaacad190b1cd19653c1d9a3989a0c7063addf19df661d8c711,25abe5afe8c8ccaacad190b1cd19653c1d9a3989a0c7063addf19df661d8c711,true,true
ma-g3-english-language-arts-u02-l08,ma-g3-english-language-arts,9d1ef3eea0f1fd630e40d61136b394a876c51e1d986863d7977d143c0a4e3a8d,9d1ef3eea0f1fd630e40d61136b394a876c51e1d986863d7977d143c0a4e3a8d,true,a83f78fc012667479d33f5f4506e342c560d1a407adc5198d2c2885b25b46fee,a83f78fc012667479d33f5f4506e342c560d1a407adc5198d2c2885b25b46fee,true,true
ma-g3-english-language-arts-u02-l09,ma-g3-english-language-arts,27e287ba5ed6246ab99f8af39f3c516e86afb9c57799b181e92554b77ddb5e46,27e287ba5ed6246ab99f8af39f3c516e86afb9c57799b181e92554b77ddb5e46,true,d0c80a249e557e99053e4429a8c8a2495663157df58fd268d0fdb3d3c98730b3,d0c80a249e557e99053e4429a8c8a2495663157df58fd268d0fdb3d3c98730b3,true,true
ma-g3-english-language-arts-u02-l10,ma-g3-english-language-arts,d56bb0a698f2e1492010926291d3a7cfed3fe2e947fb99a7ef4904cbe133e0a8,d56bb0a698f2e1492010926291d3a7cfed3fe2e947fb99a7ef4904cbe133e0a8,true,ceb4e802dc78e6157f14b115e05d914cf8dc64d88b32420f6f1a1f9f803bf7c0,ceb4e802dc78e6157f14b115e05d914cf8dc64d88b32420f6f1a1f9f803bf7c0,true,true
ma-g3-english-language-arts-u02-l11,ma-g3-english-language-arts,878ba1acaf9dbe9202e5f97a9a21f46ef081af84cf222dac3a84162ee16ad9f1,878ba1acaf9dbe9202e5f97a9a21f46ef081af84cf222dac3a84162ee16ad9f1,true,595e21db72c614b73dc482b61c54e8e6f8e5af5794bf1dc70bdb8dfe56d97537,595e21db72c614b73dc482b61c54e8e6f8e5af5794bf1dc70bdb8dfe56d97537,true,true
ma-g3-english-language-arts-u02-l12,ma-g3-english-language-arts,2efec48724c43f7dc21fc688f7cd7f80e1ed8843d6ebd50cc2f48032ca58d3cf,2efec48724c43f7dc21fc688f7cd7f80e1ed8843d6ebd50cc2f48032ca58d3cf,true,48de4f798ac9ccac10f10be3139ff0b68507d85ecb173fa01a5c691acf0f297a,48de4f798ac9ccac10f10be3139ff0b68507d85ecb173fa01a5c691acf0f297a,true,true
ma-g3-english-language-arts-u02-l13,ma-g3-english-language-arts,c447fafe365d4f9fd428ff7dcd3435177ec628e75b6d3afe9bc7922233448fb6,c447fafe365d4f9fd428ff7dcd3435177ec628e75b6d3afe9bc7922233448fb6,true,94ec288b06cb9694753b1a17acc8ef72c8b78a5e2316dc2ef8771de21cda0a44,94ec288b06cb9694753b1a17acc8ef72c8b78a5e2316dc2ef8771de21cda0a44,true,true
ma-g3-english-language-arts-u02-l14,ma-g3-english-language-arts,40e0597d122084ef2de182e98159be5b828c3604afaac126dd4548d1f50bb49a,40e0597d122084ef2de182e98159be5b828c3604afaac126dd4548d1f50bb49a,true,9c13c80eb030dad4cc0454dbe720a820830ce308389a9bff4fc908f12c459f54,9c13c80eb030dad4cc0454dbe720a820830ce308389a9bff4fc908f12c459f54,true,true
ma-g3-english-language-arts-u02-l15,ma-g3-english-language-arts,a275138b2bc70eefadc75b052547607757f7d96591c1ade8bc099dd429c39216,a275138b2bc70eefadc75b052547607757f7d96591c1ade8bc099dd429c39216,true,25abe5afe8c8ccaacad190b1cd19653c1d9a3989a0c7063addf19df661d8c711,25abe5afe8c8ccaacad190b1cd19653c1d9a3989a0c7063addf19df661d8c711,true,true
ma-g3-english-language-arts-u02-l16,ma-g3-english-language-arts,a7092aaf3b843d8b2f82ecd4adf8e9ff22cee42e82f2f27171d3684e34a79667,a7092aaf3b843d8b2f82ecd4adf8e9ff22cee42e82f2f27171d3684e34a79667,true,ab316e2a4416bdf194f84cae526285ddee4eef8628c8b7b6a19f2ef36739508e,ab316e2a4416bdf194f84cae526285ddee4eef8628c8b7b6a19f2ef36739508e,true,true
ma-g3-english-language-arts-u02-l17,ma-g3-english-language-arts,3460a6d8b80c8f9e986923f1e79727be3db4643bdc1b6bb7dc4574b01699b636,3460a6d8b80c8f9e986923f1e79727be3db4643bdc1b6bb7dc4574b01699b636,true,2f9bb3e23cc22dd4babec04b28716309ba3caca7ceb85bae7fa10a2cea125eb1,2f9bb3e23cc22dd4babec04b28716309ba3caca7ceb85bae7fa10a2cea125eb1,true,true
ma-g3-english-language-arts-u02-l18,ma-g3-english-language-arts,3462f7a895ab185475616be61b5b1df8fbe2d8f3cffca200f5a05ac0f662528c,3462f7a895ab185475616be61b5b1df8fbe2d8f3cffca200f5a05ac0f662528c,true,48de4f798ac9ccac10f10be3139ff0b68507d85ecb173fa01a5c691acf0f297a,48de4f798ac9ccac10f10be3139ff0b68507d85ecb173fa01a5c691acf0f297a,true,true
ma-g3-english-language-arts-u03-l01,ma-g3-english-language-arts,5f72dc5b8eb7c6b02520801ffb2452d3532cce6fff2f06a6fb3d631264286225,5f72dc5b8eb7c6b02520801ffb2452d3532cce6fff2f06a6fb3d631264286225,true,369231655d62c6b6506fb6d0b1b770629fbe5813911f0357331b293dd0099755,369231655d62c6b6506fb6d0b1b770629fbe5813911f0357331b293dd0099755,true,true
ma-g3-english-language-arts-u03-l02,ma-g3-english-language-arts,e44fe67870c96c4f7d065bdfe4ca154c10485666184fa05894f893dc4e0dd633,e44fe67870c96c4f7d065bdfe4ca154c10485666184fa05894f893dc4e0dd633,true,25abe5afe8c8ccaacad190b1cd19653c1d9a3989a0c7063addf19df661d8c711,25abe5afe8c8ccaacad190b1cd19653c1d9a3989a0c7063addf19df661d8c711,true,true
ma-g3-english-language-arts-u03-l03,ma-g3-english-language-arts,693fd836a97ed243ec53739a0b9d3dcfdf3041195bc161ea24625ca5d5dc5f86,693fd836a97ed243ec53739a0b9d3dcfdf3041195bc161ea24625ca5d5dc5f86,true,8186b5a45c6b895a62b7dbb812e5c376455efcbeaf40ad13880efb779cca4b59,8186b5a45c6b895a62b7dbb812e5c376455efcbeaf40ad13880efb779cca4b59,true,true
ma-g3-english-language-arts-u03-l04,ma-g3-english-language-arts,a2c51dfa660ef887b169d3c3ed7f812abd322a0db3a05ad45ee907aed022e50c,a2c51dfa660ef887b169d3c3ed7f812abd322a0db3a05ad45ee907aed022e50c,true,3d0274dd8d94db5dcdd0d737b0d50270eb0d078e954abb0e8517816904837b3c,3d0274dd8d94db5dcdd0d737b0d50270eb0d078e954abb0e8517816904837b3c,true,true
ma-g3-english-language-arts-u03-l05,ma-g3-english-language-arts,6185b1cf894741c78d0bdb9263f4bf14c73f339e0136327a178293820fe24409,6185b1cf894741c78d0bdb9263f4bf14c73f339e0136327a178293820fe24409,true,5c210c7678572c9be3474e4820d044b99989345d46105c159b89c586a91f7e1a,5c210c7678572c9be3474e4820d044b99989345d46105c159b89c586a91f7e1a,true,true
ma-g3-english-language-arts-u03-l06,ma-g3-english-language-arts,c3b28774c8ffb0ac487428bb5a94b7c9f6af95a5bb39c239914aefb452e2b7ed,c3b28774c8ffb0ac487428bb5a94b7c9f6af95a5bb39c239914aefb452e2b7ed,true,3d0274dd8d94db5dcdd0d737b0d50270eb0d078e954abb0e8517816904837b3c,3d0274dd8d94db5dcdd0d737b0d50270eb0d078e954abb0e8517816904837b3c,true,true
ma-g3-english-language-arts-u03-l07,ma-g3-english-language-arts,baffe808a919d6d5ff4e3018a431128776830ddfdcb182aea185ca03cad19ef1,baffe808a919d6d5ff4e3018a431128776830ddfdcb182aea185ca03cad19ef1,true,8186b5a45c6b895a62b7dbb812e5c376455efcbeaf40ad13880efb779cca4b59,8186b5a45c6b895a62b7dbb812e5c376455efcbeaf40ad13880efb779cca4b59,true,true
ma-g3-english-language-arts-u03-l08,ma-g3-english-language-arts,1b67cb01678ef6f27bf692a376f4c1080d23e6c7a29382e11f0110d8c4531d2f,1b67cb01678ef6f27bf692a376f4c1080d23e6c7a29382e11f0110d8c4531d2f,true,2b46a7093e5beb51488ca7ec3bf31fe0111652b715461473fe524cd1e54caeca,2b46a7093e5beb51488ca7ec3bf31fe0111652b715461473fe524cd1e54caeca,true,true
ma-g3-english-language-arts-u03-l09,ma-g3-english-language-arts,884e808b0c0ddbd686d563740b6769962390d4a1c5ac0f1597267f0f6e1816eb,884e808b0c0ddbd686d563740b6769962390d4a1c5ac0f1597267f0f6e1816eb,true,3791e39f97b339d180da2496dc935bc046cbdacf488a665fc91e1dc61ba627c7,3791e39f97b339d180da2496dc935bc046cbdacf488a665fc91e1dc61ba627c7,true,true
ma-g3-english-language-arts-u03-l10,ma-g3-english-language-arts,78e4f7e2dbfb0c91fdbb36f6f74e3a72cc37895120bb798f662afc8ec12cfd9b,78e4f7e2dbfb0c91fdbb36f6f74e3a72cc37895120bb798f662afc8ec12cfd9b,true,369231655d62c6b6506fb6d0b1b770629fbe5813911f0357331b293dd0099755,369231655d62c6b6506fb6d0b1b770629fbe5813911f0357331b293dd0099755,true,true
ma-g3-english-language-arts-u03-l11,ma-g3-english-language-arts,87bdeaf28e34217c7c0295cac219921f1e934467f219442448e316b1481c3b7c,87bdeaf28e34217c7c0295cac219921f1e934467f219442448e316b1481c3b7c,true,f34c2610d10fa4108c57594275cf814ef6295dcd415defc935010fcd50216304,f34c2610d10fa4108c57594275cf814ef6295dcd415defc935010fcd50216304,true,true
ma-g3-english-language-arts-u03-l12,ma-g3-english-language-arts,55ce1a3044b1e1e5b2b29eb32c390e8ba120b54c9e5647d11026bd761657f0af,55ce1a3044b1e1e5b2b29eb32c390e8ba120b54c9e5647d11026bd761657f0af,true,22ad5c7f0eab4dc34c6fba5dbf55216ea8a4d922532c97090144cbae9983f404,22ad5c7f0eab4dc34c6fba5dbf55216ea8a4d922532c97090144cbae9983f404,true,true
ma-g3-english-language-arts-u03-l13,ma-g3-english-language-arts,d9f747951cff5cf5f6cc49b0f5ed15c399cca5fca7e84928b29d8ec18fc22771,d9f747951cff5cf5f6cc49b0f5ed15c399cca5fca7e84928b29d8ec18fc22771,true,85fc75516036886dffe0a85358c52dc5c628b37d5938ed21b34261d9fdf14ed2,85fc75516036886dffe0a85358c52dc5c628b37d5938ed21b34261d9fdf14ed2,true,true
ma-g3-english-language-arts-u03-l14,ma-g3-english-language-arts,d67a7fc0db486c806826791cbee5e9213ac485574dee30d608e4345bb9ff33ce,d67a7fc0db486c806826791cbee5e9213ac485574dee30d608e4345bb9ff33ce,true,f86a8c7a7337012d312ae122c150c95ef02890463db3631673eeca90852a6913,f86a8c7a7337012d312ae122c150c95ef02890463db3631673eeca90852a6913,true,true
ma-g3-english-language-arts-u03-l15,ma-g3-english-language-arts,89e70ae87c2349c42c60800fec79cdecb0895522b358845ad856429e69a96e3f,89e70ae87c2349c42c60800fec79cdecb0895522b358845ad856429e69a96e3f,true,a3730d036eb6e1d530cc54ded7d43985b68c85e3f298c2a4c375569075837226,a3730d036eb6e1d530cc54ded7d43985b68c85e3f298c2a4c375569075837226,true,true
ma-g3-english-language-arts-u03-l16,ma-g3-english-language-arts,6119210e0dd76f2ba96fca15c7e66689effa438c07ea26fe359134629cd55563,6119210e0dd76f2ba96fca15c7e66689effa438c07ea26fe359134629cd55563,true,ed30e8dcc0ec1c5831a71b07b298a650ff0f7e703e7d61c207e63ea788944049,ed30e8dcc0ec1c5831a71b07b298a650ff0f7e703e7d61c207e63ea788944049,true,true
ma-g3-english-language-arts-u03-l17,ma-g3-english-language-arts,512725cca4cba2509d0316d7e3582cd743bdd282f90f44b4c61274a8565400e1,512725cca4cba2509d0316d7e3582cd743bdd282f90f44b4c61274a8565400e1,true,c8dbccc8b33ddf492f898abe9f62b4b0bd15fb4ee12ce8f3ec216794cb2c4114,c8dbccc8b33ddf492f898abe9f62b4b0bd15fb4ee12ce8f3ec216794cb2c4114,true,true
ma-g3-english-language-arts-u03-l18,ma-g3-english-language-arts,04a80e1f25ea303bd4addf069546d272f7eb2556ebdb46471c50d66c0854d6fc,04a80e1f25ea303bd4addf069546d272f7eb2556ebdb46471c50d66c0854d6fc,true,4386ac9da59d9d28feed9012513d31350542f2fe3690ae9e10846693fdb8d3f4,4386ac9da59d9d28feed9012513d31350542f2fe3690ae9e10846693fdb8d3f4,true,true
ma-g3-english-language-arts-u04-l01,ma-g3-english-language-arts,466e48963d05b2918976e4afbc3ef7d4a46b9fe068cdb6d0659813fc6ea62aca,466e48963d05b2918976e4afbc3ef7d4a46b9fe068cdb6d0659813fc6ea62aca,true,65d2a11a9339b4a94aef4cc865e76351f01d30d8424b3a7ddd6d617e9c7bf28f,65d2a11a9339b4a94aef4cc865e76351f01d30d8424b3a7ddd6d617e9c7bf28f,true,true
ma-g3-english-language-arts-u04-l02,ma-g3-english-language-arts,da6c449fb9dc444bba2e02f0418c666510108017e00e28055b5e34df7ba52bec,da6c449fb9dc444bba2e02f0418c666510108017e00e28055b5e34df7ba52bec,true,ab316e2a4416bdf194f84cae526285ddee4eef8628c8b7b6a19f2ef36739508e,ab316e2a4416bdf194f84cae526285ddee4eef8628c8b7b6a19f2ef36739508e,true,true
ma-g3-english-language-arts-u04-l03,ma-g3-english-language-arts,5cede738359eaaa9d5b2f555f8dab8705bd4d33bfc502d123cd252560b078472,5cede738359eaaa9d5b2f555f8dab8705bd4d33bfc502d123cd252560b078472,true,a37d079a865ec94d76c92552433909f8aee9761f667ff087553962cef0f73244,a37d079a865ec94d76c92552433909f8aee9761f667ff087553962cef0f73244,true,true
ma-g3-english-language-arts-u04-l04,ma-g3-english-language-arts,6c00d237bf9d874e75699cf9fb1aedf4a5b47dbae62b76151776fa84e0cdf0b1,6c00d237bf9d874e75699cf9fb1aedf4a5b47dbae62b76151776fa84e0cdf0b1,true,74a8ed5b8219fb38a9f4c56c6536854fc983cc237ce4e907b07d56b44750fcaa,74a8ed5b8219fb38a9f4c56c6536854fc983cc237ce4e907b07d56b44750fcaa,true,true
ma-g3-english-language-arts-u04-l05,ma-g3-english-language-arts,dcca9e8a4b100dcdf570736d47862eaf86b73daa4409371d492000898a83bd59,dcca9e8a4b100dcdf570736d47862eaf86b73daa4409371d492000898a83bd59,true,5c210c7678572c9be3474e4820d044b99989345d46105c159b89c586a91f7e1a,5c210c7678572c9be3474e4820d044b99989345d46105c159b89c586a91f7e1a,true,true
ma-g3-english-language-arts-u04-l06,ma-g3-english-language-arts,8f85b505b8613d2b4be182c73e94141a68e1616f7fef1570a596600aada5e393,8f85b505b8613d2b4be182c73e94141a68e1616f7fef1570a596600aada5e393,true,a37d079a865ec94d76c92552433909f8aee9761f667ff087553962cef0f73244,a37d079a865ec94d76c92552433909f8aee9761f667ff087553962cef0f73244,true,true
ma-g3-english-language-arts-u04-l07,ma-g3-english-language-arts,95cf96ad188e63b0baff4ea3443b8af3f0446172dfe3b5a95b2124e49a4db281,95cf96ad188e63b0baff4ea3443b8af3f0446172dfe3b5a95b2124e49a4db281,true,a37d079a865ec94d76c92552433909f8aee9761f667ff087553962cef0f73244,a37d079a865ec94d76c92552433909f8aee9761f667ff087553962cef0f73244,true,true
ma-g3-english-language-arts-u04-l08,ma-g3-english-language-arts,1efa7ae5c2d55c5b68fdcb5c4549821416470e1db482a90fbb8f0838aafd0ec0,1efa7ae5c2d55c5b68fdcb5c4549821416470e1db482a90fbb8f0838aafd0ec0,true,65d2a11a9339b4a94aef4cc865e76351f01d30d8424b3a7ddd6d617e9c7bf28f,65d2a11a9339b4a94aef4cc865e76351f01d30d8424b3a7ddd6d617e9c7bf28f,true,true
ma-g3-english-language-arts-u04-l09,ma-g3-english-language-arts,f72e3a333fd92a109e30fb6919917c2367be1cda883d9b8395603082f9e56bf3,f72e3a333fd92a109e30fb6919917c2367be1cda883d9b8395603082f9e56bf3,true,3fa032fa0c7be566f5653abaa825441fb8ee7c68f00dff53ba7bbedee35e72f9,3fa032fa0c7be566f5653abaa825441fb8ee7c68f00dff53ba7bbedee35e72f9,true,true
ma-g3-english-language-arts-u04-l10,ma-g3-english-language-arts,9c26d682c4006154fc732cdf2711618714bc701d5ca65d37961e9f6c14919fe1,9c26d682c4006154fc732cdf2711618714bc701d5ca65d37961e9f6c14919fe1,true,74a8ed5b8219fb38a9f4c56c6536854fc983cc237ce4e907b07d56b44750fcaa,74a8ed5b8219fb38a9f4c56c6536854fc983cc237ce4e907b07d56b44750fcaa,true,true
ma-g3-english-language-arts-u04-l11,ma-g3-english-language-arts,1a2cc34d805915eb138355c976d4876c81bae8553dbe4ec1eaefdeb7c4dfa67b,1a2cc34d805915eb138355c976d4876c81bae8553dbe4ec1eaefdeb7c4dfa67b,true,c91c8037dbbccca2827cd424ab3652e68ad0dbeec33f578b334408104e4e3c08,c91c8037dbbccca2827cd424ab3652e68ad0dbeec33f578b334408104e4e3c08,true,true
ma-g3-english-language-arts-u04-l12,ma-g3-english-language-arts,505f071107367d80f20bba0586e805c8830b394e05164f356b75aa6e4455c008,505f071107367d80f20bba0586e805c8830b394e05164f356b75aa6e4455c008,true,ab435a7bc6b5b8bb59b8f5ec9ee472d2119e8ec216fe6412e744565acf3302d2,ab435a7bc6b5b8bb59b8f5ec9ee472d2119e8ec216fe6412e744565acf3302d2,true,true
ma-g3-english-language-arts-u04-l13,ma-g3-english-language-arts,cc3e532dfe83244cadca99d89335822e94e1ef359e38ea96a9f0d4a74883e2ab,cc3e532dfe83244cadca99d89335822e94e1ef359e38ea96a9f0d4a74883e2ab,true,87220e1cc4f5c049707b2c1e3b547b572f84e6d7a789a8300e372b76a23ec4e9,87220e1cc4f5c049707b2c1e3b547b572f84e6d7a789a8300e372b76a23ec4e9,true,true
ma-g3-english-language-arts-u04-l14,ma-g3-english-language-arts,e1122894895d00110d20300f15400706e77c67d7fdab6a29609eb456f8e0c8d3,e1122894895d00110d20300f15400706e77c67d7fdab6a29609eb456f8e0c8d3,true,2d3656734eb7af175a29b75326f918f3ffb01d088d65f65006527ea3040faaee,2d3656734eb7af175a29b75326f918f3ffb01d088d65f65006527ea3040faaee,true,true
ma-g3-english-language-arts-u04-l15,ma-g3-english-language-arts,82a187a336af671c1b7a7d8541f00e90faba5769a383e7042fa1352435f84183,82a187a336af671c1b7a7d8541f00e90faba5769a383e7042fa1352435f84183,true,9a596f4c487c01a215fb1dcc8285da06504a58ee7a5ad314c89777435b0102ec,9a596f4c487c01a215fb1dcc8285da06504a58ee7a5ad314c89777435b0102ec,true,true
ma-g3-english-language-arts-u04-l16,ma-g3-english-language-arts,09b6b1702fb0b23a2c8a4c06162c99dd6dba34b60578b4a366f4bcdd6a454d03,09b6b1702fb0b23a2c8a4c06162c99dd6dba34b60578b4a366f4bcdd6a454d03,true,a37d079a865ec94d76c92552433909f8aee9761f667ff087553962cef0f73244,a37d079a865ec94d76c92552433909f8aee9761f667ff087553962cef0f73244,true,true
ma-g3-english-language-arts-u04-l17,ma-g3-english-language-arts,219a0207a633fed107ff5e4932419b16b8b83b4720b1f86b15dae3a6128b756c,219a0207a633fed107ff5e4932419b16b8b83b4720b1f86b15dae3a6128b756c,true,511eddf9444de20ab252f856b5789f06ab6e67582065e3911094048281dfa838,511eddf9444de20ab252f856b5789f06ab6e67582065e3911094048281dfa838,true,true
ma-g3-english-language-arts-u04-l18,ma-g3-english-language-arts,b9edcedeb801a083082c08409a4991f2e5d29c11dd492d20d9bc77a373915482,b9edcedeb801a083082c08409a4991f2e5d29c11dd492d20d9bc77a373915482,true,ee23e32493e7b1edb17aad99bfbb1febfc5e7ebb0ff4b793b5858fb068f8a908,ee23e32493e7b1edb17aad99bfbb1febfc5e7ebb0ff4b793b5858fb068f8a908,true,true
ma-g3-english-language-arts-u05-l01,ma-g3-english-language-arts,b1bbebdf8addd1e9fe40744efb4a86cf42fecb08177922adf7e7e4bdef62b8ff,b1bbebdf8addd1e9fe40744efb4a86cf42fecb08177922adf7e7e4bdef62b8ff,true,5eacad2c8b3c9962c4ec197ee31a7f04e2046bcfec88c68808e8b6d23bc28593,5eacad2c8b3c9962c4ec197ee31a7f04e2046bcfec88c68808e8b6d23bc28593,true,true
ma-g3-english-language-arts-u05-l02,ma-g3-english-language-arts,d08da899ebeb9f733bd6f0c1fa9e06ba6d0aa66b3b93d01fed0b0ea703f8da12,d08da899ebeb9f733bd6f0c1fa9e06ba6d0aa66b3b93d01fed0b0ea703f8da12,true,9afe8ef5b50be1000562b15d1859ef334b1322ff5420ee0be7eeaa8f6e067c0d,9afe8ef5b50be1000562b15d1859ef334b1322ff5420ee0be7eeaa8f6e067c0d,true,true
ma-g3-english-language-arts-u05-l03,ma-g3-english-language-arts,6f18d152de4d08f0e2db56114fc66bfd53275f0976ad1d352da13bdc0b1583d8,6f18d152de4d08f0e2db56114fc66bfd53275f0976ad1d352da13bdc0b1583d8,true,5eacad2c8b3c9962c4ec197ee31a7f04e2046bcfec88c68808e8b6d23bc28593,5eacad2c8b3c9962c4ec197ee31a7f04e2046bcfec88c68808e8b6d23bc28593,true,true
ma-g3-english-language-arts-u05-l04,ma-g3-english-language-arts,accf82d44869c6260f72affd537c0c26f2e1ce0acb0ad69f0e094f68d69d3cde,accf82d44869c6260f72affd537c0c26f2e1ce0acb0ad69f0e094f68d69d3cde,true,3f83ecd7f42b5892dce1cbb2395b1e4acd62aa0e16ad12f6196aaab2425d9454,3f83ecd7f42b5892dce1cbb2395b1e4acd62aa0e16ad12f6196aaab2425d9454,true,true
ma-g3-english-language-arts-u05-l05,ma-g3-english-language-arts,e3f89427513b97020e85eceeda015ecfa20c5a369234de5a50f50a3bc6a3c6e8,e3f89427513b97020e85eceeda015ecfa20c5a369234de5a50f50a3bc6a3c6e8,true,5c210c7678572c9be3474e4820d044b99989345d46105c159b89c586a91f7e1a,5c210c7678572c9be3474e4820d044b99989345d46105c159b89c586a91f7e1a,true,true
ma-g3-english-language-arts-u05-l06,ma-g3-english-language-arts,a5b7d75acb2a975d109937574f1556b37e23fb805414379f20c6d993893ce33c,a5b7d75acb2a975d109937574f1556b37e23fb805414379f20c6d993893ce33c,true,39d9541b92cfb92155e5439252d3c9823fd6a7145b13588a07704287fd78dcf4,39d9541b92cfb92155e5439252d3c9823fd6a7145b13588a07704287fd78dcf4,true,true
ma-g3-english-language-arts-u05-l07,ma-g3-english-language-arts,152bcc09979f7eaae87fcdec55a917073d3aeaf7339c3466671d9d1ce1fbbdbc,152bcc09979f7eaae87fcdec55a917073d3aeaf7339c3466671d9d1ce1fbbdbc,true,5eacad2c8b3c9962c4ec197ee31a7f04e2046bcfec88c68808e8b6d23bc28593,5eacad2c8b3c9962c4ec197ee31a7f04e2046bcfec88c68808e8b6d23bc28593,true,true
ma-g3-english-language-arts-u05-l08,ma-g3-english-language-arts,9f295b9c567dc103485703996432764d9e1ae8b2d40ac952f60439130d2141f0,9f295b9c567dc103485703996432764d9e1ae8b2d40ac952f60439130d2141f0,true,7f0a7f99e1117164c6b3aa289d3da440112c71e7ef157d94db0176155df0ab1a,7f0a7f99e1117164c6b3aa289d3da440112c71e7ef157d94db0176155df0ab1a,true,true
ma-g3-english-language-arts-u05-l09,ma-g3-english-language-arts,6ddcc62e7feba92505f2a04a695b4e0b61fcfcb840ec2cef268549d118ea4ee4,6ddcc62e7feba92505f2a04a695b4e0b61fcfcb840ec2cef268549d118ea4ee4,true,7f0a7f99e1117164c6b3aa289d3da440112c71e7ef157d94db0176155df0ab1a,7f0a7f99e1117164c6b3aa289d3da440112c71e7ef157d94db0176155df0ab1a,true,true
ma-g3-english-language-arts-u05-l10,ma-g3-english-language-arts,bf2544696b8ecb1a7eae795f08f7b660d2adb0b7f994f7b31c8faa7a03c15033,bf2544696b8ecb1a7eae795f08f7b660d2adb0b7f994f7b31c8faa7a03c15033,true,5eacad2c8b3c9962c4ec197ee31a7f04e2046bcfec88c68808e8b6d23bc28593,5eacad2c8b3c9962c4ec197ee31a7f04e2046bcfec88c68808e8b6d23bc28593,true,true
ma-g3-english-language-arts-u05-l11,ma-g3-english-language-arts,e55facf6afbe1518507aeabbb0eb1affc9b3b71d59d08ef74ba8e2e4449df8a1,e55facf6afbe1518507aeabbb0eb1affc9b3b71d59d08ef74ba8e2e4449df8a1,true,63ca3d7e802d616befa4123768b1b2416d552d35ad5248fbd97143c3d3950017,63ca3d7e802d616befa4123768b1b2416d552d35ad5248fbd97143c3d3950017,true,true
ma-g3-english-language-arts-u05-l12,ma-g3-english-language-arts,3065ab0fca6ccbf88084b40f5721bc24540544960701e8c6d32feaadca587698,3065ab0fca6ccbf88084b40f5721bc24540544960701e8c6d32feaadca587698,true,967b4bdaa713cb2380733a7a574f6ac1029dd2aa9777207ae9f007223d38b9b8,967b4bdaa713cb2380733a7a574f6ac1029dd2aa9777207ae9f007223d38b9b8,true,true
ma-g3-english-language-arts-u05-l13,ma-g3-english-language-arts,f292ee0f1e6a4f8800b09a501b795fc3388a01ea8950111a3514c96708c033da,f292ee0f1e6a4f8800b09a501b795fc3388a01ea8950111a3514c96708c033da,true,9c2f20acebde6ff547d637892d62cec4686ba1c399b81196a671398845108bcc,9c2f20acebde6ff547d637892d62cec4686ba1c399b81196a671398845108bcc,true,true
ma-g3-english-language-arts-u05-l14,ma-g3-english-language-arts,6c201fb05f5e17ad3823ceb183aa173639ef7bef53f0f83f3f9eb74d7154deda,6c201fb05f5e17ad3823ceb183aa173639ef7bef53f0f83f3f9eb74d7154deda,true,9c13c80eb030dad4cc0454dbe720a820830ce308389a9bff4fc908f12c459f54,9c13c80eb030dad4cc0454dbe720a820830ce308389a9bff4fc908f12c459f54,true,true
ma-g3-english-language-arts-u05-l15,ma-g3-english-language-arts,a91febce482ac577880214aeb69970530453076018442eaac237707c380d03af,a91febce482ac577880214aeb69970530453076018442eaac237707c380d03af,true,5be5b50f80f0a462161bdeae232a11fa1261ffaa93851a858b274bddfe75f089,5be5b50f80f0a462161bdeae232a11fa1261ffaa93851a858b274bddfe75f089,true,true
ma-g3-english-language-arts-u05-l16,ma-g3-english-language-arts,d07e4b9c54ebde557520f50229c010c1dd78e6a0ae778c82eff764a9dff28b0e,d07e4b9c54ebde557520f50229c010c1dd78e6a0ae778c82eff764a9dff28b0e,true,5eacad2c8b3c9962c4ec197ee31a7f04e2046bcfec88c68808e8b6d23bc28593,5eacad2c8b3c9962c4ec197ee31a7f04e2046bcfec88c68808e8b6d23bc28593,true,true
ma-g3-english-language-arts-u05-l17,ma-g3-english-language-arts,9b629076f0096c4586924f7f055d05e4cf61d77eae20f832b0d8feb6b5777084,9b629076f0096c4586924f7f055d05e4cf61d77eae20f832b0d8feb6b5777084,true,3152b3c20b959fd14ab4a0ead589c7a3bf711519d0206d7b1bd64683c4f7335c,3152b3c20b959fd14ab4a0ead589c7a3bf711519d0206d7b1bd64683c4f7335c,true,true
ma-g3-english-language-arts-u05-l18,ma-g3-english-language-arts,827f56eca0400eea0e164419d254a61dd075faa15b5506ee36a1c92cd7e13165,827f56eca0400eea0e164419d254a61dd075faa15b5506ee36a1c92cd7e13165,true,ea12733d90f511c5699349312d7e0b225d401b676ec238190d11c868fb41366d,ea12733d90f511c5699349312d7e0b225d401b676ec238190d11c868fb41366d,true,true
ma-g3-english-language-arts-u06-l01,ma-g3-english-language-arts,4927f3456ef0ff9a8e6d9c65f6fd42282862388ab24c2de08d322b31969df40f,4927f3456ef0ff9a8e6d9c65f6fd42282862388ab24c2de08d322b31969df40f,true,b22f3baa253718d541e6dd93efbbb99a1e108d4497d23e3b7ffc5b19d552cda5,b22f3baa253718d541e6dd93efbbb99a1e108d4497d23e3b7ffc5b19d552cda5,true,true
ma-g3-english-language-arts-u06-l02,ma-g3-english-language-arts,5852cd98d3df36e5f2e6cf3ffc48c3b372cff67effc0ad9a8ea76599323a09fd,5852cd98d3df36e5f2e6cf3ffc48c3b372cff67effc0ad9a8ea76599323a09fd,true,a83f78fc012667479d33f5f4506e342c560d1a407adc5198d2c2885b25b46fee,a83f78fc012667479d33f5f4506e342c560d1a407adc5198d2c2885b25b46fee,true,true
ma-g3-english-language-arts-u06-l03,ma-g3-english-language-arts,f669146bc35be181a97cfc73520bc36e3829bcdfb6933fd1c7238ca57d40f25c,f669146bc35be181a97cfc73520bc36e3829bcdfb6933fd1c7238ca57d40f25c,true,377095aa13b16c0ba9157082ac53fa10c53251173649b1ac31ff3e4fc5e91391,377095aa13b16c0ba9157082ac53fa10c53251173649b1ac31ff3e4fc5e91391,true,true
ma-g3-english-language-arts-u06-l04,ma-g3-english-language-arts,4fe343ef7281a2f52d3673be66ff09239587698424035d40169d9c2804d71a9a,4fe343ef7281a2f52d3673be66ff09239587698424035d40169d9c2804d71a9a,true,0eac0a490005f56b826c996b5849cc6ea5d455afa0c2c3289eef2e847f3a0ea4,0eac0a490005f56b826c996b5849cc6ea5d455afa0c2c3289eef2e847f3a0ea4,true,true
ma-g3-english-language-arts-u06-l05,ma-g3-english-language-arts,a79f76d8d36d82aa80eac40468de840958dd56a635040391d6bfaf6e6c3cc704,a79f76d8d36d82aa80eac40468de840958dd56a635040391d6bfaf6e6c3cc704,true,26351fc6d57dab582be92c571dca04bd266ab3738e7f99af97fcef3a05bb59e3,26351fc6d57dab582be92c571dca04bd266ab3738e7f99af97fcef3a05bb59e3,true,true
ma-g3-english-language-arts-u06-l06,ma-g3-english-language-arts,12af8b7913a215b8eb298f170d4f02d2493eff25f12fd8324ea1c66f1c3fce0e,12af8b7913a215b8eb298f170d4f02d2493eff25f12fd8324ea1c66f1c3fce0e,true,0eac0a490005f56b826c996b5849cc6ea5d455afa0c2c3289eef2e847f3a0ea4,0eac0a490005f56b826c996b5849cc6ea5d455afa0c2c3289eef2e847f3a0ea4,true,true
ma-g3-english-language-arts-u06-l07,ma-g3-english-language-arts,50e3571921653611053bcb269ea5a28fbce65838b4fb6089f0393099c74c9bdc,50e3571921653611053bcb269ea5a28fbce65838b4fb6089f0393099c74c9bdc,true,377095aa13b16c0ba9157082ac53fa10c53251173649b1ac31ff3e4fc5e91391,377095aa13b16c0ba9157082ac53fa10c53251173649b1ac31ff3e4fc5e91391,true,true
ma-g3-english-language-arts-u06-l08,ma-g3-english-language-arts,cfc572d04bb5b3e42cb791c1383b83bf8f55c6ee5804f3ef19bbb5af2b08c66a,cfc572d04bb5b3e42cb791c1383b83bf8f55c6ee5804f3ef19bbb5af2b08c66a,true,7003f8cbd6ad5a29f48b2427de1c0519f6ebdd58cbfeead146cbb53d8b2dd847,7003f8cbd6ad5a29f48b2427de1c0519f6ebdd58cbfeead146cbb53d8b2dd847,true,true
ma-g3-english-language-arts-u06-l09,ma-g3-english-language-arts,d484ae0e4fe418789c73a30e54acfc8177c25213e89b65b67ec22bcd4a945113,d484ae0e4fe418789c73a30e54acfc8177c25213e89b65b67ec22bcd4a945113,true,a0cf228cecb7e4b863626dbfa40a438d4b51017264262fcaf42c9d6c403f7aa2,a0cf228cecb7e4b863626dbfa40a438d4b51017264262fcaf42c9d6c403f7aa2,true,true
ma-g3-english-language-arts-u06-l10,ma-g3-english-language-arts,6e463e587993a968efbd61e693c780d5c0735553ea24b4bba31316ddc5fd90b2,6e463e587993a968efbd61e693c780d5c0735553ea24b4bba31316ddc5fd90b2,true,7003f8cbd6ad5a29f48b2427de1c0519f6ebdd58cbfeead146cbb53d8b2dd847,7003f8cbd6ad5a29f48b2427de1c0519f6ebdd58cbfeead146cbb53d8b2dd847,true,true
ma-g3-english-language-arts-u06-l11,ma-g3-english-language-arts,2156f79cff8dc050eb25d2f67a374a149de8f64179a8676180cc4f051cac6f82,2156f79cff8dc050eb25d2f67a374a149de8f64179a8676180cc4f051cac6f82,true,3b5c77eeb6267cca2dd8cf108407186b4db3251939394d8295bd20bfd563a3bb,3b5c77eeb6267cca2dd8cf108407186b4db3251939394d8295bd20bfd563a3bb,true,true
ma-g3-english-language-arts-u06-l12,ma-g3-english-language-arts,90efd14284afb7a8489b3c8806ed37f9d5d6c56c02fefb8102cf46469d3bd97d,90efd14284afb7a8489b3c8806ed37f9d5d6c56c02fefb8102cf46469d3bd97d,true,0eac0a490005f56b826c996b5849cc6ea5d455afa0c2c3289eef2e847f3a0ea4,0eac0a490005f56b826c996b5849cc6ea5d455afa0c2c3289eef2e847f3a0ea4,true,true
ma-g3-english-language-arts-u06-l13,ma-g3-english-language-arts,3dd62e53633410349463befa9a86d206e3b3452666c121c66d19c4d06ce227c9,3dd62e53633410349463befa9a86d206e3b3452666c121c66d19c4d06ce227c9,true,c8a0bf3eb942dd888600aa9e1595488de9cc3f876a78e25967a394ae866e20ae,c8a0bf3eb942dd888600aa9e1595488de9cc3f876a78e25967a394ae866e20ae,true,true
ma-g3-english-language-arts-u06-l14,ma-g3-english-language-arts,bb6e5fcedc870672e5991552251f68f6e1b463ca7243dbb6aa2571472c14c21e,bb6e5fcedc870672e5991552251f68f6e1b463ca7243dbb6aa2571472c14c21e,true,fbd1f03c762be7165845476ca090aea3daeafad6a2d71f45b2f3f49499fcf57c,fbd1f03c762be7165845476ca090aea3daeafad6a2d71f45b2f3f49499fcf57c,true,true
ma-g3-english-language-arts-u06-l15,ma-g3-english-language-arts,787448c8916b6a5d88290f6aa77c1e7bb94bcd8a68aff5abd7b3de726265c12f,787448c8916b6a5d88290f6aa77c1e7bb94bcd8a68aff5abd7b3de726265c12f,true,0eac0a490005f56b826c996b5849cc6ea5d455afa0c2c3289eef2e847f3a0ea4,0eac0a490005f56b826c996b5849cc6ea5d455afa0c2c3289eef2e847f3a0ea4,true,true
ma-g3-english-language-arts-u06-l16,ma-g3-english-language-arts,ea2355aa60001bebecd98cb818d4835bcd6922165c9ce3606b72ed00312135a5,ea2355aa60001bebecd98cb818d4835bcd6922165c9ce3606b72ed00312135a5,true,0eac0a490005f56b826c996b5849cc6ea5d455afa0c2c3289eef2e847f3a0ea4,0eac0a490005f56b826c996b5849cc6ea5d455afa0c2c3289eef2e847f3a0ea4,true,true
ma-g3-english-language-arts-u06-l17,ma-g3-english-language-arts,cede1e99c5f8a1b3ac4d603450bee824277f474b566cb742f66652e86e76065e,cede1e99c5f8a1b3ac4d603450bee824277f474b566cb742f66652e86e76065e,true,572deb4f8cb2d9e97d5915e4f88a588c08f647a70bdd8626196e2de79c6003bc,572deb4f8cb2d9e97d5915e4f88a588c08f647a70bdd8626196e2de79c6003bc,true,true
ma-g3-english-language-arts-u06-l18,ma-g3-english-language-arts,9ecff0e25ec6429bce33fba7fee23316927ccb1782e0d3fb290d6aa5e72e525a,9ecff0e25ec6429bce33fba7fee23316927ccb1782e0d3fb290d6aa5e72e525a,true,f96a85517abea3e429ff8790a1fd01813da091b9f07a1d3b6f6f5ffca1999744,f96a85517abea3e429ff8790a1fd01813da091b9f07a1d3b6f6f5ffca1999744,true,true
ma-g3-english-language-arts-u07-l01,ma-g3-english-language-arts,7e7fc5020dd7ae4b62572de2bd0b1d04626c120ef4153564dbebb2c1d61a4e1e,7e7fc5020dd7ae4b62572de2bd0b1d04626c120ef4153564dbebb2c1d61a4e1e,true,0dea8b3d0f8eafe8b5baccef127c3648fd12146800f8e3875558d90b1872fca5,0dea8b3d0f8eafe8b5baccef127c3648fd12146800f8e3875558d90b1872fca5,true,true
ma-g3-english-language-arts-u07-l02,ma-g3-english-language-arts,c03376aff19ac2156221a2c8cff6b1458034a1c0c48c589aba74b6474d4fef64,c03376aff19ac2156221a2c8cff6b1458034a1c0c48c589aba74b6474d4fef64,true,25abe5afe8c8ccaacad190b1cd19653c1d9a3989a0c7063addf19df661d8c711,25abe5afe8c8ccaacad190b1cd19653c1d9a3989a0c7063addf19df661d8c711,true,true
ma-g3-english-language-arts-u07-l03,ma-g3-english-language-arts,2d3df23beeb8bb64df6b072447726687467d51748429199e565860433caeb4aa,2d3df23beeb8bb64df6b072447726687467d51748429199e565860433caeb4aa,true,530c0ff3bfe0a2cf64cde1485d207ed82d30747b3e329808aefeeeece45303cf,530c0ff3bfe0a2cf64cde1485d207ed82d30747b3e329808aefeeeece45303cf,true,true
ma-g3-english-language-arts-u07-l04,ma-g3-english-language-arts,b4eab408bcfcd7433632f1418f297525e69da1f8f809caa0c344f222ca0de150,b4eab408bcfcd7433632f1418f297525e69da1f8f809caa0c344f222ca0de150,true,aa81c14c32e83136998b27e978c4faec04d35d5808bf92137482eedbcbc11a0c,aa81c14c32e83136998b27e978c4faec04d35d5808bf92137482eedbcbc11a0c,true,true
ma-g3-english-language-arts-u07-l05,ma-g3-english-language-arts,80303b3efcd5b8266ccab9f6fda12b9946945763237fb7c80a92e1110e120a03,80303b3efcd5b8266ccab9f6fda12b9946945763237fb7c80a92e1110e120a03,true,4e63f74d479b47764189ac48324f0764a929d4fecc294f8b4b821f4e1b849678,4e63f74d479b47764189ac48324f0764a929d4fecc294f8b4b821f4e1b849678,true,true
ma-g3-english-language-arts-u07-l06,ma-g3-english-language-arts,35e189d76be831bc579cbb39f70a0b0981004b9862ebce0cfc7e58fd6054a208,35e189d76be831bc579cbb39f70a0b0981004b9862ebce0cfc7e58fd6054a208,true,530c0ff3bfe0a2cf64cde1485d207ed82d30747b3e329808aefeeeece45303cf,530c0ff3bfe0a2cf64cde1485d207ed82d30747b3e329808aefeeeece45303cf,true,true
ma-g3-english-language-arts-u07-l07,ma-g3-english-language-arts,58bbec3b67f1e6a8fb13f346688b01a2c39198c031b40ecc294697332323c337,58bbec3b67f1e6a8fb13f346688b01a2c39198c031b40ecc294697332323c337,true,0dea8b3d0f8eafe8b5baccef127c3648fd12146800f8e3875558d90b1872fca5,0dea8b3d0f8eafe8b5baccef127c3648fd12146800f8e3875558d90b1872fca5,true,true
ma-g3-english-language-arts-u07-l08,ma-g3-english-language-arts,3e2e14d1dcfa3a14788c21535e17b6692584dd23817a3df35ebe66fc0a0ee502,3e2e14d1dcfa3a14788c21535e17b6692584dd23817a3df35ebe66fc0a0ee502,true,0dea8b3d0f8eafe8b5baccef127c3648fd12146800f8e3875558d90b1872fca5,0dea8b3d0f8eafe8b5baccef127c3648fd12146800f8e3875558d90b1872fca5,true,true
ma-g3-english-language-arts-u07-l09,ma-g3-english-language-arts,8ab20c7a39e6543ad89af2a405b120e9a970c39b224488d96ec1e8ffc6051dc1,8ab20c7a39e6543ad89af2a405b120e9a970c39b224488d96ec1e8ffc6051dc1,true,4ac2a6985a0bb11561bd7985342392ed96be57a56bfa719503b3886792473e03,4ac2a6985a0bb11561bd7985342392ed96be57a56bfa719503b3886792473e03,true,true
ma-g3-english-language-arts-u07-l10,ma-g3-english-language-arts,fa9aec33968a45a2eef04ce9bc437df90d92133e90e4f8674aca1d2b75f5663f,fa9aec33968a45a2eef04ce9bc437df90d92133e90e4f8674aca1d2b75f5663f,true,aa81c14c32e83136998b27e978c4faec04d35d5808bf92137482eedbcbc11a0c,aa81c14c32e83136998b27e978c4faec04d35d5808bf92137482eedbcbc11a0c,true,true
ma-g3-english-language-arts-u07-l11,ma-g3-english-language-arts,2fbcac0e835f490caaff30e24778a42b2c0203116d33b1f3b3907335cbd29bf2,2fbcac0e835f490caaff30e24778a42b2c0203116d33b1f3b3907335cbd29bf2,true,964377e4c4b67db201cd6735cc828aaf37d3a428e7e37f55a287d93eaf5a71c4,964377e4c4b67db201cd6735cc828aaf37d3a428e7e37f55a287d93eaf5a71c4,true,true
ma-g3-english-language-arts-u07-l12,ma-g3-english-language-arts,ebd2cade826839b8f7183f51bb2299ce395558fbe273c564a74e7c29d368fa87,ebd2cade826839b8f7183f51bb2299ce395558fbe273c564a74e7c29d368fa87,true,c3c7ead8c1166660ab7167dae809d9f5583dcd9ad936317cc4c488ae2a6c5547,c3c7ead8c1166660ab7167dae809d9f5583dcd9ad936317cc4c488ae2a6c5547,true,true
ma-g3-english-language-arts-u07-l13,ma-g3-english-language-arts,2f876a42c927a56a7155116737360ac1d1f090af02131c8be7cce79116e29926,2f876a42c927a56a7155116737360ac1d1f090af02131c8be7cce79116e29926,true,aa81c14c32e83136998b27e978c4faec04d35d5808bf92137482eedbcbc11a0c,aa81c14c32e83136998b27e978c4faec04d35d5808bf92137482eedbcbc11a0c,true,true
ma-g3-english-language-arts-u07-l14,ma-g3-english-language-arts,b7fcd75f8dbdd7b146a9af039a0292c34a64a8d49ed7d65e8a72cef969da2d6c,b7fcd75f8dbdd7b146a9af039a0292c34a64a8d49ed7d65e8a72cef969da2d6c,true,9c13c80eb030dad4cc0454dbe720a820830ce308389a9bff4fc908f12c459f54,9c13c80eb030dad4cc0454dbe720a820830ce308389a9bff4fc908f12c459f54,true,true
ma-g3-english-language-arts-u07-l15,ma-g3-english-language-arts,06edd79371bbdbf75abc725cdc8f1eb9a414b221a5a484f2f7ce97c966987b6b,06edd79371bbdbf75abc725cdc8f1eb9a414b221a5a484f2f7ce97c966987b6b,true,c3c7ead8c1166660ab7167dae809d9f5583dcd9ad936317cc4c488ae2a6c5547,c3c7ead8c1166660ab7167dae809d9f5583dcd9ad936317cc4c488ae2a6c5547,true,true
ma-g3-english-language-arts-u07-l16,ma-g3-english-language-arts,c5f9dab8c5e45e652536169772ec5c1ad103a99dfa280a3fd56cbbae63a237c1,c5f9dab8c5e45e652536169772ec5c1ad103a99dfa280a3fd56cbbae63a237c1,true,530c0ff3bfe0a2cf64cde1485d207ed82d30747b3e329808aefeeeece45303cf,530c0ff3bfe0a2cf64cde1485d207ed82d30747b3e329808aefeeeece45303cf,true,true
ma-g3-english-language-arts-u07-l17,ma-g3-english-language-arts,f98b852dca58799f43d1db002ac92cf19dd05cd613901d6abd3f25c1106c3b34,f98b852dca58799f43d1db002ac92cf19dd05cd613901d6abd3f25c1106c3b34,true,84d8db9f7d5e8082c184e1c6401c921804272d9f1a94b17380a6272112c04dd1,84d8db9f7d5e8082c184e1c6401c921804272d9f1a94b17380a6272112c04dd1,true,true
ma-g3-english-language-arts-u07-l18,ma-g3-english-language-arts,65b0e4835a2b2f67d0aaa77c78ed4f266ee475658350c1125763a94ffe20b6de,65b0e4835a2b2f67d0aaa77c78ed4f266ee475658350c1125763a94ffe20b6de,true,c150a5e277bdd6d21cfb72f62faab585755d14fef9d8d7d14855b09c3181aaa0,c150a5e277bdd6d21cfb72f62faab585755d14fef9d8d7d14855b09c3181aaa0,true,true
ma-g3-english-language-arts-u08-l01,ma-g3-english-language-arts,e5c5f5f606f676ffd705c3464e85b0c710e86197f968f3b607339221185177eb,e5c5f5f606f676ffd705c3464e85b0c710e86197f968f3b607339221185177eb,true,b782755c96cc70b2ebd53ceddcd6aa3b6de3284aaa503beb560682849a2cf997,b782755c96cc70b2ebd53ceddcd6aa3b6de3284aaa503beb560682849a2cf997,true,true
ma-g3-english-language-arts-u08-l02,ma-g3-english-language-arts,7c4756439408211c022428e8fd3198dc91d0e8a52c42f91cc57da64a4ac1c8c3,7c4756439408211c022428e8fd3198dc91d0e8a52c42f91cc57da64a4ac1c8c3,true,0affcc14aefaac804ac89df68460699fc4385187216cae1875f89e94684558e6,0affcc14aefaac804ac89df68460699fc4385187216cae1875f89e94684558e6,true,true
ma-g3-english-language-arts-u08-l03,ma-g3-english-language-arts,71dbf07c0fb16c0e0ae232b78c394252088135e41d3cbf80ed1049fceb877ef9,71dbf07c0fb16c0e0ae232b78c394252088135e41d3cbf80ed1049fceb877ef9,true,b782755c96cc70b2ebd53ceddcd6aa3b6de3284aaa503beb560682849a2cf997,b782755c96cc70b2ebd53ceddcd6aa3b6de3284aaa503beb560682849a2cf997,true,true
ma-g3-english-language-arts-u08-l04,ma-g3-english-language-arts,ac8891f4216b258e6827d37c2fbf259bfc86b92952d540e401ed415652754fb3,ac8891f4216b258e6827d37c2fbf259bfc86b92952d540e401ed415652754fb3,true,b782755c96cc70b2ebd53ceddcd6aa3b6de3284aaa503beb560682849a2cf997,b782755c96cc70b2ebd53ceddcd6aa3b6de3284aaa503beb560682849a2cf997,true,true
ma-g3-english-language-arts-u08-l05,ma-g3-english-language-arts,ac15dd0f0ed6902e1cb3b855649adee321fe18dadf556b1df88cc02e7119ee41,ac15dd0f0ed6902e1cb3b855649adee321fe18dadf556b1df88cc02e7119ee41,true,5c210c7678572c9be3474e4820d044b99989345d46105c159b89c586a91f7e1a,5c210c7678572c9be3474e4820d044b99989345d46105c159b89c586a91f7e1a,true,true
ma-g3-english-language-arts-u08-l06,ma-g3-english-language-arts,6a332b5723751f14b2d2beb90035bc3f794e0a1638a8e5de30be612be6668c33,6a332b5723751f14b2d2beb90035bc3f794e0a1638a8e5de30be612be6668c33,true,b782755c96cc70b2ebd53ceddcd6aa3b6de3284aaa503beb560682849a2cf997,b782755c96cc70b2ebd53ceddcd6aa3b6de3284aaa503beb560682849a2cf997,true,true
ma-g3-english-language-arts-u08-l07,ma-g3-english-language-arts,849228b7c4c34839860100370de002c07e0b134a82276ee32365ee8ceecc1258,849228b7c4c34839860100370de002c07e0b134a82276ee32365ee8ceecc1258,true,f34c2610d10fa4108c57594275cf814ef6295dcd415defc935010fcd50216304,f34c2610d10fa4108c57594275cf814ef6295dcd415defc935010fcd50216304,true,true
ma-g3-english-language-arts-u08-l08,ma-g3-english-language-arts,a03e359eb875bd65ab63ce512bb465085cbae73bd8003a01bd2d874caa659c8a,a03e359eb875bd65ab63ce512bb465085cbae73bd8003a01bd2d874caa659c8a,true,f34c2610d10fa4108c57594275cf814ef6295dcd415defc935010fcd50216304,f34c2610d10fa4108c57594275cf814ef6295dcd415defc935010fcd50216304,true,true
ma-g3-english-language-arts-u08-l09,ma-g3-english-language-arts,2bf02d21609fe1eeca402437e822c853c215d63190807f52e0dddac19c5030bb,2bf02d21609fe1eeca402437e822c853c215d63190807f52e0dddac19c5030bb,true,c183da41f00abffa0f2efcc2a5e5161d841e499263105a9a473949ae1c2443ab,c183da41f00abffa0f2efcc2a5e5161d841e499263105a9a473949ae1c2443ab,true,true
ma-g3-english-language-arts-u08-l10,ma-g3-english-language-arts,2c3a5e5500200c06d5fde1755f79e240499bb283adc34a0330faf8f65b428355,2c3a5e5500200c06d5fde1755f79e240499bb283adc34a0330faf8f65b428355,true,8b01157b25c086da57bc4f198f80b42617f105d3a70d6e27a0776147fe3f720c,8b01157b25c086da57bc4f198f80b42617f105d3a70d6e27a0776147fe3f720c,true,true
ma-g3-english-language-arts-u08-l11,ma-g3-english-language-arts,bd0dd264e4f92ad6de14dcfaa7ea00a8fea1ad4cab598997659c4c74c62fa5a4,bd0dd264e4f92ad6de14dcfaa7ea00a8fea1ad4cab598997659c4c74c62fa5a4,true,8b01157b25c086da57bc4f198f80b42617f105d3a70d6e27a0776147fe3f720c,8b01157b25c086da57bc4f198f80b42617f105d3a70d6e27a0776147fe3f720c,true,true
ma-g3-english-language-arts-u08-l12,ma-g3-english-language-arts,897bba9463a8c1ae5e5c53d8248fc4a57bb22df99f9973a604065d193c142f88,897bba9463a8c1ae5e5c53d8248fc4a57bb22df99f9973a604065d193c142f88,true,2532cc93e04c26340ecc367b1a5014ecad86d81db10c96f8ddf75f6c9b6a356e,2532cc93e04c26340ecc367b1a5014ecad86d81db10c96f8ddf75f6c9b6a356e,true,true
ma-g3-english-language-arts-u08-l13,ma-g3-english-language-arts,260bac416d0e4ed0adee33041a6d60677cbaf51d1a596b3823a7abbfbf7c6677,260bac416d0e4ed0adee33041a6d60677cbaf51d1a596b3823a7abbfbf7c6677,true,1d8cc35d619cfdd3671167b4dae9ba6daaea5c86f4416cf54a596e28656b7493,1d8cc35d619cfdd3671167b4dae9ba6daaea5c86f4416cf54a596e28656b7493,true,true
ma-g3-english-language-arts-u08-l14,ma-g3-english-language-arts,2c0863a4fc01142f9c334386ee5d2ecb66c73974e6b4623457ea918d6c2c4a14,2c0863a4fc01142f9c334386ee5d2ecb66c73974e6b4623457ea918d6c2c4a14,true,6c1cba34e07f164a7a314ce0fcbd33f0dedbb762c4a1a5a1d61c158fd84e41d0,6c1cba34e07f164a7a314ce0fcbd33f0dedbb762c4a1a5a1d61c158fd84e41d0,true,true
ma-g3-english-language-arts-u08-l15,ma-g3-english-language-arts,54eb3f0f484a2bdae3175c7eabf304f6032da1d586b08e3b3f98cba2379388db,54eb3f0f484a2bdae3175c7eabf304f6032da1d586b08e3b3f98cba2379388db,true,db63dcb0b00a27c11dbef5f8fc3dee632e397ff7aa0a473f399c18fee626273b,db63dcb0b00a27c11dbef5f8fc3dee632e397ff7aa0a473f399c18fee626273b,true,true
ma-g3-english-language-arts-u08-l16,ma-g3-english-language-arts,f2bac39ad7ac372676a13862d0195ff3d7ca83d62b00431e6ddd6ebe8b9dd79c,f2bac39ad7ac372676a13862d0195ff3d7ca83d62b00431e6ddd6ebe8b9dd79c,true,5ba9c931777f91aa37f87f350a7b9888bf0bfcd7b2f07f519d763907eda024dd,5ba9c931777f91aa37f87f350a7b9888bf0bfcd7b2f07f519d763907eda024dd,true,true
ma-g3-english-language-arts-u08-l17,ma-g3-english-language-arts,25be417b25ca3b2604bfc383014c252f18e9d24ec8009a138bba988e241c8691,25be417b25ca3b2604bfc383014c252f18e9d24ec8009a138bba988e241c8691,true,0c7e53b443379d658e14bbbef5997315f15a30b712bce6d98bcc1c102767e26a,0c7e53b443379d658e14bbbef5997315f15a30b712bce6d98bcc1c102767e26a,true,true
ma-g3-english-language-arts-u08-l18,ma-g3-english-language-arts,318cf8c00b83571d23b06efb31ebbb326af12d4022c93670e6399bcf840b7a5b,318cf8c00b83571d23b06efb31ebbb326af12d4022c93670e6399bcf840b7a5b,true,9a4e17be934e8ca6b1bd9686676376c5d44cac768eef727a53b04024d10b11eb,9a4e17be934e8ca6b1bd9686676376c5d44cac768eef727a53b04024d10b11eb,true,true
ma-g3-english-language-arts-u09-l01,ma-g3-english-language-arts,4687864dd34bd2ff662c41257577b65b193b8842d453b2cbde2696775ece03f6,4687864dd34bd2ff662c41257577b65b193b8842d453b2cbde2696775ece03f6,true,52759c7af23c963bc88e0e11e6dff0f8081f3c43f7ab705a765637a562b26a7c,52759c7af23c963bc88e0e11e6dff0f8081f3c43f7ab705a765637a562b26a7c,true,true
ma-g3-english-language-arts-u09-l02,ma-g3-english-language-arts,7f85ce3265e3f607cde791cdffbb50828107db94b9b6fdbe5491f51f514abbed,7f85ce3265e3f607cde791cdffbb50828107db94b9b6fdbe5491f51f514abbed,true,25abe5afe8c8ccaacad190b1cd19653c1d9a3989a0c7063addf19df661d8c711,25abe5afe8c8ccaacad190b1cd19653c1d9a3989a0c7063addf19df661d8c711,true,true
ma-g3-english-language-arts-u09-l03,ma-g3-english-language-arts,6a87e18d154a29041417fe2dc3d368dbdec95d63d701530cf76026caaa151ef3,6a87e18d154a29041417fe2dc3d368dbdec95d63d701530cf76026caaa151ef3,true,1f9c58998336c3bd486bffd6ec8de38fece97d7976e454f04d21c1fd9d58b698,1f9c58998336c3bd486bffd6ec8de38fece97d7976e454f04d21c1fd9d58b698,true,true
ma-g3-english-language-arts-u09-l04,ma-g3-english-language-arts,9f7a64c710e17b4c18387e490121e60788e4e1a53c7bbf6dc684b611e25862bd,9f7a64c710e17b4c18387e490121e60788e4e1a53c7bbf6dc684b611e25862bd,true,52759c7af23c963bc88e0e11e6dff0f8081f3c43f7ab705a765637a562b26a7c,52759c7af23c963bc88e0e11e6dff0f8081f3c43f7ab705a765637a562b26a7c,true,true
ma-g3-english-language-arts-u09-l05,ma-g3-english-language-arts,dbba69b741d96c02fd55602f86ab41771afb8d78b5adca1da34ad867cb013abd,dbba69b741d96c02fd55602f86ab41771afb8d78b5adca1da34ad867cb013abd,true,5c210c7678572c9be3474e4820d044b99989345d46105c159b89c586a91f7e1a,5c210c7678572c9be3474e4820d044b99989345d46105c159b89c586a91f7e1a,true,true
ma-g3-english-language-arts-u09-l06,ma-g3-english-language-arts,72fa08a1045e042407d6115024750350b8479dfff74f4c843f71794a93d6414c,72fa08a1045e042407d6115024750350b8479dfff74f4c843f71794a93d6414c,true,efa2bd519e22977d44c2113fa444ff13dd6731aa8f9d8bb37c9b39f26ca08854,efa2bd519e22977d44c2113fa444ff13dd6731aa8f9d8bb37c9b39f26ca08854,true,true
ma-g3-english-language-arts-u09-l07,ma-g3-english-language-arts,6642578d9d1ed5ca83b7f7e8a85fba7830bbb4c2dbb89c6335a9ff79624e1c24,6642578d9d1ed5ca83b7f7e8a85fba7830bbb4c2dbb89c6335a9ff79624e1c24,true,1f9c58998336c3bd486bffd6ec8de38fece97d7976e454f04d21c1fd9d58b698,1f9c58998336c3bd486bffd6ec8de38fece97d7976e454f04d21c1fd9d58b698,true,true
ma-g3-english-language-arts-u09-l08,ma-g3-english-language-arts,2a238b7e3693ef2e184d12d3f26b93841d3f9016ce7c6b9c7229dfe646de72df,2a238b7e3693ef2e184d12d3f26b93841d3f9016ce7c6b9c7229dfe646de72df,true,1f9c58998336c3bd486bffd6ec8de38fece97d7976e454f04d21c1fd9d58b698,1f9c58998336c3bd486bffd6ec8de38fece97d7976e454f04d21c1fd9d58b698,true,true
ma-g3-english-language-arts-u09-l09,ma-g3-english-language-arts,ed010e722797da79b64b177873a899c35477d646cd89923a30c4efbc99efa299,ed010e722797da79b64b177873a899c35477d646cd89923a30c4efbc99efa299,true,967b4bdaa713cb2380733a7a574f6ac1029dd2aa9777207ae9f007223d38b9b8,967b4bdaa713cb2380733a7a574f6ac1029dd2aa9777207ae9f007223d38b9b8,true,true
ma-g3-english-language-arts-u09-l10,ma-g3-english-language-arts,a060b9720089d95d05fe83fd3b3046f95bacf82169b8f86bac888fcb6e5be7f5,a060b9720089d95d05fe83fd3b3046f95bacf82169b8f86bac888fcb6e5be7f5,true,1f9c58998336c3bd486bffd6ec8de38fece97d7976e454f04d21c1fd9d58b698,1f9c58998336c3bd486bffd6ec8de38fece97d7976e454f04d21c1fd9d58b698,true,true
ma-g3-english-language-arts-u09-l11,ma-g3-english-language-arts,0e34e79cbce10b0b9e1de835e2cf29bcd06ba36a42a033a0e47cc3e5b3793096,0e34e79cbce10b0b9e1de835e2cf29bcd06ba36a42a033a0e47cc3e5b3793096,true,07a4bfa2afebfec5c97f72b69fe27248c455c641475d633950f8967f286aeb1f,07a4bfa2afebfec5c97f72b69fe27248c455c641475d633950f8967f286aeb1f,true,true
ma-g3-english-language-arts-u09-l12,ma-g3-english-language-arts,fb435a262f03a275aa06e5cf7fa5bf77824d0c5380998e2fbfb304d559c422de,fb435a262f03a275aa06e5cf7fa5bf77824d0c5380998e2fbfb304d559c422de,true,f1acf16eb49526da53b18a84fe99415adbdce148ed79fc3f2a0ad534991be733,f1acf16eb49526da53b18a84fe99415adbdce148ed79fc3f2a0ad534991be733,true,true
ma-g3-english-language-arts-u09-l13,ma-g3-english-language-arts,7191e71e79ed2a40dcd7c7f417ac080037e9b56239a027327c1e37fa8792236e,7191e71e79ed2a40dcd7c7f417ac080037e9b56239a027327c1e37fa8792236e,true,6c65e3c6dab6e36c79993b0992417e7efac6af974ac445d1b2d30884c1834844,6c65e3c6dab6e36c79993b0992417e7efac6af974ac445d1b2d30884c1834844,true,true
ma-g3-english-language-arts-u09-l14,ma-g3-english-language-arts,079721a3bc4352e533c8a1d012acd252a44e440f1108cb3365ba1a3075b77bfa,079721a3bc4352e533c8a1d012acd252a44e440f1108cb3365ba1a3075b77bfa,true,a52a588d992e77e1248392b550c6455af1017ad3df5446c6ac0813264d35433c,a52a588d992e77e1248392b550c6455af1017ad3df5446c6ac0813264d35433c,true,true
ma-g3-english-language-arts-u09-l15,ma-g3-english-language-arts,8f1d1bfa1a99cc24ed0d8aa59334fb6ae40209555087380d0b47dda4b093b7a7,8f1d1bfa1a99cc24ed0d8aa59334fb6ae40209555087380d0b47dda4b093b7a7,true,5dc203df5e14a33682633a6f71842e2e9a837af391ebdb09f02892fbc431277e,5dc203df5e14a33682633a6f71842e2e9a837af391ebdb09f02892fbc431277e,true,true
ma-g3-english-language-arts-u09-l16,ma-g3-english-language-arts,fc5b04dec5af9a0a32f8722ad1bde9134a6b8568cc7606099fd7a7dda1b54f52,fc5b04dec5af9a0a32f8722ad1bde9134a6b8568cc7606099fd7a7dda1b54f52,true,5dc203df5e14a33682633a6f71842e2e9a837af391ebdb09f02892fbc431277e,5dc203df5e14a33682633a6f71842e2e9a837af391ebdb09f02892fbc431277e,true,true
ma-g3-english-language-arts-u09-l17,ma-g3-english-language-arts,bb912b553998131f11f3e45df701a7179af771121765cf5f9c0594353ed5bcd8,bb912b553998131f11f3e45df701a7179af771121765cf5f9c0594353ed5bcd8,true,e97c7140f362d74c63dfae2749020c10e8ba36ba9306120df9832c7f5a58f80a,e97c7140f362d74c63dfae2749020c10e8ba36ba9306120df9832c7f5a58f80a,true,true
ma-g3-english-language-arts-u09-l18,ma-g3-english-language-arts,c3e940ff69ac87ab088b72505604adbc10c75a3b20a09e55e2d79b4c018feeae,c3e940ff69ac87ab088b72505604adbc10c75a3b20a09e55e2d79b4c018feeae,true,f1acf16eb49526da53b18a84fe99415adbdce148ed79fc3f2a0ad534991be733,f1acf16eb49526da53b18a84fe99415adbdce148ed79fc3f2a0ad534991be733,true,true
ma-g3-english-language-arts-u10-l01,ma-g3-english-language-arts,8ab6f68c2eea25bbb3dfb8ea72ace1da6b24c95e3683ee699ad3c7a97b917560,8ab6f68c2eea25bbb3dfb8ea72ace1da6b24c95e3683ee699ad3c7a97b917560,true,4686942a12c30d9e08a08b0c73f029f310bc0b3aeafd5b6b04f4bc54691745c9,4686942a12c30d9e08a08b0c73f029f310bc0b3aeafd5b6b04f4bc54691745c9,true,true
ma-g3-english-language-arts-u10-l02,ma-g3-english-language-arts,9061c29eae6ab927581280dc3b81b44a8ade4f54403018a8a7a5139d04875e9b,9061c29eae6ab927581280dc3b81b44a8ade4f54403018a8a7a5139d04875e9b,true,86400f85fb150f31d048bb27a9abddfc2d7c436f2252d86304800540747d4ac9,86400f85fb150f31d048bb27a9abddfc2d7c436f2252d86304800540747d4ac9,true,true
ma-g3-english-language-arts-u10-l03,ma-g3-english-language-arts,3cb7af25dc4752bdb7de7f012533f530ecd6fca4e038d45cd2a88591bb7ea0da,3cb7af25dc4752bdb7de7f012533f530ecd6fca4e038d45cd2a88591bb7ea0da,true,4fde8e9cf72fe55f89c4ecfa6ff64ab32dfa605020490de6b6d1c5df9bd9dd93,4fde8e9cf72fe55f89c4ecfa6ff64ab32dfa605020490de6b6d1c5df9bd9dd93,true,true
ma-g3-english-language-arts-u10-l04,ma-g3-english-language-arts,b70f6073db83fd2932c8b1fcc21ee300a7591a168009487e2afd2a1788fa0686,b70f6073db83fd2932c8b1fcc21ee300a7591a168009487e2afd2a1788fa0686,true,7c998fb4e9d9e6a1fa1c0b0f35a9b999c7630bfdd46414af70421121e5d96567,7c998fb4e9d9e6a1fa1c0b0f35a9b999c7630bfdd46414af70421121e5d96567,true,true
ma-g3-english-language-arts-u10-l05,ma-g3-english-language-arts,167319e3f56125ee2bc7e10c3f5c49259f4103d3103b2debda65c6053af7d3f6,167319e3f56125ee2bc7e10c3f5c49259f4103d3103b2debda65c6053af7d3f6,true,26351fc6d57dab582be92c571dca04bd266ab3738e7f99af97fcef3a05bb59e3,26351fc6d57dab582be92c571dca04bd266ab3738e7f99af97fcef3a05bb59e3,true,true
ma-g3-english-language-arts-u10-l06,ma-g3-english-language-arts,05891b4f0fcee8c10a95de3520e2c13c9b4fb9a84f00e83f1ad90660988b4187,05891b4f0fcee8c10a95de3520e2c13c9b4fb9a84f00e83f1ad90660988b4187,true,4fde8e9cf72fe55f89c4ecfa6ff64ab32dfa605020490de6b6d1c5df9bd9dd93,4fde8e9cf72fe55f89c4ecfa6ff64ab32dfa605020490de6b6d1c5df9bd9dd93,true,true
ma-g3-english-language-arts-u10-l07,ma-g3-english-language-arts,e12cdeead3f17fecac3694fd300d74ae1cb75a40d904a87f4e24f4d0b09b658e,e12cdeead3f17fecac3694fd300d74ae1cb75a40d904a87f4e24f4d0b09b658e,true,b8e401336dfa2f556dcea116b07fd5312f9cea9d8b6d399a444d5469c22a928d,b8e401336dfa2f556dcea116b07fd5312f9cea9d8b6d399a444d5469c22a928d,true,true
ma-g3-english-language-arts-u10-l08,ma-g3-english-language-arts,44023e0772e082768136c471615faa3ed394aa730abb30dcd8f2ab6b79b67d14,44023e0772e082768136c471615faa3ed394aa730abb30dcd8f2ab6b79b67d14,true,cec7a5c2bb741b776df7090a96300d820943956a6d2df93d2288719d7d441ba2,cec7a5c2bb741b776df7090a96300d820943956a6d2df93d2288719d7d441ba2,true,true
ma-g3-english-language-arts-u10-l09,ma-g3-english-language-arts,e7cae21944b57b308a7da667fa3f7c610cbe74d5a96dcc5cb754283188c1f03b,e7cae21944b57b308a7da667fa3f7c610cbe74d5a96dcc5cb754283188c1f03b,true,bf9f8303c60cbd7cb2c26178f24e501678a4e99ca59ae63eeebce0c9c2893032,bf9f8303c60cbd7cb2c26178f24e501678a4e99ca59ae63eeebce0c9c2893032,true,true
ma-g3-english-language-arts-u10-l10,ma-g3-english-language-arts,d19e28c98e0eba6c789732985e38b612a1461089eee877e9630d8a8d7461c55b,d19e28c98e0eba6c789732985e38b612a1461089eee877e9630d8a8d7461c55b,true,cec7a5c2bb741b776df7090a96300d820943956a6d2df93d2288719d7d441ba2,cec7a5c2bb741b776df7090a96300d820943956a6d2df93d2288719d7d441ba2,true,true
ma-g3-english-language-arts-u10-l11,ma-g3-english-language-arts,30dd73d910c9f873fce5d968ff773ae4dd260e5a1dc6f5b6e66bfcc75050e01b,30dd73d910c9f873fce5d968ff773ae4dd260e5a1dc6f5b6e66bfcc75050e01b,true,4d381b5ea316c222d982eebab9f5cb2e8269d1cf9a819672fe5dc1daaecc52c3,4d381b5ea316c222d982eebab9f5cb2e8269d1cf9a819672fe5dc1daaecc52c3,true,true
ma-g3-english-language-arts-u10-l12,ma-g3-english-language-arts,a48da5b4d8d9880e386b8b05ae41e18db607b1a37e67de79bbc7fba440765fb4,a48da5b4d8d9880e386b8b05ae41e18db607b1a37e67de79bbc7fba440765fb4,true,4b6842a166d51f419a5e308dee57bb249dd9f1606f454ac211aa51da8e563966,4b6842a166d51f419a5e308dee57bb249dd9f1606f454ac211aa51da8e563966,true,true
ma-g3-english-language-arts-u10-l13,ma-g3-english-language-arts,b5afd4df9eced4ba333108c39ca634e89c08a860885fec3c1819b41d3dc5b30c,b5afd4df9eced4ba333108c39ca634e89c08a860885fec3c1819b41d3dc5b30c,true,39e71afd49cfe9e681b1cc056aefe65ae5bc29c0712cc2fb89c48a6bc9308726,39e71afd49cfe9e681b1cc056aefe65ae5bc29c0712cc2fb89c48a6bc9308726,true,true
ma-g3-english-language-arts-u10-l14,ma-g3-english-language-arts,e94d4ef4b25e2f97f183f515e2b08e7b984e4c52559d04e3d89cb106f33f45a7,e94d4ef4b25e2f97f183f515e2b08e7b984e4c52559d04e3d89cb106f33f45a7,true,fbd1f03c762be7165845476ca090aea3daeafad6a2d71f45b2f3f49499fcf57c,fbd1f03c762be7165845476ca090aea3daeafad6a2d71f45b2f3f49499fcf57c,true,true
ma-g3-english-language-arts-u10-l15,ma-g3-english-language-arts,eefb229b6b1929dc1c38d6345e5f25854e4b2475ad1c7cbe0237e05af961be55,eefb229b6b1929dc1c38d6345e5f25854e4b2475ad1c7cbe0237e05af961be55,true,5b25a6be89dc8b70a565086b2a63c1b5fbfc01f13847d95bc7ae4ff5f067a610,5b25a6be89dc8b70a565086b2a63c1b5fbfc01f13847d95bc7ae4ff5f067a610,true,true
ma-g3-english-language-arts-u10-l16,ma-g3-english-language-arts,d9e107c3dd860dffc4d467ad9a1e1dfc14f4cc987d6f7aae9e01ac504187af8b,d9e107c3dd860dffc4d467ad9a1e1dfc14f4cc987d6f7aae9e01ac504187af8b,true,666bd92a9c39953ffe9927084d11991677ae7665c1a867d2edb6b201f5cb7232,666bd92a9c39953ffe9927084d11991677ae7665c1a867d2edb6b201f5cb7232,true,true
ma-g3-english-language-arts-u10-l17,ma-g3-english-language-arts,04f5ec852f1fa19b189d24944129af4bb16d0bdc0a050df04f9fc7ee498a0e20,04f5ec852f1fa19b189d24944129af4bb16d0bdc0a050df04f9fc7ee498a0e20,true,68fbc2cd359febe9791c9da71065f72d0155fdbbe0d61cf40af399f8d4a72c4d,68fbc2cd359febe9791c9da71065f72d0155fdbbe0d61cf40af399f8d4a72c4d,true,true
ma-g3-english-language-arts-u10-l18,ma-g3-english-language-arts,d03cfd5edf409bcb7bf07be2fc080e4ec41111b0aab6b3d45df050caa764f8ca,d03cfd5edf409bcb7bf07be2fc080e4ec41111b0aab6b3d45df050caa764f8ca,true,f96a85517abea3e429ff8790a1fd01813da091b9f07a1d3b6f6f5ffca1999744,f96a85517abea3e429ff8790a1fd01813da091b9f07a1d3b6f6f5ffca1999744,true,true
ma-g3-science-u01-l01,ma-g3-science,45302c71597ad4016b904ae6c95c7e9e4f5998051e0d706b424a3220b8f77fe7,45302c71597ad4016b904ae6c95c7e9e4f5998051e0d706b424a3220b8f77fe7,true,8a012bc665d50378c60303d716a9af101994aea210f0a96ad23b5a2793933779,8a012bc665d50378c60303d716a9af101994aea210f0a96ad23b5a2793933779,true,true
ma-g3-science-u01-l02,ma-g3-science,bb2300c740123a49e5ca5cfb71c5cf5104a90ade51134dae63e234cbf477cd2f,bb2300c740123a49e5ca5cfb71c5cf5104a90ade51134dae63e234cbf477cd2f,true,8a012bc665d50378c60303d716a9af101994aea210f0a96ad23b5a2793933779,8a012bc665d50378c60303d716a9af101994aea210f0a96ad23b5a2793933779,true,true
ma-g3-science-u01-l03,ma-g3-science,d3b1e5cf0f20afb4fca7d2a74a014283bc49d052a0a3a9d2e77bc3a40661ee17,d3b1e5cf0f20afb4fca7d2a74a014283bc49d052a0a3a9d2e77bc3a40661ee17,true,8a012bc665d50378c60303d716a9af101994aea210f0a96ad23b5a2793933779,8a012bc665d50378c60303d716a9af101994aea210f0a96ad23b5a2793933779,true,true
ma-g3-science-u01-l04,ma-g3-science,2f611708350fb135a47853d70e98914e35e2bebe869816314d1acfc95223e59b,2f611708350fb135a47853d70e98914e35e2bebe869816314d1acfc95223e59b,true,8a012bc665d50378c60303d716a9af101994aea210f0a96ad23b5a2793933779,8a012bc665d50378c60303d716a9af101994aea210f0a96ad23b5a2793933779,true,true
ma-g3-science-u01-l05,ma-g3-science,dfb3231304ed6d8474ee952b47dcb917da5c81a00bf2bbe2e58f6ed64f549359,dfb3231304ed6d8474ee952b47dcb917da5c81a00bf2bbe2e58f6ed64f549359,true,8a012bc665d50378c60303d716a9af101994aea210f0a96ad23b5a2793933779,8a012bc665d50378c60303d716a9af101994aea210f0a96ad23b5a2793933779,true,true
ma-g3-science-u01-l06,ma-g3-science,d35b9d756caabbda119edab9000cfa6f4a718debadf326cf90c2a41a979c81a6,d35b9d756caabbda119edab9000cfa6f4a718debadf326cf90c2a41a979c81a6,true,8a012bc665d50378c60303d716a9af101994aea210f0a96ad23b5a2793933779,8a012bc665d50378c60303d716a9af101994aea210f0a96ad23b5a2793933779,true,true
ma-g3-science-u01-l07,ma-g3-science,5db011d1cf5610cd059330af97d410794ff5e197867ae09f3d5c80db55a58a0c,5db011d1cf5610cd059330af97d410794ff5e197867ae09f3d5c80db55a58a0c,true,8a012bc665d50378c60303d716a9af101994aea210f0a96ad23b5a2793933779,8a012bc665d50378c60303d716a9af101994aea210f0a96ad23b5a2793933779,true,true
ma-g3-science-u01-l08,ma-g3-science,b3990dba422e731d9a72f910b925e290be52a1d929ce291fe54985f2bb0ce5ba,b3990dba422e731d9a72f910b925e290be52a1d929ce291fe54985f2bb0ce5ba,true,8a012bc665d50378c60303d716a9af101994aea210f0a96ad23b5a2793933779,8a012bc665d50378c60303d716a9af101994aea210f0a96ad23b5a2793933779,true,true
ma-g3-science-u01-l09,ma-g3-science,475657ad2c03f4074846a3efa61eac0bf3af2d43754c1681f1b27b6737d3c343,475657ad2c03f4074846a3efa61eac0bf3af2d43754c1681f1b27b6737d3c343,true,8a012bc665d50378c60303d716a9af101994aea210f0a96ad23b5a2793933779,8a012bc665d50378c60303d716a9af101994aea210f0a96ad23b5a2793933779,true,true
ma-g3-science-u01-l10,ma-g3-science,6fe3d19f410aedc5775938df5b9f07c05af2be66a28530e941e11498ab02219e,6fe3d19f410aedc5775938df5b9f07c05af2be66a28530e941e11498ab02219e,true,8a012bc665d50378c60303d716a9af101994aea210f0a96ad23b5a2793933779,8a012bc665d50378c60303d716a9af101994aea210f0a96ad23b5a2793933779,true,true
ma-g3-science-u01-l11,ma-g3-science,1a62fc438d8b5a0046a0eed8bff8b30d4064d1dc308a63c11ba7631f9b73d57b,1a62fc438d8b5a0046a0eed8bff8b30d4064d1dc308a63c11ba7631f9b73d57b,true,8a012bc665d50378c60303d716a9af101994aea210f0a96ad23b5a2793933779,8a012bc665d50378c60303d716a9af101994aea210f0a96ad23b5a2793933779,true,true
ma-g3-science-u01-l12,ma-g3-science,2ea85a7db941d7044f5bf8779225bfe6723d12ea18663080f49e68d52139ab4d,2ea85a7db941d7044f5bf8779225bfe6723d12ea18663080f49e68d52139ab4d,true,8a012bc665d50378c60303d716a9af101994aea210f0a96ad23b5a2793933779,8a012bc665d50378c60303d716a9af101994aea210f0a96ad23b5a2793933779,true,true
ma-g3-science-u02-l01,ma-g3-science,a8739c03c3152476757eefd9d1102cb93c40a548d66e004b7bb940ccb8d2484d,a8739c03c3152476757eefd9d1102cb93c40a548d66e004b7bb940ccb8d2484d,true,8865b66f10cb38b513a9a8e69d750ffc35b77fdd73bf475be8d4df1b847b27c3,8865b66f10cb38b513a9a8e69d750ffc35b77fdd73bf475be8d4df1b847b27c3,true,true
ma-g3-science-u02-l02,ma-g3-science,9d11d969cae7dae6ad3db7e22d4e2d739b23598f7f33b6704a04e9dd8643aa59,9d11d969cae7dae6ad3db7e22d4e2d739b23598f7f33b6704a04e9dd8643aa59,true,8865b66f10cb38b513a9a8e69d750ffc35b77fdd73bf475be8d4df1b847b27c3,8865b66f10cb38b513a9a8e69d750ffc35b77fdd73bf475be8d4df1b847b27c3,true,true
ma-g3-science-u02-l03,ma-g3-science,5519e2a0797c54074687e651ae2a5af63853eda9d51a5108502e3a44c1de5b58,5519e2a0797c54074687e651ae2a5af63853eda9d51a5108502e3a44c1de5b58,true,8865b66f10cb38b513a9a8e69d750ffc35b77fdd73bf475be8d4df1b847b27c3,8865b66f10cb38b513a9a8e69d750ffc35b77fdd73bf475be8d4df1b847b27c3,true,true
ma-g3-science-u02-l04,ma-g3-science,ee3b5edb376f4696c60ddfcfc9892511bcb9b291df1dd6b078078de3675d69dd,ee3b5edb376f4696c60ddfcfc9892511bcb9b291df1dd6b078078de3675d69dd,true,8865b66f10cb38b513a9a8e69d750ffc35b77fdd73bf475be8d4df1b847b27c3,8865b66f10cb38b513a9a8e69d750ffc35b77fdd73bf475be8d4df1b847b27c3,true,true
ma-g3-science-u02-l05,ma-g3-science,103c06e35cbdbe220cb09c810dd24355fa0d95f2e826b1f84b82c85f49fe5ea6,103c06e35cbdbe220cb09c810dd24355fa0d95f2e826b1f84b82c85f49fe5ea6,true,8865b66f10cb38b513a9a8e69d750ffc35b77fdd73bf475be8d4df1b847b27c3,8865b66f10cb38b513a9a8e69d750ffc35b77fdd73bf475be8d4df1b847b27c3,true,true
ma-g3-science-u02-l06,ma-g3-science,2e578a623ae8c917d9324808b0fe25b503843eabe407df6aa441630b22c37d9b,2e578a623ae8c917d9324808b0fe25b503843eabe407df6aa441630b22c37d9b,true,8865b66f10cb38b513a9a8e69d750ffc35b77fdd73bf475be8d4df1b847b27c3,8865b66f10cb38b513a9a8e69d750ffc35b77fdd73bf475be8d4df1b847b27c3,true,true
ma-g3-science-u02-l07,ma-g3-science,02a8c7aef3a6c87104531e56324ed58d7b567d09a4ade56726461ee2baa20133,02a8c7aef3a6c87104531e56324ed58d7b567d09a4ade56726461ee2baa20133,true,8865b66f10cb38b513a9a8e69d750ffc35b77fdd73bf475be8d4df1b847b27c3,8865b66f10cb38b513a9a8e69d750ffc35b77fdd73bf475be8d4df1b847b27c3,true,true
ma-g3-science-u02-l08,ma-g3-science,98ec4e7f8403b7215b1061cb61a1ee2d62727a944564f3c4bf7b35b04c8ee4bc,98ec4e7f8403b7215b1061cb61a1ee2d62727a944564f3c4bf7b35b04c8ee4bc,true,8865b66f10cb38b513a9a8e69d750ffc35b77fdd73bf475be8d4df1b847b27c3,8865b66f10cb38b513a9a8e69d750ffc35b77fdd73bf475be8d4df1b847b27c3,true,true
ma-g3-science-u02-l09,ma-g3-science,18fe7fccd6e4dc86c1bb0e025dbc263214d333cd14ca8a2ed61088dabff2d5d5,18fe7fccd6e4dc86c1bb0e025dbc263214d333cd14ca8a2ed61088dabff2d5d5,true,8865b66f10cb38b513a9a8e69d750ffc35b77fdd73bf475be8d4df1b847b27c3,8865b66f10cb38b513a9a8e69d750ffc35b77fdd73bf475be8d4df1b847b27c3,true,true
ma-g3-science-u02-l10,ma-g3-science,0c8f2ba34319640569db686dc5e2d3eeee43fe1e1a5276c1dce7e9ab6523b471,0c8f2ba34319640569db686dc5e2d3eeee43fe1e1a5276c1dce7e9ab6523b471,true,8865b66f10cb38b513a9a8e69d750ffc35b77fdd73bf475be8d4df1b847b27c3,8865b66f10cb38b513a9a8e69d750ffc35b77fdd73bf475be8d4df1b847b27c3,true,true
ma-g3-science-u02-l11,ma-g3-science,06584481bd02789e0761e5784d4d21dd2802ee584c33b587eb2d703920834a94,06584481bd02789e0761e5784d4d21dd2802ee584c33b587eb2d703920834a94,true,8865b66f10cb38b513a9a8e69d750ffc35b77fdd73bf475be8d4df1b847b27c3,8865b66f10cb38b513a9a8e69d750ffc35b77fdd73bf475be8d4df1b847b27c3,true,true
ma-g3-science-u02-l12,ma-g3-science,7436e7456390f75d163d6f636c1c724012c05380ba47326cfcd722c3485dfffc,7436e7456390f75d163d6f636c1c724012c05380ba47326cfcd722c3485dfffc,true,8865b66f10cb38b513a9a8e69d750ffc35b77fdd73bf475be8d4df1b847b27c3,8865b66f10cb38b513a9a8e69d750ffc35b77fdd73bf475be8d4df1b847b27c3,true,true
ma-g3-science-u03-l01,ma-g3-science,2e1fda388d0b79713b0d048e5ac36f9df0889865fcca63e8df10ce00986caaf3,2e1fda388d0b79713b0d048e5ac36f9df0889865fcca63e8df10ce00986caaf3,true,4baf060b325ce95ca211afbb6db7375bf325cced202c9c3cdafe17eae553bd6c,4baf060b325ce95ca211afbb6db7375bf325cced202c9c3cdafe17eae553bd6c,true,true
ma-g3-science-u03-l02,ma-g3-science,d67fa7bcb02904f6b73be7c626b1e6dfd2c0ef4a7b11d2173e5164f6ad77834f,d67fa7bcb02904f6b73be7c626b1e6dfd2c0ef4a7b11d2173e5164f6ad77834f,true,4baf060b325ce95ca211afbb6db7375bf325cced202c9c3cdafe17eae553bd6c,4baf060b325ce95ca211afbb6db7375bf325cced202c9c3cdafe17eae553bd6c,true,true
ma-g3-science-u03-l03,ma-g3-science,5f4e84418b21906ade9d8f619e3d9dc3c5e461c6615d6717e07c3d6da57a0844,5f4e84418b21906ade9d8f619e3d9dc3c5e461c6615d6717e07c3d6da57a0844,true,4baf060b325ce95ca211afbb6db7375bf325cced202c9c3cdafe17eae553bd6c,4baf060b325ce95ca211afbb6db7375bf325cced202c9c3cdafe17eae553bd6c,true,true
ma-g3-science-u03-l04,ma-g3-science,d7946b96b00dfd138e32e24be34ee3502514c05f7316b6aac412895fa5383231,d7946b96b00dfd138e32e24be34ee3502514c05f7316b6aac412895fa5383231,true,4baf060b325ce95ca211afbb6db7375bf325cced202c9c3cdafe17eae553bd6c,4baf060b325ce95ca211afbb6db7375bf325cced202c9c3cdafe17eae553bd6c,true,true
ma-g3-science-u03-l05,ma-g3-science,c768a4999621f4979670785df48a90c161abd03d86df6fdba4b3dec2e9e790c0,c768a4999621f4979670785df48a90c161abd03d86df6fdba4b3dec2e9e790c0,true,4baf060b325ce95ca211afbb6db7375bf325cced202c9c3cdafe17eae553bd6c,4baf060b325ce95ca211afbb6db7375bf325cced202c9c3cdafe17eae553bd6c,true,true
ma-g3-science-u03-l06,ma-g3-science,52c3f084ce258c2e393119931a7dadd3236b281c86f8c553aae8f7ed9c0c57d8,52c3f084ce258c2e393119931a7dadd3236b281c86f8c553aae8f7ed9c0c57d8,true,4baf060b325ce95ca211afbb6db7375bf325cced202c9c3cdafe17eae553bd6c,4baf060b325ce95ca211afbb6db7375bf325cced202c9c3cdafe17eae553bd6c,true,true
ma-g3-science-u03-l07,ma-g3-science,7fa1510a996ed7b89af62319d76de590b5ada721747b7ea8a2f598fc67e607bd,7fa1510a996ed7b89af62319d76de590b5ada721747b7ea8a2f598fc67e607bd,true,4baf060b325ce95ca211afbb6db7375bf325cced202c9c3cdafe17eae553bd6c,4baf060b325ce95ca211afbb6db7375bf325cced202c9c3cdafe17eae553bd6c,true,true
ma-g3-science-u03-l08,ma-g3-science,fb36766fa230a60c414ba72e56137fb8b91b172fa788c09e5007eb9782f3f340,fb36766fa230a60c414ba72e56137fb8b91b172fa788c09e5007eb9782f3f340,true,4baf060b325ce95ca211afbb6db7375bf325cced202c9c3cdafe17eae553bd6c,4baf060b325ce95ca211afbb6db7375bf325cced202c9c3cdafe17eae553bd6c,true,true
ma-g3-science-u03-l09,ma-g3-science,6100591941aa358eb2286fdc7e6e1626d6560a3295b0d49e2018fe848e48340a,6100591941aa358eb2286fdc7e6e1626d6560a3295b0d49e2018fe848e48340a,true,4baf060b325ce95ca211afbb6db7375bf325cced202c9c3cdafe17eae553bd6c,4baf060b325ce95ca211afbb6db7375bf325cced202c9c3cdafe17eae553bd6c,true,true
ma-g3-science-u03-l10,ma-g3-science,5e3cc08c220086310840e140beaea7b2bb3397618063ca04ae2df84b262204ae,5e3cc08c220086310840e140beaea7b2bb3397618063ca04ae2df84b262204ae,true,4baf060b325ce95ca211afbb6db7375bf325cced202c9c3cdafe17eae553bd6c,4baf060b325ce95ca211afbb6db7375bf325cced202c9c3cdafe17eae553bd6c,true,true
ma-g3-science-u03-l11,ma-g3-science,9ff71aca01a84a888d96f34735ff734aed21780cf08db70083cb533e52b9339b,9ff71aca01a84a888d96f34735ff734aed21780cf08db70083cb533e52b9339b,true,4baf060b325ce95ca211afbb6db7375bf325cced202c9c3cdafe17eae553bd6c,4baf060b325ce95ca211afbb6db7375bf325cced202c9c3cdafe17eae553bd6c,true,true
ma-g3-science-u03-l12,ma-g3-science,9c23380d5e0549630a6156be8a42bb2b749577cd0cc9db8df75873e6fb6a8e97,9c23380d5e0549630a6156be8a42bb2b749577cd0cc9db8df75873e6fb6a8e97,true,4baf060b325ce95ca211afbb6db7375bf325cced202c9c3cdafe17eae553bd6c,4baf060b325ce95ca211afbb6db7375bf325cced202c9c3cdafe17eae553bd6c,true,true
ma-g3-science-u04-l01,ma-g3-science,fc4d54648e1a39127a41cec2f893617c4741b229272a4b5eb4700714be6d2b81,fc4d54648e1a39127a41cec2f893617c4741b229272a4b5eb4700714be6d2b81,true,a51b9ae6ae467b26a4a46c9333474f00f2fea67efd5dc0197f7301f5fa2a6455,a51b9ae6ae467b26a4a46c9333474f00f2fea67efd5dc0197f7301f5fa2a6455,true,true
ma-g3-science-u04-l02,ma-g3-science,5abb87736e72f2e0309311cd515b2118b9fae8b371f47d6842f7dabe6e12138c,5abb87736e72f2e0309311cd515b2118b9fae8b371f47d6842f7dabe6e12138c,true,a51b9ae6ae467b26a4a46c9333474f00f2fea67efd5dc0197f7301f5fa2a6455,a51b9ae6ae467b26a4a46c9333474f00f2fea67efd5dc0197f7301f5fa2a6455,true,true
ma-g3-science-u04-l03,ma-g3-science,ed2c9ef441e8f37891bb68abe048fb0a561d243d5137b2f0ab2a8f596c94bdec,ed2c9ef441e8f37891bb68abe048fb0a561d243d5137b2f0ab2a8f596c94bdec,true,a51b9ae6ae467b26a4a46c9333474f00f2fea67efd5dc0197f7301f5fa2a6455,a51b9ae6ae467b26a4a46c9333474f00f2fea67efd5dc0197f7301f5fa2a6455,true,true
ma-g3-science-u04-l04,ma-g3-science,51849ca80ed466e32d4380bdf5442fa2f2971901460d059ecc28d16b969bdcd0,51849ca80ed466e32d4380bdf5442fa2f2971901460d059ecc28d16b969bdcd0,true,a51b9ae6ae467b26a4a46c9333474f00f2fea67efd5dc0197f7301f5fa2a6455,a51b9ae6ae467b26a4a46c9333474f00f2fea67efd5dc0197f7301f5fa2a6455,true,true
ma-g3-science-u04-l05,ma-g3-science,7c45ca18e04405f3cf1c5a540074cbaba5a3fd09e0961e0851fab8ebacd722c4,7c45ca18e04405f3cf1c5a540074cbaba5a3fd09e0961e0851fab8ebacd722c4,true,a51b9ae6ae467b26a4a46c9333474f00f2fea67efd5dc0197f7301f5fa2a6455,a51b9ae6ae467b26a4a46c9333474f00f2fea67efd5dc0197f7301f5fa2a6455,true,true
ma-g3-science-u04-l06,ma-g3-science,20a7610964d531cd106eead2a38135c002483000a154397c628611fd12772dee,20a7610964d531cd106eead2a38135c002483000a154397c628611fd12772dee,true,a51b9ae6ae467b26a4a46c9333474f00f2fea67efd5dc0197f7301f5fa2a6455,a51b9ae6ae467b26a4a46c9333474f00f2fea67efd5dc0197f7301f5fa2a6455,true,true
ma-g3-science-u04-l07,ma-g3-science,97753362ef6d3e450264b3b88f2d0516f502540a874dc7e8aed415c03b3f4ca8,97753362ef6d3e450264b3b88f2d0516f502540a874dc7e8aed415c03b3f4ca8,true,a51b9ae6ae467b26a4a46c9333474f00f2fea67efd5dc0197f7301f5fa2a6455,a51b9ae6ae467b26a4a46c9333474f00f2fea67efd5dc0197f7301f5fa2a6455,true,true
ma-g3-science-u04-l08,ma-g3-science,c4875a17c799c13ebf83c94b3efe7b280bf82a58ae7e337ae41adb4049189669,c4875a17c799c13ebf83c94b3efe7b280bf82a58ae7e337ae41adb4049189669,true,a51b9ae6ae467b26a4a46c9333474f00f2fea67efd5dc0197f7301f5fa2a6455,a51b9ae6ae467b26a4a46c9333474f00f2fea67efd5dc0197f7301f5fa2a6455,true,true
ma-g3-science-u04-l09,ma-g3-science,06f5c57d214c4a004990285e00cea9dfe36460ee7bad26639b5c3b3bafe938d0,06f5c57d214c4a004990285e00cea9dfe36460ee7bad26639b5c3b3bafe938d0,true,a51b9ae6ae467b26a4a46c9333474f00f2fea67efd5dc0197f7301f5fa2a6455,a51b9ae6ae467b26a4a46c9333474f00f2fea67efd5dc0197f7301f5fa2a6455,true,true
ma-g3-science-u04-l10,ma-g3-science,48d43b3209a0e49a099d166563eb7137932894fba53a681ed02d46d02a6b7a39,48d43b3209a0e49a099d166563eb7137932894fba53a681ed02d46d02a6b7a39,true,a51b9ae6ae467b26a4a46c9333474f00f2fea67efd5dc0197f7301f5fa2a6455,a51b9ae6ae467b26a4a46c9333474f00f2fea67efd5dc0197f7301f5fa2a6455,true,true
ma-g3-science-u04-l11,ma-g3-science,1eab342f15b7733a07958b2c97d56638daef3d98f5e190fd5ae907898e78a60b,1eab342f15b7733a07958b2c97d56638daef3d98f5e190fd5ae907898e78a60b,true,a51b9ae6ae467b26a4a46c9333474f00f2fea67efd5dc0197f7301f5fa2a6455,a51b9ae6ae467b26a4a46c9333474f00f2fea67efd5dc0197f7301f5fa2a6455,true,true
ma-g3-science-u04-l12,ma-g3-science,f75b476e2675c9e622ae5a1fd0f7882ab39b12f4d1674507442a5b1db25c6ab3,f75b476e2675c9e622ae5a1fd0f7882ab39b12f4d1674507442a5b1db25c6ab3,true,a51b9ae6ae467b26a4a46c9333474f00f2fea67efd5dc0197f7301f5fa2a6455,a51b9ae6ae467b26a4a46c9333474f00f2fea67efd5dc0197f7301f5fa2a6455,true,true
ma-g3-science-u05-l01,ma-g3-science,70bec7b3b44c13d0a46dfd0ccf446d9215bd07dcab246714827e6fe2ac4fc8aa,70bec7b3b44c13d0a46dfd0ccf446d9215bd07dcab246714827e6fe2ac4fc8aa,true,c6559f8be7aef7ee19c952f507264b01820c9df34ff994a27d7098cc3653a84e,c6559f8be7aef7ee19c952f507264b01820c9df34ff994a27d7098cc3653a84e,true,true
ma-g3-science-u05-l02,ma-g3-science,931fa88fea55b0ab8d27388aebdfeb7a05972e90f1bf07c824c23a0ed18a642b,931fa88fea55b0ab8d27388aebdfeb7a05972e90f1bf07c824c23a0ed18a642b,true,c6559f8be7aef7ee19c952f507264b01820c9df34ff994a27d7098cc3653a84e,c6559f8be7aef7ee19c952f507264b01820c9df34ff994a27d7098cc3653a84e,true,true
ma-g3-science-u05-l03,ma-g3-science,241cca23cbc76ecfa8d5b8b35b97a050be13190e4a9385dcc655b07e063639c1,241cca23cbc76ecfa8d5b8b35b97a050be13190e4a9385dcc655b07e063639c1,true,c6559f8be7aef7ee19c952f507264b01820c9df34ff994a27d7098cc3653a84e,c6559f8be7aef7ee19c952f507264b01820c9df34ff994a27d7098cc3653a84e,true,true
ma-g3-science-u05-l04,ma-g3-science,60bebc30994548b4df71a924c6518611416c4ee378574740155c92a9f805dbee,60bebc30994548b4df71a924c6518611416c4ee378574740155c92a9f805dbee,true,c6559f8be7aef7ee19c952f507264b01820c9df34ff994a27d7098cc3653a84e,c6559f8be7aef7ee19c952f507264b01820c9df34ff994a27d7098cc3653a84e,true,true
ma-g3-science-u05-l05,ma-g3-science,fdd6a913f9e0365dd4924b21e15976e93fcb0d3900252c22d20ef575eb6ac02d,fdd6a913f9e0365dd4924b21e15976e93fcb0d3900252c22d20ef575eb6ac02d,true,c6559f8be7aef7ee19c952f507264b01820c9df34ff994a27d7098cc3653a84e,c6559f8be7aef7ee19c952f507264b01820c9df34ff994a27d7098cc3653a84e,true,true
ma-g3-science-u05-l06,ma-g3-science,e1f5c60c47a4db415147b4ee14ef94f32d634a054dcd578144867afcc12b3e90,e1f5c60c47a4db415147b4ee14ef94f32d634a054dcd578144867afcc12b3e90,true,c6559f8be7aef7ee19c952f507264b01820c9df34ff994a27d7098cc3653a84e,c6559f8be7aef7ee19c952f507264b01820c9df34ff994a27d7098cc3653a84e,true,true
ma-g3-science-u05-l07,ma-g3-science,132d17c377adc76ff98abf9aabd69bc10647ae0688957306673e306b0caf3c0e,132d17c377adc76ff98abf9aabd69bc10647ae0688957306673e306b0caf3c0e,true,c6559f8be7aef7ee19c952f507264b01820c9df34ff994a27d7098cc3653a84e,c6559f8be7aef7ee19c952f507264b01820c9df34ff994a27d7098cc3653a84e,true,true
ma-g3-science-u05-l08,ma-g3-science,aae43a654782987275c74058ca6963f8c0f1b4a65e91fa4a3ab5052fb436fc57,aae43a654782987275c74058ca6963f8c0f1b4a65e91fa4a3ab5052fb436fc57,true,c6559f8be7aef7ee19c952f507264b01820c9df34ff994a27d7098cc3653a84e,c6559f8be7aef7ee19c952f507264b01820c9df34ff994a27d7098cc3653a84e,true,true
ma-g3-science-u05-l09,ma-g3-science,c27d638f1300c268e300f05946a69e8ce33ab491a07bfb1e9a20b76be8d41829,c27d638f1300c268e300f05946a69e8ce33ab491a07bfb1e9a20b76be8d41829,true,c6559f8be7aef7ee19c952f507264b01820c9df34ff994a27d7098cc3653a84e,c6559f8be7aef7ee19c952f507264b01820c9df34ff994a27d7098cc3653a84e,true,true
ma-g3-science-u05-l10,ma-g3-science,cd1ffa322114f494761bff4db76ffc0958610ba63b13ee56dd5d9527b22566f7,cd1ffa322114f494761bff4db76ffc0958610ba63b13ee56dd5d9527b22566f7,true,c6559f8be7aef7ee19c952f507264b01820c9df34ff994a27d7098cc3653a84e,c6559f8be7aef7ee19c952f507264b01820c9df34ff994a27d7098cc3653a84e,true,true
ma-g3-science-u05-l11,ma-g3-science,a1999be3a255ea042ca04f18c35b3f160b0fea33667b4e1aa84d2a8c707f5111,a1999be3a255ea042ca04f18c35b3f160b0fea33667b4e1aa84d2a8c707f5111,true,c6559f8be7aef7ee19c952f507264b01820c9df34ff994a27d7098cc3653a84e,c6559f8be7aef7ee19c952f507264b01820c9df34ff994a27d7098cc3653a84e,true,true
ma-g3-science-u05-l12,ma-g3-science,6dc0ae1270aad152e0d4dabb7bd83f8225ef2541d185394da6bbd7503f76c703,6dc0ae1270aad152e0d4dabb7bd83f8225ef2541d185394da6bbd7503f76c703,true,c6559f8be7aef7ee19c952f507264b01820c9df34ff994a27d7098cc3653a84e,c6559f8be7aef7ee19c952f507264b01820c9df34ff994a27d7098cc3653a84e,true,true
ma-g3-science-u06-l01,ma-g3-science,8795a950fe5584d779004fb613b03a8cc17aa85789af176ded7aa400d47fe8dc,8795a950fe5584d779004fb613b03a8cc17aa85789af176ded7aa400d47fe8dc,true,3032aa8dbd85ef3bc1af10c84713451d767a53071b81aabc1329f218e4164bac,3032aa8dbd85ef3bc1af10c84713451d767a53071b81aabc1329f218e4164bac,true,true
ma-g3-science-u06-l02,ma-g3-science,ddc874631524f7ed9b776f7606b72c2693d93f0d00be7aa5cd5edf0cb9e3647a,ddc874631524f7ed9b776f7606b72c2693d93f0d00be7aa5cd5edf0cb9e3647a,true,3032aa8dbd85ef3bc1af10c84713451d767a53071b81aabc1329f218e4164bac,3032aa8dbd85ef3bc1af10c84713451d767a53071b81aabc1329f218e4164bac,true,true
ma-g3-science-u06-l03,ma-g3-science,2cae0a3077d1c59296158f70f5109b93938149932d54e2d5630df228439d42fd,2cae0a3077d1c59296158f70f5109b93938149932d54e2d5630df228439d42fd,true,3032aa8dbd85ef3bc1af10c84713451d767a53071b81aabc1329f218e4164bac,3032aa8dbd85ef3bc1af10c84713451d767a53071b81aabc1329f218e4164bac,true,true
ma-g3-science-u06-l04,ma-g3-science,86d679eaefaf93db704482b30f67e97a5c3497a8d6b5a86353e037620e580212,86d679eaefaf93db704482b30f67e97a5c3497a8d6b5a86353e037620e580212,true,3032aa8dbd85ef3bc1af10c84713451d767a53071b81aabc1329f218e4164bac,3032aa8dbd85ef3bc1af10c84713451d767a53071b81aabc1329f218e4164bac,true,true
ma-g3-science-u06-l05,ma-g3-science,2461707bb4283f0be9282f83ffe3bed39246d46a28b3c1a66c5b4438a0d5c2ed,2461707bb4283f0be9282f83ffe3bed39246d46a28b3c1a66c5b4438a0d5c2ed,true,3032aa8dbd85ef3bc1af10c84713451d767a53071b81aabc1329f218e4164bac,3032aa8dbd85ef3bc1af10c84713451d767a53071b81aabc1329f218e4164bac,true,true
ma-g3-science-u06-l06,ma-g3-science,dbdb070790b1b80068a8ff1e0bb262cf33f2e06438d87cd4a8009c71e9730d1d,dbdb070790b1b80068a8ff1e0bb262cf33f2e06438d87cd4a8009c71e9730d1d,true,3032aa8dbd85ef3bc1af10c84713451d767a53071b81aabc1329f218e4164bac,3032aa8dbd85ef3bc1af10c84713451d767a53071b81aabc1329f218e4164bac,true,true
ma-g3-science-u06-l07,ma-g3-science,6d566872e13ef8b41428f8a643f06bbb86d9232c5ffd87e7d130c883b0ce70ae,6d566872e13ef8b41428f8a643f06bbb86d9232c5ffd87e7d130c883b0ce70ae,true,3032aa8dbd85ef3bc1af10c84713451d767a53071b81aabc1329f218e4164bac,3032aa8dbd85ef3bc1af10c84713451d767a53071b81aabc1329f218e4164bac,true,true
ma-g3-science-u06-l08,ma-g3-science,a51009bf839f401a27eda6cccf9215c9d727ffaff04a03643e82584a5fc03548,a51009bf839f401a27eda6cccf9215c9d727ffaff04a03643e82584a5fc03548,true,3032aa8dbd85ef3bc1af10c84713451d767a53071b81aabc1329f218e4164bac,3032aa8dbd85ef3bc1af10c84713451d767a53071b81aabc1329f218e4164bac,true,true
ma-g3-science-u06-l09,ma-g3-science,31e2a196496b29a9f35144d781f3d4a0f6e78ace9c7b274e629414c8a520fe02,31e2a196496b29a9f35144d781f3d4a0f6e78ace9c7b274e629414c8a520fe02,true,3032aa8dbd85ef3bc1af10c84713451d767a53071b81aabc1329f218e4164bac,3032aa8dbd85ef3bc1af10c84713451d767a53071b81aabc1329f218e4164bac,true,true
ma-g3-science-u06-l10,ma-g3-science,708724e5e8c7b9f1b2f82d6238031c4634f18afd04452a1fb057375fda66bf8c,708724e5e8c7b9f1b2f82d6238031c4634f18afd04452a1fb057375fda66bf8c,true,3032aa8dbd85ef3bc1af10c84713451d767a53071b81aabc1329f218e4164bac,3032aa8dbd85ef3bc1af10c84713451d767a53071b81aabc1329f218e4164bac,true,true
ma-g3-science-u06-l11,ma-g3-science,edd176be6efe1146e8b29c97f3246327da0ccd1be9bc8edce377c82439a979c7,edd176be6efe1146e8b29c97f3246327da0ccd1be9bc8edce377c82439a979c7,true,3032aa8dbd85ef3bc1af10c84713451d767a53071b81aabc1329f218e4164bac,3032aa8dbd85ef3bc1af10c84713451d767a53071b81aabc1329f218e4164bac,true,true
ma-g3-science-u06-l12,ma-g3-science,f02d89fe0099cadb8976edace115983bd2a81f927146ac0a904d831dfc97d299,f02d89fe0099cadb8976edace115983bd2a81f927146ac0a904d831dfc97d299,true,3032aa8dbd85ef3bc1af10c84713451d767a53071b81aabc1329f218e4164bac,3032aa8dbd85ef3bc1af10c84713451d767a53071b81aabc1329f218e4164bac,true,true
ma-g3-science-u07-l01,ma-g3-science,d5b0c69d71e9cd3242e81143739a0212bb7b55785bc3c97af89f1aeccb7a2349,d5b0c69d71e9cd3242e81143739a0212bb7b55785bc3c97af89f1aeccb7a2349,true,dc3acb16de63988ed8fff8cf654ba63d81b8a8e888ca4cb6789fef5d06874adf,dc3acb16de63988ed8fff8cf654ba63d81b8a8e888ca4cb6789fef5d06874adf,true,true
ma-g3-science-u07-l02,ma-g3-science,a48ac41edece3b71df5ab5c78e3be6589f4cd27ea38b8bb5106f5b4009a132ac,a48ac41edece3b71df5ab5c78e3be6589f4cd27ea38b8bb5106f5b4009a132ac,true,dc3acb16de63988ed8fff8cf654ba63d81b8a8e888ca4cb6789fef5d06874adf,dc3acb16de63988ed8fff8cf654ba63d81b8a8e888ca4cb6789fef5d06874adf,true,true
ma-g3-science-u07-l03,ma-g3-science,fdf1b9c0d1ba595abb3e6a3eaa2fd49a2a71bd7bc802aff64642a43ab472bdca,fdf1b9c0d1ba595abb3e6a3eaa2fd49a2a71bd7bc802aff64642a43ab472bdca,true,dc3acb16de63988ed8fff8cf654ba63d81b8a8e888ca4cb6789fef5d06874adf,dc3acb16de63988ed8fff8cf654ba63d81b8a8e888ca4cb6789fef5d06874adf,true,true
ma-g3-science-u07-l04,ma-g3-science,278ab32008f0e4f19d908fb96aa85668b4afc76aa85f9dd4e41b137293991b46,278ab32008f0e4f19d908fb96aa85668b4afc76aa85f9dd4e41b137293991b46,true,dc3acb16de63988ed8fff8cf654ba63d81b8a8e888ca4cb6789fef5d06874adf,dc3acb16de63988ed8fff8cf654ba63d81b8a8e888ca4cb6789fef5d06874adf,true,true
ma-g3-science-u07-l05,ma-g3-science,ba6b9532f11d3865e1dc17344c64b2da282c1d71761abd4707929aca57a4042a,ba6b9532f11d3865e1dc17344c64b2da282c1d71761abd4707929aca57a4042a,true,dc3acb16de63988ed8fff8cf654ba63d81b8a8e888ca4cb6789fef5d06874adf,dc3acb16de63988ed8fff8cf654ba63d81b8a8e888ca4cb6789fef5d06874adf,true,true
ma-g3-science-u07-l06,ma-g3-science,e11351c5e2cbab65d288497a552d6fdc98288c7a0ea6aee7703120113ff4674b,e11351c5e2cbab65d288497a552d6fdc98288c7a0ea6aee7703120113ff4674b,true,dc3acb16de63988ed8fff8cf654ba63d81b8a8e888ca4cb6789fef5d06874adf,dc3acb16de63988ed8fff8cf654ba63d81b8a8e888ca4cb6789fef5d06874adf,true,true
ma-g3-science-u07-l07,ma-g3-science,6a6c1bdfe829519776ee95dbe600f186f0108c1a8e2e00fcd22214d013d92b40,6a6c1bdfe829519776ee95dbe600f186f0108c1a8e2e00fcd22214d013d92b40,true,dc3acb16de63988ed8fff8cf654ba63d81b8a8e888ca4cb6789fef5d06874adf,dc3acb16de63988ed8fff8cf654ba63d81b8a8e888ca4cb6789fef5d06874adf,true,true
ma-g3-science-u07-l08,ma-g3-science,aa31162a9cdca8387c169feb46623899b25f7248ab7c7e434b6cb9fd7f8c8d00,aa31162a9cdca8387c169feb46623899b25f7248ab7c7e434b6cb9fd7f8c8d00,true,dc3acb16de63988ed8fff8cf654ba63d81b8a8e888ca4cb6789fef5d06874adf,dc3acb16de63988ed8fff8cf654ba63d81b8a8e888ca4cb6789fef5d06874adf,true,true
ma-g3-science-u07-l09,ma-g3-science,0ebe6b6cbcacb182eb5298fbf2971331504c56e8019709d87ac2e8979dfad36e,0ebe6b6cbcacb182eb5298fbf2971331504c56e8019709d87ac2e8979dfad36e,true,dc3acb16de63988ed8fff8cf654ba63d81b8a8e888ca4cb6789fef5d06874adf,dc3acb16de63988ed8fff8cf654ba63d81b8a8e888ca4cb6789fef5d06874adf,true,true
ma-g3-science-u07-l10,ma-g3-science,c8f6bb6b65fcecfd218da6e37abff8eec0e3d4106d40bad90d47af1c0aa6835f,c8f6bb6b65fcecfd218da6e37abff8eec0e3d4106d40bad90d47af1c0aa6835f,true,dc3acb16de63988ed8fff8cf654ba63d81b8a8e888ca4cb6789fef5d06874adf,dc3acb16de63988ed8fff8cf654ba63d81b8a8e888ca4cb6789fef5d06874adf,true,true
ma-g3-science-u07-l11,ma-g3-science,d3b04d19eaa348ce20ade1fdc8f4c3d98e3c6e5990bca4887251234dae1a1f6c,d3b04d19eaa348ce20ade1fdc8f4c3d98e3c6e5990bca4887251234dae1a1f6c,true,dc3acb16de63988ed8fff8cf654ba63d81b8a8e888ca4cb6789fef5d06874adf,dc3acb16de63988ed8fff8cf654ba63d81b8a8e888ca4cb6789fef5d06874adf,true,true
ma-g3-science-u07-l12,ma-g3-science,70b4f0546f3b74b8998eed50562dfb831cff2b364db9ab1c08fb058c32f720d4,70b4f0546f3b74b8998eed50562dfb831cff2b364db9ab1c08fb058c32f720d4,true,dc3acb16de63988ed8fff8cf654ba63d81b8a8e888ca4cb6789fef5d06874adf,dc3acb16de63988ed8fff8cf654ba63d81b8a8e888ca4cb6789fef5d06874adf,true,true
ma-g3-science-u08-l01,ma-g3-science,9c8e746280bc094756b40953c659e4fb5d7a0eac84fa0fe4831350169167c69f,9c8e746280bc094756b40953c659e4fb5d7a0eac84fa0fe4831350169167c69f,true,6fb0207e10d5a4fe7f376d3b8f6c346675bb99365cafbc9ed29e26080f4035c0,6fb0207e10d5a4fe7f376d3b8f6c346675bb99365cafbc9ed29e26080f4035c0,true,true
ma-g3-science-u08-l02,ma-g3-science,0781668bae51495b8982c0b25bcad91e4c48586a9cbdb8e298c5ea46b3ed57c4,0781668bae51495b8982c0b25bcad91e4c48586a9cbdb8e298c5ea46b3ed57c4,true,6fb0207e10d5a4fe7f376d3b8f6c346675bb99365cafbc9ed29e26080f4035c0,6fb0207e10d5a4fe7f376d3b8f6c346675bb99365cafbc9ed29e26080f4035c0,true,true
ma-g3-science-u08-l03,ma-g3-science,cdad8c11ad1d800c591a4103db29d561fb4c26f20eef3c1b0d4b4e3f46e34f7d,cdad8c11ad1d800c591a4103db29d561fb4c26f20eef3c1b0d4b4e3f46e34f7d,true,6fb0207e10d5a4fe7f376d3b8f6c346675bb99365cafbc9ed29e26080f4035c0,6fb0207e10d5a4fe7f376d3b8f6c346675bb99365cafbc9ed29e26080f4035c0,true,true
ma-g3-science-u08-l04,ma-g3-science,b8639469dd67e7843c02ec4e4bd20cdac55569fbc05a84d2cb8bb87d5cb3f9ef,b8639469dd67e7843c02ec4e4bd20cdac55569fbc05a84d2cb8bb87d5cb3f9ef,true,6fb0207e10d5a4fe7f376d3b8f6c346675bb99365cafbc9ed29e26080f4035c0,6fb0207e10d5a4fe7f376d3b8f6c346675bb99365cafbc9ed29e26080f4035c0,true,true
ma-g3-science-u08-l05,ma-g3-science,0f87f7b84fcecd8e08ea1f59b73022a618efa8a210a8bba3e9992341c49873af,0f87f7b84fcecd8e08ea1f59b73022a618efa8a210a8bba3e9992341c49873af,true,6fb0207e10d5a4fe7f376d3b8f6c346675bb99365cafbc9ed29e26080f4035c0,6fb0207e10d5a4fe7f376d3b8f6c346675bb99365cafbc9ed29e26080f4035c0,true,true
ma-g3-science-u08-l06,ma-g3-science,f65fb8a08224524409c1a6515e3cfc70e86c146b677f5bd0b13cb259eeafed24,f65fb8a08224524409c1a6515e3cfc70e86c146b677f5bd0b13cb259eeafed24,true,6fb0207e10d5a4fe7f376d3b8f6c346675bb99365cafbc9ed29e26080f4035c0,6fb0207e10d5a4fe7f376d3b8f6c346675bb99365cafbc9ed29e26080f4035c0,true,true
ma-g3-science-u08-l07,ma-g3-science,3181c70d50885ed4dfe030e76d9818ae87a1e45e2041b7ee9760f36796eabd1d,3181c70d50885ed4dfe030e76d9818ae87a1e45e2041b7ee9760f36796eabd1d,true,6fb0207e10d5a4fe7f376d3b8f6c346675bb99365cafbc9ed29e26080f4035c0,6fb0207e10d5a4fe7f376d3b8f6c346675bb99365cafbc9ed29e26080f4035c0,true,true
ma-g3-science-u08-l08,ma-g3-science,7c4f286aeb427a0fad22928d7e4776d64f2ad990bfa2082ed4c06843e51af293,7c4f286aeb427a0fad22928d7e4776d64f2ad990bfa2082ed4c06843e51af293,true,6fb0207e10d5a4fe7f376d3b8f6c346675bb99365cafbc9ed29e26080f4035c0,6fb0207e10d5a4fe7f376d3b8f6c346675bb99365cafbc9ed29e26080f4035c0,true,true
ma-g3-science-u08-l09,ma-g3-science,246708f3a367cd01023cb47a8df112a1d1a04cf64c66c16d48c2e16791a945e2,246708f3a367cd01023cb47a8df112a1d1a04cf64c66c16d48c2e16791a945e2,true,6fb0207e10d5a4fe7f376d3b8f6c346675bb99365cafbc9ed29e26080f4035c0,6fb0207e10d5a4fe7f376d3b8f6c346675bb99365cafbc9ed29e26080f4035c0,true,true
ma-g3-science-u08-l10,ma-g3-science,451bb5afa5562cae90b5cbd635bf3414eb1cb9da0eb431bc5fd7e99ba2f49de9,451bb5afa5562cae90b5cbd635bf3414eb1cb9da0eb431bc5fd7e99ba2f49de9,true,6fb0207e10d5a4fe7f376d3b8f6c346675bb99365cafbc9ed29e26080f4035c0,6fb0207e10d5a4fe7f376d3b8f6c346675bb99365cafbc9ed29e26080f4035c0,true,true
ma-g3-science-u08-l11,ma-g3-science,ea0c0912f4fe24ec93de9d27a3d0088f15ab154edf29bbff7a342ae18d3ff490,ea0c0912f4fe24ec93de9d27a3d0088f15ab154edf29bbff7a342ae18d3ff490,true,6fb0207e10d5a4fe7f376d3b8f6c346675bb99365cafbc9ed29e26080f4035c0,6fb0207e10d5a4fe7f376d3b8f6c346675bb99365cafbc9ed29e26080f4035c0,true,true
ma-g3-science-u08-l12,ma-g3-science,6b1fa29c9348a4a5096c0834f77b3b1a721d8accc1f3be2715ff93b406c3ca08,6b1fa29c9348a4a5096c0834f77b3b1a721d8accc1f3be2715ff93b406c3ca08,true,6fb0207e10d5a4fe7f376d3b8f6c346675bb99365cafbc9ed29e26080f4035c0,6fb0207e10d5a4fe7f376d3b8f6c346675bb99365cafbc9ed29e26080f4035c0,true,true
ma-g3-science-u09-l01,ma-g3-science,182dad1507514f25d0205622d5565a74e030b2594df8fe6ee8ca076db1ad5111,182dad1507514f25d0205622d5565a74e030b2594df8fe6ee8ca076db1ad5111,true,8b855038a918f3507b6a308a50ddf39a274cbebd81571db53f7cdd458c2be714,8b855038a918f3507b6a308a50ddf39a274cbebd81571db53f7cdd458c2be714,true,true
ma-g3-science-u09-l02,ma-g3-science,00e3bb208aff440f3ead9af50455242ba1077e100a07d825754cd1401af2c66a,00e3bb208aff440f3ead9af50455242ba1077e100a07d825754cd1401af2c66a,true,8b855038a918f3507b6a308a50ddf39a274cbebd81571db53f7cdd458c2be714,8b855038a918f3507b6a308a50ddf39a274cbebd81571db53f7cdd458c2be714,true,true
ma-g3-science-u09-l03,ma-g3-science,fb2c94ebed92f418632518d61152c0e894d066b68a0e511b4401618043895bbd,fb2c94ebed92f418632518d61152c0e894d066b68a0e511b4401618043895bbd,true,8b855038a918f3507b6a308a50ddf39a274cbebd81571db53f7cdd458c2be714,8b855038a918f3507b6a308a50ddf39a274cbebd81571db53f7cdd458c2be714,true,true
ma-g3-science-u09-l04,ma-g3-science,f8b8349f986f983b0cf1d78f959795c491a39649a86d593cb690e5db17a8f28e,f8b8349f986f983b0cf1d78f959795c491a39649a86d593cb690e5db17a8f28e,true,8b855038a918f3507b6a308a50ddf39a274cbebd81571db53f7cdd458c2be714,8b855038a918f3507b6a308a50ddf39a274cbebd81571db53f7cdd458c2be714,true,true
ma-g3-science-u09-l05,ma-g3-science,ee66415e9da53ee0f08518446918f011ceffe05294bbfdee15983c7a89005477,ee66415e9da53ee0f08518446918f011ceffe05294bbfdee15983c7a89005477,true,8b855038a918f3507b6a308a50ddf39a274cbebd81571db53f7cdd458c2be714,8b855038a918f3507b6a308a50ddf39a274cbebd81571db53f7cdd458c2be714,true,true
ma-g3-science-u09-l06,ma-g3-science,490fc57fc73f59053d5b58a5f60d35d5dd19dbac6ccf90970116be240167d662,490fc57fc73f59053d5b58a5f60d35d5dd19dbac6ccf90970116be240167d662,true,8b855038a918f3507b6a308a50ddf39a274cbebd81571db53f7cdd458c2be714,8b855038a918f3507b6a308a50ddf39a274cbebd81571db53f7cdd458c2be714,true,true
ma-g3-science-u09-l07,ma-g3-science,02be211e65b79a4f471347ca2e545475ed621e5ddc6a34c1e11558c695faff88,02be211e65b79a4f471347ca2e545475ed621e5ddc6a34c1e11558c695faff88,true,8b855038a918f3507b6a308a50ddf39a274cbebd81571db53f7cdd458c2be714,8b855038a918f3507b6a308a50ddf39a274cbebd81571db53f7cdd458c2be714,true,true
ma-g3-science-u09-l08,ma-g3-science,2a70006db0d7f21a92966f2ba443e9d88d6d3e4430bf3b24f59a7e559d818d8b,2a70006db0d7f21a92966f2ba443e9d88d6d3e4430bf3b24f59a7e559d818d8b,true,8b855038a918f3507b6a308a50ddf39a274cbebd81571db53f7cdd458c2be714,8b855038a918f3507b6a308a50ddf39a274cbebd81571db53f7cdd458c2be714,true,true
ma-g3-science-u09-l09,ma-g3-science,35255665e1d621ed63478edca33a3e96abe6545a1c0f59051a6bf6a05a54bb2c,35255665e1d621ed63478edca33a3e96abe6545a1c0f59051a6bf6a05a54bb2c,true,8b855038a918f3507b6a308a50ddf39a274cbebd81571db53f7cdd458c2be714,8b855038a918f3507b6a308a50ddf39a274cbebd81571db53f7cdd458c2be714,true,true
ma-g3-science-u09-l10,ma-g3-science,8223a4bf4467890e79b0e608097a68d33658bf8b0c647b5b63784dfb2e9d7909,8223a4bf4467890e79b0e608097a68d33658bf8b0c647b5b63784dfb2e9d7909,true,8b855038a918f3507b6a308a50ddf39a274cbebd81571db53f7cdd458c2be714,8b855038a918f3507b6a308a50ddf39a274cbebd81571db53f7cdd458c2be714,true,true
ma-g3-science-u09-l11,ma-g3-science,b8dad0e5051a2b4418b0fda86446bc015783b036b15f25d22addf882883c8c27,b8dad0e5051a2b4418b0fda86446bc015783b036b15f25d22addf882883c8c27,true,8b855038a918f3507b6a308a50ddf39a274cbebd81571db53f7cdd458c2be714,8b855038a918f3507b6a308a50ddf39a274cbebd81571db53f7cdd458c2be714,true,true
ma-g3-science-u09-l12,ma-g3-science,810c3448710c9130de2ca0b92fedcab3358260bc4500c3b1f56833170e14d0da,810c3448710c9130de2ca0b92fedcab3358260bc4500c3b1f56833170e14d0da,true,8b855038a918f3507b6a308a50ddf39a274cbebd81571db53f7cdd458c2be714,8b855038a918f3507b6a308a50ddf39a274cbebd81571db53f7cdd458c2be714,true,true
ma-g3-social-studies-u01-l01,ma-g3-social-studies,e1eed420cbd7d37107e4d0c5747eb04c98013c4f0a616622390dcae327931e87,e1eed420cbd7d37107e4d0c5747eb04c98013c4f0a616622390dcae327931e87,true,6e0f420201afedcb270178a98b6594d77672f64c2bee4de5e56e651abd16e955,6e0f420201afedcb270178a98b6594d77672f64c2bee4de5e56e651abd16e955,true,true
ma-g3-social-studies-u01-l02,ma-g3-social-studies,5e2137e37a7e69b1d2e5886859fbf10765f8e7734947658799ec554eeacc9138,5e2137e37a7e69b1d2e5886859fbf10765f8e7734947658799ec554eeacc9138,true,6e0f420201afedcb270178a98b6594d77672f64c2bee4de5e56e651abd16e955,6e0f420201afedcb270178a98b6594d77672f64c2bee4de5e56e651abd16e955,true,true
ma-g3-social-studies-u01-l03,ma-g3-social-studies,9a7e8f8dddb585cbf08e458d4ef8db418b024852c808c6432d406ef8dd8ed1ec,9a7e8f8dddb585cbf08e458d4ef8db418b024852c808c6432d406ef8dd8ed1ec,true,6e0f420201afedcb270178a98b6594d77672f64c2bee4de5e56e651abd16e955,6e0f420201afedcb270178a98b6594d77672f64c2bee4de5e56e651abd16e955,true,true
ma-g3-social-studies-u01-l04,ma-g3-social-studies,82111f25f6ef662720b2289e85acf7fb6f80e886aaeb6bfcf0e18848c778d14b,82111f25f6ef662720b2289e85acf7fb6f80e886aaeb6bfcf0e18848c778d14b,true,6e0f420201afedcb270178a98b6594d77672f64c2bee4de5e56e651abd16e955,6e0f420201afedcb270178a98b6594d77672f64c2bee4de5e56e651abd16e955,true,true
ma-g3-social-studies-u01-l05,ma-g3-social-studies,e561cd286e866d058a1156a40674141fb50057c3027e36f7cb782a534041f011,e561cd286e866d058a1156a40674141fb50057c3027e36f7cb782a534041f011,true,6e0f420201afedcb270178a98b6594d77672f64c2bee4de5e56e651abd16e955,6e0f420201afedcb270178a98b6594d77672f64c2bee4de5e56e651abd16e955,true,true
ma-g3-social-studies-u01-l06,ma-g3-social-studies,99fee816eac8df6a4bf3e62ec7bdfdec44cad8e123087ae07d71de77c082cbd0,99fee816eac8df6a4bf3e62ec7bdfdec44cad8e123087ae07d71de77c082cbd0,true,6e0f420201afedcb270178a98b6594d77672f64c2bee4de5e56e651abd16e955,6e0f420201afedcb270178a98b6594d77672f64c2bee4de5e56e651abd16e955,true,true
ma-g3-social-studies-u01-l07,ma-g3-social-studies,a693671a7d303d931d2201792c38386727f056428f072a460b14fc31d44c687e,a693671a7d303d931d2201792c38386727f056428f072a460b14fc31d44c687e,true,6e0f420201afedcb270178a98b6594d77672f64c2bee4de5e56e651abd16e955,6e0f420201afedcb270178a98b6594d77672f64c2bee4de5e56e651abd16e955,true,true
ma-g3-social-studies-u01-l08,ma-g3-social-studies,a8d8187b0a47393cc89937d20f9c63ee7f578df4b7164ee32e7ca661d640c423,a8d8187b0a47393cc89937d20f9c63ee7f578df4b7164ee32e7ca661d640c423,true,6e0f420201afedcb270178a98b6594d77672f64c2bee4de5e56e651abd16e955,6e0f420201afedcb270178a98b6594d77672f64c2bee4de5e56e651abd16e955,true,true
ma-g3-social-studies-u01-l09,ma-g3-social-studies,8f4a2c98f303ceff960232ca83f5de865181f43d476f589b452b8457d3e07733,8f4a2c98f303ceff960232ca83f5de865181f43d476f589b452b8457d3e07733,true,6e0f420201afedcb270178a98b6594d77672f64c2bee4de5e56e651abd16e955,6e0f420201afedcb270178a98b6594d77672f64c2bee4de5e56e651abd16e955,true,true
ma-g3-social-studies-u01-l10,ma-g3-social-studies,478174ec78a2a63342f74d7bf96da9f14a61d2b93dd82f787d2b7610947d3b7e,478174ec78a2a63342f74d7bf96da9f14a61d2b93dd82f787d2b7610947d3b7e,true,6e0f420201afedcb270178a98b6594d77672f64c2bee4de5e56e651abd16e955,6e0f420201afedcb270178a98b6594d77672f64c2bee4de5e56e651abd16e955,true,true
ma-g3-social-studies-u01-l11,ma-g3-social-studies,5865b333f0f74a56851e2c679320abd6a101692f58cf1522a50024bc7dd3dcdc,5865b333f0f74a56851e2c679320abd6a101692f58cf1522a50024bc7dd3dcdc,true,6e0f420201afedcb270178a98b6594d77672f64c2bee4de5e56e651abd16e955,6e0f420201afedcb270178a98b6594d77672f64c2bee4de5e56e651abd16e955,true,true
ma-g3-social-studies-u01-l12,ma-g3-social-studies,3458cd515814e48472e62a17e99f9ba09f4483c73d7a2488076f603c4f2c8521,3458cd515814e48472e62a17e99f9ba09f4483c73d7a2488076f603c4f2c8521,true,6e0f420201afedcb270178a98b6594d77672f64c2bee4de5e56e651abd16e955,6e0f420201afedcb270178a98b6594d77672f64c2bee4de5e56e651abd16e955,true,true
ma-g3-social-studies-u02-l01,ma-g3-social-studies,93448ab0e1a428a5e2f56b8ca091ceaab4fbc1d4bad35f17dbb73db07df727a9,93448ab0e1a428a5e2f56b8ca091ceaab4fbc1d4bad35f17dbb73db07df727a9,true,965d2aab2a4378263242126f3cd067ac0d80cca0448c04552c71c0eb9f62c1bf,965d2aab2a4378263242126f3cd067ac0d80cca0448c04552c71c0eb9f62c1bf,true,true
ma-g3-social-studies-u02-l02,ma-g3-social-studies,6529606cb9c6e82d664443bccce1c2bfc11b6f097c951805bcf303ceceb0c5bc,6529606cb9c6e82d664443bccce1c2bfc11b6f097c951805bcf303ceceb0c5bc,true,965d2aab2a4378263242126f3cd067ac0d80cca0448c04552c71c0eb9f62c1bf,965d2aab2a4378263242126f3cd067ac0d80cca0448c04552c71c0eb9f62c1bf,true,true
ma-g3-social-studies-u02-l03,ma-g3-social-studies,93a8ba90c40af39fdceaae08562c32d035d2a85964b0d6d9f566aa48d7a3a667,93a8ba90c40af39fdceaae08562c32d035d2a85964b0d6d9f566aa48d7a3a667,true,965d2aab2a4378263242126f3cd067ac0d80cca0448c04552c71c0eb9f62c1bf,965d2aab2a4378263242126f3cd067ac0d80cca0448c04552c71c0eb9f62c1bf,true,true
ma-g3-social-studies-u02-l04,ma-g3-social-studies,dccf957e00e529258d0868df5856a932562800d9fb4e0fe3194950e1a2b15821,dccf957e00e529258d0868df5856a932562800d9fb4e0fe3194950e1a2b15821,true,965d2aab2a4378263242126f3cd067ac0d80cca0448c04552c71c0eb9f62c1bf,965d2aab2a4378263242126f3cd067ac0d80cca0448c04552c71c0eb9f62c1bf,true,true
ma-g3-social-studies-u02-l05,ma-g3-social-studies,07f2b04ce216dd151fc003524938edf5b81f24cf6060cf35dad603e3d769f300,07f2b04ce216dd151fc003524938edf5b81f24cf6060cf35dad603e3d769f300,true,965d2aab2a4378263242126f3cd067ac0d80cca0448c04552c71c0eb9f62c1bf,965d2aab2a4378263242126f3cd067ac0d80cca0448c04552c71c0eb9f62c1bf,true,true
ma-g3-social-studies-u02-l06,ma-g3-social-studies,58ed266cfb1126397d4a52b5bc34bf26feee5d12a32b2bd1d3a3bded59ed209d,58ed266cfb1126397d4a52b5bc34bf26feee5d12a32b2bd1d3a3bded59ed209d,true,965d2aab2a4378263242126f3cd067ac0d80cca0448c04552c71c0eb9f62c1bf,965d2aab2a4378263242126f3cd067ac0d80cca0448c04552c71c0eb9f62c1bf,true,true
ma-g3-social-studies-u02-l07,ma-g3-social-studies,6c01093b4cbc2f6aedd3b1313d0b99163cb7dff8a66337c5b2a3acc11e840e7c,6c01093b4cbc2f6aedd3b1313d0b99163cb7dff8a66337c5b2a3acc11e840e7c,true,965d2aab2a4378263242126f3cd067ac0d80cca0448c04552c71c0eb9f62c1bf,965d2aab2a4378263242126f3cd067ac0d80cca0448c04552c71c0eb9f62c1bf,true,true
ma-g3-social-studies-u02-l08,ma-g3-social-studies,27dc5df7e44974c7158729d7b1d9b769b3a150a08c07d19fd506b5fd8ec02222,27dc5df7e44974c7158729d7b1d9b769b3a150a08c07d19fd506b5fd8ec02222,true,965d2aab2a4378263242126f3cd067ac0d80cca0448c04552c71c0eb9f62c1bf,965d2aab2a4378263242126f3cd067ac0d80cca0448c04552c71c0eb9f62c1bf,true,true
ma-g3-social-studies-u02-l09,ma-g3-social-studies,2ae5822235fecdef2c8c09fc7189420b85556fb1e3d00eb091c5ac59021b9337,2ae5822235fecdef2c8c09fc7189420b85556fb1e3d00eb091c5ac59021b9337,true,965d2aab2a4378263242126f3cd067ac0d80cca0448c04552c71c0eb9f62c1bf,965d2aab2a4378263242126f3cd067ac0d80cca0448c04552c71c0eb9f62c1bf,true,true
ma-g3-social-studies-u02-l10,ma-g3-social-studies,7ab9129ab494522b86fe7f9afa5dbb25c9cc6be03cc2dc0bd36aa4fd2baf645e,7ab9129ab494522b86fe7f9afa5dbb25c9cc6be03cc2dc0bd36aa4fd2baf645e,true,965d2aab2a4378263242126f3cd067ac0d80cca0448c04552c71c0eb9f62c1bf,965d2aab2a4378263242126f3cd067ac0d80cca0448c04552c71c0eb9f62c1bf,true,true
ma-g3-social-studies-u02-l11,ma-g3-social-studies,12a48ef4aac5c439b088cfb190b1531179416ad9db4eb51c988322dc2253ec12,12a48ef4aac5c439b088cfb190b1531179416ad9db4eb51c988322dc2253ec12,true,965d2aab2a4378263242126f3cd067ac0d80cca0448c04552c71c0eb9f62c1bf,965d2aab2a4378263242126f3cd067ac0d80cca0448c04552c71c0eb9f62c1bf,true,true
ma-g3-social-studies-u02-l12,ma-g3-social-studies,de2fef9a63c94f878ba5236dd70cb072688bc7231d1b1dab2a4ec8d6dba370e0,de2fef9a63c94f878ba5236dd70cb072688bc7231d1b1dab2a4ec8d6dba370e0,true,965d2aab2a4378263242126f3cd067ac0d80cca0448c04552c71c0eb9f62c1bf,965d2aab2a4378263242126f3cd067ac0d80cca0448c04552c71c0eb9f62c1bf,true,true
ma-g3-social-studies-u03-l01,ma-g3-social-studies,5b8181f19d2110e824bfc08469772657ad05974ca1b5d3ad49832c0f086ffa84,5b8181f19d2110e824bfc08469772657ad05974ca1b5d3ad49832c0f086ffa84,true,034c770b9810b321ddb12a58d448ab25d36b7b8bc47ca80602a749a39e68fd1f,034c770b9810b321ddb12a58d448ab25d36b7b8bc47ca80602a749a39e68fd1f,true,true
ma-g3-social-studies-u03-l02,ma-g3-social-studies,b5e81a358aae6cfb94f5d08b4dbfb864ffe573e7ab7c920091ddaf035e3dd368,b5e81a358aae6cfb94f5d08b4dbfb864ffe573e7ab7c920091ddaf035e3dd368,true,034c770b9810b321ddb12a58d448ab25d36b7b8bc47ca80602a749a39e68fd1f,034c770b9810b321ddb12a58d448ab25d36b7b8bc47ca80602a749a39e68fd1f,true,true
ma-g3-social-studies-u03-l03,ma-g3-social-studies,aa28a8624952f3f60d40201eea3275d8a584033d58baba2eb2d9d8ee1bdc5dfd,aa28a8624952f3f60d40201eea3275d8a584033d58baba2eb2d9d8ee1bdc5dfd,true,034c770b9810b321ddb12a58d448ab25d36b7b8bc47ca80602a749a39e68fd1f,034c770b9810b321ddb12a58d448ab25d36b7b8bc47ca80602a749a39e68fd1f,true,true
ma-g3-social-studies-u03-l04,ma-g3-social-studies,c0ab879631ae4e52ed9044acf692a9f05c3e4588c69601dc6be3038d2930244a,c0ab879631ae4e52ed9044acf692a9f05c3e4588c69601dc6be3038d2930244a,true,034c770b9810b321ddb12a58d448ab25d36b7b8bc47ca80602a749a39e68fd1f,034c770b9810b321ddb12a58d448ab25d36b7b8bc47ca80602a749a39e68fd1f,true,true
ma-g3-social-studies-u03-l05,ma-g3-social-studies,da8700670aa27ad289be615344021e8e2c13334af48d6a5edd503002b83192bb,da8700670aa27ad289be615344021e8e2c13334af48d6a5edd503002b83192bb,true,034c770b9810b321ddb12a58d448ab25d36b7b8bc47ca80602a749a39e68fd1f,034c770b9810b321ddb12a58d448ab25d36b7b8bc47ca80602a749a39e68fd1f,true,true
ma-g3-social-studies-u03-l06,ma-g3-social-studies,d419ddcef66f3232f36fd18063952c2cadb9fd9db1b0e12f47c0c4a8ab012047,d419ddcef66f3232f36fd18063952c2cadb9fd9db1b0e12f47c0c4a8ab012047,true,034c770b9810b321ddb12a58d448ab25d36b7b8bc47ca80602a749a39e68fd1f,034c770b9810b321ddb12a58d448ab25d36b7b8bc47ca80602a749a39e68fd1f,true,true
ma-g3-social-studies-u03-l07,ma-g3-social-studies,5cb60ebc0d64ee459bb6df610238ffa3114de492ae1761f9500805d7bb8c182d,5cb60ebc0d64ee459bb6df610238ffa3114de492ae1761f9500805d7bb8c182d,true,034c770b9810b321ddb12a58d448ab25d36b7b8bc47ca80602a749a39e68fd1f,034c770b9810b321ddb12a58d448ab25d36b7b8bc47ca80602a749a39e68fd1f,true,true
ma-g3-social-studies-u03-l08,ma-g3-social-studies,f30758138fe55935ff7f3dc22b20b8fb7cc7c38e79170e00d129b7da8f5c6b24,f30758138fe55935ff7f3dc22b20b8fb7cc7c38e79170e00d129b7da8f5c6b24,true,034c770b9810b321ddb12a58d448ab25d36b7b8bc47ca80602a749a39e68fd1f,034c770b9810b321ddb12a58d448ab25d36b7b8bc47ca80602a749a39e68fd1f,true,true
ma-g3-social-studies-u03-l09,ma-g3-social-studies,35754e7e62ac66bb53be5d69f82a4aa6b2494de2e8422e70b7bab5da2f8b69a1,35754e7e62ac66bb53be5d69f82a4aa6b2494de2e8422e70b7bab5da2f8b69a1,true,034c770b9810b321ddb12a58d448ab25d36b7b8bc47ca80602a749a39e68fd1f,034c770b9810b321ddb12a58d448ab25d36b7b8bc47ca80602a749a39e68fd1f,true,true
ma-g3-social-studies-u03-l10,ma-g3-social-studies,7cf4ccf8634cff369e882e3859e5bde857d01dc80e14ba738ae0bd22cd1435d3,7cf4ccf8634cff369e882e3859e5bde857d01dc80e14ba738ae0bd22cd1435d3,true,034c770b9810b321ddb12a58d448ab25d36b7b8bc47ca80602a749a39e68fd1f,034c770b9810b321ddb12a58d448ab25d36b7b8bc47ca80602a749a39e68fd1f,true,true
ma-g3-social-studies-u03-l11,ma-g3-social-studies,d67f15d8949fd54d2ebd1d5b81a3b4a4c862ac84bf23f036bf54dcd04ede7606,d67f15d8949fd54d2ebd1d5b81a3b4a4c862ac84bf23f036bf54dcd04ede7606,true,034c770b9810b321ddb12a58d448ab25d36b7b8bc47ca80602a749a39e68fd1f,034c770b9810b321ddb12a58d448ab25d36b7b8bc47ca80602a749a39e68fd1f,true,true
ma-g3-social-studies-u03-l12,ma-g3-social-studies,bdf7fda8c613bf4059496078a2e3c8d1382dc97a684383e48691fcabf54021fd,bdf7fda8c613bf4059496078a2e3c8d1382dc97a684383e48691fcabf54021fd,true,034c770b9810b321ddb12a58d448ab25d36b7b8bc47ca80602a749a39e68fd1f,034c770b9810b321ddb12a58d448ab25d36b7b8bc47ca80602a749a39e68fd1f,true,true
ma-g3-social-studies-u04-l01,ma-g3-social-studies,aa66b8ba1f8be5d3331d1d858cb5473b87de5a41bce8a623dd2bb2fc52c2795f,aa66b8ba1f8be5d3331d1d858cb5473b87de5a41bce8a623dd2bb2fc52c2795f,true,9f37740624f184255d84f9587d15781cbe0670cfd91ab0257c4df913ac0c00dd,9f37740624f184255d84f9587d15781cbe0670cfd91ab0257c4df913ac0c00dd,true,true
ma-g3-social-studies-u04-l02,ma-g3-social-studies,fc17100bf0c25ca4797cec4eec2510dbc52791e95761b6e6a387d54e76c2e81d,fc17100bf0c25ca4797cec4eec2510dbc52791e95761b6e6a387d54e76c2e81d,true,9f37740624f184255d84f9587d15781cbe0670cfd91ab0257c4df913ac0c00dd,9f37740624f184255d84f9587d15781cbe0670cfd91ab0257c4df913ac0c00dd,true,true
ma-g3-social-studies-u04-l03,ma-g3-social-studies,af4c573ef6eb1f4fbda014a48766f5fe0127f704a459e95f2ffff0ba83f5cee9,af4c573ef6eb1f4fbda014a48766f5fe0127f704a459e95f2ffff0ba83f5cee9,true,9f37740624f184255d84f9587d15781cbe0670cfd91ab0257c4df913ac0c00dd,9f37740624f184255d84f9587d15781cbe0670cfd91ab0257c4df913ac0c00dd,true,true
ma-g3-social-studies-u04-l04,ma-g3-social-studies,236b0a4cb11badd5afbab4c529ee770905160b89239f38e64cd76a29ddb9ac42,236b0a4cb11badd5afbab4c529ee770905160b89239f38e64cd76a29ddb9ac42,true,9f37740624f184255d84f9587d15781cbe0670cfd91ab0257c4df913ac0c00dd,9f37740624f184255d84f9587d15781cbe0670cfd91ab0257c4df913ac0c00dd,true,true
ma-g3-social-studies-u04-l05,ma-g3-social-studies,cb14bb8843b3bfdf7776317436c30564c71a21be8de81f5ed4c1713c4dbb9c24,cb14bb8843b3bfdf7776317436c30564c71a21be8de81f5ed4c1713c4dbb9c24,true,9f37740624f184255d84f9587d15781cbe0670cfd91ab0257c4df913ac0c00dd,9f37740624f184255d84f9587d15781cbe0670cfd91ab0257c4df913ac0c00dd,true,true
ma-g3-social-studies-u04-l06,ma-g3-social-studies,cd25373a253424eae000caf6eb151c9197a191d60982ed535507d2fec4ab53ba,cd25373a253424eae000caf6eb151c9197a191d60982ed535507d2fec4ab53ba,true,9f37740624f184255d84f9587d15781cbe0670cfd91ab0257c4df913ac0c00dd,9f37740624f184255d84f9587d15781cbe0670cfd91ab0257c4df913ac0c00dd,true,true
ma-g3-social-studies-u04-l07,ma-g3-social-studies,fc4c034ac683adbfd0c0eb1ed3c31faaad9934ffd1b226dccbe366ab3ac0518f,fc4c034ac683adbfd0c0eb1ed3c31faaad9934ffd1b226dccbe366ab3ac0518f,true,9f37740624f184255d84f9587d15781cbe0670cfd91ab0257c4df913ac0c00dd,9f37740624f184255d84f9587d15781cbe0670cfd91ab0257c4df913ac0c00dd,true,true
ma-g3-social-studies-u04-l08,ma-g3-social-studies,9eb25fde5fe575722996a2d4a4c06dd366608542de17615d8b7814c659e3f207,9eb25fde5fe575722996a2d4a4c06dd366608542de17615d8b7814c659e3f207,true,9f37740624f184255d84f9587d15781cbe0670cfd91ab0257c4df913ac0c00dd,9f37740624f184255d84f9587d15781cbe0670cfd91ab0257c4df913ac0c00dd,true,true
ma-g3-social-studies-u04-l09,ma-g3-social-studies,2d61f72a5a3832719611a0a841c4fdb49e84f4caeffa268906bfe5dd57ce9c53,2d61f72a5a3832719611a0a841c4fdb49e84f4caeffa268906bfe5dd57ce9c53,true,9f37740624f184255d84f9587d15781cbe0670cfd91ab0257c4df913ac0c00dd,9f37740624f184255d84f9587d15781cbe0670cfd91ab0257c4df913ac0c00dd,true,true
ma-g3-social-studies-u04-l10,ma-g3-social-studies,7d60b354712e2ade382ad65453509d80bce51186912418364511062ec8648bba,7d60b354712e2ade382ad65453509d80bce51186912418364511062ec8648bba,true,9f37740624f184255d84f9587d15781cbe0670cfd91ab0257c4df913ac0c00dd,9f37740624f184255d84f9587d15781cbe0670cfd91ab0257c4df913ac0c00dd,true,true
ma-g3-social-studies-u04-l11,ma-g3-social-studies,963bb1e5566675f9f6940cfef515633bd2c55a2266157ebef22380ac1f6251f6,963bb1e5566675f9f6940cfef515633bd2c55a2266157ebef22380ac1f6251f6,true,9f37740624f184255d84f9587d15781cbe0670cfd91ab0257c4df913ac0c00dd,9f37740624f184255d84f9587d15781cbe0670cfd91ab0257c4df913ac0c00dd,true,true
ma-g3-social-studies-u04-l12,ma-g3-social-studies,9d38da061ffd82fabc776c70d95de9a0ca449924832513ff5f4dcbf8fae64739,9d38da061ffd82fabc776c70d95de9a0ca449924832513ff5f4dcbf8fae64739,true,9f37740624f184255d84f9587d15781cbe0670cfd91ab0257c4df913ac0c00dd,9f37740624f184255d84f9587d15781cbe0670cfd91ab0257c4df913ac0c00dd,true,true
ma-g3-social-studies-u05-l01,ma-g3-social-studies,cfa3360cad5f7c511f73b5ba55c3a56a88c0235178719079b8fe6a5108ec9f27,cfa3360cad5f7c511f73b5ba55c3a56a88c0235178719079b8fe6a5108ec9f27,true,70a3caa5f9b0ec451e0f443c168292b46ef708ecc370e1bf7640b91bf640c33f,70a3caa5f9b0ec451e0f443c168292b46ef708ecc370e1bf7640b91bf640c33f,true,true
ma-g3-social-studies-u05-l02,ma-g3-social-studies,1f3e1223832245153c5cce8be80781f07805e5c9ea51c4e00cda62c37c61bd46,1f3e1223832245153c5cce8be80781f07805e5c9ea51c4e00cda62c37c61bd46,true,70a3caa5f9b0ec451e0f443c168292b46ef708ecc370e1bf7640b91bf640c33f,70a3caa5f9b0ec451e0f443c168292b46ef708ecc370e1bf7640b91bf640c33f,true,true
ma-g3-social-studies-u05-l03,ma-g3-social-studies,f1a85347d84435c210547bc0d8909d7078c7d8600580cee51d281024ae7f8f63,f1a85347d84435c210547bc0d8909d7078c7d8600580cee51d281024ae7f8f63,true,70a3caa5f9b0ec451e0f443c168292b46ef708ecc370e1bf7640b91bf640c33f,70a3caa5f9b0ec451e0f443c168292b46ef708ecc370e1bf7640b91bf640c33f,true,true
ma-g3-social-studies-u05-l04,ma-g3-social-studies,e9148f230a8ddecdcdb58f4bd503add092911f5cb3a2bb6470414ea109361fd6,e9148f230a8ddecdcdb58f4bd503add092911f5cb3a2bb6470414ea109361fd6,true,70a3caa5f9b0ec451e0f443c168292b46ef708ecc370e1bf7640b91bf640c33f,70a3caa5f9b0ec451e0f443c168292b46ef708ecc370e1bf7640b91bf640c33f,true,true
ma-g3-social-studies-u05-l05,ma-g3-social-studies,79ee48ef026ece22aab17adbb63cb5dc9eb995db39cb086e9c130a9cdb0b70c4,79ee48ef026ece22aab17adbb63cb5dc9eb995db39cb086e9c130a9cdb0b70c4,true,70a3caa5f9b0ec451e0f443c168292b46ef708ecc370e1bf7640b91bf640c33f,70a3caa5f9b0ec451e0f443c168292b46ef708ecc370e1bf7640b91bf640c33f,true,true
ma-g3-social-studies-u05-l06,ma-g3-social-studies,022232a985e3d5ccfa5884111eed1dd215dc03b3d415d97401fff7a07c1c894b,022232a985e3d5ccfa5884111eed1dd215dc03b3d415d97401fff7a07c1c894b,true,70a3caa5f9b0ec451e0f443c168292b46ef708ecc370e1bf7640b91bf640c33f,70a3caa5f9b0ec451e0f443c168292b46ef708ecc370e1bf7640b91bf640c33f,true,true
ma-g3-social-studies-u05-l07,ma-g3-social-studies,28eccba61b690014842a131bbb139deb63d0472413366d02cff344c5d2ca63a0,28eccba61b690014842a131bbb139deb63d0472413366d02cff344c5d2ca63a0,true,70a3caa5f9b0ec451e0f443c168292b46ef708ecc370e1bf7640b91bf640c33f,70a3caa5f9b0ec451e0f443c168292b46ef708ecc370e1bf7640b91bf640c33f,true,true
ma-g3-social-studies-u05-l08,ma-g3-social-studies,a8e3d6ce361d266a9d01fdd9dbc34bf5d168931c71a5b75de33a59f13d371159,a8e3d6ce361d266a9d01fdd9dbc34bf5d168931c71a5b75de33a59f13d371159,true,70a3caa5f9b0ec451e0f443c168292b46ef708ecc370e1bf7640b91bf640c33f,70a3caa5f9b0ec451e0f443c168292b46ef708ecc370e1bf7640b91bf640c33f,true,true
ma-g3-social-studies-u05-l09,ma-g3-social-studies,5a24e8cb340a235b9d1dd7b08fe24cf2a96e5c4f5f2ebd026037b81b90ad060f,5a24e8cb340a235b9d1dd7b08fe24cf2a96e5c4f5f2ebd026037b81b90ad060f,true,70a3caa5f9b0ec451e0f443c168292b46ef708ecc370e1bf7640b91bf640c33f,70a3caa5f9b0ec451e0f443c168292b46ef708ecc370e1bf7640b91bf640c33f,true,true
ma-g3-social-studies-u05-l10,ma-g3-social-studies,e5e28973e59abe06dba931eb017def768099d528d033abad6257398c08246d55,e5e28973e59abe06dba931eb017def768099d528d033abad6257398c08246d55,true,70a3caa5f9b0ec451e0f443c168292b46ef708ecc370e1bf7640b91bf640c33f,70a3caa5f9b0ec451e0f443c168292b46ef708ecc370e1bf7640b91bf640c33f,true,true
ma-g3-social-studies-u05-l11,ma-g3-social-studies,f61f2ad83aae5873d0133aabf82f075e2f927a6bf038a84eef209c9369b42b7a,f61f2ad83aae5873d0133aabf82f075e2f927a6bf038a84eef209c9369b42b7a,true,70a3caa5f9b0ec451e0f443c168292b46ef708ecc370e1bf7640b91bf640c33f,70a3caa5f9b0ec451e0f443c168292b46ef708ecc370e1bf7640b91bf640c33f,true,true
ma-g3-social-studies-u05-l12,ma-g3-social-studies,5c5940aa6acb8fe93db5446fbaa5e17acb9e571ce2973da07829f328ca5c50ff,5c5940aa6acb8fe93db5446fbaa5e17acb9e571ce2973da07829f328ca5c50ff,true,70a3caa5f9b0ec451e0f443c168292b46ef708ecc370e1bf7640b91bf640c33f,70a3caa5f9b0ec451e0f443c168292b46ef708ecc370e1bf7640b91bf640c33f,true,true
ma-g3-social-studies-u06-l01,ma-g3-social-studies,6c6c9c54c8ba572301dbe0fdd6e36868ba7659d36d24367f3847bef6b227c179,6c6c9c54c8ba572301dbe0fdd6e36868ba7659d36d24367f3847bef6b227c179,true,f10d6001434b821efcecd709f5ec6d21820e1aeb570271711075c2cd05f61786,f10d6001434b821efcecd709f5ec6d21820e1aeb570271711075c2cd05f61786,true,true
ma-g3-social-studies-u06-l02,ma-g3-social-studies,3ed22e9d73b1aa1f5301cefd4b74a386e7d6bc7468f37d6a76ea33a449e20ccf,3ed22e9d73b1aa1f5301cefd4b74a386e7d6bc7468f37d6a76ea33a449e20ccf,true,f10d6001434b821efcecd709f5ec6d21820e1aeb570271711075c2cd05f61786,f10d6001434b821efcecd709f5ec6d21820e1aeb570271711075c2cd05f61786,true,true
ma-g3-social-studies-u06-l03,ma-g3-social-studies,8973cada7b3e5aa3d6cf5248cde02390fdfbde7776cb0e3feb864be9c5dd8a16,8973cada7b3e5aa3d6cf5248cde02390fdfbde7776cb0e3feb864be9c5dd8a16,true,f10d6001434b821efcecd709f5ec6d21820e1aeb570271711075c2cd05f61786,f10d6001434b821efcecd709f5ec6d21820e1aeb570271711075c2cd05f61786,true,true
ma-g3-social-studies-u06-l04,ma-g3-social-studies,80fc4da8fc55af78bd8294fe50ecb5a4621deaeb094f38540b5229628319a8ad,80fc4da8fc55af78bd8294fe50ecb5a4621deaeb094f38540b5229628319a8ad,true,f10d6001434b821efcecd709f5ec6d21820e1aeb570271711075c2cd05f61786,f10d6001434b821efcecd709f5ec6d21820e1aeb570271711075c2cd05f61786,true,true
ma-g3-social-studies-u06-l05,ma-g3-social-studies,2a85addd81d44a0ee0725cd05fd630d4034f2f0cc5c4dfac89ab229c4d2217e8,2a85addd81d44a0ee0725cd05fd630d4034f2f0cc5c4dfac89ab229c4d2217e8,true,f10d6001434b821efcecd709f5ec6d21820e1aeb570271711075c2cd05f61786,f10d6001434b821efcecd709f5ec6d21820e1aeb570271711075c2cd05f61786,true,true
ma-g3-social-studies-u06-l06,ma-g3-social-studies,8e54e18d3f286c9a3199eb358f50e986ff040db0c28f40d654ceda0de11b7e03,8e54e18d3f286c9a3199eb358f50e986ff040db0c28f40d654ceda0de11b7e03,true,f10d6001434b821efcecd709f5ec6d21820e1aeb570271711075c2cd05f61786,f10d6001434b821efcecd709f5ec6d21820e1aeb570271711075c2cd05f61786,true,true
ma-g3-social-studies-u06-l07,ma-g3-social-studies,55de2b16b13d384a003e5076ac63334235fdbe26a1a146ef742885d9c3a07a68,55de2b16b13d384a003e5076ac63334235fdbe26a1a146ef742885d9c3a07a68,true,f10d6001434b821efcecd709f5ec6d21820e1aeb570271711075c2cd05f61786,f10d6001434b821efcecd709f5ec6d21820e1aeb570271711075c2cd05f61786,true,true
ma-g3-social-studies-u06-l08,ma-g3-social-studies,cb5061157104e61483d5189bc16c6eb772389e8e6e3a65716217d02927b79699,cb5061157104e61483d5189bc16c6eb772389e8e6e3a65716217d02927b79699,true,f10d6001434b821efcecd709f5ec6d21820e1aeb570271711075c2cd05f61786,f10d6001434b821efcecd709f5ec6d21820e1aeb570271711075c2cd05f61786,true,true
ma-g3-social-studies-u06-l09,ma-g3-social-studies,5e2fdd20a745e578d1c95042955f7a29dfd57e82564072f7c0a2f29b2a4389be,5e2fdd20a745e578d1c95042955f7a29dfd57e82564072f7c0a2f29b2a4389be,true,f10d6001434b821efcecd709f5ec6d21820e1aeb570271711075c2cd05f61786,f10d6001434b821efcecd709f5ec6d21820e1aeb570271711075c2cd05f61786,true,true
ma-g3-social-studies-u06-l10,ma-g3-social-studies,0b415787840f82baf203cf6f00ded8db66743191acd30cdb7dee5041f079cfc8,0b415787840f82baf203cf6f00ded8db66743191acd30cdb7dee5041f079cfc8,true,f10d6001434b821efcecd709f5ec6d21820e1aeb570271711075c2cd05f61786,f10d6001434b821efcecd709f5ec6d21820e1aeb570271711075c2cd05f61786,true,true
ma-g3-social-studies-u06-l11,ma-g3-social-studies,c2a6825567ecf36b841a22e8ffe2e75569d07c078054a00bc887a9a0c0e99013,c2a6825567ecf36b841a22e8ffe2e75569d07c078054a00bc887a9a0c0e99013,true,f10d6001434b821efcecd709f5ec6d21820e1aeb570271711075c2cd05f61786,f10d6001434b821efcecd709f5ec6d21820e1aeb570271711075c2cd05f61786,true,true
ma-g3-social-studies-u06-l12,ma-g3-social-studies,5a094d2ae0cd8f25f5ddb655a414790a3de2443f846b3e982efe4cac637d4af1,5a094d2ae0cd8f25f5ddb655a414790a3de2443f846b3e982efe4cac637d4af1,true,f10d6001434b821efcecd709f5ec6d21820e1aeb570271711075c2cd05f61786,f10d6001434b821efcecd709f5ec6d21820e1aeb570271711075c2cd05f61786,true,true
ma-g3-social-studies-u07-l01,ma-g3-social-studies,060a379992644dbbd20ccfa1c24adae052f72e54b7ecc9f22c8d4222a195ffc4,060a379992644dbbd20ccfa1c24adae052f72e54b7ecc9f22c8d4222a195ffc4,true,12657db93d12425481b4a36d58dfe61ce30987e56f1af8db1c080ab1b19efbfc,12657db93d12425481b4a36d58dfe61ce30987e56f1af8db1c080ab1b19efbfc,true,true
ma-g3-social-studies-u07-l02,ma-g3-social-studies,cde9191a05a5e9ab65ceba692d178532fa6027f3e4c7bc6fadbb34874d172fdb,cde9191a05a5e9ab65ceba692d178532fa6027f3e4c7bc6fadbb34874d172fdb,true,12657db93d12425481b4a36d58dfe61ce30987e56f1af8db1c080ab1b19efbfc,12657db93d12425481b4a36d58dfe61ce30987e56f1af8db1c080ab1b19efbfc,true,true
ma-g3-social-studies-u07-l03,ma-g3-social-studies,31a1b7f537db17511c85de5f8c0e94b81dcfce33584e96f8008d934d111fb5e5,31a1b7f537db17511c85de5f8c0e94b81dcfce33584e96f8008d934d111fb5e5,true,12657db93d12425481b4a36d58dfe61ce30987e56f1af8db1c080ab1b19efbfc,12657db93d12425481b4a36d58dfe61ce30987e56f1af8db1c080ab1b19efbfc,true,true
ma-g3-social-studies-u07-l04,ma-g3-social-studies,0ccf2f3dfca5aab28677e576eae136fe258e3112789a1de135e79e3d9d2b5505,0ccf2f3dfca5aab28677e576eae136fe258e3112789a1de135e79e3d9d2b5505,true,12657db93d12425481b4a36d58dfe61ce30987e56f1af8db1c080ab1b19efbfc,12657db93d12425481b4a36d58dfe61ce30987e56f1af8db1c080ab1b19efbfc,true,true
ma-g3-social-studies-u07-l05,ma-g3-social-studies,bd0c5fdd3da7195bad9fc9b03ddf0c536824952321ea94a8619a25c9c843ff53,bd0c5fdd3da7195bad9fc9b03ddf0c536824952321ea94a8619a25c9c843ff53,true,12657db93d12425481b4a36d58dfe61ce30987e56f1af8db1c080ab1b19efbfc,12657db93d12425481b4a36d58dfe61ce30987e56f1af8db1c080ab1b19efbfc,true,true
ma-g3-social-studies-u07-l06,ma-g3-social-studies,6013af6713e257df5a0fcb1cc2d7a04b11af21a92745938eaca1fb82696db8d5,6013af6713e257df5a0fcb1cc2d7a04b11af21a92745938eaca1fb82696db8d5,true,12657db93d12425481b4a36d58dfe61ce30987e56f1af8db1c080ab1b19efbfc,12657db93d12425481b4a36d58dfe61ce30987e56f1af8db1c080ab1b19efbfc,true,true
ma-g3-social-studies-u07-l07,ma-g3-social-studies,5537cc71bf0fb0f4a79ebe56363abba28f67834136d6bbc76e272cadde764407,5537cc71bf0fb0f4a79ebe56363abba28f67834136d6bbc76e272cadde764407,true,12657db93d12425481b4a36d58dfe61ce30987e56f1af8db1c080ab1b19efbfc,12657db93d12425481b4a36d58dfe61ce30987e56f1af8db1c080ab1b19efbfc,true,true
ma-g3-social-studies-u07-l08,ma-g3-social-studies,60940a3b9e2037aa4d0e97c2bece4c59f9c6d2659cbd148801bbc5d6dbaa9905,60940a3b9e2037aa4d0e97c2bece4c59f9c6d2659cbd148801bbc5d6dbaa9905,true,12657db93d12425481b4a36d58dfe61ce30987e56f1af8db1c080ab1b19efbfc,12657db93d12425481b4a36d58dfe61ce30987e56f1af8db1c080ab1b19efbfc,true,true
ma-g3-social-studies-u07-l09,ma-g3-social-studies,80759ff1ec8fb24e7057540aa9cf29c909506218a1885c6862133ee734399194,80759ff1ec8fb24e7057540aa9cf29c909506218a1885c6862133ee734399194,true,12657db93d12425481b4a36d58dfe61ce30987e56f1af8db1c080ab1b19efbfc,12657db93d12425481b4a36d58dfe61ce30987e56f1af8db1c080ab1b19efbfc,true,true
ma-g3-social-studies-u07-l10,ma-g3-social-studies,e7d8e3b3dfc5a2bef7e20853fb62105582406c3f948c1c72540dda865076a05a,e7d8e3b3dfc5a2bef7e20853fb62105582406c3f948c1c72540dda865076a05a,true,12657db93d12425481b4a36d58dfe61ce30987e56f1af8db1c080ab1b19efbfc,12657db93d12425481b4a36d58dfe61ce30987e56f1af8db1c080ab1b19efbfc,true,true
ma-g3-social-studies-u07-l11,ma-g3-social-studies,98b2fdd2bafd2790126495034916330f31b335e542c1a8f7abbe41c166345c64,98b2fdd2bafd2790126495034916330f31b335e542c1a8f7abbe41c166345c64,true,12657db93d12425481b4a36d58dfe61ce30987e56f1af8db1c080ab1b19efbfc,12657db93d12425481b4a36d58dfe61ce30987e56f1af8db1c080ab1b19efbfc,true,true
ma-g3-social-studies-u07-l12,ma-g3-social-studies,2170ef96056047d8460aae64d7e19a62f2f763bc777dc90cf1f8cc3ed98c4541,2170ef96056047d8460aae64d7e19a62f2f763bc777dc90cf1f8cc3ed98c4541,true,12657db93d12425481b4a36d58dfe61ce30987e56f1af8db1c080ab1b19efbfc,12657db93d12425481b4a36d58dfe61ce30987e56f1af8db1c080ab1b19efbfc,true,true
ma-g3-social-studies-u08-l01,ma-g3-social-studies,b93b0ab2c418ec9632503753b4dd80f6539772b8ecaf2c151400602d45274f0d,b93b0ab2c418ec9632503753b4dd80f6539772b8ecaf2c151400602d45274f0d,true,076c7fed4f3a918e279fb20ef7ce7893ba34d52a6b207b5ed95d73a2c58bd007,076c7fed4f3a918e279fb20ef7ce7893ba34d52a6b207b5ed95d73a2c58bd007,true,true
ma-g3-social-studies-u08-l02,ma-g3-social-studies,9c4bead0420949815a16849062467c6195005fe7d7fe8d2a0477f4738cd2bb05,9c4bead0420949815a16849062467c6195005fe7d7fe8d2a0477f4738cd2bb05,true,076c7fed4f3a918e279fb20ef7ce7893ba34d52a6b207b5ed95d73a2c58bd007,076c7fed4f3a918e279fb20ef7ce7893ba34d52a6b207b5ed95d73a2c58bd007,true,true
ma-g3-social-studies-u08-l03,ma-g3-social-studies,95043b3d2b711a64707c848ee490db1a7adb0606cf9d28c57922576e07015ec6,95043b3d2b711a64707c848ee490db1a7adb0606cf9d28c57922576e07015ec6,true,076c7fed4f3a918e279fb20ef7ce7893ba34d52a6b207b5ed95d73a2c58bd007,076c7fed4f3a918e279fb20ef7ce7893ba34d52a6b207b5ed95d73a2c58bd007,true,true
ma-g3-social-studies-u08-l04,ma-g3-social-studies,86799df4a0babe7508fb9bf65fe5f051ba878f6783233727b99aa9a276bd0ec4,86799df4a0babe7508fb9bf65fe5f051ba878f6783233727b99aa9a276bd0ec4,true,076c7fed4f3a918e279fb20ef7ce7893ba34d52a6b207b5ed95d73a2c58bd007,076c7fed4f3a918e279fb20ef7ce7893ba34d52a6b207b5ed95d73a2c58bd007,true,true
ma-g3-social-studies-u08-l05,ma-g3-social-studies,456401febeefd1384490f7da78b24c52d33b531716c687eaf368012254c43a37,456401febeefd1384490f7da78b24c52d33b531716c687eaf368012254c43a37,true,076c7fed4f3a918e279fb20ef7ce7893ba34d52a6b207b5ed95d73a2c58bd007,076c7fed4f3a918e279fb20ef7ce7893ba34d52a6b207b5ed95d73a2c58bd007,true,true
ma-g3-social-studies-u08-l06,ma-g3-social-studies,61f923a1b746b0070d771477aa4bbc4f62fde2ed7e8bf08d1af9787a66415cdc,61f923a1b746b0070d771477aa4bbc4f62fde2ed7e8bf08d1af9787a66415cdc,true,076c7fed4f3a918e279fb20ef7ce7893ba34d52a6b207b5ed95d73a2c58bd007,076c7fed4f3a918e279fb20ef7ce7893ba34d52a6b207b5ed95d73a2c58bd007,true,true
ma-g3-social-studies-u08-l07,ma-g3-social-studies,b93007a4cc08e18b18d80221c708c28bb4301c698eb5d6d7b620f3b27ec22d9e,b93007a4cc08e18b18d80221c708c28bb4301c698eb5d6d7b620f3b27ec22d9e,true,076c7fed4f3a918e279fb20ef7ce7893ba34d52a6b207b5ed95d73a2c58bd007,076c7fed4f3a918e279fb20ef7ce7893ba34d52a6b207b5ed95d73a2c58bd007,true,true
ma-g3-social-studies-u08-l08,ma-g3-social-studies,363d674e02b1143a9274ebf2d583ff766ce9e2519f91f3459300f0b464f923aa,363d674e02b1143a9274ebf2d583ff766ce9e2519f91f3459300f0b464f923aa,true,076c7fed4f3a918e279fb20ef7ce7893ba34d52a6b207b5ed95d73a2c58bd007,076c7fed4f3a918e279fb20ef7ce7893ba34d52a6b207b5ed95d73a2c58bd007,true,true
ma-g3-social-studies-u08-l09,ma-g3-social-studies,e7cff1831f15a1f4c3a20d7284209c9df76a550712c42eb85d59884ae865e594,e7cff1831f15a1f4c3a20d7284209c9df76a550712c42eb85d59884ae865e594,true,076c7fed4f3a918e279fb20ef7ce7893ba34d52a6b207b5ed95d73a2c58bd007,076c7fed4f3a918e279fb20ef7ce7893ba34d52a6b207b5ed95d73a2c58bd007,true,true
ma-g3-social-studies-u08-l10,ma-g3-social-studies,28a1749d16cf24a71e822e4df1d66d4ddbdf733ae092371d4293979bac2a8419,28a1749d16cf24a71e822e4df1d66d4ddbdf733ae092371d4293979bac2a8419,true,076c7fed4f3a918e279fb20ef7ce7893ba34d52a6b207b5ed95d73a2c58bd007,076c7fed4f3a918e279fb20ef7ce7893ba34d52a6b207b5ed95d73a2c58bd007,true,true
ma-g3-social-studies-u08-l11,ma-g3-social-studies,438a16bbde99966508eb0b8f6fee4c054bbaa7840310777ef04423ce4d3b4b43,438a16bbde99966508eb0b8f6fee4c054bbaa7840310777ef04423ce4d3b4b43,true,076c7fed4f3a918e279fb20ef7ce7893ba34d52a6b207b5ed95d73a2c58bd007,076c7fed4f3a918e279fb20ef7ce7893ba34d52a6b207b5ed95d73a2c58bd007,true,true
ma-g3-social-studies-u08-l12,ma-g3-social-studies,f5335dd140bad5e8536134ba15b0199e41211bafadee0c8d3e394f5689b96fb0,f5335dd140bad5e8536134ba15b0199e41211bafadee0c8d3e394f5689b96fb0,true,076c7fed4f3a918e279fb20ef7ce7893ba34d52a6b207b5ed95d73a2c58bd007,076c7fed4f3a918e279fb20ef7ce7893ba34d52a6b207b5ed95d73a2c58bd007,true,true
ma-g3-social-studies-u09-l01,ma-g3-social-studies,137afaa1aae7ad0a1f3a647663d040e5f98ed25f3231f4cacd84780e11837d69,137afaa1aae7ad0a1f3a647663d040e5f98ed25f3231f4cacd84780e11837d69,true,0710bfa2c28db3d6808fc0dfa8592381991ea95ec50ae82c139dc11ab67d777f,0710bfa2c28db3d6808fc0dfa8592381991ea95ec50ae82c139dc11ab67d777f,true,true
ma-g3-social-studies-u09-l02,ma-g3-social-studies,65f3efa76bf8de2381e2b07cdea771a709c7cec2a38b97e5e884b22c940ccf78,65f3efa76bf8de2381e2b07cdea771a709c7cec2a38b97e5e884b22c940ccf78,true,0710bfa2c28db3d6808fc0dfa8592381991ea95ec50ae82c139dc11ab67d777f,0710bfa2c28db3d6808fc0dfa8592381991ea95ec50ae82c139dc11ab67d777f,true,true
ma-g3-social-studies-u09-l03,ma-g3-social-studies,83c924f1817cb1ac3ffa7d68ba4526180ec63281e874bf750415f4c635c0985b,83c924f1817cb1ac3ffa7d68ba4526180ec63281e874bf750415f4c635c0985b,true,0710bfa2c28db3d6808fc0dfa8592381991ea95ec50ae82c139dc11ab67d777f,0710bfa2c28db3d6808fc0dfa8592381991ea95ec50ae82c139dc11ab67d777f,true,true
ma-g3-social-studies-u09-l04,ma-g3-social-studies,a7d14c5e1a8aa5df0c28c4a3915b9e887d6be9deb5154f038c0c2071239bd7aa,a7d14c5e1a8aa5df0c28c4a3915b9e887d6be9deb5154f038c0c2071239bd7aa,true,0710bfa2c28db3d6808fc0dfa8592381991ea95ec50ae82c139dc11ab67d777f,0710bfa2c28db3d6808fc0dfa8592381991ea95ec50ae82c139dc11ab67d777f,true,true
ma-g3-social-studies-u09-l05,ma-g3-social-studies,5a6f512ae36de9fda1115e7c9857b4d7a67c5aadb3924921fbe9a2bb3dca40ef,5a6f512ae36de9fda1115e7c9857b4d7a67c5aadb3924921fbe9a2bb3dca40ef,true,0710bfa2c28db3d6808fc0dfa8592381991ea95ec50ae82c139dc11ab67d777f,0710bfa2c28db3d6808fc0dfa8592381991ea95ec50ae82c139dc11ab67d777f,true,true
ma-g3-social-studies-u09-l06,ma-g3-social-studies,a3f593b725bf4d75e8aa2c57ad4a52fbc21976ab4bee82253bbf17d885780133,a3f593b725bf4d75e8aa2c57ad4a52fbc21976ab4bee82253bbf17d885780133,true,0710bfa2c28db3d6808fc0dfa8592381991ea95ec50ae82c139dc11ab67d777f,0710bfa2c28db3d6808fc0dfa8592381991ea95ec50ae82c139dc11ab67d777f,true,true
ma-g3-social-studies-u09-l07,ma-g3-social-studies,1e02aa1891b4632fa65b258d49192dd8a9069cf76fd8b1c8ad265dc6cc5c1e58,1e02aa1891b4632fa65b258d49192dd8a9069cf76fd8b1c8ad265dc6cc5c1e58,true,0710bfa2c28db3d6808fc0dfa8592381991ea95ec50ae82c139dc11ab67d777f,0710bfa2c28db3d6808fc0dfa8592381991ea95ec50ae82c139dc11ab67d777f,true,true
ma-g3-social-studies-u09-l08,ma-g3-social-studies,b208fc53da411cd202aca62f3ee50b16d5b9d6eb2dc42ec2cd170705385ab48c,b208fc53da411cd202aca62f3ee50b16d5b9d6eb2dc42ec2cd170705385ab48c,true,0710bfa2c28db3d6808fc0dfa8592381991ea95ec50ae82c139dc11ab67d777f,0710bfa2c28db3d6808fc0dfa8592381991ea95ec50ae82c139dc11ab67d777f,true,true
ma-g3-social-studies-u09-l09,ma-g3-social-studies,85e0a7d221f7d53896d5bdea1dafa7b3aaa0c4630dd58b7ce139454ea6b3c03c,85e0a7d221f7d53896d5bdea1dafa7b3aaa0c4630dd58b7ce139454ea6b3c03c,true,0710bfa2c28db3d6808fc0dfa8592381991ea95ec50ae82c139dc11ab67d777f,0710bfa2c28db3d6808fc0dfa8592381991ea95ec50ae82c139dc11ab67d777f,true,true
ma-g3-social-studies-u09-l10,ma-g3-social-studies,d6d6765289a416f6cde28c46d7562534f487c983ac44be760645645f10b43302,d6d6765289a416f6cde28c46d7562534f487c983ac44be760645645f10b43302,true,0710bfa2c28db3d6808fc0dfa8592381991ea95ec50ae82c139dc11ab67d777f,0710bfa2c28db3d6808fc0dfa8592381991ea95ec50ae82c139dc11ab67d777f,true,true
ma-g3-social-studies-u09-l11,ma-g3-social-studies,b58c06c9f8a5cdaf56d958ae95ce87f8c929cf87f8383eb3c7afe116feb355e7,b58c06c9f8a5cdaf56d958ae95ce87f8c929cf87f8383eb3c7afe116feb355e7,true,0710bfa2c28db3d6808fc0dfa8592381991ea95ec50ae82c139dc11ab67d777f,0710bfa2c28db3d6808fc0dfa8592381991ea95ec50ae82c139dc11ab67d777f,true,true
ma-g3-social-studies-u09-l12,ma-g3-social-studies,86cc1cdcfa9c0c8e8ee254637e6a071d9a0f257c8053022819914f421952af89,86cc1cdcfa9c0c8e8ee254637e6a071d9a0f257c8053022819914f421952af89,true,0710bfa2c28db3d6808fc0dfa8592381991ea95ec50ae82c139dc11ab67d777f,0710bfa2c28db3d6808fc0dfa8592381991ea95ec50ae82c139dc11ab67d777f,true,true
ma-g3-health-u01-l01,ma-g3-health,bf28b36aab56b45e2f2ee97a2c4cc71ba880bfce22a3076b345a626ac287ff81,bf28b36aab56b45e2f2ee97a2c4cc71ba880bfce22a3076b345a626ac287ff81,true,e51f8c9ed8dbaa6559a28838412bf281a8252f2fe46dd83c48cc3ee05a5c2725,e51f8c9ed8dbaa6559a28838412bf281a8252f2fe46dd83c48cc3ee05a5c2725,true,true
ma-g3-health-u01-l02,ma-g3-health,c71f74fc5be227f04c9f11c2443a05bdbb8ada14dec33e770b68b3b2c8acca33,c71f74fc5be227f04c9f11c2443a05bdbb8ada14dec33e770b68b3b2c8acca33,true,e51f8c9ed8dbaa6559a28838412bf281a8252f2fe46dd83c48cc3ee05a5c2725,e51f8c9ed8dbaa6559a28838412bf281a8252f2fe46dd83c48cc3ee05a5c2725,true,true
ma-g3-health-u01-l03,ma-g3-health,7cc4b6af519e5f4505e2277988d48b5b953f8dbfcc2ccea65534aaeee5193d3d,7cc4b6af519e5f4505e2277988d48b5b953f8dbfcc2ccea65534aaeee5193d3d,true,e51f8c9ed8dbaa6559a28838412bf281a8252f2fe46dd83c48cc3ee05a5c2725,e51f8c9ed8dbaa6559a28838412bf281a8252f2fe46dd83c48cc3ee05a5c2725,true,true
ma-g3-health-u01-l04,ma-g3-health,8080cb6eb85cfd7002ee7a8e1c7d16cda349f2ee917db2603d7c734305970f7b,8080cb6eb85cfd7002ee7a8e1c7d16cda349f2ee917db2603d7c734305970f7b,true,e51f8c9ed8dbaa6559a28838412bf281a8252f2fe46dd83c48cc3ee05a5c2725,e51f8c9ed8dbaa6559a28838412bf281a8252f2fe46dd83c48cc3ee05a5c2725,true,true
ma-g3-health-u01-l05,ma-g3-health,ad826d0cfc9a34f3618a7ad142f1c4091454f41da02147c683dcba5ec1ea68e8,ad826d0cfc9a34f3618a7ad142f1c4091454f41da02147c683dcba5ec1ea68e8,true,e51f8c9ed8dbaa6559a28838412bf281a8252f2fe46dd83c48cc3ee05a5c2725,e51f8c9ed8dbaa6559a28838412bf281a8252f2fe46dd83c48cc3ee05a5c2725,true,true
ma-g3-health-u01-l06,ma-g3-health,3c8dc2f6db739bf227a5b941d6843739acf45eb1e4d09558443d64abf318d7c0,3c8dc2f6db739bf227a5b941d6843739acf45eb1e4d09558443d64abf318d7c0,true,e51f8c9ed8dbaa6559a28838412bf281a8252f2fe46dd83c48cc3ee05a5c2725,e51f8c9ed8dbaa6559a28838412bf281a8252f2fe46dd83c48cc3ee05a5c2725,true,true
ma-g3-health-u02-l01,ma-g3-health,45642aa6bfb67b0321d8b0ae5a857480221e64f16b9fe4f96063e154534d72b8,45642aa6bfb67b0321d8b0ae5a857480221e64f16b9fe4f96063e154534d72b8,true,b4be4e98eb1bb54225e59d62c1f5c376710dd03472f0afbbcd7c5a6b49f47174,b4be4e98eb1bb54225e59d62c1f5c376710dd03472f0afbbcd7c5a6b49f47174,true,true
ma-g3-health-u02-l02,ma-g3-health,a450625fd55877354dda8ec1e844e071c7b3814f820f270e8a5bee8e4cf5f192,a450625fd55877354dda8ec1e844e071c7b3814f820f270e8a5bee8e4cf5f192,true,b4be4e98eb1bb54225e59d62c1f5c376710dd03472f0afbbcd7c5a6b49f47174,b4be4e98eb1bb54225e59d62c1f5c376710dd03472f0afbbcd7c5a6b49f47174,true,true
ma-g3-health-u02-l03,ma-g3-health,efbebe56840c77d9010ee98b86884b52bea4341a24a82c7c002189c04597e317,efbebe56840c77d9010ee98b86884b52bea4341a24a82c7c002189c04597e317,true,b4be4e98eb1bb54225e59d62c1f5c376710dd03472f0afbbcd7c5a6b49f47174,b4be4e98eb1bb54225e59d62c1f5c376710dd03472f0afbbcd7c5a6b49f47174,true,true
ma-g3-health-u02-l04,ma-g3-health,6200270053fff610b4c3f42b919f651d68c679a0840d0b46405f6f8d038255d4,6200270053fff610b4c3f42b919f651d68c679a0840d0b46405f6f8d038255d4,true,b4be4e98eb1bb54225e59d62c1f5c376710dd03472f0afbbcd7c5a6b49f47174,b4be4e98eb1bb54225e59d62c1f5c376710dd03472f0afbbcd7c5a6b49f47174,true,true
ma-g3-health-u02-l05,ma-g3-health,cf64f9b6cd52b1e1c673af57df83c330a855d0c4907eb9ea35797da5bfa40973,cf64f9b6cd52b1e1c673af57df83c330a855d0c4907eb9ea35797da5bfa40973,true,b4be4e98eb1bb54225e59d62c1f5c376710dd03472f0afbbcd7c5a6b49f47174,b4be4e98eb1bb54225e59d62c1f5c376710dd03472f0afbbcd7c5a6b49f47174,true,true
ma-g3-health-u02-l06,ma-g3-health,3048d8fd44046598ad925b09157955a4db149f844579d615f1cfe813777c2de1,3048d8fd44046598ad925b09157955a4db149f844579d615f1cfe813777c2de1,true,b4be4e98eb1bb54225e59d62c1f5c376710dd03472f0afbbcd7c5a6b49f47174,b4be4e98eb1bb54225e59d62c1f5c376710dd03472f0afbbcd7c5a6b49f47174,true,true
ma-g3-health-u03-l01,ma-g3-health,2b33b4579f6017b3ecfcbb7c91784c79532aa9e1b35f28161586772e29f97bc3,2b33b4579f6017b3ecfcbb7c91784c79532aa9e1b35f28161586772e29f97bc3,true,a63a1c7819ad4e94be521677cd0a4250a65d75fb3881e31e53b20073604e12b1,a63a1c7819ad4e94be521677cd0a4250a65d75fb3881e31e53b20073604e12b1,true,true
ma-g3-health-u03-l02,ma-g3-health,1817ce64079674ca4c19c1cefddd486412dbc5e95da44006e4e3d7afd5ff2448,1817ce64079674ca4c19c1cefddd486412dbc5e95da44006e4e3d7afd5ff2448,true,a63a1c7819ad4e94be521677cd0a4250a65d75fb3881e31e53b20073604e12b1,a63a1c7819ad4e94be521677cd0a4250a65d75fb3881e31e53b20073604e12b1,true,true
ma-g3-health-u03-l03,ma-g3-health,549a75168361169f10e0cb75a5a30e5d3017ec2abfa525fc1ca2383730d010f5,549a75168361169f10e0cb75a5a30e5d3017ec2abfa525fc1ca2383730d010f5,true,a63a1c7819ad4e94be521677cd0a4250a65d75fb3881e31e53b20073604e12b1,a63a1c7819ad4e94be521677cd0a4250a65d75fb3881e31e53b20073604e12b1,true,true
ma-g3-health-u03-l04,ma-g3-health,bc0bbf4e3e33241f69c15611615d77a67227e7fcaf90a6f9bb50e688c0990d96,bc0bbf4e3e33241f69c15611615d77a67227e7fcaf90a6f9bb50e688c0990d96,true,a63a1c7819ad4e94be521677cd0a4250a65d75fb3881e31e53b20073604e12b1,a63a1c7819ad4e94be521677cd0a4250a65d75fb3881e31e53b20073604e12b1,true,true
ma-g3-health-u03-l05,ma-g3-health,244f50813c6f5bd9f9c18465b55dcf85bb8d1645e8a0e770c6695a4414db8a45,244f50813c6f5bd9f9c18465b55dcf85bb8d1645e8a0e770c6695a4414db8a45,true,a63a1c7819ad4e94be521677cd0a4250a65d75fb3881e31e53b20073604e12b1,a63a1c7819ad4e94be521677cd0a4250a65d75fb3881e31e53b20073604e12b1,true,true
ma-g3-health-u03-l06,ma-g3-health,f4a29337d1faba25aaaaae77f833486142adb3bfe18f44aaf0ec489e35d08c97,f4a29337d1faba25aaaaae77f833486142adb3bfe18f44aaf0ec489e35d08c97,true,a63a1c7819ad4e94be521677cd0a4250a65d75fb3881e31e53b20073604e12b1,a63a1c7819ad4e94be521677cd0a4250a65d75fb3881e31e53b20073604e12b1,true,true
ma-g3-health-u04-l01,ma-g3-health,9b83ac2e3a2ebf3bcb3e4882e13b85d52b6581b247fcc4844be2ed0eb341d80f,9b83ac2e3a2ebf3bcb3e4882e13b85d52b6581b247fcc4844be2ed0eb341d80f,true,232b73310a49a3fb87656dad18341cd9e18746037ffcf9a22f1dee6f1dcfab9e,232b73310a49a3fb87656dad18341cd9e18746037ffcf9a22f1dee6f1dcfab9e,true,true
ma-g3-health-u04-l02,ma-g3-health,0777bff3acd64bca504d2cfd2ee480b23056496f869b2e6552ca167580653dba,0777bff3acd64bca504d2cfd2ee480b23056496f869b2e6552ca167580653dba,true,232b73310a49a3fb87656dad18341cd9e18746037ffcf9a22f1dee6f1dcfab9e,232b73310a49a3fb87656dad18341cd9e18746037ffcf9a22f1dee6f1dcfab9e,true,true
ma-g3-health-u04-l03,ma-g3-health,6c64a9414162c3cb4ac4ac9795bd106a8c5ef9b16a61ea0fc2f2e71ce2641f9b,6c64a9414162c3cb4ac4ac9795bd106a8c5ef9b16a61ea0fc2f2e71ce2641f9b,true,232b73310a49a3fb87656dad18341cd9e18746037ffcf9a22f1dee6f1dcfab9e,232b73310a49a3fb87656dad18341cd9e18746037ffcf9a22f1dee6f1dcfab9e,true,true
ma-g3-health-u04-l04,ma-g3-health,e004caa3b22558978f463cf16b4cc6a9cf2315170206008322ec2c737310cf96,e004caa3b22558978f463cf16b4cc6a9cf2315170206008322ec2c737310cf96,true,232b73310a49a3fb87656dad18341cd9e18746037ffcf9a22f1dee6f1dcfab9e,232b73310a49a3fb87656dad18341cd9e18746037ffcf9a22f1dee6f1dcfab9e,true,true
ma-g3-health-u04-l05,ma-g3-health,9102a6298447bdefa778213a51eb94a6778cc0ea4b7418b25b4fa6bd314c4f06,9102a6298447bdefa778213a51eb94a6778cc0ea4b7418b25b4fa6bd314c4f06,true,232b73310a49a3fb87656dad18341cd9e18746037ffcf9a22f1dee6f1dcfab9e,232b73310a49a3fb87656dad18341cd9e18746037ffcf9a22f1dee6f1dcfab9e,true,true
ma-g3-health-u04-l06,ma-g3-health,7e7a1ddfbefcf5fd57ccebbde4c650933fce3d3fec6a1b2b2fce564e8d0cebca,7e7a1ddfbefcf5fd57ccebbde4c650933fce3d3fec6a1b2b2fce564e8d0cebca,true,232b73310a49a3fb87656dad18341cd9e18746037ffcf9a22f1dee6f1dcfab9e,232b73310a49a3fb87656dad18341cd9e18746037ffcf9a22f1dee6f1dcfab9e,true,true
ma-g3-health-u05-l01,ma-g3-health,8d063b8adc9293dacb2cd6ab6729933231703b8bcf378899cf85fa2371be887e,8d063b8adc9293dacb2cd6ab6729933231703b8bcf378899cf85fa2371be887e,true,2d5c35cbf1c7f1b3bfcad2384d9e3244819a93f4463e5c6d40412a048e32ea1b,2d5c35cbf1c7f1b3bfcad2384d9e3244819a93f4463e5c6d40412a048e32ea1b,true,true
ma-g3-health-u05-l02,ma-g3-health,bcff1d7264451394816406c54af7486fed4ecc0c77f596437f1e5d533ec54f24,bcff1d7264451394816406c54af7486fed4ecc0c77f596437f1e5d533ec54f24,true,2d5c35cbf1c7f1b3bfcad2384d9e3244819a93f4463e5c6d40412a048e32ea1b,2d5c35cbf1c7f1b3bfcad2384d9e3244819a93f4463e5c6d40412a048e32ea1b,true,true
ma-g3-health-u05-l03,ma-g3-health,2170f24dd7c3025e8c97f996781c8cceba0d89050e2016ff8ccfcd34ba60c2b8,2170f24dd7c3025e8c97f996781c8cceba0d89050e2016ff8ccfcd34ba60c2b8,true,2d5c35cbf1c7f1b3bfcad2384d9e3244819a93f4463e5c6d40412a048e32ea1b,2d5c35cbf1c7f1b3bfcad2384d9e3244819a93f4463e5c6d40412a048e32ea1b,true,true
ma-g3-health-u05-l04,ma-g3-health,65905570ba9fe47c4e13b21fd4abeefadcc044feb9281f0ca77a6cb64363507a,65905570ba9fe47c4e13b21fd4abeefadcc044feb9281f0ca77a6cb64363507a,true,2d5c35cbf1c7f1b3bfcad2384d9e3244819a93f4463e5c6d40412a048e32ea1b,2d5c35cbf1c7f1b3bfcad2384d9e3244819a93f4463e5c6d40412a048e32ea1b,true,true
ma-g3-health-u05-l05,ma-g3-health,ccd3a2aacc46233c10c96b6af02d367c882613f088486bc3730e0f57c1fed9f9,ccd3a2aacc46233c10c96b6af02d367c882613f088486bc3730e0f57c1fed9f9,true,2d5c35cbf1c7f1b3bfcad2384d9e3244819a93f4463e5c6d40412a048e32ea1b,2d5c35cbf1c7f1b3bfcad2384d9e3244819a93f4463e5c6d40412a048e32ea1b,true,true
ma-g3-health-u05-l06,ma-g3-health,3feac845b6752ac83cd071b89d426db62e67dcd98e4a0913ebfb4d72faf09c9c,3feac845b6752ac83cd071b89d426db62e67dcd98e4a0913ebfb4d72faf09c9c,true,2d5c35cbf1c7f1b3bfcad2384d9e3244819a93f4463e5c6d40412a048e32ea1b,2d5c35cbf1c7f1b3bfcad2384d9e3244819a93f4463e5c6d40412a048e32ea1b,true,true
ma-g3-health-u06-l01,ma-g3-health,89ac3d62c24092c044b1aedb67f7153306f89a42b32d54ab182c66f75b3b1b3f,89ac3d62c24092c044b1aedb67f7153306f89a42b32d54ab182c66f75b3b1b3f,true,59800f43044392ef6cc14f1a0c3fb85544a6d578eed1534c85e9078abee265af,59800f43044392ef6cc14f1a0c3fb85544a6d578eed1534c85e9078abee265af,true,true
ma-g3-health-u06-l02,ma-g3-health,29a6e2708ffe23f2e7b5c33346695def9f5f02627a3acc4190ba10e5411858f7,29a6e2708ffe23f2e7b5c33346695def9f5f02627a3acc4190ba10e5411858f7,true,59800f43044392ef6cc14f1a0c3fb85544a6d578eed1534c85e9078abee265af,59800f43044392ef6cc14f1a0c3fb85544a6d578eed1534c85e9078abee265af,true,true
ma-g3-health-u06-l03,ma-g3-health,bfab7c1ae789c1310192ebae931374bafd25f7498c3c9829e2d1d8c600c2d77a,bfab7c1ae789c1310192ebae931374bafd25f7498c3c9829e2d1d8c600c2d77a,true,59800f43044392ef6cc14f1a0c3fb85544a6d578eed1534c85e9078abee265af,59800f43044392ef6cc14f1a0c3fb85544a6d578eed1534c85e9078abee265af,true,true
ma-g3-health-u06-l04,ma-g3-health,3f7fc6b72644f4764f2b4d2f37a26701cc26dfe2c20a7c361a33f22dc314d028,3f7fc6b72644f4764f2b4d2f37a26701cc26dfe2c20a7c361a33f22dc314d028,true,59800f43044392ef6cc14f1a0c3fb85544a6d578eed1534c85e9078abee265af,59800f43044392ef6cc14f1a0c3fb85544a6d578eed1534c85e9078abee265af,true,true
ma-g3-health-u06-l05,ma-g3-health,9eb2ee96613bd8df853aa481fa9a6c69f56ec82e7b609fbe2cec6959b5f346f8,9eb2ee96613bd8df853aa481fa9a6c69f56ec82e7b609fbe2cec6959b5f346f8,true,59800f43044392ef6cc14f1a0c3fb85544a6d578eed1534c85e9078abee265af,59800f43044392ef6cc14f1a0c3fb85544a6d578eed1534c85e9078abee265af,true,true
ma-g3-health-u06-l06,ma-g3-health,bc3e8656f78e3909e0ec4ee8195ff9d9884bb1e394b6ebc494a6445ecd094d13,bc3e8656f78e3909e0ec4ee8195ff9d9884bb1e394b6ebc494a6445ecd094d13,true,59800f43044392ef6cc14f1a0c3fb85544a6d578eed1534c85e9078abee265af,59800f43044392ef6cc14f1a0c3fb85544a6d578eed1534c85e9078abee265af,true,true
ma-g3-physical-education-u01-l01,ma-g3-physical-education,0e0f1c91281cb063f07225447e583e9e02f7dfdf0343df4a21bf9a6815f2975c,0e0f1c91281cb063f07225447e583e9e02f7dfdf0343df4a21bf9a6815f2975c,true,13973d0c6d73c17b69d8723943f0c4b117fe6bf3bfcc0116f6071f46c8cc23b5,13973d0c6d73c17b69d8723943f0c4b117fe6bf3bfcc0116f6071f46c8cc23b5,true,true
ma-g3-physical-education-u01-l02,ma-g3-physical-education,3a21b6d3f86089bc57d5f041f758c6650942c53dc4d8af153498bb4a946abcfd,3a21b6d3f86089bc57d5f041f758c6650942c53dc4d8af153498bb4a946abcfd,true,13973d0c6d73c17b69d8723943f0c4b117fe6bf3bfcc0116f6071f46c8cc23b5,13973d0c6d73c17b69d8723943f0c4b117fe6bf3bfcc0116f6071f46c8cc23b5,true,true
ma-g3-physical-education-u01-l03,ma-g3-physical-education,0b19eec6b8b4fc24dbde8f60ca5cbb75c8c578c2a96f62ee9ee7e260d6c69288,0b19eec6b8b4fc24dbde8f60ca5cbb75c8c578c2a96f62ee9ee7e260d6c69288,true,13973d0c6d73c17b69d8723943f0c4b117fe6bf3bfcc0116f6071f46c8cc23b5,13973d0c6d73c17b69d8723943f0c4b117fe6bf3bfcc0116f6071f46c8cc23b5,true,true
ma-g3-physical-education-u01-l04,ma-g3-physical-education,c474f8ace66f34c1c2b0d27529088723c314e16ed12324c9c5871ecec6d6e671,c474f8ace66f34c1c2b0d27529088723c314e16ed12324c9c5871ecec6d6e671,true,13973d0c6d73c17b69d8723943f0c4b117fe6bf3bfcc0116f6071f46c8cc23b5,13973d0c6d73c17b69d8723943f0c4b117fe6bf3bfcc0116f6071f46c8cc23b5,true,true
ma-g3-physical-education-u01-l05,ma-g3-physical-education,1231a14563dab92fcca6470772fde75fc3fe40f901880cbafe619129f0617aec,1231a14563dab92fcca6470772fde75fc3fe40f901880cbafe619129f0617aec,true,13973d0c6d73c17b69d8723943f0c4b117fe6bf3bfcc0116f6071f46c8cc23b5,13973d0c6d73c17b69d8723943f0c4b117fe6bf3bfcc0116f6071f46c8cc23b5,true,true
ma-g3-physical-education-u01-l06,ma-g3-physical-education,ef66a75863552e2f6df1d6181f371db9457706f94a64e8cd14d3a65d692a35bb,ef66a75863552e2f6df1d6181f371db9457706f94a64e8cd14d3a65d692a35bb,true,13973d0c6d73c17b69d8723943f0c4b117fe6bf3bfcc0116f6071f46c8cc23b5,13973d0c6d73c17b69d8723943f0c4b117fe6bf3bfcc0116f6071f46c8cc23b5,true,true
ma-g3-physical-education-u01-l07,ma-g3-physical-education,381ff80e5cae267aef18311cfb048e8430eecf6aa5e6ebcb4822a6666dfa4a9a,381ff80e5cae267aef18311cfb048e8430eecf6aa5e6ebcb4822a6666dfa4a9a,true,13973d0c6d73c17b69d8723943f0c4b117fe6bf3bfcc0116f6071f46c8cc23b5,13973d0c6d73c17b69d8723943f0c4b117fe6bf3bfcc0116f6071f46c8cc23b5,true,true
ma-g3-physical-education-u01-l08,ma-g3-physical-education,bb9f5005ce6af3c1d2ca13cd1c524d888999558ddda835824282885e73255b9f,bb9f5005ce6af3c1d2ca13cd1c524d888999558ddda835824282885e73255b9f,true,13973d0c6d73c17b69d8723943f0c4b117fe6bf3bfcc0116f6071f46c8cc23b5,13973d0c6d73c17b69d8723943f0c4b117fe6bf3bfcc0116f6071f46c8cc23b5,true,true
ma-g3-physical-education-u01-l09,ma-g3-physical-education,6629f477a76b037992ff10634987c7d5b1e340f86691faf15566e31e3d7d082a,6629f477a76b037992ff10634987c7d5b1e340f86691faf15566e31e3d7d082a,true,13973d0c6d73c17b69d8723943f0c4b117fe6bf3bfcc0116f6071f46c8cc23b5,13973d0c6d73c17b69d8723943f0c4b117fe6bf3bfcc0116f6071f46c8cc23b5,true,true
ma-g3-physical-education-u01-l10,ma-g3-physical-education,ea806b690af7a5097facc7f8bcc63f23c86063695d86c3e42e69133daf56dead,ea806b690af7a5097facc7f8bcc63f23c86063695d86c3e42e69133daf56dead,true,13973d0c6d73c17b69d8723943f0c4b117fe6bf3bfcc0116f6071f46c8cc23b5,13973d0c6d73c17b69d8723943f0c4b117fe6bf3bfcc0116f6071f46c8cc23b5,true,true
ma-g3-physical-education-u01-l11,ma-g3-physical-education,d17b82a0bec6f188476544cf50ca36890cc391780b46d91846ecf7ee0ea6e30c,d17b82a0bec6f188476544cf50ca36890cc391780b46d91846ecf7ee0ea6e30c,true,13973d0c6d73c17b69d8723943f0c4b117fe6bf3bfcc0116f6071f46c8cc23b5,13973d0c6d73c17b69d8723943f0c4b117fe6bf3bfcc0116f6071f46c8cc23b5,true,true
ma-g3-physical-education-u01-l12,ma-g3-physical-education,57f59d8ebfef6dccfb2a0e5e55b9bfe6120df150dda4e880e63597b736dc6921,57f59d8ebfef6dccfb2a0e5e55b9bfe6120df150dda4e880e63597b736dc6921,true,13973d0c6d73c17b69d8723943f0c4b117fe6bf3bfcc0116f6071f46c8cc23b5,13973d0c6d73c17b69d8723943f0c4b117fe6bf3bfcc0116f6071f46c8cc23b5,true,true
ma-g3-physical-education-u02-l01,ma-g3-physical-education,9b35d4f8e9c4825f9a6841a20021671ee7812a34fd2e83e3f0ff0f7f50b39d5d,9b35d4f8e9c4825f9a6841a20021671ee7812a34fd2e83e3f0ff0f7f50b39d5d,true,3f5a2af160ecce8f15d13727cc0d97e485e4bb4a8f318e4ac78c240c849a0a64,3f5a2af160ecce8f15d13727cc0d97e485e4bb4a8f318e4ac78c240c849a0a64,true,true
ma-g3-physical-education-u02-l02,ma-g3-physical-education,fbeb1950110ea4b6e50fcf2442a6d76a266308361763b3856a863bb4381865e3,fbeb1950110ea4b6e50fcf2442a6d76a266308361763b3856a863bb4381865e3,true,3f5a2af160ecce8f15d13727cc0d97e485e4bb4a8f318e4ac78c240c849a0a64,3f5a2af160ecce8f15d13727cc0d97e485e4bb4a8f318e4ac78c240c849a0a64,true,true
ma-g3-physical-education-u02-l03,ma-g3-physical-education,9ca3860944f5fc3f2212d3e4df08a3fc4e34b61c584542e3a1fc588b72c74427,9ca3860944f5fc3f2212d3e4df08a3fc4e34b61c584542e3a1fc588b72c74427,true,3f5a2af160ecce8f15d13727cc0d97e485e4bb4a8f318e4ac78c240c849a0a64,3f5a2af160ecce8f15d13727cc0d97e485e4bb4a8f318e4ac78c240c849a0a64,true,true
ma-g3-physical-education-u02-l04,ma-g3-physical-education,da522c36c08868d1ee37dfbc6e35c8aea4823f535cf6c4113b1841da032d8d1c,da522c36c08868d1ee37dfbc6e35c8aea4823f535cf6c4113b1841da032d8d1c,true,3f5a2af160ecce8f15d13727cc0d97e485e4bb4a8f318e4ac78c240c849a0a64,3f5a2af160ecce8f15d13727cc0d97e485e4bb4a8f318e4ac78c240c849a0a64,true,true
ma-g3-physical-education-u02-l05,ma-g3-physical-education,ed440a2dee2aa42f430534fa6870f35136e9da52c29fe88ab68d387adba1537f,ed440a2dee2aa42f430534fa6870f35136e9da52c29fe88ab68d387adba1537f,true,3f5a2af160ecce8f15d13727cc0d97e485e4bb4a8f318e4ac78c240c849a0a64,3f5a2af160ecce8f15d13727cc0d97e485e4bb4a8f318e4ac78c240c849a0a64,true,true
ma-g3-physical-education-u02-l06,ma-g3-physical-education,967eb18b3df0ae876dfab66368cc9c9de1a8937b2fe732f9b082606e72a539d1,967eb18b3df0ae876dfab66368cc9c9de1a8937b2fe732f9b082606e72a539d1,true,3f5a2af160ecce8f15d13727cc0d97e485e4bb4a8f318e4ac78c240c849a0a64,3f5a2af160ecce8f15d13727cc0d97e485e4bb4a8f318e4ac78c240c849a0a64,true,true
ma-g3-physical-education-u02-l07,ma-g3-physical-education,744553729420f3fda1aa9307a9d427e965f1e9a8d2371b68878d62d1c075656f,744553729420f3fda1aa9307a9d427e965f1e9a8d2371b68878d62d1c075656f,true,3f5a2af160ecce8f15d13727cc0d97e485e4bb4a8f318e4ac78c240c849a0a64,3f5a2af160ecce8f15d13727cc0d97e485e4bb4a8f318e4ac78c240c849a0a64,true,true
ma-g3-physical-education-u02-l08,ma-g3-physical-education,885d4822e86338e368f16fcbc7a41160eef5470bcc515a8ed3747934160eead4,885d4822e86338e368f16fcbc7a41160eef5470bcc515a8ed3747934160eead4,true,3f5a2af160ecce8f15d13727cc0d97e485e4bb4a8f318e4ac78c240c849a0a64,3f5a2af160ecce8f15d13727cc0d97e485e4bb4a8f318e4ac78c240c849a0a64,true,true
ma-g3-physical-education-u02-l09,ma-g3-physical-education,5550fbb83f0921808749d74d8f0f7abc6afaa2aa9b656f5dbb6336d328e2c359,5550fbb83f0921808749d74d8f0f7abc6afaa2aa9b656f5dbb6336d328e2c359,true,3f5a2af160ecce8f15d13727cc0d97e485e4bb4a8f318e4ac78c240c849a0a64,3f5a2af160ecce8f15d13727cc0d97e485e4bb4a8f318e4ac78c240c849a0a64,true,true
ma-g3-physical-education-u02-l10,ma-g3-physical-education,4dd529420968a51b4be47f9e1279655968a25e1a0f84c5b8e030d105ce8f843e,4dd529420968a51b4be47f9e1279655968a25e1a0f84c5b8e030d105ce8f843e,true,3f5a2af160ecce8f15d13727cc0d97e485e4bb4a8f318e4ac78c240c849a0a64,3f5a2af160ecce8f15d13727cc0d97e485e4bb4a8f318e4ac78c240c849a0a64,true,true
ma-g3-physical-education-u02-l11,ma-g3-physical-education,64abe91e2aecd6cdefcfa549da15a323cce2ac88ae250b1604cdcb5085ed976d,64abe91e2aecd6cdefcfa549da15a323cce2ac88ae250b1604cdcb5085ed976d,true,3f5a2af160ecce8f15d13727cc0d97e485e4bb4a8f318e4ac78c240c849a0a64,3f5a2af160ecce8f15d13727cc0d97e485e4bb4a8f318e4ac78c240c849a0a64,true,true
ma-g3-physical-education-u02-l12,ma-g3-physical-education,c17cb5fc48a130f458976d88bce9526355c48be8ea09e632a04ae74bee24811d,c17cb5fc48a130f458976d88bce9526355c48be8ea09e632a04ae74bee24811d,true,3f5a2af160ecce8f15d13727cc0d97e485e4bb4a8f318e4ac78c240c849a0a64,3f5a2af160ecce8f15d13727cc0d97e485e4bb4a8f318e4ac78c240c849a0a64,true,true
ma-g3-physical-education-u03-l01,ma-g3-physical-education,0e6cc77475abcff6a9c61d21fcbb244f5e9bc3559ade4a5e9fa71fdaf8f8e007,0e6cc77475abcff6a9c61d21fcbb244f5e9bc3559ade4a5e9fa71fdaf8f8e007,true,13973d0c6d73c17b69d8723943f0c4b117fe6bf3bfcc0116f6071f46c8cc23b5,13973d0c6d73c17b69d8723943f0c4b117fe6bf3bfcc0116f6071f46c8cc23b5,true,true
ma-g3-physical-education-u03-l02,ma-g3-physical-education,56fe7201a93900c19a98d9a39f61e570151eb0bd851e407547767cdc0e82160e,56fe7201a93900c19a98d9a39f61e570151eb0bd851e407547767cdc0e82160e,true,13973d0c6d73c17b69d8723943f0c4b117fe6bf3bfcc0116f6071f46c8cc23b5,13973d0c6d73c17b69d8723943f0c4b117fe6bf3bfcc0116f6071f46c8cc23b5,true,true
ma-g3-physical-education-u03-l03,ma-g3-physical-education,108de3bb03f9da9e19f4aca915d44b78c29d95e4a1eec4208369579f43bae756,108de3bb03f9da9e19f4aca915d44b78c29d95e4a1eec4208369579f43bae756,true,13973d0c6d73c17b69d8723943f0c4b117fe6bf3bfcc0116f6071f46c8cc23b5,13973d0c6d73c17b69d8723943f0c4b117fe6bf3bfcc0116f6071f46c8cc23b5,true,true
ma-g3-physical-education-u03-l04,ma-g3-physical-education,14edab478e0b3cfca48c7726a15b0ffad8a03b0db98322b471133b8903238f00,14edab478e0b3cfca48c7726a15b0ffad8a03b0db98322b471133b8903238f00,true,13973d0c6d73c17b69d8723943f0c4b117fe6bf3bfcc0116f6071f46c8cc23b5,13973d0c6d73c17b69d8723943f0c4b117fe6bf3bfcc0116f6071f46c8cc23b5,true,true
ma-g3-physical-education-u03-l05,ma-g3-physical-education,0a3ffcb69598d3028065bc6d6f5da38c5d0422ea72962a0551251bb10ddc7a52,0a3ffcb69598d3028065bc6d6f5da38c5d0422ea72962a0551251bb10ddc7a52,true,13973d0c6d73c17b69d8723943f0c4b117fe6bf3bfcc0116f6071f46c8cc23b5,13973d0c6d73c17b69d8723943f0c4b117fe6bf3bfcc0116f6071f46c8cc23b5,true,true
ma-g3-physical-education-u03-l06,ma-g3-physical-education,c478e9839bf06b4124edb64fa8696b8a6c36317568a407e8270073a9d4c1a046,c478e9839bf06b4124edb64fa8696b8a6c36317568a407e8270073a9d4c1a046,true,13973d0c6d73c17b69d8723943f0c4b117fe6bf3bfcc0116f6071f46c8cc23b5,13973d0c6d73c17b69d8723943f0c4b117fe6bf3bfcc0116f6071f46c8cc23b5,true,true
ma-g3-physical-education-u03-l07,ma-g3-physical-education,bad782412961271bb596b2582df1828f7c2cf5cb78370348770719997989a87d,bad782412961271bb596b2582df1828f7c2cf5cb78370348770719997989a87d,true,13973d0c6d73c17b69d8723943f0c4b117fe6bf3bfcc0116f6071f46c8cc23b5,13973d0c6d73c17b69d8723943f0c4b117fe6bf3bfcc0116f6071f46c8cc23b5,true,true
ma-g3-physical-education-u03-l08,ma-g3-physical-education,905a510d7713fb7317771b76a7ddcc59efa2224ade917ce1a3c22221eb675e04,905a510d7713fb7317771b76a7ddcc59efa2224ade917ce1a3c22221eb675e04,true,13973d0c6d73c17b69d8723943f0c4b117fe6bf3bfcc0116f6071f46c8cc23b5,13973d0c6d73c17b69d8723943f0c4b117fe6bf3bfcc0116f6071f46c8cc23b5,true,true
ma-g3-physical-education-u03-l09,ma-g3-physical-education,2ef85effb325a83f5ea6a8ee6ca773f0c56d2275a723cde6eb8c003953325e6f,2ef85effb325a83f5ea6a8ee6ca773f0c56d2275a723cde6eb8c003953325e6f,true,13973d0c6d73c17b69d8723943f0c4b117fe6bf3bfcc0116f6071f46c8cc23b5,13973d0c6d73c17b69d8723943f0c4b117fe6bf3bfcc0116f6071f46c8cc23b5,true,true
ma-g3-physical-education-u03-l10,ma-g3-physical-education,5b0ba7c61b640b1ee6f657b95084030d04db2241890d28872f2bfa8aaafc39ed,5b0ba7c61b640b1ee6f657b95084030d04db2241890d28872f2bfa8aaafc39ed,true,13973d0c6d73c17b69d8723943f0c4b117fe6bf3bfcc0116f6071f46c8cc23b5,13973d0c6d73c17b69d8723943f0c4b117fe6bf3bfcc0116f6071f46c8cc23b5,true,true
ma-g3-physical-education-u03-l11,ma-g3-physical-education,7cd6c9c635e5c77d1336c8b273392a028eda9528cda5e187f18d64f81c6daaae,7cd6c9c635e5c77d1336c8b273392a028eda9528cda5e187f18d64f81c6daaae,true,13973d0c6d73c17b69d8723943f0c4b117fe6bf3bfcc0116f6071f46c8cc23b5,13973d0c6d73c17b69d8723943f0c4b117fe6bf3bfcc0116f6071f46c8cc23b5,true,true
ma-g3-physical-education-u03-l12,ma-g3-physical-education,db6c1a2351ce30687c9300edf09dd42dee5fe5690877be1381d8245951d7a435,db6c1a2351ce30687c9300edf09dd42dee5fe5690877be1381d8245951d7a435,true,13973d0c6d73c17b69d8723943f0c4b117fe6bf3bfcc0116f6071f46c8cc23b5,13973d0c6d73c17b69d8723943f0c4b117fe6bf3bfcc0116f6071f46c8cc23b5,true,true
ma-g3-physical-education-u04-l01,ma-g3-physical-education,e428e618b9c66a93657aa1f9c616263518d818d96ba36a44242e21eb12e22c3a,e428e618b9c66a93657aa1f9c616263518d818d96ba36a44242e21eb12e22c3a,true,3f5a2af160ecce8f15d13727cc0d97e485e4bb4a8f318e4ac78c240c849a0a64,3f5a2af160ecce8f15d13727cc0d97e485e4bb4a8f318e4ac78c240c849a0a64,true,true
ma-g3-physical-education-u04-l02,ma-g3-physical-education,49d23712095af3171c9457d212d928a1a9515323983defd096939f1e24e798e9,49d23712095af3171c9457d212d928a1a9515323983defd096939f1e24e798e9,true,3f5a2af160ecce8f15d13727cc0d97e485e4bb4a8f318e4ac78c240c849a0a64,3f5a2af160ecce8f15d13727cc0d97e485e4bb4a8f318e4ac78c240c849a0a64,true,true
ma-g3-physical-education-u04-l03,ma-g3-physical-education,760dd7df48482b7258c9e9cff640a4e8718aa510855d092c3239cb758b71749e,760dd7df48482b7258c9e9cff640a4e8718aa510855d092c3239cb758b71749e,true,3f5a2af160ecce8f15d13727cc0d97e485e4bb4a8f318e4ac78c240c849a0a64,3f5a2af160ecce8f15d13727cc0d97e485e4bb4a8f318e4ac78c240c849a0a64,true,true
ma-g3-physical-education-u04-l04,ma-g3-physical-education,30a3d8054b8c7e3762fb436064d6890d776f232b2b76dbb622d8dd6b8a3b814a,30a3d8054b8c7e3762fb436064d6890d776f232b2b76dbb622d8dd6b8a3b814a,true,3f5a2af160ecce8f15d13727cc0d97e485e4bb4a8f318e4ac78c240c849a0a64,3f5a2af160ecce8f15d13727cc0d97e485e4bb4a8f318e4ac78c240c849a0a64,true,true
ma-g3-physical-education-u04-l05,ma-g3-physical-education,3efa60be24f59ac4730eecda9be70f7d526e1689f2db20a52ecdc21ed49c1fa1,3efa60be24f59ac4730eecda9be70f7d526e1689f2db20a52ecdc21ed49c1fa1,true,3f5a2af160ecce8f15d13727cc0d97e485e4bb4a8f318e4ac78c240c849a0a64,3f5a2af160ecce8f15d13727cc0d97e485e4bb4a8f318e4ac78c240c849a0a64,true,true
ma-g3-physical-education-u04-l06,ma-g3-physical-education,a38b57770c1712a05fb5e25235017f3e3e4e91a29aa97d85e9e6179b42fa9447,a38b57770c1712a05fb5e25235017f3e3e4e91a29aa97d85e9e6179b42fa9447,true,3f5a2af160ecce8f15d13727cc0d97e485e4bb4a8f318e4ac78c240c849a0a64,3f5a2af160ecce8f15d13727cc0d97e485e4bb4a8f318e4ac78c240c849a0a64,true,true
ma-g3-physical-education-u04-l07,ma-g3-physical-education,aee0497f6930962e1a24011661c609d8d8d8b2146f941e10e97a65ab05afd3a7,aee0497f6930962e1a24011661c609d8d8d8b2146f941e10e97a65ab05afd3a7,true,3f5a2af160ecce8f15d13727cc0d97e485e4bb4a8f318e4ac78c240c849a0a64,3f5a2af160ecce8f15d13727cc0d97e485e4bb4a8f318e4ac78c240c849a0a64,true,true
ma-g3-physical-education-u04-l08,ma-g3-physical-education,69361de569cad30bf3304c070b35359f9fa0a4f45f7cb076eae8bf79b7ea9ec7,69361de569cad30bf3304c070b35359f9fa0a4f45f7cb076eae8bf79b7ea9ec7,true,3f5a2af160ecce8f15d13727cc0d97e485e4bb4a8f318e4ac78c240c849a0a64,3f5a2af160ecce8f15d13727cc0d97e485e4bb4a8f318e4ac78c240c849a0a64,true,true
ma-g3-physical-education-u04-l09,ma-g3-physical-education,fa59e3fc23f64020417fe309a908fe6edff693ece0b554fd0bf84a8a6a38c2c8,fa59e3fc23f64020417fe309a908fe6edff693ece0b554fd0bf84a8a6a38c2c8,true,3f5a2af160ecce8f15d13727cc0d97e485e4bb4a8f318e4ac78c240c849a0a64,3f5a2af160ecce8f15d13727cc0d97e485e4bb4a8f318e4ac78c240c849a0a64,true,true
ma-g3-physical-education-u04-l10,ma-g3-physical-education,374995b9d9f2629c5ea8ba9dee9d25c8d914e2fc10a0538069896f09d94da947,374995b9d9f2629c5ea8ba9dee9d25c8d914e2fc10a0538069896f09d94da947,true,3f5a2af160ecce8f15d13727cc0d97e485e4bb4a8f318e4ac78c240c849a0a64,3f5a2af160ecce8f15d13727cc0d97e485e4bb4a8f318e4ac78c240c849a0a64,true,true
ma-g3-physical-education-u04-l11,ma-g3-physical-education,b84ede47965ab3a4fa8083b143ac202535c3c8b46200e777f1196e7b50085cab,b84ede47965ab3a4fa8083b143ac202535c3c8b46200e777f1196e7b50085cab,true,3f5a2af160ecce8f15d13727cc0d97e485e4bb4a8f318e4ac78c240c849a0a64,3f5a2af160ecce8f15d13727cc0d97e485e4bb4a8f318e4ac78c240c849a0a64,true,true
ma-g3-physical-education-u04-l12,ma-g3-physical-education,4a4bfcec1d1f253dcf3c177da3ba35f5c1dd07c5844159538202904f956f0de7,4a4bfcec1d1f253dcf3c177da3ba35f5c1dd07c5844159538202904f956f0de7,true,3f5a2af160ecce8f15d13727cc0d97e485e4bb4a8f318e4ac78c240c849a0a64,3f5a2af160ecce8f15d13727cc0d97e485e4bb4a8f318e4ac78c240c849a0a64,true,true
ma-g3-physical-education-u05-l01,ma-g3-physical-education,91ff6db27eb2257cf74c4624484c1ccb465ab7320a289131c8f9a3611555eb51,91ff6db27eb2257cf74c4624484c1ccb465ab7320a289131c8f9a3611555eb51,true,3f5a2af160ecce8f15d13727cc0d97e485e4bb4a8f318e4ac78c240c849a0a64,3f5a2af160ecce8f15d13727cc0d97e485e4bb4a8f318e4ac78c240c849a0a64,true,true
ma-g3-physical-education-u05-l02,ma-g3-physical-education,08b2db0b7c8853359c1138827bff737298af1a8bb3f10cfeee4d3322f6c49840,08b2db0b7c8853359c1138827bff737298af1a8bb3f10cfeee4d3322f6c49840,true,3f5a2af160ecce8f15d13727cc0d97e485e4bb4a8f318e4ac78c240c849a0a64,3f5a2af160ecce8f15d13727cc0d97e485e4bb4a8f318e4ac78c240c849a0a64,true,true
ma-g3-physical-education-u05-l03,ma-g3-physical-education,45b85b457a45170a012fa5ccc8d2077f0f82c05e6fd20f9100fcbb51863684e2,45b85b457a45170a012fa5ccc8d2077f0f82c05e6fd20f9100fcbb51863684e2,true,3f5a2af160ecce8f15d13727cc0d97e485e4bb4a8f318e4ac78c240c849a0a64,3f5a2af160ecce8f15d13727cc0d97e485e4bb4a8f318e4ac78c240c849a0a64,true,true
ma-g3-physical-education-u05-l04,ma-g3-physical-education,77cb227fc2d6cb84731619f31a79a97343eb028e9f6ad8a98031a4c1a1d8cb69,77cb227fc2d6cb84731619f31a79a97343eb028e9f6ad8a98031a4c1a1d8cb69,true,3f5a2af160ecce8f15d13727cc0d97e485e4bb4a8f318e4ac78c240c849a0a64,3f5a2af160ecce8f15d13727cc0d97e485e4bb4a8f318e4ac78c240c849a0a64,true,true
ma-g3-physical-education-u05-l05,ma-g3-physical-education,2fb84a0a3d58edb64eb77bf786327ab3273e7bbbc2e516c689ac9d733c52c191,2fb84a0a3d58edb64eb77bf786327ab3273e7bbbc2e516c689ac9d733c52c191,true,3f5a2af160ecce8f15d13727cc0d97e485e4bb4a8f318e4ac78c240c849a0a64,3f5a2af160ecce8f15d13727cc0d97e485e4bb4a8f318e4ac78c240c849a0a64,true,true
ma-g3-physical-education-u05-l06,ma-g3-physical-education,2f1846ca1952358aabfec4376bc7967d460ed25bf84634657a3e3971ea6ba232,2f1846ca1952358aabfec4376bc7967d460ed25bf84634657a3e3971ea6ba232,true,3f5a2af160ecce8f15d13727cc0d97e485e4bb4a8f318e4ac78c240c849a0a64,3f5a2af160ecce8f15d13727cc0d97e485e4bb4a8f318e4ac78c240c849a0a64,true,true
ma-g3-physical-education-u05-l07,ma-g3-physical-education,5bfd32ddd325c7f83eecc270ae56ac9f1ae2dbbb99d670812429c02a78d4e854,5bfd32ddd325c7f83eecc270ae56ac9f1ae2dbbb99d670812429c02a78d4e854,true,3f5a2af160ecce8f15d13727cc0d97e485e4bb4a8f318e4ac78c240c849a0a64,3f5a2af160ecce8f15d13727cc0d97e485e4bb4a8f318e4ac78c240c849a0a64,true,true
ma-g3-physical-education-u05-l08,ma-g3-physical-education,9f66d08d094af74571348238e88094b06fd929e41502378d849fa046ede8b8d5,9f66d08d094af74571348238e88094b06fd929e41502378d849fa046ede8b8d5,true,3f5a2af160ecce8f15d13727cc0d97e485e4bb4a8f318e4ac78c240c849a0a64,3f5a2af160ecce8f15d13727cc0d97e485e4bb4a8f318e4ac78c240c849a0a64,true,true
ma-g3-physical-education-u05-l09,ma-g3-physical-education,88488e4cf24db54495caaa583320db9cd43da9912e4f2f85f523df20cd97d1b1,88488e4cf24db54495caaa583320db9cd43da9912e4f2f85f523df20cd97d1b1,true,3f5a2af160ecce8f15d13727cc0d97e485e4bb4a8f318e4ac78c240c849a0a64,3f5a2af160ecce8f15d13727cc0d97e485e4bb4a8f318e4ac78c240c849a0a64,true,true
ma-g3-physical-education-u05-l10,ma-g3-physical-education,9d562b65499d665de7c05c42f7bbea7d3e9aaec1ad4198ece5a2d2689511eccc,9d562b65499d665de7c05c42f7bbea7d3e9aaec1ad4198ece5a2d2689511eccc,true,3f5a2af160ecce8f15d13727cc0d97e485e4bb4a8f318e4ac78c240c849a0a64,3f5a2af160ecce8f15d13727cc0d97e485e4bb4a8f318e4ac78c240c849a0a64,true,true
ma-g3-physical-education-u05-l11,ma-g3-physical-education,5f1a5cc850d6859af3dd08a51deefb106055983f25564d0c36e97545bb56b0a8,5f1a5cc850d6859af3dd08a51deefb106055983f25564d0c36e97545bb56b0a8,true,3f5a2af160ecce8f15d13727cc0d97e485e4bb4a8f318e4ac78c240c849a0a64,3f5a2af160ecce8f15d13727cc0d97e485e4bb4a8f318e4ac78c240c849a0a64,true,true
ma-g3-physical-education-u05-l12,ma-g3-physical-education,c20f55efff6778e30776f03a93a7cb051357a2730402164fea3eb2ff116db6b1,c20f55efff6778e30776f03a93a7cb051357a2730402164fea3eb2ff116db6b1,true,3f5a2af160ecce8f15d13727cc0d97e485e4bb4a8f318e4ac78c240c849a0a64,3f5a2af160ecce8f15d13727cc0d97e485e4bb4a8f318e4ac78c240c849a0a64,true,true
ma-g3-physical-education-u06-l01,ma-g3-physical-education,eef6e3ec75a8904f049c802a1e9955c32362a3e0ba29118289fe3c99d0cf2881,eef6e3ec75a8904f049c802a1e9955c32362a3e0ba29118289fe3c99d0cf2881,true,3f5a2af160ecce8f15d13727cc0d97e485e4bb4a8f318e4ac78c240c849a0a64,3f5a2af160ecce8f15d13727cc0d97e485e4bb4a8f318e4ac78c240c849a0a64,true,true
ma-g3-physical-education-u06-l02,ma-g3-physical-education,450541aeec9b45a42b108e9f05c3c00fb392caa82c1de4973fcd955fd532009d,450541aeec9b45a42b108e9f05c3c00fb392caa82c1de4973fcd955fd532009d,true,3f5a2af160ecce8f15d13727cc0d97e485e4bb4a8f318e4ac78c240c849a0a64,3f5a2af160ecce8f15d13727cc0d97e485e4bb4a8f318e4ac78c240c849a0a64,true,true
ma-g3-physical-education-u06-l03,ma-g3-physical-education,7d21a6e7dfe1d4bb51832cfa7240071ca2f9033a44577b15b543a9f478153196,7d21a6e7dfe1d4bb51832cfa7240071ca2f9033a44577b15b543a9f478153196,true,3f5a2af160ecce8f15d13727cc0d97e485e4bb4a8f318e4ac78c240c849a0a64,3f5a2af160ecce8f15d13727cc0d97e485e4bb4a8f318e4ac78c240c849a0a64,true,true
ma-g3-physical-education-u06-l04,ma-g3-physical-education,b3c241abe54a289276121abb897f69ba33e05d8d13d36f8b198de46c0d7cf308,b3c241abe54a289276121abb897f69ba33e05d8d13d36f8b198de46c0d7cf308,true,3f5a2af160ecce8f15d13727cc0d97e485e4bb4a8f318e4ac78c240c849a0a64,3f5a2af160ecce8f15d13727cc0d97e485e4bb4a8f318e4ac78c240c849a0a64,true,true
ma-g3-physical-education-u06-l05,ma-g3-physical-education,978835f91dddbdb8d696f4f0e007cb535f804c4b6138be33a5f9d86226e4c248,978835f91dddbdb8d696f4f0e007cb535f804c4b6138be33a5f9d86226e4c248,true,3f5a2af160ecce8f15d13727cc0d97e485e4bb4a8f318e4ac78c240c849a0a64,3f5a2af160ecce8f15d13727cc0d97e485e4bb4a8f318e4ac78c240c849a0a64,true,true
ma-g3-physical-education-u06-l06,ma-g3-physical-education,cd2c7244c4601fd1f861ab59fda3a927c6b17b6fc2ec79f7ad01601e6ca1f319,cd2c7244c4601fd1f861ab59fda3a927c6b17b6fc2ec79f7ad01601e6ca1f319,true,3f5a2af160ecce8f15d13727cc0d97e485e4bb4a8f318e4ac78c240c849a0a64,3f5a2af160ecce8f15d13727cc0d97e485e4bb4a8f318e4ac78c240c849a0a64,true,true
ma-g3-physical-education-u06-l07,ma-g3-physical-education,5a47ecb069270b742178ac45ed6132c25b0f748fd1e55435c31ebb52bdac8713,5a47ecb069270b742178ac45ed6132c25b0f748fd1e55435c31ebb52bdac8713,true,3f5a2af160ecce8f15d13727cc0d97e485e4bb4a8f318e4ac78c240c849a0a64,3f5a2af160ecce8f15d13727cc0d97e485e4bb4a8f318e4ac78c240c849a0a64,true,true
ma-g3-physical-education-u06-l08,ma-g3-physical-education,2f70f11e24d41c5fe00cf25c796bdff44691bf49c36142ee4f5ccfcd95fedb13,2f70f11e24d41c5fe00cf25c796bdff44691bf49c36142ee4f5ccfcd95fedb13,true,3f5a2af160ecce8f15d13727cc0d97e485e4bb4a8f318e4ac78c240c849a0a64,3f5a2af160ecce8f15d13727cc0d97e485e4bb4a8f318e4ac78c240c849a0a64,true,true
ma-g3-physical-education-u06-l09,ma-g3-physical-education,fd945ea9161d96a66767a909d4e81d0bc943f941fef61e398213d2d99da0fcf4,fd945ea9161d96a66767a909d4e81d0bc943f941fef61e398213d2d99da0fcf4,true,3f5a2af160ecce8f15d13727cc0d97e485e4bb4a8f318e4ac78c240c849a0a64,3f5a2af160ecce8f15d13727cc0d97e485e4bb4a8f318e4ac78c240c849a0a64,true,true
ma-g3-physical-education-u06-l10,ma-g3-physical-education,cff2835912b2307896e55057f17305ef85eee2f13d9a12820289300fdb963098,cff2835912b2307896e55057f17305ef85eee2f13d9a12820289300fdb963098,true,3f5a2af160ecce8f15d13727cc0d97e485e4bb4a8f318e4ac78c240c849a0a64,3f5a2af160ecce8f15d13727cc0d97e485e4bb4a8f318e4ac78c240c849a0a64,true,true
ma-g3-physical-education-u06-l11,ma-g3-physical-education,c5c3f78183bfd51361cf8ae12ba3e4880a4525dbb0bc93950476c4d83394e98d,c5c3f78183bfd51361cf8ae12ba3e4880a4525dbb0bc93950476c4d83394e98d,true,3f5a2af160ecce8f15d13727cc0d97e485e4bb4a8f318e4ac78c240c849a0a64,3f5a2af160ecce8f15d13727cc0d97e485e4bb4a8f318e4ac78c240c849a0a64,true,true
ma-g3-physical-education-u06-l12,ma-g3-physical-education,d0286ee61ddb227455b0ca976b9538e190f4b0015a39f70403c0b984bc3730a0,d0286ee61ddb227455b0ca976b9538e190f4b0015a39f70403c0b984bc3730a0,true,3f5a2af160ecce8f15d13727cc0d97e485e4bb4a8f318e4ac78c240c849a0a64,3f5a2af160ecce8f15d13727cc0d97e485e4bb4a8f318e4ac78c240c849a0a64,true,true
ma-g3-physical-education-u07-l01,ma-g3-physical-education,558ebc7b7c0156cf75158158f1eccda775e7afb98bce8cfca4fe628a5be5c6fc,558ebc7b7c0156cf75158158f1eccda775e7afb98bce8cfca4fe628a5be5c6fc,true,dabe7046dcfa9f6dc1b295016a232fdbbdff1d79f2042312c8495aaa62433c33,dabe7046dcfa9f6dc1b295016a232fdbbdff1d79f2042312c8495aaa62433c33,true,true
ma-g3-physical-education-u07-l02,ma-g3-physical-education,f3b304dbac248c2b85f316f489c591a3636e490cbe73311d9a4dc2ac1c2d070a,f3b304dbac248c2b85f316f489c591a3636e490cbe73311d9a4dc2ac1c2d070a,true,dabe7046dcfa9f6dc1b295016a232fdbbdff1d79f2042312c8495aaa62433c33,dabe7046dcfa9f6dc1b295016a232fdbbdff1d79f2042312c8495aaa62433c33,true,true
ma-g3-physical-education-u07-l03,ma-g3-physical-education,12d9cc686f07026423b4c103c05efa63a618479ca0151ec826817b622cf664b2,12d9cc686f07026423b4c103c05efa63a618479ca0151ec826817b622cf664b2,true,dabe7046dcfa9f6dc1b295016a232fdbbdff1d79f2042312c8495aaa62433c33,dabe7046dcfa9f6dc1b295016a232fdbbdff1d79f2042312c8495aaa62433c33,true,true
ma-g3-physical-education-u07-l04,ma-g3-physical-education,9557188e6d749e99cc3131b1130d0ad9655235620570499c26fc0218d858cc8f,9557188e6d749e99cc3131b1130d0ad9655235620570499c26fc0218d858cc8f,true,dabe7046dcfa9f6dc1b295016a232fdbbdff1d79f2042312c8495aaa62433c33,dabe7046dcfa9f6dc1b295016a232fdbbdff1d79f2042312c8495aaa62433c33,true,true
ma-g3-physical-education-u07-l05,ma-g3-physical-education,b4e1d02486473202124b4b88d6bf513fe2e438c63d102f8dcbebd0fcb10a3ac4,b4e1d02486473202124b4b88d6bf513fe2e438c63d102f8dcbebd0fcb10a3ac4,true,dabe7046dcfa9f6dc1b295016a232fdbbdff1d79f2042312c8495aaa62433c33,dabe7046dcfa9f6dc1b295016a232fdbbdff1d79f2042312c8495aaa62433c33,true,true
ma-g3-physical-education-u07-l06,ma-g3-physical-education,4576b182593fba0b7bec59f1fe2f1898ad3927d96fc52f16a62f02f904488806,4576b182593fba0b7bec59f1fe2f1898ad3927d96fc52f16a62f02f904488806,true,dabe7046dcfa9f6dc1b295016a232fdbbdff1d79f2042312c8495aaa62433c33,dabe7046dcfa9f6dc1b295016a232fdbbdff1d79f2042312c8495aaa62433c33,true,true
ma-g3-physical-education-u07-l07,ma-g3-physical-education,ee7ab44bbf6891fefa8ff8e905a2ff534797e49fb4ae1a7624552022953efd8e,ee7ab44bbf6891fefa8ff8e905a2ff534797e49fb4ae1a7624552022953efd8e,true,dabe7046dcfa9f6dc1b295016a232fdbbdff1d79f2042312c8495aaa62433c33,dabe7046dcfa9f6dc1b295016a232fdbbdff1d79f2042312c8495aaa62433c33,true,true
ma-g3-physical-education-u07-l08,ma-g3-physical-education,9deb6177229e860a20298bf2a66aadba9f3f7a344261a4591a25c5a6db6958b9,9deb6177229e860a20298bf2a66aadba9f3f7a344261a4591a25c5a6db6958b9,true,dabe7046dcfa9f6dc1b295016a232fdbbdff1d79f2042312c8495aaa62433c33,dabe7046dcfa9f6dc1b295016a232fdbbdff1d79f2042312c8495aaa62433c33,true,true
ma-g3-physical-education-u07-l09,ma-g3-physical-education,a505176c31a360a9d258b31f3ab828d83164b421810a479bb88497a4ebd28c22,a505176c31a360a9d258b31f3ab828d83164b421810a479bb88497a4ebd28c22,true,dabe7046dcfa9f6dc1b295016a232fdbbdff1d79f2042312c8495aaa62433c33,dabe7046dcfa9f6dc1b295016a232fdbbdff1d79f2042312c8495aaa62433c33,true,true
ma-g3-physical-education-u07-l10,ma-g3-physical-education,3a32693294693f4c43be788b3da1e4596374b3c030b3365bc8963150189c4da0,3a32693294693f4c43be788b3da1e4596374b3c030b3365bc8963150189c4da0,true,dabe7046dcfa9f6dc1b295016a232fdbbdff1d79f2042312c8495aaa62433c33,dabe7046dcfa9f6dc1b295016a232fdbbdff1d79f2042312c8495aaa62433c33,true,true
ma-g3-physical-education-u07-l11,ma-g3-physical-education,056eb7eea463ab5e9faed89ece4de5e790dcbd961b6ceffe142970fe9792a909,056eb7eea463ab5e9faed89ece4de5e790dcbd961b6ceffe142970fe9792a909,true,dabe7046dcfa9f6dc1b295016a232fdbbdff1d79f2042312c8495aaa62433c33,dabe7046dcfa9f6dc1b295016a232fdbbdff1d79f2042312c8495aaa62433c33,true,true
ma-g3-physical-education-u07-l12,ma-g3-physical-education,d3eac9d044a2e8032a617e499a5f61fe1a80dbccc8bc1b3e70c0e53117b48e7e,d3eac9d044a2e8032a617e499a5f61fe1a80dbccc8bc1b3e70c0e53117b48e7e,true,dabe7046dcfa9f6dc1b295016a232fdbbdff1d79f2042312c8495aaa62433c33,dabe7046dcfa9f6dc1b295016a232fdbbdff1d79f2042312c8495aaa62433c33,true,true
ma-g3-physical-education-u08-l01,ma-g3-physical-education,816a5abe5fe9c9ba4fd03e3c0584574fd297ce10bda58a6d6725fe26a68b4851,816a5abe5fe9c9ba4fd03e3c0584574fd297ce10bda58a6d6725fe26a68b4851,true,175b71135c2f5651afc48d7a7db14651b26ffd76e3066ff2d826debb1446814e,175b71135c2f5651afc48d7a7db14651b26ffd76e3066ff2d826debb1446814e,true,true
ma-g3-physical-education-u08-l02,ma-g3-physical-education,0ecc2111409a9881a5c883071e96d659207432667e77595489f69f73dcc6f7ab,0ecc2111409a9881a5c883071e96d659207432667e77595489f69f73dcc6f7ab,true,175b71135c2f5651afc48d7a7db14651b26ffd76e3066ff2d826debb1446814e,175b71135c2f5651afc48d7a7db14651b26ffd76e3066ff2d826debb1446814e,true,true
ma-g3-physical-education-u08-l03,ma-g3-physical-education,895039a2eebf9f808314464911e6550a89532825933249173af13f3b8715d7ab,895039a2eebf9f808314464911e6550a89532825933249173af13f3b8715d7ab,true,175b71135c2f5651afc48d7a7db14651b26ffd76e3066ff2d826debb1446814e,175b71135c2f5651afc48d7a7db14651b26ffd76e3066ff2d826debb1446814e,true,true
ma-g3-physical-education-u08-l04,ma-g3-physical-education,e9848d57825a1268db5336bd37761a832e7d1e5988f18a519ffb4f9be5c38ddd,e9848d57825a1268db5336bd37761a832e7d1e5988f18a519ffb4f9be5c38ddd,true,175b71135c2f5651afc48d7a7db14651b26ffd76e3066ff2d826debb1446814e,175b71135c2f5651afc48d7a7db14651b26ffd76e3066ff2d826debb1446814e,true,true
ma-g3-physical-education-u08-l05,ma-g3-physical-education,45f779c9248a08b52697b9aca7b0261216bbfdde67b3666f791e07bf4dfd281a,45f779c9248a08b52697b9aca7b0261216bbfdde67b3666f791e07bf4dfd281a,true,175b71135c2f5651afc48d7a7db14651b26ffd76e3066ff2d826debb1446814e,175b71135c2f5651afc48d7a7db14651b26ffd76e3066ff2d826debb1446814e,true,true
ma-g3-physical-education-u08-l06,ma-g3-physical-education,720f8428068c32b30231102f069fd08cb7c2b1f0e24fd79377164cc715bab495,720f8428068c32b30231102f069fd08cb7c2b1f0e24fd79377164cc715bab495,true,175b71135c2f5651afc48d7a7db14651b26ffd76e3066ff2d826debb1446814e,175b71135c2f5651afc48d7a7db14651b26ffd76e3066ff2d826debb1446814e,true,true
ma-g3-physical-education-u08-l07,ma-g3-physical-education,8451c15024f5e355e5af149ffdd5f47f47e1bb9db0b12dfa3f860d69d582fb3e,8451c15024f5e355e5af149ffdd5f47f47e1bb9db0b12dfa3f860d69d582fb3e,true,175b71135c2f5651afc48d7a7db14651b26ffd76e3066ff2d826debb1446814e,175b71135c2f5651afc48d7a7db14651b26ffd76e3066ff2d826debb1446814e,true,true
ma-g3-physical-education-u08-l08,ma-g3-physical-education,11632563d7fe1c90af8a0a6883710c1a5485b6c88ffbef77aa089aa4f9229033,11632563d7fe1c90af8a0a6883710c1a5485b6c88ffbef77aa089aa4f9229033,true,175b71135c2f5651afc48d7a7db14651b26ffd76e3066ff2d826debb1446814e,175b71135c2f5651afc48d7a7db14651b26ffd76e3066ff2d826debb1446814e,true,true
ma-g3-physical-education-u08-l09,ma-g3-physical-education,3b71ed22a9ddea329e98fa0ec2b66675a624bfc496b522dc5f01dbd0100992a2,3b71ed22a9ddea329e98fa0ec2b66675a624bfc496b522dc5f01dbd0100992a2,true,175b71135c2f5651afc48d7a7db14651b26ffd76e3066ff2d826debb1446814e,175b71135c2f5651afc48d7a7db14651b26ffd76e3066ff2d826debb1446814e,true,true
ma-g3-physical-education-u08-l10,ma-g3-physical-education,44caf5a1edb12c1bbaf2b74d4fb7136628402f245511a745a99ac4c59d24bd68,44caf5a1edb12c1bbaf2b74d4fb7136628402f245511a745a99ac4c59d24bd68,true,175b71135c2f5651afc48d7a7db14651b26ffd76e3066ff2d826debb1446814e,175b71135c2f5651afc48d7a7db14651b26ffd76e3066ff2d826debb1446814e,true,true
ma-g3-physical-education-u08-l11,ma-g3-physical-education,7759c64cb0fb49af63c345b092e33bbd714e90d333a16bf7beeb568bee0d5286,7759c64cb0fb49af63c345b092e33bbd714e90d333a16bf7beeb568bee0d5286,true,175b71135c2f5651afc48d7a7db14651b26ffd76e3066ff2d826debb1446814e,175b71135c2f5651afc48d7a7db14651b26ffd76e3066ff2d826debb1446814e,true,true
ma-g3-physical-education-u08-l12,ma-g3-physical-education,cf82e6f11e4b5b6dfd22d69596a4a73fe203a863ed6a503f7bd554e94e9b2600,cf82e6f11e4b5b6dfd22d69596a4a73fe203a863ed6a503f7bd554e94e9b2600,true,175b71135c2f5651afc48d7a7db14651b26ffd76e3066ff2d826debb1446814e,175b71135c2f5651afc48d7a7db14651b26ffd76e3066ff2d826debb1446814e,true,true
ma-g3-physical-education-u09-l01,ma-g3-physical-education,59976a8d9c988ca4526189e81e4f738f70dd8390022da334b5c448d826da7012,59976a8d9c988ca4526189e81e4f738f70dd8390022da334b5c448d826da7012,true,0ca5fc3c9b6b09ec5874432a6bb12df9e14dbb989fba3f351ab38d3b873cc318,0ca5fc3c9b6b09ec5874432a6bb12df9e14dbb989fba3f351ab38d3b873cc318,true,true
ma-g3-physical-education-u09-l02,ma-g3-physical-education,76a3ea3abb3d64826fdfaddbc9ba958f3aa61b5efa64d61b7ce02777ed88d5cc,76a3ea3abb3d64826fdfaddbc9ba958f3aa61b5efa64d61b7ce02777ed88d5cc,true,0ca5fc3c9b6b09ec5874432a6bb12df9e14dbb989fba3f351ab38d3b873cc318,0ca5fc3c9b6b09ec5874432a6bb12df9e14dbb989fba3f351ab38d3b873cc318,true,true
ma-g3-physical-education-u09-l03,ma-g3-physical-education,1b7c81feed2cab77de2857f27a42f6d10b8995d2c570e50b4eae30f5374a95f3,1b7c81feed2cab77de2857f27a42f6d10b8995d2c570e50b4eae30f5374a95f3,true,0ca5fc3c9b6b09ec5874432a6bb12df9e14dbb989fba3f351ab38d3b873cc318,0ca5fc3c9b6b09ec5874432a6bb12df9e14dbb989fba3f351ab38d3b873cc318,true,true
ma-g3-physical-education-u09-l04,ma-g3-physical-education,7b60fd508a91867d510be0164c3fde7880d845b2e59b8ee2ac4d8c427abcd60e,7b60fd508a91867d510be0164c3fde7880d845b2e59b8ee2ac4d8c427abcd60e,true,0ca5fc3c9b6b09ec5874432a6bb12df9e14dbb989fba3f351ab38d3b873cc318,0ca5fc3c9b6b09ec5874432a6bb12df9e14dbb989fba3f351ab38d3b873cc318,true,true
ma-g3-physical-education-u09-l05,ma-g3-physical-education,9301ed900896b3202d51048b105ca9631b3f1fb361d5007fffa7f8fe8f0e0f78,9301ed900896b3202d51048b105ca9631b3f1fb361d5007fffa7f8fe8f0e0f78,true,0ca5fc3c9b6b09ec5874432a6bb12df9e14dbb989fba3f351ab38d3b873cc318,0ca5fc3c9b6b09ec5874432a6bb12df9e14dbb989fba3f351ab38d3b873cc318,true,true
ma-g3-physical-education-u09-l06,ma-g3-physical-education,04fb437ceccddb7058e774cc34fc10abb080a8af07ddb33a2440ccd58e8f6e09,04fb437ceccddb7058e774cc34fc10abb080a8af07ddb33a2440ccd58e8f6e09,true,0ca5fc3c9b6b09ec5874432a6bb12df9e14dbb989fba3f351ab38d3b873cc318,0ca5fc3c9b6b09ec5874432a6bb12df9e14dbb989fba3f351ab38d3b873cc318,true,true
ma-g3-physical-education-u09-l07,ma-g3-physical-education,ba15c6627bc0aefd19253a4f05f3ee0ede1304d09cbc6c1891fbe9fe5b9e96f9,ba15c6627bc0aefd19253a4f05f3ee0ede1304d09cbc6c1891fbe9fe5b9e96f9,true,0ca5fc3c9b6b09ec5874432a6bb12df9e14dbb989fba3f351ab38d3b873cc318,0ca5fc3c9b6b09ec5874432a6bb12df9e14dbb989fba3f351ab38d3b873cc318,true,true
ma-g3-physical-education-u09-l08,ma-g3-physical-education,328429bd8d7b9f653b3633a5b3e8ce25f4c63ca88948f0f1c53cfaf127ce0462,328429bd8d7b9f653b3633a5b3e8ce25f4c63ca88948f0f1c53cfaf127ce0462,true,0ca5fc3c9b6b09ec5874432a6bb12df9e14dbb989fba3f351ab38d3b873cc318,0ca5fc3c9b6b09ec5874432a6bb12df9e14dbb989fba3f351ab38d3b873cc318,true,true
ma-g3-physical-education-u09-l09,ma-g3-physical-education,4662dabf0adf1914f58580b57fba3a33de659a66702dc0194ea5a1881106c988,4662dabf0adf1914f58580b57fba3a33de659a66702dc0194ea5a1881106c988,true,0ca5fc3c9b6b09ec5874432a6bb12df9e14dbb989fba3f351ab38d3b873cc318,0ca5fc3c9b6b09ec5874432a6bb12df9e14dbb989fba3f351ab38d3b873cc318,true,true
ma-g3-physical-education-u09-l10,ma-g3-physical-education,c3fbc6463449871cd944d68472609ab5961c034bc5568338f8273ba09f9e0d37,c3fbc6463449871cd944d68472609ab5961c034bc5568338f8273ba09f9e0d37,true,0ca5fc3c9b6b09ec5874432a6bb12df9e14dbb989fba3f351ab38d3b873cc318,0ca5fc3c9b6b09ec5874432a6bb12df9e14dbb989fba3f351ab38d3b873cc318,true,true
ma-g3-physical-education-u09-l11,ma-g3-physical-education,a0194b6147dc0ba4342b65fe133d1806fae10b934c13f9bc6dc326cc95a2534c,a0194b6147dc0ba4342b65fe133d1806fae10b934c13f9bc6dc326cc95a2534c,true,0ca5fc3c9b6b09ec5874432a6bb12df9e14dbb989fba3f351ab38d3b873cc318,0ca5fc3c9b6b09ec5874432a6bb12df9e14dbb989fba3f351ab38d3b873cc318,true,true
ma-g3-physical-education-u09-l12,ma-g3-physical-education,5d6b60deb8177a6cc5be595280e2bbd5951e61c1ebaef70b60e8aee8a9aa2ed2,5d6b60deb8177a6cc5be595280e2bbd5951e61c1ebaef70b60e8aee8a9aa2ed2,true,0ca5fc3c9b6b09ec5874432a6bb12df9e14dbb989fba3f351ab38d3b873cc318,0ca5fc3c9b6b09ec5874432a6bb12df9e14dbb989fba3f351ab38d3b873cc318,true,true
ma-g3-ready-for-life-u01-l01,ma-g3-ready-for-life,28b25571a5f00b63ad8aa3a0e29c80a3dffcbea9f74c25167f030cc687b12fcf,28b25571a5f00b63ad8aa3a0e29c80a3dffcbea9f74c25167f030cc687b12fcf,true,d5c2ad4988d955088b211b8d5595423aa31fb6cab7b5bed517c535afc1e8ad7a,d5c2ad4988d955088b211b8d5595423aa31fb6cab7b5bed517c535afc1e8ad7a,true,true
ma-g3-ready-for-life-u01-l02,ma-g3-ready-for-life,50388ad52ae3a4bdf69e7ae0e39dfe535193428e189a79cc488e8b5d3b96df14,50388ad52ae3a4bdf69e7ae0e39dfe535193428e189a79cc488e8b5d3b96df14,true,d5c2ad4988d955088b211b8d5595423aa31fb6cab7b5bed517c535afc1e8ad7a,d5c2ad4988d955088b211b8d5595423aa31fb6cab7b5bed517c535afc1e8ad7a,true,true
ma-g3-ready-for-life-u01-l03,ma-g3-ready-for-life,e6d807a3340e1b2fa0e04074ca710b9e2626e727de7ef1c4a49906c0887010c3,e6d807a3340e1b2fa0e04074ca710b9e2626e727de7ef1c4a49906c0887010c3,true,d5c2ad4988d955088b211b8d5595423aa31fb6cab7b5bed517c535afc1e8ad7a,d5c2ad4988d955088b211b8d5595423aa31fb6cab7b5bed517c535afc1e8ad7a,true,true
ma-g3-ready-for-life-u01-l04,ma-g3-ready-for-life,73c13251c853de884b215b3764cb9ce5b9039250fa6e6abe69dedaff7cf88743,73c13251c853de884b215b3764cb9ce5b9039250fa6e6abe69dedaff7cf88743,true,d5c2ad4988d955088b211b8d5595423aa31fb6cab7b5bed517c535afc1e8ad7a,d5c2ad4988d955088b211b8d5595423aa31fb6cab7b5bed517c535afc1e8ad7a,true,true
ma-g3-ready-for-life-u01-l05,ma-g3-ready-for-life,e2727f9f1b6d96be174a05c168c21f517097a8cb17cd0d80bac79c77082ab1a2,e2727f9f1b6d96be174a05c168c21f517097a8cb17cd0d80bac79c77082ab1a2,true,d5c2ad4988d955088b211b8d5595423aa31fb6cab7b5bed517c535afc1e8ad7a,d5c2ad4988d955088b211b8d5595423aa31fb6cab7b5bed517c535afc1e8ad7a,true,true
ma-g3-ready-for-life-u01-l06,ma-g3-ready-for-life,5fcf615da6dcc55c675452e47985034813555a52c6577c18759d85a790bdc3fb,5fcf615da6dcc55c675452e47985034813555a52c6577c18759d85a790bdc3fb,true,d5c2ad4988d955088b211b8d5595423aa31fb6cab7b5bed517c535afc1e8ad7a,d5c2ad4988d955088b211b8d5595423aa31fb6cab7b5bed517c535afc1e8ad7a,true,true
ma-g3-ready-for-life-u02-l01,ma-g3-ready-for-life,1d1928032c275e2f8902cc18ea0aa6d5d0b6ae9f532432928f2421fe788fe717,1d1928032c275e2f8902cc18ea0aa6d5d0b6ae9f532432928f2421fe788fe717,true,48b28d8ac6ce6666775a0d56921ec57555f8d85ef6cfa7c2bf926b80bb458d57,48b28d8ac6ce6666775a0d56921ec57555f8d85ef6cfa7c2bf926b80bb458d57,true,true
ma-g3-ready-for-life-u02-l02,ma-g3-ready-for-life,0ad32bf4bd6a503832717846bf13443adb019de573e9791b17a8ecb9ebf5bc49,0ad32bf4bd6a503832717846bf13443adb019de573e9791b17a8ecb9ebf5bc49,true,48b28d8ac6ce6666775a0d56921ec57555f8d85ef6cfa7c2bf926b80bb458d57,48b28d8ac6ce6666775a0d56921ec57555f8d85ef6cfa7c2bf926b80bb458d57,true,true
ma-g3-ready-for-life-u02-l03,ma-g3-ready-for-life,c01494525757182843f246747106a29bea2cf2a83fd864dfc91b0885233cf4f2,c01494525757182843f246747106a29bea2cf2a83fd864dfc91b0885233cf4f2,true,48b28d8ac6ce6666775a0d56921ec57555f8d85ef6cfa7c2bf926b80bb458d57,48b28d8ac6ce6666775a0d56921ec57555f8d85ef6cfa7c2bf926b80bb458d57,true,true
ma-g3-ready-for-life-u02-l04,ma-g3-ready-for-life,ee989515fdb6d59f22fffd28e60bc78ccfc2ba1e92739d54332128a26dca2c63,ee989515fdb6d59f22fffd28e60bc78ccfc2ba1e92739d54332128a26dca2c63,true,48b28d8ac6ce6666775a0d56921ec57555f8d85ef6cfa7c2bf926b80bb458d57,48b28d8ac6ce6666775a0d56921ec57555f8d85ef6cfa7c2bf926b80bb458d57,true,true
ma-g3-ready-for-life-u02-l05,ma-g3-ready-for-life,ec3e98f7c6af797454bf5cb9930f95216aff814c4fc8fa0a2785bf82da8aa944,ec3e98f7c6af797454bf5cb9930f95216aff814c4fc8fa0a2785bf82da8aa944,true,48b28d8ac6ce6666775a0d56921ec57555f8d85ef6cfa7c2bf926b80bb458d57,48b28d8ac6ce6666775a0d56921ec57555f8d85ef6cfa7c2bf926b80bb458d57,true,true
ma-g3-ready-for-life-u02-l06,ma-g3-ready-for-life,0e2792a06d90dc324701ed98ffc923768b385149247b4e05fc0925ad97866ca9,0e2792a06d90dc324701ed98ffc923768b385149247b4e05fc0925ad97866ca9,true,48b28d8ac6ce6666775a0d56921ec57555f8d85ef6cfa7c2bf926b80bb458d57,48b28d8ac6ce6666775a0d56921ec57555f8d85ef6cfa7c2bf926b80bb458d57,true,true
ma-g3-ready-for-life-u03-l01,ma-g3-ready-for-life,2b79d0cada3ffb183ca3f29584608ced58b0d275c92c5b6ee972b3f1db2a21e0,2b79d0cada3ffb183ca3f29584608ced58b0d275c92c5b6ee972b3f1db2a21e0,true,51c4bd168d098ad7b2f705d358a0bdde2069c7a6a987a86728e4e924aa252a56,51c4bd168d098ad7b2f705d358a0bdde2069c7a6a987a86728e4e924aa252a56,true,true
ma-g3-ready-for-life-u03-l02,ma-g3-ready-for-life,7f6968387189146610ea3477b7136ccca19067d796a382335e31df0ba845a3a0,7f6968387189146610ea3477b7136ccca19067d796a382335e31df0ba845a3a0,true,51c4bd168d098ad7b2f705d358a0bdde2069c7a6a987a86728e4e924aa252a56,51c4bd168d098ad7b2f705d358a0bdde2069c7a6a987a86728e4e924aa252a56,true,true
ma-g3-ready-for-life-u03-l03,ma-g3-ready-for-life,5071ec79ea888d8531456a93f24e830d2470c53d2a177dcab05cc5f8e25d3f91,5071ec79ea888d8531456a93f24e830d2470c53d2a177dcab05cc5f8e25d3f91,true,51c4bd168d098ad7b2f705d358a0bdde2069c7a6a987a86728e4e924aa252a56,51c4bd168d098ad7b2f705d358a0bdde2069c7a6a987a86728e4e924aa252a56,true,true
ma-g3-ready-for-life-u03-l04,ma-g3-ready-for-life,8fcdf5c902d9840e740f45546d103d9e0a64be358e8d0447770a1c84137f643c,8fcdf5c902d9840e740f45546d103d9e0a64be358e8d0447770a1c84137f643c,true,51c4bd168d098ad7b2f705d358a0bdde2069c7a6a987a86728e4e924aa252a56,51c4bd168d098ad7b2f705d358a0bdde2069c7a6a987a86728e4e924aa252a56,true,true
ma-g3-ready-for-life-u03-l05,ma-g3-ready-for-life,b08a4622d308202d8d019c673fb76aab4ba229101a9817303b1cc8c5ee2f188e,b08a4622d308202d8d019c673fb76aab4ba229101a9817303b1cc8c5ee2f188e,true,51c4bd168d098ad7b2f705d358a0bdde2069c7a6a987a86728e4e924aa252a56,51c4bd168d098ad7b2f705d358a0bdde2069c7a6a987a86728e4e924aa252a56,true,true
ma-g3-ready-for-life-u03-l06,ma-g3-ready-for-life,5d85408df1e7bb790f920b27da714be40a9c640bde22c967e69608769f817ee9,5d85408df1e7bb790f920b27da714be40a9c640bde22c967e69608769f817ee9,true,51c4bd168d098ad7b2f705d358a0bdde2069c7a6a987a86728e4e924aa252a56,51c4bd168d098ad7b2f705d358a0bdde2069c7a6a987a86728e4e924aa252a56,true,true
ma-g3-ready-for-life-u04-l01,ma-g3-ready-for-life,cd20b03f5629864820fc5b1d9b4040ce6658fec290862158464948a016dedf65,cd20b03f5629864820fc5b1d9b4040ce6658fec290862158464948a016dedf65,true,1176eadfd573e0d47e7d57c222cd4a903f36de3447d59fcc08be5839a7957a58,1176eadfd573e0d47e7d57c222cd4a903f36de3447d59fcc08be5839a7957a58,true,true
ma-g3-ready-for-life-u04-l02,ma-g3-ready-for-life,dcce7969cc0eb9a2a38685b55d665d816674df47556eed7dffb9a6a7619189de,dcce7969cc0eb9a2a38685b55d665d816674df47556eed7dffb9a6a7619189de,true,1176eadfd573e0d47e7d57c222cd4a903f36de3447d59fcc08be5839a7957a58,1176eadfd573e0d47e7d57c222cd4a903f36de3447d59fcc08be5839a7957a58,true,true
ma-g3-ready-for-life-u04-l03,ma-g3-ready-for-life,d86af94662f19fe47120a366824b69ac0d346fd572a4353444c91d5c22e68a2a,d86af94662f19fe47120a366824b69ac0d346fd572a4353444c91d5c22e68a2a,true,1176eadfd573e0d47e7d57c222cd4a903f36de3447d59fcc08be5839a7957a58,1176eadfd573e0d47e7d57c222cd4a903f36de3447d59fcc08be5839a7957a58,true,true
ma-g3-ready-for-life-u04-l04,ma-g3-ready-for-life,0099156fcd1fbb8273ec12e21360b72d91de5f6ff378769db8b1ba12d535bc61,0099156fcd1fbb8273ec12e21360b72d91de5f6ff378769db8b1ba12d535bc61,true,1176eadfd573e0d47e7d57c222cd4a903f36de3447d59fcc08be5839a7957a58,1176eadfd573e0d47e7d57c222cd4a903f36de3447d59fcc08be5839a7957a58,true,true
ma-g3-ready-for-life-u04-l05,ma-g3-ready-for-life,274c1a568374136c7c29de9c6149e7f45176433182366cb4e66a591690144856,274c1a568374136c7c29de9c6149e7f45176433182366cb4e66a591690144856,true,1176eadfd573e0d47e7d57c222cd4a903f36de3447d59fcc08be5839a7957a58,1176eadfd573e0d47e7d57c222cd4a903f36de3447d59fcc08be5839a7957a58,true,true
ma-g3-ready-for-life-u04-l06,ma-g3-ready-for-life,01b5a0519e9b79ccb9187868d2b31e3f00d137fc70999ee94df58f8496cb4789,01b5a0519e9b79ccb9187868d2b31e3f00d137fc70999ee94df58f8496cb4789,true,1176eadfd573e0d47e7d57c222cd4a903f36de3447d59fcc08be5839a7957a58,1176eadfd573e0d47e7d57c222cd4a903f36de3447d59fcc08be5839a7957a58,true,true
ma-g3-ready-for-life-u05-l01,ma-g3-ready-for-life,12134dbe4ec838f031ccae07d71d824dd7393741dce0262caaf1e30f364fab06,12134dbe4ec838f031ccae07d71d824dd7393741dce0262caaf1e30f364fab06,true,4270c7081ab8c5f5f41c2efe45a41155b698725fc05aab5f53635f4056e771fc,4270c7081ab8c5f5f41c2efe45a41155b698725fc05aab5f53635f4056e771fc,true,true
ma-g3-ready-for-life-u05-l02,ma-g3-ready-for-life,811af1e0e61e9d0c259c49404dfdd422f7c1c0d23203f7c4f914900364d6a20b,811af1e0e61e9d0c259c49404dfdd422f7c1c0d23203f7c4f914900364d6a20b,true,4270c7081ab8c5f5f41c2efe45a41155b698725fc05aab5f53635f4056e771fc,4270c7081ab8c5f5f41c2efe45a41155b698725fc05aab5f53635f4056e771fc,true,true
ma-g3-ready-for-life-u05-l03,ma-g3-ready-for-life,800f863a23e945109a9f12d2fb79df0e400639b3d1f2c5fa2ba3624d61c19b52,800f863a23e945109a9f12d2fb79df0e400639b3d1f2c5fa2ba3624d61c19b52,true,4270c7081ab8c5f5f41c2efe45a41155b698725fc05aab5f53635f4056e771fc,4270c7081ab8c5f5f41c2efe45a41155b698725fc05aab5f53635f4056e771fc,true,true
ma-g3-ready-for-life-u05-l04,ma-g3-ready-for-life,45094d03db92c90ededd344f129943528ca0eb225f7a4220013f1ba0711b973e,45094d03db92c90ededd344f129943528ca0eb225f7a4220013f1ba0711b973e,true,4270c7081ab8c5f5f41c2efe45a41155b698725fc05aab5f53635f4056e771fc,4270c7081ab8c5f5f41c2efe45a41155b698725fc05aab5f53635f4056e771fc,true,true
ma-g3-ready-for-life-u05-l05,ma-g3-ready-for-life,7eede0f7dbfb40ad0921f95e9c88625fdb8b912c51b743268f37eb5ec3ab06cd,7eede0f7dbfb40ad0921f95e9c88625fdb8b912c51b743268f37eb5ec3ab06cd,true,4270c7081ab8c5f5f41c2efe45a41155b698725fc05aab5f53635f4056e771fc,4270c7081ab8c5f5f41c2efe45a41155b698725fc05aab5f53635f4056e771fc,true,true
ma-g3-ready-for-life-u05-l06,ma-g3-ready-for-life,0a12b304f39d5b7b1c19d9011903837c49df4ce6ea00f2deb6e5fbf870b7c6f7,0a12b304f39d5b7b1c19d9011903837c49df4ce6ea00f2deb6e5fbf870b7c6f7,true,4270c7081ab8c5f5f41c2efe45a41155b698725fc05aab5f53635f4056e771fc,4270c7081ab8c5f5f41c2efe45a41155b698725fc05aab5f53635f4056e771fc,true,true
ma-g3-ready-for-life-u06-l01,ma-g3-ready-for-life,1263b8305a7bd78f2fdbca6d55bfe9080ba9f8ce1b29bbeef61d6259562954ac,1263b8305a7bd78f2fdbca6d55bfe9080ba9f8ce1b29bbeef61d6259562954ac,true,496179f65c0ba1abc32b403a45ee1fdac21ae644c58089ffc2b07e71608b2c3b,496179f65c0ba1abc32b403a45ee1fdac21ae644c58089ffc2b07e71608b2c3b,true,true
ma-g3-ready-for-life-u06-l02,ma-g3-ready-for-life,70e8a32eae5180149530b4b95b6fbaf9d7c29766b74959f471b673f6d903d548,70e8a32eae5180149530b4b95b6fbaf9d7c29766b74959f471b673f6d903d548,true,496179f65c0ba1abc32b403a45ee1fdac21ae644c58089ffc2b07e71608b2c3b,496179f65c0ba1abc32b403a45ee1fdac21ae644c58089ffc2b07e71608b2c3b,true,true
ma-g3-ready-for-life-u06-l03,ma-g3-ready-for-life,533dbfae98520cfe2d1754cea9c2cec35610114a19e86c97de06095bd2c86a30,533dbfae98520cfe2d1754cea9c2cec35610114a19e86c97de06095bd2c86a30,true,496179f65c0ba1abc32b403a45ee1fdac21ae644c58089ffc2b07e71608b2c3b,496179f65c0ba1abc32b403a45ee1fdac21ae644c58089ffc2b07e71608b2c3b,true,true
ma-g3-ready-for-life-u06-l04,ma-g3-ready-for-life,af1c84b54c6a45a4a2707fbc5a80c09b5640b3fb448083fcb0ced9a3e34d5bbf,af1c84b54c6a45a4a2707fbc5a80c09b5640b3fb448083fcb0ced9a3e34d5bbf,true,496179f65c0ba1abc32b403a45ee1fdac21ae644c58089ffc2b07e71608b2c3b,496179f65c0ba1abc32b403a45ee1fdac21ae644c58089ffc2b07e71608b2c3b,true,true
ma-g3-ready-for-life-u06-l05,ma-g3-ready-for-life,31cc133a8db7089e723788d369771c374037eb42a522ecf18fc91869668d0f19,31cc133a8db7089e723788d369771c374037eb42a522ecf18fc91869668d0f19,true,496179f65c0ba1abc32b403a45ee1fdac21ae644c58089ffc2b07e71608b2c3b,496179f65c0ba1abc32b403a45ee1fdac21ae644c58089ffc2b07e71608b2c3b,true,true
ma-g3-ready-for-life-u06-l06,ma-g3-ready-for-life,4cba20ddf35a08cf4a9abd302936e8d57d79f98a48923d94f97785b770206027,4cba20ddf35a08cf4a9abd302936e8d57d79f98a48923d94f97785b770206027,true,496179f65c0ba1abc32b403a45ee1fdac21ae644c58089ffc2b07e71608b2c3b,496179f65c0ba1abc32b403a45ee1fdac21ae644c58089ffc2b07e71608b2c3b,true,true
ma-g3-tech-cs-u01-l01,ma-g3-tech-cs,c0677c8936b6f83c96cbd75c0b80191947bdc0e7888b7208fa39dd5ca220b9ed,c0677c8936b6f83c96cbd75c0b80191947bdc0e7888b7208fa39dd5ca220b9ed,true,95c789c31e6688db524e8c3c7e7910ed7f128cc1261c86488e7f5651fe78ba3d,95c789c31e6688db524e8c3c7e7910ed7f128cc1261c86488e7f5651fe78ba3d,true,true
ma-g3-tech-cs-u01-l02,ma-g3-tech-cs,46ae2533a6b5d8688560b86721e94d2eb1a51ae6ad9fcaf80fdadb24f02e091e,46ae2533a6b5d8688560b86721e94d2eb1a51ae6ad9fcaf80fdadb24f02e091e,true,95c789c31e6688db524e8c3c7e7910ed7f128cc1261c86488e7f5651fe78ba3d,95c789c31e6688db524e8c3c7e7910ed7f128cc1261c86488e7f5651fe78ba3d,true,true
ma-g3-tech-cs-u01-l03,ma-g3-tech-cs,a98161185611442abceb4c34909627025c3d810a041dc2e5a7bc5ad988904db3,a98161185611442abceb4c34909627025c3d810a041dc2e5a7bc5ad988904db3,true,95c789c31e6688db524e8c3c7e7910ed7f128cc1261c86488e7f5651fe78ba3d,95c789c31e6688db524e8c3c7e7910ed7f128cc1261c86488e7f5651fe78ba3d,true,true
ma-g3-tech-cs-u01-l04,ma-g3-tech-cs,51fdda98182fbcb5bc436eae8a8f19e9f142e9721b2a09b732a144adb9deb0d4,51fdda98182fbcb5bc436eae8a8f19e9f142e9721b2a09b732a144adb9deb0d4,true,95c789c31e6688db524e8c3c7e7910ed7f128cc1261c86488e7f5651fe78ba3d,95c789c31e6688db524e8c3c7e7910ed7f128cc1261c86488e7f5651fe78ba3d,true,true
ma-g3-tech-cs-u01-l05,ma-g3-tech-cs,4fc66178f256ca1e4844938783b53f310066a6dd76793d022330e99bb81bc336,4fc66178f256ca1e4844938783b53f310066a6dd76793d022330e99bb81bc336,true,95c789c31e6688db524e8c3c7e7910ed7f128cc1261c86488e7f5651fe78ba3d,95c789c31e6688db524e8c3c7e7910ed7f128cc1261c86488e7f5651fe78ba3d,true,true
ma-g3-tech-cs-u01-l06,ma-g3-tech-cs,52ed3231b5f1086de875ad493f704bf2d7282808877659757b3d1eb33d6b326e,52ed3231b5f1086de875ad493f704bf2d7282808877659757b3d1eb33d6b326e,true,95c789c31e6688db524e8c3c7e7910ed7f128cc1261c86488e7f5651fe78ba3d,95c789c31e6688db524e8c3c7e7910ed7f128cc1261c86488e7f5651fe78ba3d,true,true
ma-g3-tech-cs-u02-l01,ma-g3-tech-cs,1a39db15c060a38fa12e4db60b50cf51df8ff9ae38f0199150af0d92cca691ee,1a39db15c060a38fa12e4db60b50cf51df8ff9ae38f0199150af0d92cca691ee,true,004028ca3b71abc78323780a8b76b44b1e90908a9b41a8ace1ae07124f895c43,004028ca3b71abc78323780a8b76b44b1e90908a9b41a8ace1ae07124f895c43,true,true
ma-g3-tech-cs-u02-l02,ma-g3-tech-cs,b277c7bca80d5e4a3bb6e070126213d889d4cb19cbc1ab180b9dcb593dda3bf0,b277c7bca80d5e4a3bb6e070126213d889d4cb19cbc1ab180b9dcb593dda3bf0,true,004028ca3b71abc78323780a8b76b44b1e90908a9b41a8ace1ae07124f895c43,004028ca3b71abc78323780a8b76b44b1e90908a9b41a8ace1ae07124f895c43,true,true
ma-g3-tech-cs-u02-l03,ma-g3-tech-cs,9e68586ce8d05cb9cfda7961b81290bbe307e61efc62adb1bb1e0330a21e17fa,9e68586ce8d05cb9cfda7961b81290bbe307e61efc62adb1bb1e0330a21e17fa,true,004028ca3b71abc78323780a8b76b44b1e90908a9b41a8ace1ae07124f895c43,004028ca3b71abc78323780a8b76b44b1e90908a9b41a8ace1ae07124f895c43,true,true
ma-g3-tech-cs-u02-l04,ma-g3-tech-cs,7604cbc740661711e133206042d3aead52a92fe5023100497ab300187bf7e33e,7604cbc740661711e133206042d3aead52a92fe5023100497ab300187bf7e33e,true,004028ca3b71abc78323780a8b76b44b1e90908a9b41a8ace1ae07124f895c43,004028ca3b71abc78323780a8b76b44b1e90908a9b41a8ace1ae07124f895c43,true,true
ma-g3-tech-cs-u02-l05,ma-g3-tech-cs,f69b1153ce6b44cee1a95fefb1f5b55c23c934c3b789c89b146dd22c523baec9,f69b1153ce6b44cee1a95fefb1f5b55c23c934c3b789c89b146dd22c523baec9,true,004028ca3b71abc78323780a8b76b44b1e90908a9b41a8ace1ae07124f895c43,004028ca3b71abc78323780a8b76b44b1e90908a9b41a8ace1ae07124f895c43,true,true
ma-g3-tech-cs-u02-l06,ma-g3-tech-cs,fc8479b2857a4548e91099216adf436bf9b5c446d3baefbb12f0a079f3e32d32,fc8479b2857a4548e91099216adf436bf9b5c446d3baefbb12f0a079f3e32d32,true,004028ca3b71abc78323780a8b76b44b1e90908a9b41a8ace1ae07124f895c43,004028ca3b71abc78323780a8b76b44b1e90908a9b41a8ace1ae07124f895c43,true,true
ma-g3-tech-cs-u03-l01,ma-g3-tech-cs,711bf306d2455743fcd6dd4c49407c85d0060cbb91b1a26435de36803a86c3ec,711bf306d2455743fcd6dd4c49407c85d0060cbb91b1a26435de36803a86c3ec,true,b442befd6300769cf0d410b39ffb017e824e5f0aa850ec8cbcebd76d96acbcad,b442befd6300769cf0d410b39ffb017e824e5f0aa850ec8cbcebd76d96acbcad,true,true
ma-g3-tech-cs-u03-l02,ma-g3-tech-cs,a816d3bd2253a9b9a6f116325d38cc0067d2efd89d5bb39a641a488e88055428,a816d3bd2253a9b9a6f116325d38cc0067d2efd89d5bb39a641a488e88055428,true,b442befd6300769cf0d410b39ffb017e824e5f0aa850ec8cbcebd76d96acbcad,b442befd6300769cf0d410b39ffb017e824e5f0aa850ec8cbcebd76d96acbcad,true,true
ma-g3-tech-cs-u03-l03,ma-g3-tech-cs,48b3ff67fe891a51acf33c499eef38308ee63bd62f3576b3fef27e4bf0fcc421,48b3ff67fe891a51acf33c499eef38308ee63bd62f3576b3fef27e4bf0fcc421,true,b442befd6300769cf0d410b39ffb017e824e5f0aa850ec8cbcebd76d96acbcad,b442befd6300769cf0d410b39ffb017e824e5f0aa850ec8cbcebd76d96acbcad,true,true
ma-g3-tech-cs-u03-l04,ma-g3-tech-cs,44b165e5a7f43fa3d1c64ea2c1ba0f76a8f3876500c446226a0aeb089859e33c,44b165e5a7f43fa3d1c64ea2c1ba0f76a8f3876500c446226a0aeb089859e33c,true,b442befd6300769cf0d410b39ffb017e824e5f0aa850ec8cbcebd76d96acbcad,b442befd6300769cf0d410b39ffb017e824e5f0aa850ec8cbcebd76d96acbcad,true,true
ma-g3-tech-cs-u03-l05,ma-g3-tech-cs,c2300f7f64c144a903cdc6cbadec5c772e8097925f4b9eb3cd1f36bfffcf23a0,c2300f7f64c144a903cdc6cbadec5c772e8097925f4b9eb3cd1f36bfffcf23a0,true,b442befd6300769cf0d410b39ffb017e824e5f0aa850ec8cbcebd76d96acbcad,b442befd6300769cf0d410b39ffb017e824e5f0aa850ec8cbcebd76d96acbcad,true,true
ma-g3-tech-cs-u03-l06,ma-g3-tech-cs,c4b76e4a825725891212c673f032924c2ef2f4dd9f72ca1f454dcee7dac35793,c4b76e4a825725891212c673f032924c2ef2f4dd9f72ca1f454dcee7dac35793,true,b442befd6300769cf0d410b39ffb017e824e5f0aa850ec8cbcebd76d96acbcad,b442befd6300769cf0d410b39ffb017e824e5f0aa850ec8cbcebd76d96acbcad,true,true
ma-g3-tech-cs-u04-l01,ma-g3-tech-cs,cf517ad97d07388486eee237fbc86b6c27c7c99367b1c58d278bb1069681a461,cf517ad97d07388486eee237fbc86b6c27c7c99367b1c58d278bb1069681a461,true,86824c142fa184e86b4c13447be6c410921b79ed692d4bad090d5fe9e373f514,86824c142fa184e86b4c13447be6c410921b79ed692d4bad090d5fe9e373f514,true,true
ma-g3-tech-cs-u04-l02,ma-g3-tech-cs,8f9c093c99b4a9fa56d0e8fbf89be6490605c22ecc9dcc48108d063540cb0d33,8f9c093c99b4a9fa56d0e8fbf89be6490605c22ecc9dcc48108d063540cb0d33,true,86824c142fa184e86b4c13447be6c410921b79ed692d4bad090d5fe9e373f514,86824c142fa184e86b4c13447be6c410921b79ed692d4bad090d5fe9e373f514,true,true
ma-g3-tech-cs-u04-l03,ma-g3-tech-cs,fc6dc3ee9010a77c09a32c635cdb97f9fff4442b5e31a8147c3fe67031ba09de,fc6dc3ee9010a77c09a32c635cdb97f9fff4442b5e31a8147c3fe67031ba09de,true,86824c142fa184e86b4c13447be6c410921b79ed692d4bad090d5fe9e373f514,86824c142fa184e86b4c13447be6c410921b79ed692d4bad090d5fe9e373f514,true,true
ma-g3-tech-cs-u04-l04,ma-g3-tech-cs,912f51a7f380e46119d9e06f6509e9a471f7f81ae477809f1dfa2fb5ec454ab4,912f51a7f380e46119d9e06f6509e9a471f7f81ae477809f1dfa2fb5ec454ab4,true,86824c142fa184e86b4c13447be6c410921b79ed692d4bad090d5fe9e373f514,86824c142fa184e86b4c13447be6c410921b79ed692d4bad090d5fe9e373f514,true,true
ma-g3-tech-cs-u04-l05,ma-g3-tech-cs,048296ad51107db4eeb901492e9b88541e57618c6cfdf800d242d2c647848b17,048296ad51107db4eeb901492e9b88541e57618c6cfdf800d242d2c647848b17,true,86824c142fa184e86b4c13447be6c410921b79ed692d4bad090d5fe9e373f514,86824c142fa184e86b4c13447be6c410921b79ed692d4bad090d5fe9e373f514,true,true
ma-g3-tech-cs-u04-l06,ma-g3-tech-cs,423d33f531ef3f020982d7dac2cadd5d7a19b6ab1436e9e031649c5e5c6149f4,423d33f531ef3f020982d7dac2cadd5d7a19b6ab1436e9e031649c5e5c6149f4,true,86824c142fa184e86b4c13447be6c410921b79ed692d4bad090d5fe9e373f514,86824c142fa184e86b4c13447be6c410921b79ed692d4bad090d5fe9e373f514,true,true
ma-g3-tech-cs-u05-l01,ma-g3-tech-cs,2c4beebc836eeae2e9bb8999c01b86bf383e95c34f00ce987966e9d1827091fc,2c4beebc836eeae2e9bb8999c01b86bf383e95c34f00ce987966e9d1827091fc,true,88f57879cae081998b5b430b11c1aafa702d480e14be8375857b6c4f15d7b1fe,88f57879cae081998b5b430b11c1aafa702d480e14be8375857b6c4f15d7b1fe,true,true
ma-g3-tech-cs-u05-l02,ma-g3-tech-cs,76bf4b011400335cb7dbd87110fed6d6f6f57d6e72f8250995a39434fa16cd58,76bf4b011400335cb7dbd87110fed6d6f6f57d6e72f8250995a39434fa16cd58,true,88f57879cae081998b5b430b11c1aafa702d480e14be8375857b6c4f15d7b1fe,88f57879cae081998b5b430b11c1aafa702d480e14be8375857b6c4f15d7b1fe,true,true
ma-g3-tech-cs-u05-l03,ma-g3-tech-cs,43321257e3d5d4446122ab711c4b8b313adc67db734985e12cb8b454f5885d30,43321257e3d5d4446122ab711c4b8b313adc67db734985e12cb8b454f5885d30,true,88f57879cae081998b5b430b11c1aafa702d480e14be8375857b6c4f15d7b1fe,88f57879cae081998b5b430b11c1aafa702d480e14be8375857b6c4f15d7b1fe,true,true
ma-g3-tech-cs-u05-l04,ma-g3-tech-cs,c9c33f784541828eaac3ee2b4c5648ddc35a51599c64e378538449f00838de91,c9c33f784541828eaac3ee2b4c5648ddc35a51599c64e378538449f00838de91,true,88f57879cae081998b5b430b11c1aafa702d480e14be8375857b6c4f15d7b1fe,88f57879cae081998b5b430b11c1aafa702d480e14be8375857b6c4f15d7b1fe,true,true
ma-g3-tech-cs-u05-l05,ma-g3-tech-cs,3db3f5b8260aea8a4d76fa33c9b04da20b118268b97fc6b5e5a4e8e3c83eb9c6,3db3f5b8260aea8a4d76fa33c9b04da20b118268b97fc6b5e5a4e8e3c83eb9c6,true,88f57879cae081998b5b430b11c1aafa702d480e14be8375857b6c4f15d7b1fe,88f57879cae081998b5b430b11c1aafa702d480e14be8375857b6c4f15d7b1fe,true,true
ma-g3-tech-cs-u05-l06,ma-g3-tech-cs,f39c84ed1c4b871aadb734f2aef07bf6f82ce15e26a3b78848126741f1558b29,f39c84ed1c4b871aadb734f2aef07bf6f82ce15e26a3b78848126741f1558b29,true,88f57879cae081998b5b430b11c1aafa702d480e14be8375857b6c4f15d7b1fe,88f57879cae081998b5b430b11c1aafa702d480e14be8375857b6c4f15d7b1fe,true,true
ma-g3-tech-cs-u06-l01,ma-g3-tech-cs,cadd08ddf7d945196e40231289a85bf97f83c5726420f83636b5cf1cfd8e90b2,cadd08ddf7d945196e40231289a85bf97f83c5726420f83636b5cf1cfd8e90b2,true,0ec758ab8b69ce289028b106bd97292ff780976b8a0078b04d3f1f1d6a5f6d18,0ec758ab8b69ce289028b106bd97292ff780976b8a0078b04d3f1f1d6a5f6d18,true,true
ma-g3-tech-cs-u06-l02,ma-g3-tech-cs,db0a870044b1431b3890cf9b320456358a75fecf59695095bf48d94eb1bd7f81,db0a870044b1431b3890cf9b320456358a75fecf59695095bf48d94eb1bd7f81,true,0ec758ab8b69ce289028b106bd97292ff780976b8a0078b04d3f1f1d6a5f6d18,0ec758ab8b69ce289028b106bd97292ff780976b8a0078b04d3f1f1d6a5f6d18,true,true
ma-g3-tech-cs-u06-l03,ma-g3-tech-cs,daa03b3bf3d3fad7dfd014bab1d975f638fffb4a6525b29f8f9707c8350d5171,daa03b3bf3d3fad7dfd014bab1d975f638fffb4a6525b29f8f9707c8350d5171,true,0ec758ab8b69ce289028b106bd97292ff780976b8a0078b04d3f1f1d6a5f6d18,0ec758ab8b69ce289028b106bd97292ff780976b8a0078b04d3f1f1d6a5f6d18,true,true
ma-g3-tech-cs-u06-l04,ma-g3-tech-cs,32be9e9e679ec3099ee78c71d3b54649f63cedc6288cade30f6653f2c9b93b96,32be9e9e679ec3099ee78c71d3b54649f63cedc6288cade30f6653f2c9b93b96,true,0ec758ab8b69ce289028b106bd97292ff780976b8a0078b04d3f1f1d6a5f6d18,0ec758ab8b69ce289028b106bd97292ff780976b8a0078b04d3f1f1d6a5f6d18,true,true
ma-g3-tech-cs-u06-l05,ma-g3-tech-cs,d74f59a98a191e86f4925b971e42d936ee1098054c7977b2178be03447512490,d74f59a98a191e86f4925b971e42d936ee1098054c7977b2178be03447512490,true,0ec758ab8b69ce289028b106bd97292ff780976b8a0078b04d3f1f1d6a5f6d18,0ec758ab8b69ce289028b106bd97292ff780976b8a0078b04d3f1f1d6a5f6d18,true,true
ma-g3-tech-cs-u06-l06,ma-g3-tech-cs,865956056abc61928836faef0cef9db307d3c6ccfb9f13fd9ad32ab62d52618f,865956056abc61928836faef0cef9db307d3c6ccfb9f13fd9ad32ab62d52618f,true,0ec758ab8b69ce289028b106bd97292ff780976b8a0078b04d3f1f1d6a5f6d18,0ec758ab8b69ce289028b106bd97292ff780976b8a0078b04d3f1f1d6a5f6d18,true,true
ma-g3-arts-music-u01-l01,ma-g3-arts-music,fff8bbf01f4671a12a7453606e9e13a388c24dbea8acef8baf00ee66c13f04dd,fff8bbf01f4671a12a7453606e9e13a388c24dbea8acef8baf00ee66c13f04dd,true,880adf11241b7a2b8c52809aa644d2917734a5a3583472803e5d777d5413fadd,880adf11241b7a2b8c52809aa644d2917734a5a3583472803e5d777d5413fadd,true,true
ma-g3-arts-music-u01-l02,ma-g3-arts-music,ce57326bfaa55dc34f60623a94589669429db0aed9ef1bb4d6c001fc2092a972,ce57326bfaa55dc34f60623a94589669429db0aed9ef1bb4d6c001fc2092a972,true,880adf11241b7a2b8c52809aa644d2917734a5a3583472803e5d777d5413fadd,880adf11241b7a2b8c52809aa644d2917734a5a3583472803e5d777d5413fadd,true,true
ma-g3-arts-music-u01-l03,ma-g3-arts-music,95932ad93e7fcc43b962151a356181675263524c3ddf78879e6a4fa917d87e2d,95932ad93e7fcc43b962151a356181675263524c3ddf78879e6a4fa917d87e2d,true,880adf11241b7a2b8c52809aa644d2917734a5a3583472803e5d777d5413fadd,880adf11241b7a2b8c52809aa644d2917734a5a3583472803e5d777d5413fadd,true,true
ma-g3-arts-music-u01-l04,ma-g3-arts-music,a028beb8846347f48734daf43cadceafdd86b738c6c6d26e3c9274f437c14d87,a028beb8846347f48734daf43cadceafdd86b738c6c6d26e3c9274f437c14d87,true,880adf11241b7a2b8c52809aa644d2917734a5a3583472803e5d777d5413fadd,880adf11241b7a2b8c52809aa644d2917734a5a3583472803e5d777d5413fadd,true,true
ma-g3-arts-music-u01-l05,ma-g3-arts-music,999813b6f3a51b427fd7b5d1c680220f4e26558c6d060dedbd1c7964353ec4e5,999813b6f3a51b427fd7b5d1c680220f4e26558c6d060dedbd1c7964353ec4e5,true,880adf11241b7a2b8c52809aa644d2917734a5a3583472803e5d777d5413fadd,880adf11241b7a2b8c52809aa644d2917734a5a3583472803e5d777d5413fadd,true,true
ma-g3-arts-music-u01-l06,ma-g3-arts-music,2cf64bb2df728ede282f127279d9ca98b138442384db2b033f84173a325ae510,2cf64bb2df728ede282f127279d9ca98b138442384db2b033f84173a325ae510,true,880adf11241b7a2b8c52809aa644d2917734a5a3583472803e5d777d5413fadd,880adf11241b7a2b8c52809aa644d2917734a5a3583472803e5d777d5413fadd,true,true
ma-g3-arts-music-u01-l07,ma-g3-arts-music,33949fc62f1262705673172da92905cb9c36d252a5e19a58bb4145649c6ac9cc,33949fc62f1262705673172da92905cb9c36d252a5e19a58bb4145649c6ac9cc,true,880adf11241b7a2b8c52809aa644d2917734a5a3583472803e5d777d5413fadd,880adf11241b7a2b8c52809aa644d2917734a5a3583472803e5d777d5413fadd,true,true
ma-g3-arts-music-u01-l08,ma-g3-arts-music,157cce7f3a7e669a3811af8b6b3bdfd11ad7cfeeef142ae9db3db33f4bba963b,157cce7f3a7e669a3811af8b6b3bdfd11ad7cfeeef142ae9db3db33f4bba963b,true,880adf11241b7a2b8c52809aa644d2917734a5a3583472803e5d777d5413fadd,880adf11241b7a2b8c52809aa644d2917734a5a3583472803e5d777d5413fadd,true,true
ma-g3-arts-music-u01-l09,ma-g3-arts-music,57c5fca7aaa20d6e4df696beca11b613d19f6d6cca3107b2ead4d3d38446f8d9,57c5fca7aaa20d6e4df696beca11b613d19f6d6cca3107b2ead4d3d38446f8d9,true,880adf11241b7a2b8c52809aa644d2917734a5a3583472803e5d777d5413fadd,880adf11241b7a2b8c52809aa644d2917734a5a3583472803e5d777d5413fadd,true,true
ma-g3-arts-music-u01-l10,ma-g3-arts-music,a71289a473f447de2914ef79f7309a16fff2db65fad8f23960a4ddc6cf765171,a71289a473f447de2914ef79f7309a16fff2db65fad8f23960a4ddc6cf765171,true,880adf11241b7a2b8c52809aa644d2917734a5a3583472803e5d777d5413fadd,880adf11241b7a2b8c52809aa644d2917734a5a3583472803e5d777d5413fadd,true,true
ma-g3-arts-music-u01-l11,ma-g3-arts-music,b76b23e625aaa040aabfcdbf8913bc364585d926d967b5cee39b436206d015b6,b76b23e625aaa040aabfcdbf8913bc364585d926d967b5cee39b436206d015b6,true,880adf11241b7a2b8c52809aa644d2917734a5a3583472803e5d777d5413fadd,880adf11241b7a2b8c52809aa644d2917734a5a3583472803e5d777d5413fadd,true,true
ma-g3-arts-music-u01-l12,ma-g3-arts-music,9cf262290868f0a94180ff1885ed8274d617105baf5b1dad552b92a30f580a62,9cf262290868f0a94180ff1885ed8274d617105baf5b1dad552b92a30f580a62,true,880adf11241b7a2b8c52809aa644d2917734a5a3583472803e5d777d5413fadd,880adf11241b7a2b8c52809aa644d2917734a5a3583472803e5d777d5413fadd,true,true
ma-g3-arts-music-u02-l01,ma-g3-arts-music,aafa287e8e0f4411a5381efe431b0cae1f0af10a41a0c066974dff417e18894c,aafa287e8e0f4411a5381efe431b0cae1f0af10a41a0c066974dff417e18894c,true,e1764bd36c09baa168c97aeeebf9596249ef299cdcf6b20f1a3cefbfa105b8df,e1764bd36c09baa168c97aeeebf9596249ef299cdcf6b20f1a3cefbfa105b8df,true,true
ma-g3-arts-music-u02-l02,ma-g3-arts-music,92cd3c6ccaa48861f9cb3af33071cb85f8c3f0e2efc0757b1cc26f18de561f5c,92cd3c6ccaa48861f9cb3af33071cb85f8c3f0e2efc0757b1cc26f18de561f5c,true,e1764bd36c09baa168c97aeeebf9596249ef299cdcf6b20f1a3cefbfa105b8df,e1764bd36c09baa168c97aeeebf9596249ef299cdcf6b20f1a3cefbfa105b8df,true,true
ma-g3-arts-music-u02-l03,ma-g3-arts-music,090b7b48d532d77e9ce9b82ee5eca46b6b04eb51d26ce820c7ec37c7d0351866,090b7b48d532d77e9ce9b82ee5eca46b6b04eb51d26ce820c7ec37c7d0351866,true,e1764bd36c09baa168c97aeeebf9596249ef299cdcf6b20f1a3cefbfa105b8df,e1764bd36c09baa168c97aeeebf9596249ef299cdcf6b20f1a3cefbfa105b8df,true,true
ma-g3-arts-music-u02-l04,ma-g3-arts-music,5b34d5767196644833d7e7afd45c75bee9b06d315f250e5a2a4397220c963af3,5b34d5767196644833d7e7afd45c75bee9b06d315f250e5a2a4397220c963af3,true,e1764bd36c09baa168c97aeeebf9596249ef299cdcf6b20f1a3cefbfa105b8df,e1764bd36c09baa168c97aeeebf9596249ef299cdcf6b20f1a3cefbfa105b8df,true,true
ma-g3-arts-music-u02-l05,ma-g3-arts-music,edf64956ec4c4b0dfc15c71968fb42d43b88223852dc4c8aea99eea317bd302b,edf64956ec4c4b0dfc15c71968fb42d43b88223852dc4c8aea99eea317bd302b,true,e1764bd36c09baa168c97aeeebf9596249ef299cdcf6b20f1a3cefbfa105b8df,e1764bd36c09baa168c97aeeebf9596249ef299cdcf6b20f1a3cefbfa105b8df,true,true
ma-g3-arts-music-u02-l06,ma-g3-arts-music,e212a385faca1a50dd56a988c227449818d91b4b3bd4a77266d84cd8de9915a8,e212a385faca1a50dd56a988c227449818d91b4b3bd4a77266d84cd8de9915a8,true,e1764bd36c09baa168c97aeeebf9596249ef299cdcf6b20f1a3cefbfa105b8df,e1764bd36c09baa168c97aeeebf9596249ef299cdcf6b20f1a3cefbfa105b8df,true,true
ma-g3-arts-music-u02-l07,ma-g3-arts-music,7f84516cfdf63ab49410688d3f280df6885ff8b3ca8c335fa002803f1feb7a4f,7f84516cfdf63ab49410688d3f280df6885ff8b3ca8c335fa002803f1feb7a4f,true,e1764bd36c09baa168c97aeeebf9596249ef299cdcf6b20f1a3cefbfa105b8df,e1764bd36c09baa168c97aeeebf9596249ef299cdcf6b20f1a3cefbfa105b8df,true,true
ma-g3-arts-music-u02-l08,ma-g3-arts-music,de06d3ceca03a15106695b16fe635f3ce3af14a8be6093fc57be9bfd69a9d579,de06d3ceca03a15106695b16fe635f3ce3af14a8be6093fc57be9bfd69a9d579,true,e1764bd36c09baa168c97aeeebf9596249ef299cdcf6b20f1a3cefbfa105b8df,e1764bd36c09baa168c97aeeebf9596249ef299cdcf6b20f1a3cefbfa105b8df,true,true
ma-g3-arts-music-u02-l09,ma-g3-arts-music,e1daa6ffe89048f8ba191b30f3c2822f819492edeba362036adaedcacf464a02,e1daa6ffe89048f8ba191b30f3c2822f819492edeba362036adaedcacf464a02,true,e1764bd36c09baa168c97aeeebf9596249ef299cdcf6b20f1a3cefbfa105b8df,e1764bd36c09baa168c97aeeebf9596249ef299cdcf6b20f1a3cefbfa105b8df,true,true
ma-g3-arts-music-u02-l10,ma-g3-arts-music,ebbd2246cc5f9b55d1a0f2a0ac5a52e8ef726b25bd56f0b727c2601f7e4b49ea,ebbd2246cc5f9b55d1a0f2a0ac5a52e8ef726b25bd56f0b727c2601f7e4b49ea,true,e1764bd36c09baa168c97aeeebf9596249ef299cdcf6b20f1a3cefbfa105b8df,e1764bd36c09baa168c97aeeebf9596249ef299cdcf6b20f1a3cefbfa105b8df,true,true
ma-g3-arts-music-u02-l11,ma-g3-arts-music,1d5ba464b05879c03aef9f95b068d24d850ff6355a8be7613cbdf70fc1030d25,1d5ba464b05879c03aef9f95b068d24d850ff6355a8be7613cbdf70fc1030d25,true,e1764bd36c09baa168c97aeeebf9596249ef299cdcf6b20f1a3cefbfa105b8df,e1764bd36c09baa168c97aeeebf9596249ef299cdcf6b20f1a3cefbfa105b8df,true,true
ma-g3-arts-music-u02-l12,ma-g3-arts-music,4676ebb6ef68aa49e83527f48cc5d95e70f0781fe2b34b8e03d00826d8710774,4676ebb6ef68aa49e83527f48cc5d95e70f0781fe2b34b8e03d00826d8710774,true,e1764bd36c09baa168c97aeeebf9596249ef299cdcf6b20f1a3cefbfa105b8df,e1764bd36c09baa168c97aeeebf9596249ef299cdcf6b20f1a3cefbfa105b8df,true,true
ma-g3-arts-music-u03-l01,ma-g3-arts-music,9620f304eb7726783f929a56a5abeba643a7dfb8bc0339fd9c31e6eb9881cbcc,9620f304eb7726783f929a56a5abeba643a7dfb8bc0339fd9c31e6eb9881cbcc,true,9cd99bab71de3cacb7605dd098304eff70fbf423a33bcf35d45bab11d2c223b5,9cd99bab71de3cacb7605dd098304eff70fbf423a33bcf35d45bab11d2c223b5,true,true
ma-g3-arts-music-u03-l02,ma-g3-arts-music,d7d316d2b9ea25197d493be7fcaba2ebba5ce175193ec43c123b3a2eabdbdc5e,d7d316d2b9ea25197d493be7fcaba2ebba5ce175193ec43c123b3a2eabdbdc5e,true,9cd99bab71de3cacb7605dd098304eff70fbf423a33bcf35d45bab11d2c223b5,9cd99bab71de3cacb7605dd098304eff70fbf423a33bcf35d45bab11d2c223b5,true,true
ma-g3-arts-music-u03-l03,ma-g3-arts-music,45b397590fa82157a910c6c95d15e9ad3ef15f11482840a1a48da5c05dc1c07e,45b397590fa82157a910c6c95d15e9ad3ef15f11482840a1a48da5c05dc1c07e,true,9cd99bab71de3cacb7605dd098304eff70fbf423a33bcf35d45bab11d2c223b5,9cd99bab71de3cacb7605dd098304eff70fbf423a33bcf35d45bab11d2c223b5,true,true
ma-g3-arts-music-u03-l04,ma-g3-arts-music,8bc5574f07cfd5b381453d64b604e59d72ea095af734d1f847c2ffd1c2a305ba,8bc5574f07cfd5b381453d64b604e59d72ea095af734d1f847c2ffd1c2a305ba,true,9cd99bab71de3cacb7605dd098304eff70fbf423a33bcf35d45bab11d2c223b5,9cd99bab71de3cacb7605dd098304eff70fbf423a33bcf35d45bab11d2c223b5,true,true
ma-g3-arts-music-u03-l05,ma-g3-arts-music,57059f49b96ace5a62e9b96bdf7208da0e0819d9b335aa70e7439f5de0326939,57059f49b96ace5a62e9b96bdf7208da0e0819d9b335aa70e7439f5de0326939,true,9cd99bab71de3cacb7605dd098304eff70fbf423a33bcf35d45bab11d2c223b5,9cd99bab71de3cacb7605dd098304eff70fbf423a33bcf35d45bab11d2c223b5,true,true
ma-g3-arts-music-u03-l06,ma-g3-arts-music,2c24a85bc972815cfd7ab677a440c86c44410a2fa491c0251d03e9fbd67f8b21,2c24a85bc972815cfd7ab677a440c86c44410a2fa491c0251d03e9fbd67f8b21,true,9cd99bab71de3cacb7605dd098304eff70fbf423a33bcf35d45bab11d2c223b5,9cd99bab71de3cacb7605dd098304eff70fbf423a33bcf35d45bab11d2c223b5,true,true
ma-g3-arts-music-u03-l07,ma-g3-arts-music,1057f8a2f2cfc6a781e2c3381ba02f72f280bcf14e3d71a3258f09cebed35769,1057f8a2f2cfc6a781e2c3381ba02f72f280bcf14e3d71a3258f09cebed35769,true,9cd99bab71de3cacb7605dd098304eff70fbf423a33bcf35d45bab11d2c223b5,9cd99bab71de3cacb7605dd098304eff70fbf423a33bcf35d45bab11d2c223b5,true,true
ma-g3-arts-music-u03-l08,ma-g3-arts-music,87948e2c48f3c0e32bbc24cb614524651696a9a88c329d35919cedf6a836b97a,87948e2c48f3c0e32bbc24cb614524651696a9a88c329d35919cedf6a836b97a,true,9cd99bab71de3cacb7605dd098304eff70fbf423a33bcf35d45bab11d2c223b5,9cd99bab71de3cacb7605dd098304eff70fbf423a33bcf35d45bab11d2c223b5,true,true
ma-g3-arts-music-u03-l09,ma-g3-arts-music,c811f8c25ab5c3de0548118ce66e413f720ed50616e3f9d4fe780079c0e3e6fe,c811f8c25ab5c3de0548118ce66e413f720ed50616e3f9d4fe780079c0e3e6fe,true,9cd99bab71de3cacb7605dd098304eff70fbf423a33bcf35d45bab11d2c223b5,9cd99bab71de3cacb7605dd098304eff70fbf423a33bcf35d45bab11d2c223b5,true,true
ma-g3-arts-music-u03-l10,ma-g3-arts-music,c7ca69c19726520c592301ee281214160dcce07cadec7411aefa20d95a4ca809,c7ca69c19726520c592301ee281214160dcce07cadec7411aefa20d95a4ca809,true,9cd99bab71de3cacb7605dd098304eff70fbf423a33bcf35d45bab11d2c223b5,9cd99bab71de3cacb7605dd098304eff70fbf423a33bcf35d45bab11d2c223b5,true,true
ma-g3-arts-music-u03-l11,ma-g3-arts-music,40b2b89dfb92820c8ad021daa6e101fe15da9177d7a5c64d04accd9a0e38ab62,40b2b89dfb92820c8ad021daa6e101fe15da9177d7a5c64d04accd9a0e38ab62,true,9cd99bab71de3cacb7605dd098304eff70fbf423a33bcf35d45bab11d2c223b5,9cd99bab71de3cacb7605dd098304eff70fbf423a33bcf35d45bab11d2c223b5,true,true
ma-g3-arts-music-u03-l12,ma-g3-arts-music,27eb97f12f8a0bad6e86ed0fd6c24aa56337e4e8057a70775a7b78c549187722,27eb97f12f8a0bad6e86ed0fd6c24aa56337e4e8057a70775a7b78c549187722,true,9cd99bab71de3cacb7605dd098304eff70fbf423a33bcf35d45bab11d2c223b5,9cd99bab71de3cacb7605dd098304eff70fbf423a33bcf35d45bab11d2c223b5,true,true
ma-g3-arts-music-u04-l01,ma-g3-arts-music,f632c57c8304fde10b8601e166bfd50099592a035e922993d53fa0e6efbaf72f,f632c57c8304fde10b8601e166bfd50099592a035e922993d53fa0e6efbaf72f,true,33d9186334f97553cdf9197631b2e8c092b1576721dada055703f561f0ce831e,33d9186334f97553cdf9197631b2e8c092b1576721dada055703f561f0ce831e,true,true
ma-g3-arts-music-u04-l02,ma-g3-arts-music,b69f65644f07a485e3bec31ccf36d1ec34283ba0c3e31764727ca44ef7d757b4,b69f65644f07a485e3bec31ccf36d1ec34283ba0c3e31764727ca44ef7d757b4,true,33d9186334f97553cdf9197631b2e8c092b1576721dada055703f561f0ce831e,33d9186334f97553cdf9197631b2e8c092b1576721dada055703f561f0ce831e,true,true
ma-g3-arts-music-u04-l03,ma-g3-arts-music,4081589f616f263170408c8ae12e19a9740846ca07153ce95f03b3496cc30e59,4081589f616f263170408c8ae12e19a9740846ca07153ce95f03b3496cc30e59,true,33d9186334f97553cdf9197631b2e8c092b1576721dada055703f561f0ce831e,33d9186334f97553cdf9197631b2e8c092b1576721dada055703f561f0ce831e,true,true
ma-g3-arts-music-u04-l04,ma-g3-arts-music,107a34ef79f59f003b37b5a5771d1b95f98954dc7252ce1463d2e69eb0e6ead6,107a34ef79f59f003b37b5a5771d1b95f98954dc7252ce1463d2e69eb0e6ead6,true,33d9186334f97553cdf9197631b2e8c092b1576721dada055703f561f0ce831e,33d9186334f97553cdf9197631b2e8c092b1576721dada055703f561f0ce831e,true,true
ma-g3-arts-music-u04-l05,ma-g3-arts-music,27d47130cdef7b09d81fffe46fcd9388a9a44d621b8f7a135c1a239aae4a2227,27d47130cdef7b09d81fffe46fcd9388a9a44d621b8f7a135c1a239aae4a2227,true,33d9186334f97553cdf9197631b2e8c092b1576721dada055703f561f0ce831e,33d9186334f97553cdf9197631b2e8c092b1576721dada055703f561f0ce831e,true,true
ma-g3-arts-music-u04-l06,ma-g3-arts-music,d06e19d00e3f20c9ca80019c31dbe0ffc8e7856d624b696c5a8c55e97aa1e74c,d06e19d00e3f20c9ca80019c31dbe0ffc8e7856d624b696c5a8c55e97aa1e74c,true,33d9186334f97553cdf9197631b2e8c092b1576721dada055703f561f0ce831e,33d9186334f97553cdf9197631b2e8c092b1576721dada055703f561f0ce831e,true,true
ma-g3-arts-music-u04-l07,ma-g3-arts-music,1bf8db53602b7960a36f442e0b82eb219255ab1f63e192739f26952386ab7894,1bf8db53602b7960a36f442e0b82eb219255ab1f63e192739f26952386ab7894,true,33d9186334f97553cdf9197631b2e8c092b1576721dada055703f561f0ce831e,33d9186334f97553cdf9197631b2e8c092b1576721dada055703f561f0ce831e,true,true
ma-g3-arts-music-u04-l08,ma-g3-arts-music,8f1da1c174839b52381781c18e850d053ca9b4ba6e1303395baee86093bf878b,8f1da1c174839b52381781c18e850d053ca9b4ba6e1303395baee86093bf878b,true,33d9186334f97553cdf9197631b2e8c092b1576721dada055703f561f0ce831e,33d9186334f97553cdf9197631b2e8c092b1576721dada055703f561f0ce831e,true,true
ma-g3-arts-music-u04-l09,ma-g3-arts-music,380b81955f842c824465618d11a3926009cd2d07b23b679f8b1e8b9b7f279b42,380b81955f842c824465618d11a3926009cd2d07b23b679f8b1e8b9b7f279b42,true,33d9186334f97553cdf9197631b2e8c092b1576721dada055703f561f0ce831e,33d9186334f97553cdf9197631b2e8c092b1576721dada055703f561f0ce831e,true,true
ma-g3-arts-music-u04-l10,ma-g3-arts-music,9570e99ffbbd712112e9fe710ae470f39ccb7c6f73217743d809649dc1cfcbf5,9570e99ffbbd712112e9fe710ae470f39ccb7c6f73217743d809649dc1cfcbf5,true,33d9186334f97553cdf9197631b2e8c092b1576721dada055703f561f0ce831e,33d9186334f97553cdf9197631b2e8c092b1576721dada055703f561f0ce831e,true,true
ma-g3-arts-music-u04-l11,ma-g3-arts-music,87a72afa0864df21f3ae18b2df2eeceddedd0e90a64409568140f6c6bc13e608,87a72afa0864df21f3ae18b2df2eeceddedd0e90a64409568140f6c6bc13e608,true,33d9186334f97553cdf9197631b2e8c092b1576721dada055703f561f0ce831e,33d9186334f97553cdf9197631b2e8c092b1576721dada055703f561f0ce831e,true,true
ma-g3-arts-music-u04-l12,ma-g3-arts-music,1c1338d87ed42e11ef3ccd16d6e32462d0749f0b9701f15353f9583979eb452f,1c1338d87ed42e11ef3ccd16d6e32462d0749f0b9701f15353f9583979eb452f,true,33d9186334f97553cdf9197631b2e8c092b1576721dada055703f561f0ce831e,33d9186334f97553cdf9197631b2e8c092b1576721dada055703f561f0ce831e,true,true
ma-g3-arts-music-u05-l01,ma-g3-arts-music,27c757465b738fd3172c6b3bc89d46bfe3e5d073321ddf7c4cb7e138d5901449,27c757465b738fd3172c6b3bc89d46bfe3e5d073321ddf7c4cb7e138d5901449,true,c5f96b8c5a5d92269413d62a9699af16d4e4ff6cd8fbc3f62047173acca363b3,c5f96b8c5a5d92269413d62a9699af16d4e4ff6cd8fbc3f62047173acca363b3,true,true
ma-g3-arts-music-u05-l02,ma-g3-arts-music,711898d3f68363a83acbc49db01e030c234e42a26a4bfa138b80bdfe20dce4f9,711898d3f68363a83acbc49db01e030c234e42a26a4bfa138b80bdfe20dce4f9,true,c5f96b8c5a5d92269413d62a9699af16d4e4ff6cd8fbc3f62047173acca363b3,c5f96b8c5a5d92269413d62a9699af16d4e4ff6cd8fbc3f62047173acca363b3,true,true
ma-g3-arts-music-u05-l03,ma-g3-arts-music,da67e07fdcaf42b3f2f1081f775f39e5cfe4ad81db5f373b295cf6b2bf4455db,da67e07fdcaf42b3f2f1081f775f39e5cfe4ad81db5f373b295cf6b2bf4455db,true,c5f96b8c5a5d92269413d62a9699af16d4e4ff6cd8fbc3f62047173acca363b3,c5f96b8c5a5d92269413d62a9699af16d4e4ff6cd8fbc3f62047173acca363b3,true,true
ma-g3-arts-music-u05-l04,ma-g3-arts-music,39f5cc5433ed271a127c59cfe5ee8533cbf3b11d4b8ac84fcb2615c61d6816b8,39f5cc5433ed271a127c59cfe5ee8533cbf3b11d4b8ac84fcb2615c61d6816b8,true,c5f96b8c5a5d92269413d62a9699af16d4e4ff6cd8fbc3f62047173acca363b3,c5f96b8c5a5d92269413d62a9699af16d4e4ff6cd8fbc3f62047173acca363b3,true,true
ma-g3-arts-music-u05-l05,ma-g3-arts-music,b986b484d36e9e81ac0507a695f04905ee0e41f8c5568099a48bbc8825d62346,b986b484d36e9e81ac0507a695f04905ee0e41f8c5568099a48bbc8825d62346,true,c5f96b8c5a5d92269413d62a9699af16d4e4ff6cd8fbc3f62047173acca363b3,c5f96b8c5a5d92269413d62a9699af16d4e4ff6cd8fbc3f62047173acca363b3,true,true
ma-g3-arts-music-u05-l06,ma-g3-arts-music,c200f0b0284a5eed94a93f64f07aae076c43377a229682e27b6fa135577a5ed3,c200f0b0284a5eed94a93f64f07aae076c43377a229682e27b6fa135577a5ed3,true,c5f96b8c5a5d92269413d62a9699af16d4e4ff6cd8fbc3f62047173acca363b3,c5f96b8c5a5d92269413d62a9699af16d4e4ff6cd8fbc3f62047173acca363b3,true,true
ma-g3-arts-music-u05-l07,ma-g3-arts-music,4e4c05fba5537c476eaf78596f67b061e9eee707a7b91ea4b5fa89e4823381b6,4e4c05fba5537c476eaf78596f67b061e9eee707a7b91ea4b5fa89e4823381b6,true,c5f96b8c5a5d92269413d62a9699af16d4e4ff6cd8fbc3f62047173acca363b3,c5f96b8c5a5d92269413d62a9699af16d4e4ff6cd8fbc3f62047173acca363b3,true,true
ma-g3-arts-music-u05-l08,ma-g3-arts-music,54e7243cc5bd0b7f4f44af18a1ee04202e820592d2a5fa58885b05a5bbb78a52,54e7243cc5bd0b7f4f44af18a1ee04202e820592d2a5fa58885b05a5bbb78a52,true,c5f96b8c5a5d92269413d62a9699af16d4e4ff6cd8fbc3f62047173acca363b3,c5f96b8c5a5d92269413d62a9699af16d4e4ff6cd8fbc3f62047173acca363b3,true,true
ma-g3-arts-music-u05-l09,ma-g3-arts-music,7eb250118cde52326ff528f5ee4f859a4606f4525f26ece1da5566824e71ca47,7eb250118cde52326ff528f5ee4f859a4606f4525f26ece1da5566824e71ca47,true,c5f96b8c5a5d92269413d62a9699af16d4e4ff6cd8fbc3f62047173acca363b3,c5f96b8c5a5d92269413d62a9699af16d4e4ff6cd8fbc3f62047173acca363b3,true,true
ma-g3-arts-music-u05-l10,ma-g3-arts-music,445207476d006272b937d88b483fb2584ce4c582ad520193c18af9b56ce9572b,445207476d006272b937d88b483fb2584ce4c582ad520193c18af9b56ce9572b,true,c5f96b8c5a5d92269413d62a9699af16d4e4ff6cd8fbc3f62047173acca363b3,c5f96b8c5a5d92269413d62a9699af16d4e4ff6cd8fbc3f62047173acca363b3,true,true
ma-g3-arts-music-u05-l11,ma-g3-arts-music,f3fb02f5d80e8b095a839e0836d38753159a4c7ef4b577ad816fb3ef6f087438,f3fb02f5d80e8b095a839e0836d38753159a4c7ef4b577ad816fb3ef6f087438,true,c5f96b8c5a5d92269413d62a9699af16d4e4ff6cd8fbc3f62047173acca363b3,c5f96b8c5a5d92269413d62a9699af16d4e4ff6cd8fbc3f62047173acca363b3,true,true
ma-g3-arts-music-u05-l12,ma-g3-arts-music,b72a32b7fa3f370849d8ea4ac7ea4c7ac43701ba115b1c871bd84ed63d511428,b72a32b7fa3f370849d8ea4ac7ea4c7ac43701ba115b1c871bd84ed63d511428,true,c5f96b8c5a5d92269413d62a9699af16d4e4ff6cd8fbc3f62047173acca363b3,c5f96b8c5a5d92269413d62a9699af16d4e4ff6cd8fbc3f62047173acca363b3,true,true
ma-g3-arts-music-u06-l01,ma-g3-arts-music,2b4f47e9125ac04bd20d58d8c249ef81624c5d42cae1d2544601d0f4242f36fe,2b4f47e9125ac04bd20d58d8c249ef81624c5d42cae1d2544601d0f4242f36fe,true,083faf759b610b5de9c0036185c57d3352327edb785a3a4a67a7012b9fc41689,083faf759b610b5de9c0036185c57d3352327edb785a3a4a67a7012b9fc41689,true,true
ma-g3-arts-music-u06-l02,ma-g3-arts-music,b75337e3f65926c726fe68925f1655fbc3dd6b9521a69397ede3c6ee738198f9,b75337e3f65926c726fe68925f1655fbc3dd6b9521a69397ede3c6ee738198f9,true,083faf759b610b5de9c0036185c57d3352327edb785a3a4a67a7012b9fc41689,083faf759b610b5de9c0036185c57d3352327edb785a3a4a67a7012b9fc41689,true,true
ma-g3-arts-music-u06-l03,ma-g3-arts-music,9ef7daa2a6f0ec40d2bd0eb9ef72643f84e9e88ac9eefeb7c5f4adb02422ee5d,9ef7daa2a6f0ec40d2bd0eb9ef72643f84e9e88ac9eefeb7c5f4adb02422ee5d,true,083faf759b610b5de9c0036185c57d3352327edb785a3a4a67a7012b9fc41689,083faf759b610b5de9c0036185c57d3352327edb785a3a4a67a7012b9fc41689,true,true
ma-g3-arts-music-u06-l04,ma-g3-arts-music,4c71e5fff6e9535533fc5fa5a1f10b9a0662a9f82ecfea35865c166235699f16,4c71e5fff6e9535533fc5fa5a1f10b9a0662a9f82ecfea35865c166235699f16,true,083faf759b610b5de9c0036185c57d3352327edb785a3a4a67a7012b9fc41689,083faf759b610b5de9c0036185c57d3352327edb785a3a4a67a7012b9fc41689,true,true
ma-g3-arts-music-u06-l05,ma-g3-arts-music,18dd21dd307d7792032b541235e6b2a1f40878982f64b4c9a679086c517bfbc9,18dd21dd307d7792032b541235e6b2a1f40878982f64b4c9a679086c517bfbc9,true,083faf759b610b5de9c0036185c57d3352327edb785a3a4a67a7012b9fc41689,083faf759b610b5de9c0036185c57d3352327edb785a3a4a67a7012b9fc41689,true,true
ma-g3-arts-music-u06-l06,ma-g3-arts-music,0c731711eed329bfc241d9e4bfd12725f67ce7da7ad41db692463e257757e6b0,0c731711eed329bfc241d9e4bfd12725f67ce7da7ad41db692463e257757e6b0,true,083faf759b610b5de9c0036185c57d3352327edb785a3a4a67a7012b9fc41689,083faf759b610b5de9c0036185c57d3352327edb785a3a4a67a7012b9fc41689,true,true
ma-g3-arts-music-u06-l07,ma-g3-arts-music,699032c15328eaec16897c74effdf612d6320b26e5099c1197255fe955f61a53,699032c15328eaec16897c74effdf612d6320b26e5099c1197255fe955f61a53,true,083faf759b610b5de9c0036185c57d3352327edb785a3a4a67a7012b9fc41689,083faf759b610b5de9c0036185c57d3352327edb785a3a4a67a7012b9fc41689,true,true
ma-g3-arts-music-u06-l08,ma-g3-arts-music,f2ddcf6c16f08d1a5294c6c7a9242f8ca8ec96f774902fbed80bedde060c2227,f2ddcf6c16f08d1a5294c6c7a9242f8ca8ec96f774902fbed80bedde060c2227,true,083faf759b610b5de9c0036185c57d3352327edb785a3a4a67a7012b9fc41689,083faf759b610b5de9c0036185c57d3352327edb785a3a4a67a7012b9fc41689,true,true
ma-g3-arts-music-u06-l09,ma-g3-arts-music,0283f34ece8dacbc93c8f2a83f09770e23b76dec252ee96d7cf1eb5616a80646,0283f34ece8dacbc93c8f2a83f09770e23b76dec252ee96d7cf1eb5616a80646,true,083faf759b610b5de9c0036185c57d3352327edb785a3a4a67a7012b9fc41689,083faf759b610b5de9c0036185c57d3352327edb785a3a4a67a7012b9fc41689,true,true
ma-g3-arts-music-u06-l10,ma-g3-arts-music,c72d8d0121847ee6707344c91bb23894a2f4af73bf1f0e20bc0a79ceeaecbc02,c72d8d0121847ee6707344c91bb23894a2f4af73bf1f0e20bc0a79ceeaecbc02,true,083faf759b610b5de9c0036185c57d3352327edb785a3a4a67a7012b9fc41689,083faf759b610b5de9c0036185c57d3352327edb785a3a4a67a7012b9fc41689,true,true
ma-g3-arts-music-u06-l11,ma-g3-arts-music,0a767cb0f62fea2a3711dd97a8dedb54a5946d67517081272bfed755d4125467,0a767cb0f62fea2a3711dd97a8dedb54a5946d67517081272bfed755d4125467,true,083faf759b610b5de9c0036185c57d3352327edb785a3a4a67a7012b9fc41689,083faf759b610b5de9c0036185c57d3352327edb785a3a4a67a7012b9fc41689,true,true
ma-g3-arts-music-u06-l12,ma-g3-arts-music,194ef44d8f4d348a52592ed07e143eddea3eb17329d84e1d42d03dd2fe0ac3ff,194ef44d8f4d348a52592ed07e143eddea3eb17329d84e1d42d03dd2fe0ac3ff,true,083faf759b610b5de9c0036185c57d3352327edb785a3a4a67a7012b9fc41689,083faf759b610b5de9c0036185c57d3352327edb785a3a4a67a7012b9fc41689,true,true
ma-g3-financial-literacy-u01-l01,ma-g3-financial-literacy,91e80abfabc4801da507d9dcfd5828d8262b88044be7085c442d0e15d3c051b7,91e80abfabc4801da507d9dcfd5828d8262b88044be7085c442d0e15d3c051b7,true,c4303e1147eee915c2ba0f0d5bb202208e642575ec4c502d0571cc3f4b02eae7,c4303e1147eee915c2ba0f0d5bb202208e642575ec4c502d0571cc3f4b02eae7,true,true
ma-g3-financial-literacy-u01-l02,ma-g3-financial-literacy,c785a00417240dae68381634138d6e807032f6c33830ade153fd3657b0b83e93,c785a00417240dae68381634138d6e807032f6c33830ade153fd3657b0b83e93,true,c4303e1147eee915c2ba0f0d5bb202208e642575ec4c502d0571cc3f4b02eae7,c4303e1147eee915c2ba0f0d5bb202208e642575ec4c502d0571cc3f4b02eae7,true,true
ma-g3-financial-literacy-u01-l03,ma-g3-financial-literacy,b33293dfdd71615906a6985aecef4bc4990c8997f413d1a101ff0d72d4403e66,b33293dfdd71615906a6985aecef4bc4990c8997f413d1a101ff0d72d4403e66,true,c4303e1147eee915c2ba0f0d5bb202208e642575ec4c502d0571cc3f4b02eae7,c4303e1147eee915c2ba0f0d5bb202208e642575ec4c502d0571cc3f4b02eae7,true,true
ma-g3-financial-literacy-u01-l04,ma-g3-financial-literacy,68dc3ad0aba1a6085be44780cc235a005963d886a4ef5209e6c763d0e07693bf,68dc3ad0aba1a6085be44780cc235a005963d886a4ef5209e6c763d0e07693bf,true,c4303e1147eee915c2ba0f0d5bb202208e642575ec4c502d0571cc3f4b02eae7,c4303e1147eee915c2ba0f0d5bb202208e642575ec4c502d0571cc3f4b02eae7,true,true
ma-g3-financial-literacy-u01-l05,ma-g3-financial-literacy,0d6c427382ba57bbed707c2decdf57c2e5440fb2bfd267663dccfc8f1c68578f,0d6c427382ba57bbed707c2decdf57c2e5440fb2bfd267663dccfc8f1c68578f,true,c4303e1147eee915c2ba0f0d5bb202208e642575ec4c502d0571cc3f4b02eae7,c4303e1147eee915c2ba0f0d5bb202208e642575ec4c502d0571cc3f4b02eae7,true,true
ma-g3-financial-literacy-u01-l06,ma-g3-financial-literacy,b622ead40e3938ddb581cfb41eaa92cb89ac7131ffd56dc8459e4db600529d5a,b622ead40e3938ddb581cfb41eaa92cb89ac7131ffd56dc8459e4db600529d5a,true,c4303e1147eee915c2ba0f0d5bb202208e642575ec4c502d0571cc3f4b02eae7,c4303e1147eee915c2ba0f0d5bb202208e642575ec4c502d0571cc3f4b02eae7,true,true
ma-g3-financial-literacy-u02-l01,ma-g3-financial-literacy,481dcec12e38394b6051c438eb1add5f52e5961b80fabd8f5edfbfcbd76a3e2a,481dcec12e38394b6051c438eb1add5f52e5961b80fabd8f5edfbfcbd76a3e2a,true,98cc98d09cbd77c6b152eae26b8375e670a20aa9b1d4f979b43d51d189a73462,98cc98d09cbd77c6b152eae26b8375e670a20aa9b1d4f979b43d51d189a73462,true,true
ma-g3-financial-literacy-u02-l02,ma-g3-financial-literacy,a75bf7aebe37138de216fb853b46c81af9d8f44800f046fbf6d028cd62927ed7,a75bf7aebe37138de216fb853b46c81af9d8f44800f046fbf6d028cd62927ed7,true,98cc98d09cbd77c6b152eae26b8375e670a20aa9b1d4f979b43d51d189a73462,98cc98d09cbd77c6b152eae26b8375e670a20aa9b1d4f979b43d51d189a73462,true,true
ma-g3-financial-literacy-u02-l03,ma-g3-financial-literacy,90324480795aae921505944cf7cfaad6c4170e2d488da0189c307f480ff575ab,90324480795aae921505944cf7cfaad6c4170e2d488da0189c307f480ff575ab,true,98cc98d09cbd77c6b152eae26b8375e670a20aa9b1d4f979b43d51d189a73462,98cc98d09cbd77c6b152eae26b8375e670a20aa9b1d4f979b43d51d189a73462,true,true
ma-g3-financial-literacy-u02-l04,ma-g3-financial-literacy,046270b117b0e782012fcd2a87bedb692e0d621eddf23d41365a9bcc9f1c13a6,046270b117b0e782012fcd2a87bedb692e0d621eddf23d41365a9bcc9f1c13a6,true,98cc98d09cbd77c6b152eae26b8375e670a20aa9b1d4f979b43d51d189a73462,98cc98d09cbd77c6b152eae26b8375e670a20aa9b1d4f979b43d51d189a73462,true,true
ma-g3-financial-literacy-u02-l05,ma-g3-financial-literacy,92f2a795c6db4350ff6cd9babad1bd0cab1b6a4f242ac53fe33da1d3258bebf3,92f2a795c6db4350ff6cd9babad1bd0cab1b6a4f242ac53fe33da1d3258bebf3,true,98cc98d09cbd77c6b152eae26b8375e670a20aa9b1d4f979b43d51d189a73462,98cc98d09cbd77c6b152eae26b8375e670a20aa9b1d4f979b43d51d189a73462,true,true
ma-g3-financial-literacy-u02-l06,ma-g3-financial-literacy,9e65e8f8f89e79de4223c81afab6e9e8dfc8aae15372923dee970323a51e72c5,9e65e8f8f89e79de4223c81afab6e9e8dfc8aae15372923dee970323a51e72c5,true,98cc98d09cbd77c6b152eae26b8375e670a20aa9b1d4f979b43d51d189a73462,98cc98d09cbd77c6b152eae26b8375e670a20aa9b1d4f979b43d51d189a73462,true,true
ma-g3-financial-literacy-u03-l01,ma-g3-financial-literacy,fcb6fa401f6dc146b69e9b6a11033c4e01172713f15ec8223d497f218a71d7f2,fcb6fa401f6dc146b69e9b6a11033c4e01172713f15ec8223d497f218a71d7f2,true,115479deddeaafd9bfaa80e11ea0b147faac6a04abf6454a6ad1fdf8fb6c6c96,115479deddeaafd9bfaa80e11ea0b147faac6a04abf6454a6ad1fdf8fb6c6c96,true,true
ma-g3-financial-literacy-u03-l02,ma-g3-financial-literacy,6e737e60302ae4e297e5da0f7c76a79cce83934345b0219579f33c8b6db1ce7d,6e737e60302ae4e297e5da0f7c76a79cce83934345b0219579f33c8b6db1ce7d,true,115479deddeaafd9bfaa80e11ea0b147faac6a04abf6454a6ad1fdf8fb6c6c96,115479deddeaafd9bfaa80e11ea0b147faac6a04abf6454a6ad1fdf8fb6c6c96,true,true
ma-g3-financial-literacy-u03-l03,ma-g3-financial-literacy,649fca75ecdcd8a45667c6d662808b1839d5376ee44904da10905db6d0daa28f,649fca75ecdcd8a45667c6d662808b1839d5376ee44904da10905db6d0daa28f,true,115479deddeaafd9bfaa80e11ea0b147faac6a04abf6454a6ad1fdf8fb6c6c96,115479deddeaafd9bfaa80e11ea0b147faac6a04abf6454a6ad1fdf8fb6c6c96,true,true
ma-g3-financial-literacy-u03-l04,ma-g3-financial-literacy,01aeb1f694128380053c18c1cab422f9b75eceb8db03d59a385d469f56cf4c8a,01aeb1f694128380053c18c1cab422f9b75eceb8db03d59a385d469f56cf4c8a,true,115479deddeaafd9bfaa80e11ea0b147faac6a04abf6454a6ad1fdf8fb6c6c96,115479deddeaafd9bfaa80e11ea0b147faac6a04abf6454a6ad1fdf8fb6c6c96,true,true
ma-g3-financial-literacy-u03-l05,ma-g3-financial-literacy,5e7034e8d73982870ef5df57cc9e15af7ac5d48d359bc25a42fd4c2bbb47a2f0,5e7034e8d73982870ef5df57cc9e15af7ac5d48d359bc25a42fd4c2bbb47a2f0,true,115479deddeaafd9bfaa80e11ea0b147faac6a04abf6454a6ad1fdf8fb6c6c96,115479deddeaafd9bfaa80e11ea0b147faac6a04abf6454a6ad1fdf8fb6c6c96,true,true
ma-g3-financial-literacy-u03-l06,ma-g3-financial-literacy,81c0737727949db85c6bdaab140f3faca2a2aa44e30ba1d1502574ac4654c649,81c0737727949db85c6bdaab140f3faca2a2aa44e30ba1d1502574ac4654c649,true,115479deddeaafd9bfaa80e11ea0b147faac6a04abf6454a6ad1fdf8fb6c6c96,115479deddeaafd9bfaa80e11ea0b147faac6a04abf6454a6ad1fdf8fb6c6c96,true,true
ma-g3-financial-literacy-u04-l01,ma-g3-financial-literacy,a9c4360ca80c4b17e4bf23cd3dfabdd63c15fe28612d037690b29b023bec01b4,a9c4360ca80c4b17e4bf23cd3dfabdd63c15fe28612d037690b29b023bec01b4,true,7ad828fb806539ac9b954257ce1abf48f176442815a2dacf2f1c0ffc67aaac49,7ad828fb806539ac9b954257ce1abf48f176442815a2dacf2f1c0ffc67aaac49,true,true
ma-g3-financial-literacy-u04-l02,ma-g3-financial-literacy,95c27b9763f70662b282ba29f87b31c54719a73b8d439f176b2bc0aea7d0023e,95c27b9763f70662b282ba29f87b31c54719a73b8d439f176b2bc0aea7d0023e,true,7ad828fb806539ac9b954257ce1abf48f176442815a2dacf2f1c0ffc67aaac49,7ad828fb806539ac9b954257ce1abf48f176442815a2dacf2f1c0ffc67aaac49,true,true
ma-g3-financial-literacy-u04-l03,ma-g3-financial-literacy,8ddb3696a4b4f0de08fdaef03cba27e656a451b4725a187460df05bed9cff1e6,8ddb3696a4b4f0de08fdaef03cba27e656a451b4725a187460df05bed9cff1e6,true,7ad828fb806539ac9b954257ce1abf48f176442815a2dacf2f1c0ffc67aaac49,7ad828fb806539ac9b954257ce1abf48f176442815a2dacf2f1c0ffc67aaac49,true,true
ma-g3-financial-literacy-u04-l04,ma-g3-financial-literacy,826a28217f79793f6f5500c30c07023491f80f2421e2b7a3f0d9be54f61b1b3e,826a28217f79793f6f5500c30c07023491f80f2421e2b7a3f0d9be54f61b1b3e,true,7ad828fb806539ac9b954257ce1abf48f176442815a2dacf2f1c0ffc67aaac49,7ad828fb806539ac9b954257ce1abf48f176442815a2dacf2f1c0ffc67aaac49,true,true
ma-g3-financial-literacy-u04-l05,ma-g3-financial-literacy,edd2af3bdd5f321e8c7a0988fb548d2ef5575808de3c8660404c6618f14603e8,edd2af3bdd5f321e8c7a0988fb548d2ef5575808de3c8660404c6618f14603e8,true,7ad828fb806539ac9b954257ce1abf48f176442815a2dacf2f1c0ffc67aaac49,7ad828fb806539ac9b954257ce1abf48f176442815a2dacf2f1c0ffc67aaac49,true,true
ma-g3-financial-literacy-u04-l06,ma-g3-financial-literacy,3c515f71c81a5a1ad54bda801cb707ab7ed2bb696b3bfdf9b5b45defbdd9f604,3c515f71c81a5a1ad54bda801cb707ab7ed2bb696b3bfdf9b5b45defbdd9f604,true,7ad828fb806539ac9b954257ce1abf48f176442815a2dacf2f1c0ffc67aaac49,7ad828fb806539ac9b954257ce1abf48f176442815a2dacf2f1c0ffc67aaac49,true,true
ma-g3-financial-literacy-u05-l01,ma-g3-financial-literacy,aae0d213e45937d7c3e82cb33530fe44b41c2607cce3fbeb854e9a140b2d0c14,aae0d213e45937d7c3e82cb33530fe44b41c2607cce3fbeb854e9a140b2d0c14,true,46cda08880f5768d092d757b2a49409b131fc7963c29c11584944cbab68a4dbe,46cda08880f5768d092d757b2a49409b131fc7963c29c11584944cbab68a4dbe,true,true
ma-g3-financial-literacy-u05-l02,ma-g3-financial-literacy,09ea4ab0adfa21cbfbc3ef1dd6bab27c82839b8931dd4b5f3febf7950a75f424,09ea4ab0adfa21cbfbc3ef1dd6bab27c82839b8931dd4b5f3febf7950a75f424,true,46cda08880f5768d092d757b2a49409b131fc7963c29c11584944cbab68a4dbe,46cda08880f5768d092d757b2a49409b131fc7963c29c11584944cbab68a4dbe,true,true
ma-g3-financial-literacy-u05-l03,ma-g3-financial-literacy,5ca0b0896a7ea53539e821989c69b8e8b64da409ebf0a371c4032aff8cfeaa7e,5ca0b0896a7ea53539e821989c69b8e8b64da409ebf0a371c4032aff8cfeaa7e,true,46cda08880f5768d092d757b2a49409b131fc7963c29c11584944cbab68a4dbe,46cda08880f5768d092d757b2a49409b131fc7963c29c11584944cbab68a4dbe,true,true
ma-g3-financial-literacy-u05-l04,ma-g3-financial-literacy,292d94935e4d1b385b7bd170b29392c35e12a66420b38d700943175a83d944d3,292d94935e4d1b385b7bd170b29392c35e12a66420b38d700943175a83d944d3,true,46cda08880f5768d092d757b2a49409b131fc7963c29c11584944cbab68a4dbe,46cda08880f5768d092d757b2a49409b131fc7963c29c11584944cbab68a4dbe,true,true
ma-g3-financial-literacy-u05-l05,ma-g3-financial-literacy,31a592542648105230a4056d518fb6c3c8d6486f9674f6c3169bb831b4dabc36,31a592542648105230a4056d518fb6c3c8d6486f9674f6c3169bb831b4dabc36,true,46cda08880f5768d092d757b2a49409b131fc7963c29c11584944cbab68a4dbe,46cda08880f5768d092d757b2a49409b131fc7963c29c11584944cbab68a4dbe,true,true
ma-g3-financial-literacy-u05-l06,ma-g3-financial-literacy,dccf6236324426b70cfa2694b15bf75971fb33e624a5c98a95c178f23e3d69df,dccf6236324426b70cfa2694b15bf75971fb33e624a5c98a95c178f23e3d69df,true,46cda08880f5768d092d757b2a49409b131fc7963c29c11584944cbab68a4dbe,46cda08880f5768d092d757b2a49409b131fc7963c29c11584944cbab68a4dbe,true,true
ma-g3-financial-literacy-u06-l01,ma-g3-financial-literacy,a4e929e02b9ccbbc4c90344a106fd380ac0ba3f4fc8679b084123f0b111ac799,a4e929e02b9ccbbc4c90344a106fd380ac0ba3f4fc8679b084123f0b111ac799,true,27ca7a94a97752445e73ef6d4ddafb29819fbe6b75ed9c7aed35ee1817bab2c3,27ca7a94a97752445e73ef6d4ddafb29819fbe6b75ed9c7aed35ee1817bab2c3,true,true
ma-g3-financial-literacy-u06-l02,ma-g3-financial-literacy,e82972d9add5c5587fdcfc3ea1392b3341fa96b3f493c6eecc36de6f047f4b0c,e82972d9add5c5587fdcfc3ea1392b3341fa96b3f493c6eecc36de6f047f4b0c,true,27ca7a94a97752445e73ef6d4ddafb29819fbe6b75ed9c7aed35ee1817bab2c3,27ca7a94a97752445e73ef6d4ddafb29819fbe6b75ed9c7aed35ee1817bab2c3,true,true
ma-g3-financial-literacy-u06-l03,ma-g3-financial-literacy,56b99b023a085499856bdc70ee3a972c5ce204f4837f84236811bba6db97fddc,56b99b023a085499856bdc70ee3a972c5ce204f4837f84236811bba6db97fddc,true,27ca7a94a97752445e73ef6d4ddafb29819fbe6b75ed9c7aed35ee1817bab2c3,27ca7a94a97752445e73ef6d4ddafb29819fbe6b75ed9c7aed35ee1817bab2c3,true,true
ma-g3-financial-literacy-u06-l04,ma-g3-financial-literacy,86ce8f50692803867674dac237815ff348b9767914838f26418869351c50461b,86ce8f50692803867674dac237815ff348b9767914838f26418869351c50461b,true,27ca7a94a97752445e73ef6d4ddafb29819fbe6b75ed9c7aed35ee1817bab2c3,27ca7a94a97752445e73ef6d4ddafb29819fbe6b75ed9c7aed35ee1817bab2c3,true,true
ma-g3-financial-literacy-u06-l05,ma-g3-financial-literacy,5cae6e41723476e3c417aa1591c0dc04568752be9e85922bba00eee3299ec329,5cae6e41723476e3c417aa1591c0dc04568752be9e85922bba00eee3299ec329,true,27ca7a94a97752445e73ef6d4ddafb29819fbe6b75ed9c7aed35ee1817bab2c3,27ca7a94a97752445e73ef6d4ddafb29819fbe6b75ed9c7aed35ee1817bab2c3,true,true
ma-g3-financial-literacy-u06-l06,ma-g3-financial-literacy,db2246ab4427f2f0df651e5465e0031ecb9684d9728738362d276333f3a7e58c,db2246ab4427f2f0df651e5465e0031ecb9684d9728738362d276333f3a7e58c,true,27ca7a94a97752445e73ef6d4ddafb29819fbe6b75ed9c7aed35ee1817bab2c3,27ca7a94a97752445e73ef6d4ddafb29819fbe6b75ed9c7aed35ee1817bab2c3,true,true
ma-g4-mathematics-u01-l01,ma-g4-mathematics,d2b1e6db8c63328cb0c2b92443885a56695249544d58580dbf557694c4f33825,d2b1e6db8c63328cb0c2b92443885a56695249544d58580dbf557694c4f33825,true,93adf3170b46a3a4c2b23e3e9b918e7e3bf684829ac70725f47c4ff506886228,93adf3170b46a3a4c2b23e3e9b918e7e3bf684829ac70725f47c4ff506886228,true,true
ma-g4-mathematics-u01-l02,ma-g4-mathematics,a685588d2d6ed3702dad8fc836b9ae8be0c9f35035767cb5ca71811f2c18cfa9,a685588d2d6ed3702dad8fc836b9ae8be0c9f35035767cb5ca71811f2c18cfa9,true,61d2256833e04f4d1f81f1f604e5b4318feb441ec5cc0e1ca947c0310b92c743,61d2256833e04f4d1f81f1f604e5b4318feb441ec5cc0e1ca947c0310b92c743,true,true
ma-g4-mathematics-u01-l03,ma-g4-mathematics,6a66963bb950429a23c0af59b67bf842dff3a4915fe850424e0e9394d5b7a111,6a66963bb950429a23c0af59b67bf842dff3a4915fe850424e0e9394d5b7a111,true,c369bc9ecc82eb93a2b62f95af5882015d748cc5cbb635f71545bdfd20fb9bde,c369bc9ecc82eb93a2b62f95af5882015d748cc5cbb635f71545bdfd20fb9bde,true,true
ma-g4-mathematics-u01-l04,ma-g4-mathematics,426a29d1cf9c58535158416a22ae0957405532486220425b07516ba87338be89,426a29d1cf9c58535158416a22ae0957405532486220425b07516ba87338be89,true,56813431d65f0013fe7c24c4fda215db3a282c56301f385d2516711234a5e8d1,56813431d65f0013fe7c24c4fda215db3a282c56301f385d2516711234a5e8d1,true,true
ma-g4-mathematics-u01-l05,ma-g4-mathematics,52d2988addac38eaaf3f8fa20e91bb31faa58d5d0ee5c426c9f75927c6ac4fea,52d2988addac38eaaf3f8fa20e91bb31faa58d5d0ee5c426c9f75927c6ac4fea,true,c369bc9ecc82eb93a2b62f95af5882015d748cc5cbb635f71545bdfd20fb9bde,c369bc9ecc82eb93a2b62f95af5882015d748cc5cbb635f71545bdfd20fb9bde,true,true
ma-g4-mathematics-u01-l06,ma-g4-mathematics,e3024941bc3be47ba4abfe85e50392713a2821cd7ff051b25f5f6a97a5bd2b5e,e3024941bc3be47ba4abfe85e50392713a2821cd7ff051b25f5f6a97a5bd2b5e,true,56813431d65f0013fe7c24c4fda215db3a282c56301f385d2516711234a5e8d1,56813431d65f0013fe7c24c4fda215db3a282c56301f385d2516711234a5e8d1,true,true
ma-g4-mathematics-u01-l07,ma-g4-mathematics,7cec5499f2ac24b4baba3ed10086a5759bafc54597a2f937e1fc0e8a1a86d4e2,7cec5499f2ac24b4baba3ed10086a5759bafc54597a2f937e1fc0e8a1a86d4e2,true,bac0e9e62d70a97214cf80c056dc6e06ef01abfb1bfcd2e7489adca165b00d06,bac0e9e62d70a97214cf80c056dc6e06ef01abfb1bfcd2e7489adca165b00d06,true,true
ma-g4-mathematics-u01-l08,ma-g4-mathematics,5b1fe69c7bf938a801210da1218c449fce057601654d10ffa0d53b5a7c80e049,5b1fe69c7bf938a801210da1218c449fce057601654d10ffa0d53b5a7c80e049,true,64f33b7906e4867108eb805574d93b73a919a0e3975dcb78b4ebf8c4ca987984,64f33b7906e4867108eb805574d93b73a919a0e3975dcb78b4ebf8c4ca987984,true,true
ma-g4-mathematics-u01-l09,ma-g4-mathematics,766cfdcdd6d28b0d9b9b834f42f20467895dbd364979ae0672f1d1b4021081f8,766cfdcdd6d28b0d9b9b834f42f20467895dbd364979ae0672f1d1b4021081f8,true,c369bc9ecc82eb93a2b62f95af5882015d748cc5cbb635f71545bdfd20fb9bde,c369bc9ecc82eb93a2b62f95af5882015d748cc5cbb635f71545bdfd20fb9bde,true,true
ma-g4-mathematics-u01-l10,ma-g4-mathematics,e371eefa0b8bb051e87c12bce36adafcbf40b74e44e9e985b016845b96962254,e371eefa0b8bb051e87c12bce36adafcbf40b74e44e9e985b016845b96962254,true,56813431d65f0013fe7c24c4fda215db3a282c56301f385d2516711234a5e8d1,56813431d65f0013fe7c24c4fda215db3a282c56301f385d2516711234a5e8d1,true,true
ma-g4-mathematics-u01-l11,ma-g4-mathematics,4035acd89fcea10973e135b3d8704ff457283586231c6af5f93911b5f034201a,4035acd89fcea10973e135b3d8704ff457283586231c6af5f93911b5f034201a,true,b2f8b05ba7c06a2d6bdc479f08568d08e24c8545ecc91b322068cf1eb3d83e1e,b2f8b05ba7c06a2d6bdc479f08568d08e24c8545ecc91b322068cf1eb3d83e1e,true,true
ma-g4-mathematics-u01-l12,ma-g4-mathematics,6270cfed37ad0275614b82b9595dea8586cac7a934129be08fce11470d853a33,6270cfed37ad0275614b82b9595dea8586cac7a934129be08fce11470d853a33,true,ed940b1845a0f94ed47bc4e0c52a8bb464d62af4847ab100442a8b22984d6786,ed940b1845a0f94ed47bc4e0c52a8bb464d62af4847ab100442a8b22984d6786,true,true
ma-g4-mathematics-u01-l13,ma-g4-mathematics,bbc364a45329b38af305464c7bbef8f45e46e5db384ab51ab88eaf910892ed7d,bbc364a45329b38af305464c7bbef8f45e46e5db384ab51ab88eaf910892ed7d,true,03c0dc8e7cb77e136a6936ff25e58abc49326c0ee368470801865091f72281d8,03c0dc8e7cb77e136a6936ff25e58abc49326c0ee368470801865091f72281d8,true,true
ma-g4-mathematics-u01-l14,ma-g4-mathematics,9b760346c7fb8a5d7f793d954a89913c4fd30409cbf9d662733be806a6a69d10,9b760346c7fb8a5d7f793d954a89913c4fd30409cbf9d662733be806a6a69d10,true,700ae69e3e53d86f2d7d3a449f1bf4d8cdd2b3ab013fec86b6120e71f4fc2e3f,700ae69e3e53d86f2d7d3a449f1bf4d8cdd2b3ab013fec86b6120e71f4fc2e3f,true,true
ma-g4-mathematics-u01-l15,ma-g4-mathematics,cb5308ad7a823015f83f34157d6cda70153b6d0d13d7276ef1474cbc8e7a48bb,cb5308ad7a823015f83f34157d6cda70153b6d0d13d7276ef1474cbc8e7a48bb,true,700ae69e3e53d86f2d7d3a449f1bf4d8cdd2b3ab013fec86b6120e71f4fc2e3f,700ae69e3e53d86f2d7d3a449f1bf4d8cdd2b3ab013fec86b6120e71f4fc2e3f,true,true
ma-g4-mathematics-u01-l16,ma-g4-mathematics,a39de8c695e37d6e43d31a7d92cd1bc7369a6f3191345f3764ce97ebdb03694c,a39de8c695e37d6e43d31a7d92cd1bc7369a6f3191345f3764ce97ebdb03694c,true,700ae69e3e53d86f2d7d3a449f1bf4d8cdd2b3ab013fec86b6120e71f4fc2e3f,700ae69e3e53d86f2d7d3a449f1bf4d8cdd2b3ab013fec86b6120e71f4fc2e3f,true,true
ma-g4-mathematics-u01-l17,ma-g4-mathematics,38aff34bb7e8d096f3812cf68da8082a14912e5480a7fbefa987ab3d0d21ee05,38aff34bb7e8d096f3812cf68da8082a14912e5480a7fbefa987ab3d0d21ee05,true,2b2c62a8e66449fd4491c244039f4c24f8bb02fe68e708e3b08ee11ce5844369,2b2c62a8e66449fd4491c244039f4c24f8bb02fe68e708e3b08ee11ce5844369,true,true
ma-g4-mathematics-u01-l18,ma-g4-mathematics,f5fc6c62d5149404143d43c2a71eab92af7e1dda64ba55d11308235875c299d5,f5fc6c62d5149404143d43c2a71eab92af7e1dda64ba55d11308235875c299d5,true,722a92f08e6192215bb8aa4ca2a5145774e6c3b370b626fc176d8ac43aa24fb5,722a92f08e6192215bb8aa4ca2a5145774e6c3b370b626fc176d8ac43aa24fb5,true,true
ma-g4-mathematics-u02-l01,ma-g4-mathematics,fb95848ae992c6e7e2fe9060034a3657a36c1aaa972560ad1cd80f87c5211bff,fb95848ae992c6e7e2fe9060034a3657a36c1aaa972560ad1cd80f87c5211bff,true,8e4e88471eb2390414b0671bb80305cef68e97d0e607ac83fc0fb7d3cf25abb6,8e4e88471eb2390414b0671bb80305cef68e97d0e607ac83fc0fb7d3cf25abb6,true,true
ma-g4-mathematics-u02-l02,ma-g4-mathematics,7596b6f3d8fb6fa865419bae0cc4e1bfa20c645a0636061230fd1bf7c066e96a,7596b6f3d8fb6fa865419bae0cc4e1bfa20c645a0636061230fd1bf7c066e96a,true,c7661c9d17095daad05406a6d5e846dc698e4aa990cb887b8dedc482743039e1,c7661c9d17095daad05406a6d5e846dc698e4aa990cb887b8dedc482743039e1,true,true
ma-g4-mathematics-u02-l03,ma-g4-mathematics,443c925ad622a24a8ac3654066b34ec6d7763a8ecbb8ea5af0285d782598cd33,443c925ad622a24a8ac3654066b34ec6d7763a8ecbb8ea5af0285d782598cd33,true,baf8e73fc044d403807691d92e6c95a3af600fad26281e58647292908d6d65f6,baf8e73fc044d403807691d92e6c95a3af600fad26281e58647292908d6d65f6,true,true
ma-g4-mathematics-u02-l04,ma-g4-mathematics,2a3705bab52a7cf6c3a9c9b0f154d7a8b49384a39c03ebff912b3369dc8d0fbb,2a3705bab52a7cf6c3a9c9b0f154d7a8b49384a39c03ebff912b3369dc8d0fbb,true,c7661c9d17095daad05406a6d5e846dc698e4aa990cb887b8dedc482743039e1,c7661c9d17095daad05406a6d5e846dc698e4aa990cb887b8dedc482743039e1,true,true
ma-g4-mathematics-u02-l05,ma-g4-mathematics,d9114077eaa87b45ce9e4dd7845f20e27287accdcf51e67b13e3d2ca3300935d,d9114077eaa87b45ce9e4dd7845f20e27287accdcf51e67b13e3d2ca3300935d,true,c7661c9d17095daad05406a6d5e846dc698e4aa990cb887b8dedc482743039e1,c7661c9d17095daad05406a6d5e846dc698e4aa990cb887b8dedc482743039e1,true,true
ma-g4-mathematics-u02-l06,ma-g4-mathematics,8cec0b526b6bff795a8acdf57ae1a6c9cf40c8ac5d72e3d3104187b4065e7264,8cec0b526b6bff795a8acdf57ae1a6c9cf40c8ac5d72e3d3104187b4065e7264,true,c7661c9d17095daad05406a6d5e846dc698e4aa990cb887b8dedc482743039e1,c7661c9d17095daad05406a6d5e846dc698e4aa990cb887b8dedc482743039e1,true,true
ma-g4-mathematics-u02-l07,ma-g4-mathematics,73f4c461475642ec4ef7387d0e4eb615fceee9ad37f730d31109380d781b8098,73f4c461475642ec4ef7387d0e4eb615fceee9ad37f730d31109380d781b8098,true,c7661c9d17095daad05406a6d5e846dc698e4aa990cb887b8dedc482743039e1,c7661c9d17095daad05406a6d5e846dc698e4aa990cb887b8dedc482743039e1,true,true
ma-g4-mathematics-u02-l08,ma-g4-mathematics,1c2e69063c833f19e2aca50c84c2b69f29f5d73b3c642e04c161b30d5fe827be,1c2e69063c833f19e2aca50c84c2b69f29f5d73b3c642e04c161b30d5fe827be,true,c173365ff2a9e9c5227678bd0fc1f48f4d96189a23be22799b36d4df367eaa96,c173365ff2a9e9c5227678bd0fc1f48f4d96189a23be22799b36d4df367eaa96,true,true
ma-g4-mathematics-u02-l09,ma-g4-mathematics,1403a057f74cb8a76159a6e8b9fca0077d8b272e6ce0a2bf80979bc4bbcb16e6,1403a057f74cb8a76159a6e8b9fca0077d8b272e6ce0a2bf80979bc4bbcb16e6,true,c7661c9d17095daad05406a6d5e846dc698e4aa990cb887b8dedc482743039e1,c7661c9d17095daad05406a6d5e846dc698e4aa990cb887b8dedc482743039e1,true,true
ma-g4-mathematics-u02-l10,ma-g4-mathematics,71396a23a2c40fd2738ad61f2a149a8b99693adcd12fc7b631403fadcaff09cf,71396a23a2c40fd2738ad61f2a149a8b99693adcd12fc7b631403fadcaff09cf,true,c7661c9d17095daad05406a6d5e846dc698e4aa990cb887b8dedc482743039e1,c7661c9d17095daad05406a6d5e846dc698e4aa990cb887b8dedc482743039e1,true,true
ma-g4-mathematics-u02-l11,ma-g4-mathematics,5488d76c54d7eba91429138044de3701c3828d0c5e4c001fe755c2614022b87d,5488d76c54d7eba91429138044de3701c3828d0c5e4c001fe755c2614022b87d,true,2423dbc0850269f95cf5ba80a06c79ae304c43663dbcd9c5b09fe85a293c04dd,2423dbc0850269f95cf5ba80a06c79ae304c43663dbcd9c5b09fe85a293c04dd,true,true
ma-g4-mathematics-u02-l12,ma-g4-mathematics,cb26b4f7263d4d64ed165257677ff135ce27198456c352abefa4a11f3d4f61a4,cb26b4f7263d4d64ed165257677ff135ce27198456c352abefa4a11f3d4f61a4,true,f5e8f56810c125890c0d2376109ac952518c7a904a7e1b17e4a224cebe53f200,f5e8f56810c125890c0d2376109ac952518c7a904a7e1b17e4a224cebe53f200,true,true
ma-g4-mathematics-u02-l13,ma-g4-mathematics,42cfd92da3f137bef3a6e60990c4817659584874f3ee10eff667148db41cedcb,42cfd92da3f137bef3a6e60990c4817659584874f3ee10eff667148db41cedcb,true,c173365ff2a9e9c5227678bd0fc1f48f4d96189a23be22799b36d4df367eaa96,c173365ff2a9e9c5227678bd0fc1f48f4d96189a23be22799b36d4df367eaa96,true,true
ma-g4-mathematics-u02-l14,ma-g4-mathematics,778c6987b7058b71e035233f40cfcb1cf6f1fd491aad0cf31d1de26be92c0ef0,778c6987b7058b71e035233f40cfcb1cf6f1fd491aad0cf31d1de26be92c0ef0,true,a4625bb23a0306e81ef4cf7409526b58f76ceb7f9e17f409e74b58b0e44d2dec,a4625bb23a0306e81ef4cf7409526b58f76ceb7f9e17f409e74b58b0e44d2dec,true,true
ma-g4-mathematics-u02-l15,ma-g4-mathematics,b28028c271cee0adc1a7958cf1fff95781417a47c7801b510f9452e076162550,b28028c271cee0adc1a7958cf1fff95781417a47c7801b510f9452e076162550,true,a4625bb23a0306e81ef4cf7409526b58f76ceb7f9e17f409e74b58b0e44d2dec,a4625bb23a0306e81ef4cf7409526b58f76ceb7f9e17f409e74b58b0e44d2dec,true,true
ma-g4-mathematics-u02-l16,ma-g4-mathematics,f3859f6e7c68593931a081733c32e0ca807313d200a5c307a8a08c9e2a5808ad,f3859f6e7c68593931a081733c32e0ca807313d200a5c307a8a08c9e2a5808ad,true,e31a813063119204cf83902d194b78e68264c22b9cc69be0d5bf37eb5ecd404c,e31a813063119204cf83902d194b78e68264c22b9cc69be0d5bf37eb5ecd404c,true,true
ma-g4-mathematics-u02-l17,ma-g4-mathematics,b882db3f56bd6ea13c1ace8d0c72a1014399e9929c0e1c36b7bf27ae2c200514,b882db3f56bd6ea13c1ace8d0c72a1014399e9929c0e1c36b7bf27ae2c200514,true,a4625bb23a0306e81ef4cf7409526b58f76ceb7f9e17f409e74b58b0e44d2dec,a4625bb23a0306e81ef4cf7409526b58f76ceb7f9e17f409e74b58b0e44d2dec,true,true
ma-g4-mathematics-u02-l18,ma-g4-mathematics,8fb0757f715d50df28d5504fa96460fc80c49fc30bbc74791ca14319083e0c57,8fb0757f715d50df28d5504fa96460fc80c49fc30bbc74791ca14319083e0c57,true,bacb1e940dc9fe3f29ea1cc07d3269d4f79a77dbb2a65888f9fbee5a0c6f2e65,bacb1e940dc9fe3f29ea1cc07d3269d4f79a77dbb2a65888f9fbee5a0c6f2e65,true,true
ma-g4-mathematics-u03-l01,ma-g4-mathematics,f1ab8c1c586f1dce7d0a9c57aedf6eb1063c9f0cca66e5da4e14da3fcfffa92c,f1ab8c1c586f1dce7d0a9c57aedf6eb1063c9f0cca66e5da4e14da3fcfffa92c,true,492c775dda33c1aef354202f4ac29eea373cde0ffbeac2532c4c4ebe8c6b7953,492c775dda33c1aef354202f4ac29eea373cde0ffbeac2532c4c4ebe8c6b7953,true,true
ma-g4-mathematics-u03-l02,ma-g4-mathematics,3c6787e0cbf86a209d32875560bff04e4601bae5a2bdb6d17bc18cffa6f22fe8,3c6787e0cbf86a209d32875560bff04e4601bae5a2bdb6d17bc18cffa6f22fe8,true,0a288bba5354e6c282d4219762f121ec5bd17cada8160ca904737850b8d98d3b,0a288bba5354e6c282d4219762f121ec5bd17cada8160ca904737850b8d98d3b,true,true
ma-g4-mathematics-u03-l03,ma-g4-mathematics,f1fba3d911cadbf29fb14895847a4fe4dbad35059ee07e71bbf6f0b90e1f0c85,f1fba3d911cadbf29fb14895847a4fe4dbad35059ee07e71bbf6f0b90e1f0c85,true,0a288bba5354e6c282d4219762f121ec5bd17cada8160ca904737850b8d98d3b,0a288bba5354e6c282d4219762f121ec5bd17cada8160ca904737850b8d98d3b,true,true
ma-g4-mathematics-u03-l04,ma-g4-mathematics,125de66f92af7a5d33b15707a28cebbf451a1925cb6737b2ce57f7e567da0723,125de66f92af7a5d33b15707a28cebbf451a1925cb6737b2ce57f7e567da0723,true,ea412ebfb10c11ffeffcf30a0f3fd813a6adf4f5f515a58aa0e74171f9fb60ea,ea412ebfb10c11ffeffcf30a0f3fd813a6adf4f5f515a58aa0e74171f9fb60ea,true,true
ma-g4-mathematics-u03-l05,ma-g4-mathematics,25649aa35bcc8f1ab963c20cde96728a147d02f9cad33833fdb9cec1c279b82c,25649aa35bcc8f1ab963c20cde96728a147d02f9cad33833fdb9cec1c279b82c,true,4fba34fc821cf3fafa480ef949da80f4ad4079ba89aefbf8a65be21d62d09d5d,4fba34fc821cf3fafa480ef949da80f4ad4079ba89aefbf8a65be21d62d09d5d,true,true
ma-g4-mathematics-u03-l06,ma-g4-mathematics,4adb7d2ee23fb120a610ad79d03abe37c59c0e7ad80c89d054dc6434fe2b82d2,4adb7d2ee23fb120a610ad79d03abe37c59c0e7ad80c89d054dc6434fe2b82d2,true,6fa06597700afb6aae9287d9fa669415b1c6901c039e5cd7b0808df6e2f292bb,6fa06597700afb6aae9287d9fa669415b1c6901c039e5cd7b0808df6e2f292bb,true,true
ma-g4-mathematics-u03-l07,ma-g4-mathematics,717dae1aa622a0564c2268d8c4e15df53454ab5d822da20974a1637cbee51291,717dae1aa622a0564c2268d8c4e15df53454ab5d822da20974a1637cbee51291,true,6fa06597700afb6aae9287d9fa669415b1c6901c039e5cd7b0808df6e2f292bb,6fa06597700afb6aae9287d9fa669415b1c6901c039e5cd7b0808df6e2f292bb,true,true
ma-g4-mathematics-u03-l08,ma-g4-mathematics,f582db031d14db3fb6e9ce0f6336854e38f4f7184c270152453137a2b6defed4,f582db031d14db3fb6e9ce0f6336854e38f4f7184c270152453137a2b6defed4,true,7811088ccdfa7b1bac83a70cc16e49f17ab2dc3b9dccdb16d369fe32d3849224,7811088ccdfa7b1bac83a70cc16e49f17ab2dc3b9dccdb16d369fe32d3849224,true,true
ma-g4-mathematics-u03-l09,ma-g4-mathematics,93cbad0171a9376371a6f5deb0219b82ab4a74eb02d0ccad904da25a59b54a16,93cbad0171a9376371a6f5deb0219b82ab4a74eb02d0ccad904da25a59b54a16,true,6fa06597700afb6aae9287d9fa669415b1c6901c039e5cd7b0808df6e2f292bb,6fa06597700afb6aae9287d9fa669415b1c6901c039e5cd7b0808df6e2f292bb,true,true
ma-g4-mathematics-u03-l10,ma-g4-mathematics,ad553dcfd71c2ad9adba7e4b56580afa1cec361645beaee31232aea5999d5e05,ad553dcfd71c2ad9adba7e4b56580afa1cec361645beaee31232aea5999d5e05,true,6fa06597700afb6aae9287d9fa669415b1c6901c039e5cd7b0808df6e2f292bb,6fa06597700afb6aae9287d9fa669415b1c6901c039e5cd7b0808df6e2f292bb,true,true
ma-g4-mathematics-u03-l11,ma-g4-mathematics,0ade81273d60bb9321d9e2eede3b8638564c044c86a307f6025c2fc8acd48a6d,0ade81273d60bb9321d9e2eede3b8638564c044c86a307f6025c2fc8acd48a6d,true,302f6baf0e0d98652d08e0b30523583e59578a995b8226a199f437447b8ce6be,302f6baf0e0d98652d08e0b30523583e59578a995b8226a199f437447b8ce6be,true,true
ma-g4-mathematics-u03-l12,ma-g4-mathematics,b8d6893f9c9dc67cc37958a9415ba1566aa6149b01cce670e2fb56356e86ed0c,b8d6893f9c9dc67cc37958a9415ba1566aa6149b01cce670e2fb56356e86ed0c,true,cd79a11ac481ce2ea163b8424daa3bf3f0ac393f6e42ebd9a12ac43c5f7b932e,cd79a11ac481ce2ea163b8424daa3bf3f0ac393f6e42ebd9a12ac43c5f7b932e,true,true
ma-g4-mathematics-u03-l13,ma-g4-mathematics,a707bd0c24617e36a6a518f7706584f6585a04a18d738b30bde5e4377e60b80d,a707bd0c24617e36a6a518f7706584f6585a04a18d738b30bde5e4377e60b80d,true,14507631c37814a85494acd61d8214dc93fbf685d209338225f663d5233fdf5f,14507631c37814a85494acd61d8214dc93fbf685d209338225f663d5233fdf5f,true,true
ma-g4-mathematics-u03-l14,ma-g4-mathematics,59f7de4a706f71e2f158c14066617cf31c83424303b2ef60cc99a798baacd868,59f7de4a706f71e2f158c14066617cf31c83424303b2ef60cc99a798baacd868,true,5e8f4ca11df9f010946ecb6303778bb9c4846f50200cb6f4ffacdf0b5b290f3b,5e8f4ca11df9f010946ecb6303778bb9c4846f50200cb6f4ffacdf0b5b290f3b,true,true
ma-g4-mathematics-u03-l15,ma-g4-mathematics,f15f78fbed9a7f904b3537c3c3d1532641dd2a6d4335d1294f5a4a318718052f,f15f78fbed9a7f904b3537c3c3d1532641dd2a6d4335d1294f5a4a318718052f,true,425b30b26eb291d5f3cffe77403432ba962768e7027f3c0e58944fdc63ff724d,425b30b26eb291d5f3cffe77403432ba962768e7027f3c0e58944fdc63ff724d,true,true
ma-g4-mathematics-u03-l16,ma-g4-mathematics,2ee059c0637503e5f6dc0ed5644ea3c7692d22a43a1f3d08f79989bce0392edc,2ee059c0637503e5f6dc0ed5644ea3c7692d22a43a1f3d08f79989bce0392edc,true,425b30b26eb291d5f3cffe77403432ba962768e7027f3c0e58944fdc63ff724d,425b30b26eb291d5f3cffe77403432ba962768e7027f3c0e58944fdc63ff724d,true,true
ma-g4-mathematics-u03-l17,ma-g4-mathematics,279a7d82565126954768b382d866824a406b94e16d8c3427021fc12d44e2345f,279a7d82565126954768b382d866824a406b94e16d8c3427021fc12d44e2345f,true,ed84cf345825480513e0de94e570fc19222195b434bcf077ddb7fe953a385531,ed84cf345825480513e0de94e570fc19222195b434bcf077ddb7fe953a385531,true,true
ma-g4-mathematics-u03-l18,ma-g4-mathematics,86e6b3ad7f5b489a8457af12d460fa80401d95f007c07f6f8c020dc5d2082dad,86e6b3ad7f5b489a8457af12d460fa80401d95f007c07f6f8c020dc5d2082dad,true,f97a901ee2fcec909cbd1a5dabe62e9fe642851a94cecb5f9af1b260c5b46706,f97a901ee2fcec909cbd1a5dabe62e9fe642851a94cecb5f9af1b260c5b46706,true,true
ma-g4-mathematics-u04-l01,ma-g4-mathematics,9c5ba3316d3126651368d8274f20ba69e926eb5f9800565a7a6f803792520357,9c5ba3316d3126651368d8274f20ba69e926eb5f9800565a7a6f803792520357,true,13fae9a692b6f891f5d06039bcd739323431bcbe91b7e4f87f795a0e2be0b57d,13fae9a692b6f891f5d06039bcd739323431bcbe91b7e4f87f795a0e2be0b57d,true,true
ma-g4-mathematics-u04-l02,ma-g4-mathematics,389cf6f5ff6d2f0b4d151afe8684f12753b4e7a534528b327f2c3d4d6b39bfbd,389cf6f5ff6d2f0b4d151afe8684f12753b4e7a534528b327f2c3d4d6b39bfbd,true,8d29f9e233dcf712658173d8b0c26b0cb3a50e14b4e4fd7c6c53be77d3549cb8,8d29f9e233dcf712658173d8b0c26b0cb3a50e14b4e4fd7c6c53be77d3549cb8,true,true
ma-g4-mathematics-u04-l03,ma-g4-mathematics,7047f0806a989d567f9e09a42c014adeb3fc13d64e463f703cb6621328a7ed38,7047f0806a989d567f9e09a42c014adeb3fc13d64e463f703cb6621328a7ed38,true,752ef426a32aee0f1a583b6b84983c91732b0ffde49cfd6b9e6b5e1e9ca5c49e,752ef426a32aee0f1a583b6b84983c91732b0ffde49cfd6b9e6b5e1e9ca5c49e,true,true
ma-g4-mathematics-u04-l04,ma-g4-mathematics,628aff462f7bc62b80c7000da245227cdf8ac92daf6eceaedfc92a40c025fac8,628aff462f7bc62b80c7000da245227cdf8ac92daf6eceaedfc92a40c025fac8,true,00674e7cf5a813fc333d55d6420796ef1d627cc20bef802acacc3fcf06a30a18,00674e7cf5a813fc333d55d6420796ef1d627cc20bef802acacc3fcf06a30a18,true,true
ma-g4-mathematics-u04-l05,ma-g4-mathematics,fcf359a15dab9c4a0a444e25fa404cfa5ba0c3663586443e656707b727207567,fcf359a15dab9c4a0a444e25fa404cfa5ba0c3663586443e656707b727207567,true,00674e7cf5a813fc333d55d6420796ef1d627cc20bef802acacc3fcf06a30a18,00674e7cf5a813fc333d55d6420796ef1d627cc20bef802acacc3fcf06a30a18,true,true
ma-g4-mathematics-u04-l06,ma-g4-mathematics,53fedcba5cb71f8a4badefb9d804c2eb2485a9e44bd2f870df435de78126097b,53fedcba5cb71f8a4badefb9d804c2eb2485a9e44bd2f870df435de78126097b,true,00674e7cf5a813fc333d55d6420796ef1d627cc20bef802acacc3fcf06a30a18,00674e7cf5a813fc333d55d6420796ef1d627cc20bef802acacc3fcf06a30a18,true,true
ma-g4-mathematics-u04-l07,ma-g4-mathematics,e9be6d4ee2fd1b98e46b57db5c64cabfe781ff6017e7d742bc93f624d215647f,e9be6d4ee2fd1b98e46b57db5c64cabfe781ff6017e7d742bc93f624d215647f,true,00674e7cf5a813fc333d55d6420796ef1d627cc20bef802acacc3fcf06a30a18,00674e7cf5a813fc333d55d6420796ef1d627cc20bef802acacc3fcf06a30a18,true,true
ma-g4-mathematics-u04-l08,ma-g4-mathematics,f11696079bcbafa153e8851c0e71138b8e4125dd8543edcf6229677685a135d8,f11696079bcbafa153e8851c0e71138b8e4125dd8543edcf6229677685a135d8,true,995b688f2a98264f07d7cfb27ca8b143e2441cb6f27e8c20bf6e191170fa711e,995b688f2a98264f07d7cfb27ca8b143e2441cb6f27e8c20bf6e191170fa711e,true,true
ma-g4-mathematics-u04-l09,ma-g4-mathematics,c7b8a8713ac910c534980ea02403a1f92598109ec37bbe5b7bd244ad116c006e,c7b8a8713ac910c534980ea02403a1f92598109ec37bbe5b7bd244ad116c006e,true,00674e7cf5a813fc333d55d6420796ef1d627cc20bef802acacc3fcf06a30a18,00674e7cf5a813fc333d55d6420796ef1d627cc20bef802acacc3fcf06a30a18,true,true
ma-g4-mathematics-u04-l10,ma-g4-mathematics,1386f006f00749049ebd0008281755ac01325a7b204d06f67cc7169940d6b56b,1386f006f00749049ebd0008281755ac01325a7b204d06f67cc7169940d6b56b,true,2423dbc0850269f95cf5ba80a06c79ae304c43663dbcd9c5b09fe85a293c04dd,2423dbc0850269f95cf5ba80a06c79ae304c43663dbcd9c5b09fe85a293c04dd,true,true
ma-g4-mathematics-u04-l11,ma-g4-mathematics,afc9ee9633b3e48dea0ce61dbb330b2e3b0d8a7586527228186dff2a76e00ddb,afc9ee9633b3e48dea0ce61dbb330b2e3b0d8a7586527228186dff2a76e00ddb,true,ea412ebfb10c11ffeffcf30a0f3fd813a6adf4f5f515a58aa0e74171f9fb60ea,ea412ebfb10c11ffeffcf30a0f3fd813a6adf4f5f515a58aa0e74171f9fb60ea,true,true
ma-g4-mathematics-u04-l12,ma-g4-mathematics,b0d1845164a056acbef0c7f1b319f94927a0788a98f1c4d18d25a5af206cff4e,b0d1845164a056acbef0c7f1b319f94927a0788a98f1c4d18d25a5af206cff4e,true,d6b233d03ac111e12aa5d5a0da4b60ee1bdda6ea9a024ce5dbc23feda2c4a614,d6b233d03ac111e12aa5d5a0da4b60ee1bdda6ea9a024ce5dbc23feda2c4a614,true,true
ma-g4-mathematics-u04-l13,ma-g4-mathematics,f9ad7e0065b45eaae9663867a7f0c33b1125adb73c56d56bfd85b0802b978d11,f9ad7e0065b45eaae9663867a7f0c33b1125adb73c56d56bfd85b0802b978d11,true,c3092b75af6a79712953601a929fc55a341e9a175de4fd3f9ecaea8704821499,c3092b75af6a79712953601a929fc55a341e9a175de4fd3f9ecaea8704821499,true,true
ma-g4-mathematics-u04-l14,ma-g4-mathematics,f3a5057e861b06d3810ba0443254e4bf58b260033a5ec33934fb11565fc9aff8,f3a5057e861b06d3810ba0443254e4bf58b260033a5ec33934fb11565fc9aff8,true,618120ba99732fc5d1a4a18803d921508371e37117f5bbb437a8327b40adbb4b,618120ba99732fc5d1a4a18803d921508371e37117f5bbb437a8327b40adbb4b,true,true
ma-g4-mathematics-u04-l15,ma-g4-mathematics,50840eab5003a7a1b03fcdcf7be6494eb5506bf0bc355913f9732488dfb9b6fb,50840eab5003a7a1b03fcdcf7be6494eb5506bf0bc355913f9732488dfb9b6fb,true,cfa69795e8d0ec87f73b2cc0a0d3132746a29fee5dbd3a2c749852070b3c8884,cfa69795e8d0ec87f73b2cc0a0d3132746a29fee5dbd3a2c749852070b3c8884,true,true
ma-g4-mathematics-u04-l16,ma-g4-mathematics,0e62a513140107a2fa0f92d2f552ef99c38b15b9a4e71888077a23bbf4b6350f,0e62a513140107a2fa0f92d2f552ef99c38b15b9a4e71888077a23bbf4b6350f,true,cfa69795e8d0ec87f73b2cc0a0d3132746a29fee5dbd3a2c749852070b3c8884,cfa69795e8d0ec87f73b2cc0a0d3132746a29fee5dbd3a2c749852070b3c8884,true,true
ma-g4-mathematics-u04-l17,ma-g4-mathematics,68d6de3c8208b564718390fbd5f64e6b536676fd37b44992844654085f7ec33d,68d6de3c8208b564718390fbd5f64e6b536676fd37b44992844654085f7ec33d,true,618120ba99732fc5d1a4a18803d921508371e37117f5bbb437a8327b40adbb4b,618120ba99732fc5d1a4a18803d921508371e37117f5bbb437a8327b40adbb4b,true,true
ma-g4-mathematics-u04-l18,ma-g4-mathematics,003a02e2ad74927d54ea6ec895c5161110b120e1901d21544b2193973e41c80b,003a02e2ad74927d54ea6ec895c5161110b120e1901d21544b2193973e41c80b,true,c3092b75af6a79712953601a929fc55a341e9a175de4fd3f9ecaea8704821499,c3092b75af6a79712953601a929fc55a341e9a175de4fd3f9ecaea8704821499,true,true
ma-g4-mathematics-u05-l01,ma-g4-mathematics,71bc005ec503dfaa6d1dd7e65f941c0e03ec3fa7adde9bbb6f64e651e3a60e50,71bc005ec503dfaa6d1dd7e65f941c0e03ec3fa7adde9bbb6f64e651e3a60e50,true,7fc68f45782125413ab75f752d7eb00038ca61a8b32aa6455e24cec87a2b0902,7fc68f45782125413ab75f752d7eb00038ca61a8b32aa6455e24cec87a2b0902,true,true
ma-g4-mathematics-u05-l02,ma-g4-mathematics,196b9899c52601c60d53c3c753d6eaaf9eb8db699c00b3b6afcdd67af1d11292,196b9899c52601c60d53c3c753d6eaaf9eb8db699c00b3b6afcdd67af1d11292,true,c1d94837855ad8333b19a94a40a0ff0306dc35580fb95648c50f638083901895,c1d94837855ad8333b19a94a40a0ff0306dc35580fb95648c50f638083901895,true,true
ma-g4-mathematics-u05-l03,ma-g4-mathematics,7f057413654026b63cf12d3a7123370e563d05b0df4c8a762c102ef7606d885d,7f057413654026b63cf12d3a7123370e563d05b0df4c8a762c102ef7606d885d,true,c1d94837855ad8333b19a94a40a0ff0306dc35580fb95648c50f638083901895,c1d94837855ad8333b19a94a40a0ff0306dc35580fb95648c50f638083901895,true,true
ma-g4-mathematics-u05-l04,ma-g4-mathematics,2065efccb82b86bb792a4f4f41686742aeb3d7571fb5379142e297157fa6b421,2065efccb82b86bb792a4f4f41686742aeb3d7571fb5379142e297157fa6b421,true,c1d94837855ad8333b19a94a40a0ff0306dc35580fb95648c50f638083901895,c1d94837855ad8333b19a94a40a0ff0306dc35580fb95648c50f638083901895,true,true
ma-g4-mathematics-u05-l05,ma-g4-mathematics,4dddd57eab28ee61241ba003ba62a13764abe3bae5d37fa361a2308df2375c8b,4dddd57eab28ee61241ba003ba62a13764abe3bae5d37fa361a2308df2375c8b,true,c1d94837855ad8333b19a94a40a0ff0306dc35580fb95648c50f638083901895,c1d94837855ad8333b19a94a40a0ff0306dc35580fb95648c50f638083901895,true,true
ma-g4-mathematics-u05-l06,ma-g4-mathematics,43a463bff4d8d23adbd72dca8f250a0ac1f57c8cfbcd9ff21d9161bffacb4231,43a463bff4d8d23adbd72dca8f250a0ac1f57c8cfbcd9ff21d9161bffacb4231,true,2423dbc0850269f95cf5ba80a06c79ae304c43663dbcd9c5b09fe85a293c04dd,2423dbc0850269f95cf5ba80a06c79ae304c43663dbcd9c5b09fe85a293c04dd,true,true
ma-g4-mathematics-u05-l07,ma-g4-mathematics,caf5a7d010fbaff3db3f26200ccee22828fae9ce4175b4373af7e554be24a7c0,caf5a7d010fbaff3db3f26200ccee22828fae9ce4175b4373af7e554be24a7c0,true,2423dbc0850269f95cf5ba80a06c79ae304c43663dbcd9c5b09fe85a293c04dd,2423dbc0850269f95cf5ba80a06c79ae304c43663dbcd9c5b09fe85a293c04dd,true,true
ma-g4-mathematics-u05-l08,ma-g4-mathematics,8ff77d4ebffb3a377a87f9c9d1cd4f79b0a8eacd3a99d5eb8461c1ea583e18dc,8ff77d4ebffb3a377a87f9c9d1cd4f79b0a8eacd3a99d5eb8461c1ea583e18dc,true,56d86ca19b06c26ad3ad4a47303ceb6abef201ac49dc430081f64e18b075ed01,56d86ca19b06c26ad3ad4a47303ceb6abef201ac49dc430081f64e18b075ed01,true,true
ma-g4-mathematics-u05-l09,ma-g4-mathematics,a721771e2182b5e499474f75f72ff5f6258d569fd27733dc3f5bf53709a5564d,a721771e2182b5e499474f75f72ff5f6258d569fd27733dc3f5bf53709a5564d,true,c1d94837855ad8333b19a94a40a0ff0306dc35580fb95648c50f638083901895,c1d94837855ad8333b19a94a40a0ff0306dc35580fb95648c50f638083901895,true,true
ma-g4-mathematics-u05-l10,ma-g4-mathematics,6afc5d32eb86d1b9b205f34cacd948450eb375f45a5ae804c6ab5d2db0d87338,6afc5d32eb86d1b9b205f34cacd948450eb375f45a5ae804c6ab5d2db0d87338,true,2423dbc0850269f95cf5ba80a06c79ae304c43663dbcd9c5b09fe85a293c04dd,2423dbc0850269f95cf5ba80a06c79ae304c43663dbcd9c5b09fe85a293c04dd,true,true
ma-g4-mathematics-u05-l11,ma-g4-mathematics,819b78e14f9576ae249bc155eee343ebcb44e57dd9c42b3a96400654f1e07dee,819b78e14f9576ae249bc155eee343ebcb44e57dd9c42b3a96400654f1e07dee,true,56d86ca19b06c26ad3ad4a47303ceb6abef201ac49dc430081f64e18b075ed01,56d86ca19b06c26ad3ad4a47303ceb6abef201ac49dc430081f64e18b075ed01,true,true
ma-g4-mathematics-u05-l12,ma-g4-mathematics,5d6e0462b81acc8ddd3d88786baad1bea039ba4e737f0850a0dc3d5b48a8ec8e,5d6e0462b81acc8ddd3d88786baad1bea039ba4e737f0850a0dc3d5b48a8ec8e,true,8bec5f1321187151a208d073c0bcb229f0a6e054ac793df5aaa94f81299fe63d,8bec5f1321187151a208d073c0bcb229f0a6e054ac793df5aaa94f81299fe63d,true,true
ma-g4-mathematics-u05-l13,ma-g4-mathematics,ca08f31ab9e8b2918ab2e0081b43bb2a6a2ad96004d9e681fb216798aaae4f39,ca08f31ab9e8b2918ab2e0081b43bb2a6a2ad96004d9e681fb216798aaae4f39,true,bacb1e940dc9fe3f29ea1cc07d3269d4f79a77dbb2a65888f9fbee5a0c6f2e65,bacb1e940dc9fe3f29ea1cc07d3269d4f79a77dbb2a65888f9fbee5a0c6f2e65,true,true
ma-g4-mathematics-u05-l14,ma-g4-mathematics,73cb5ea6f913f67bc0af82eaab41b45b4f51a50dddde439b774081bebcc394ba,73cb5ea6f913f67bc0af82eaab41b45b4f51a50dddde439b774081bebcc394ba,true,8bec5f1321187151a208d073c0bcb229f0a6e054ac793df5aaa94f81299fe63d,8bec5f1321187151a208d073c0bcb229f0a6e054ac793df5aaa94f81299fe63d,true,true
ma-g4-mathematics-u05-l15,ma-g4-mathematics,5b3f435034585958fb993b59b0dd082069290a337e89e46c132bb1d089a85318,5b3f435034585958fb993b59b0dd082069290a337e89e46c132bb1d089a85318,true,8bec5f1321187151a208d073c0bcb229f0a6e054ac793df5aaa94f81299fe63d,8bec5f1321187151a208d073c0bcb229f0a6e054ac793df5aaa94f81299fe63d,true,true
ma-g4-mathematics-u05-l16,ma-g4-mathematics,bc7bc1142aaa60fb22ce113bed3d16ea4df7f7886037ee4a9550f8a8e282f393,bc7bc1142aaa60fb22ce113bed3d16ea4df7f7886037ee4a9550f8a8e282f393,true,8bec5f1321187151a208d073c0bcb229f0a6e054ac793df5aaa94f81299fe63d,8bec5f1321187151a208d073c0bcb229f0a6e054ac793df5aaa94f81299fe63d,true,true
ma-g4-mathematics-u05-l17,ma-g4-mathematics,e93e0f70dd61d8190c63b5e054d9e4ae4adf3f757f10c006b984d7a3a10bd9b2,e93e0f70dd61d8190c63b5e054d9e4ae4adf3f757f10c006b984d7a3a10bd9b2,true,8bec5f1321187151a208d073c0bcb229f0a6e054ac793df5aaa94f81299fe63d,8bec5f1321187151a208d073c0bcb229f0a6e054ac793df5aaa94f81299fe63d,true,true
ma-g4-mathematics-u05-l18,ma-g4-mathematics,2ecc26a94c9291011f8559356dc8af86c7845ac3bc1ed75b0c74c9a1396df81d,2ecc26a94c9291011f8559356dc8af86c7845ac3bc1ed75b0c74c9a1396df81d,true,bacb1e940dc9fe3f29ea1cc07d3269d4f79a77dbb2a65888f9fbee5a0c6f2e65,bacb1e940dc9fe3f29ea1cc07d3269d4f79a77dbb2a65888f9fbee5a0c6f2e65,true,true
ma-g4-mathematics-u06-l01,ma-g4-mathematics,3057000afd8a37d94d32e98e033551a1a9974d97a056b135e91f78e531afca21,3057000afd8a37d94d32e98e033551a1a9974d97a056b135e91f78e531afca21,true,8d7a239facde35fd38130153f4dde2bbd0deeb5a40975a595c16c6c806e3dd26,8d7a239facde35fd38130153f4dde2bbd0deeb5a40975a595c16c6c806e3dd26,true,true
ma-g4-mathematics-u06-l02,ma-g4-mathematics,d343e569e61ace07e33645302387a4ca88ffd74651a024920fd2804e189e9a48,d343e569e61ace07e33645302387a4ca88ffd74651a024920fd2804e189e9a48,true,144eb7679936e2914354a256bb7b50cb6bc7a1ab2de3a06aa09ef7c187a00b8f,144eb7679936e2914354a256bb7b50cb6bc7a1ab2de3a06aa09ef7c187a00b8f,true,true
ma-g4-mathematics-u06-l03,ma-g4-mathematics,9af3f5e5cc263cdffc8177e42ec26063e20587612cfde2dae6094ab6d9f34c98,9af3f5e5cc263cdffc8177e42ec26063e20587612cfde2dae6094ab6d9f34c98,true,144eb7679936e2914354a256bb7b50cb6bc7a1ab2de3a06aa09ef7c187a00b8f,144eb7679936e2914354a256bb7b50cb6bc7a1ab2de3a06aa09ef7c187a00b8f,true,true
ma-g4-mathematics-u06-l04,ma-g4-mathematics,87d0fa6787b586572fdbe75c7fa6c2c2f54220a22845254cc1447fb13e6af5cf,87d0fa6787b586572fdbe75c7fa6c2c2f54220a22845254cc1447fb13e6af5cf,true,144eb7679936e2914354a256bb7b50cb6bc7a1ab2de3a06aa09ef7c187a00b8f,144eb7679936e2914354a256bb7b50cb6bc7a1ab2de3a06aa09ef7c187a00b8f,true,true
ma-g4-mathematics-u06-l05,ma-g4-mathematics,49c325b89135b06b39e002e555ea85894512a0d2f3b216855264d1ce71517d3f,49c325b89135b06b39e002e555ea85894512a0d2f3b216855264d1ce71517d3f,true,144eb7679936e2914354a256bb7b50cb6bc7a1ab2de3a06aa09ef7c187a00b8f,144eb7679936e2914354a256bb7b50cb6bc7a1ab2de3a06aa09ef7c187a00b8f,true,true
ma-g4-mathematics-u06-l06,ma-g4-mathematics,d3a84cc2aaf5fb61e6c96a69fe40096825dfd04324696e316df470c42ef23dfa,d3a84cc2aaf5fb61e6c96a69fe40096825dfd04324696e316df470c42ef23dfa,true,144eb7679936e2914354a256bb7b50cb6bc7a1ab2de3a06aa09ef7c187a00b8f,144eb7679936e2914354a256bb7b50cb6bc7a1ab2de3a06aa09ef7c187a00b8f,true,true
ma-g4-mathematics-u06-l07,ma-g4-mathematics,3a8f5e2ff28937028a9ab50e695daa735accfa9740062b91c353a53f7eb4fc28,3a8f5e2ff28937028a9ab50e695daa735accfa9740062b91c353a53f7eb4fc28,true,341ae916379b152a34ea4b1bcb49bc8139127d6e2b560c52ac30112113627ca3,341ae916379b152a34ea4b1bcb49bc8139127d6e2b560c52ac30112113627ca3,true,true
ma-g4-mathematics-u06-l08,ma-g4-mathematics,be1d605d9ec28b146d0c35fdc5c3b07240d7ca0d87a961915807d17583ab6fa9,be1d605d9ec28b146d0c35fdc5c3b07240d7ca0d87a961915807d17583ab6fa9,true,f68794827800e6815acb9f5e81c289275b58e2ec4fb4448291d86208db1b4d68,f68794827800e6815acb9f5e81c289275b58e2ec4fb4448291d86208db1b4d68,true,true
ma-g4-mathematics-u06-l09,ma-g4-mathematics,7d2c34e90dbb0c15aa6824cf0f6efb10808e569dd42ace0d002cb280216e06a4,7d2c34e90dbb0c15aa6824cf0f6efb10808e569dd42ace0d002cb280216e06a4,true,1b598526278c98a8342493bc0d24d1824b7f04639e6f0ee054cf2e57711ddee5,1b598526278c98a8342493bc0d24d1824b7f04639e6f0ee054cf2e57711ddee5,true,true
ma-g4-mathematics-u06-l10,ma-g4-mathematics,d0fad8e078771d5a34399a7d83b5fc360a3f9c31278c4104828194f60ad822ac,d0fad8e078771d5a34399a7d83b5fc360a3f9c31278c4104828194f60ad822ac,true,341ae916379b152a34ea4b1bcb49bc8139127d6e2b560c52ac30112113627ca3,341ae916379b152a34ea4b1bcb49bc8139127d6e2b560c52ac30112113627ca3,true,true
ma-g4-mathematics-u06-l11,ma-g4-mathematics,ff38b4261df42476fe01fb50e252d7fc4a3ee7d246f1fb746bf2827253e42765,ff38b4261df42476fe01fb50e252d7fc4a3ee7d246f1fb746bf2827253e42765,true,0b2398abc397c8b260e22d1c2562e6e09f7d50e1161c65c20fd46381af5f2dbd,0b2398abc397c8b260e22d1c2562e6e09f7d50e1161c65c20fd46381af5f2dbd,true,true
ma-g4-mathematics-u06-l12,ma-g4-mathematics,60586edb1ae16f53d107339036719b84c5746bb0b3824d902550933393406619,60586edb1ae16f53d107339036719b84c5746bb0b3824d902550933393406619,true,55be681b741514b5ab1b7087edd2bea9691dd17841dd74b49fc8541bab726f8e,55be681b741514b5ab1b7087edd2bea9691dd17841dd74b49fc8541bab726f8e,true,true
ma-g4-mathematics-u06-l13,ma-g4-mathematics,116148e3aae7f9375c637760eff79560ae89df5f9469aa34425b0627c3143b95,116148e3aae7f9375c637760eff79560ae89df5f9469aa34425b0627c3143b95,true,8bc13394d37bd824bfd2d3545aa2dc6d2e2f3da4c6cff090b409ca4164e25fb8,8bc13394d37bd824bfd2d3545aa2dc6d2e2f3da4c6cff090b409ca4164e25fb8,true,true
ma-g4-mathematics-u06-l14,ma-g4-mathematics,d8ff0109e39acf8db9da1c24052f58772cebcc33293eb640f2a4609e50617175,d8ff0109e39acf8db9da1c24052f58772cebcc33293eb640f2a4609e50617175,true,1b598526278c98a8342493bc0d24d1824b7f04639e6f0ee054cf2e57711ddee5,1b598526278c98a8342493bc0d24d1824b7f04639e6f0ee054cf2e57711ddee5,true,true
ma-g4-mathematics-u06-l15,ma-g4-mathematics,b440780a95e5e1b7d5c8e0eb7584299414ca369b083dc75f2551a350410c7939,b440780a95e5e1b7d5c8e0eb7584299414ca369b083dc75f2551a350410c7939,true,1b598526278c98a8342493bc0d24d1824b7f04639e6f0ee054cf2e57711ddee5,1b598526278c98a8342493bc0d24d1824b7f04639e6f0ee054cf2e57711ddee5,true,true
ma-g4-mathematics-u06-l16,ma-g4-mathematics,b6a146100fe2b1d047375e86ea8c52f60753a6d4ffe2a70cab51409ca9e9ebd6,b6a146100fe2b1d047375e86ea8c52f60753a6d4ffe2a70cab51409ca9e9ebd6,true,1b598526278c98a8342493bc0d24d1824b7f04639e6f0ee054cf2e57711ddee5,1b598526278c98a8342493bc0d24d1824b7f04639e6f0ee054cf2e57711ddee5,true,true
ma-g4-mathematics-u06-l17,ma-g4-mathematics,413e8b14471cbede82d8e651d0f48ee2a21b1af74c00ef0129af44207ee46921,413e8b14471cbede82d8e651d0f48ee2a21b1af74c00ef0129af44207ee46921,true,1b598526278c98a8342493bc0d24d1824b7f04639e6f0ee054cf2e57711ddee5,1b598526278c98a8342493bc0d24d1824b7f04639e6f0ee054cf2e57711ddee5,true,true
ma-g4-mathematics-u06-l18,ma-g4-mathematics,e2a2e33b3b10954a6023de5ba7fdc834be59ca1c51e9883d3f4fd8bd9dd6311b,e2a2e33b3b10954a6023de5ba7fdc834be59ca1c51e9883d3f4fd8bd9dd6311b,true,0a4119a9c19be4be86a1e3909f4d11cce837cb7133fbd66392f0d005ae118636,0a4119a9c19be4be86a1e3909f4d11cce837cb7133fbd66392f0d005ae118636,true,true
ma-g4-mathematics-u07-l01,ma-g4-mathematics,28c009e649356c6b99dac4db5f7afd511be4626ac9df3ec6dc1dda44813d84fe,28c009e649356c6b99dac4db5f7afd511be4626ac9df3ec6dc1dda44813d84fe,true,6f9136635ad8b33bf3544152659cb630978ec723e7aace38ccbef1c10bddebb5,6f9136635ad8b33bf3544152659cb630978ec723e7aace38ccbef1c10bddebb5,true,true
ma-g4-mathematics-u07-l02,ma-g4-mathematics,2ab825ec8655d4673a241abd44f2b6acd615b1eee741a81f6f77e797149b8528,2ab825ec8655d4673a241abd44f2b6acd615b1eee741a81f6f77e797149b8528,true,de986792cfacc1e4a1ce8c7fde2e0f3a6c9b6d61411d5eb97814422713cb31f7,de986792cfacc1e4a1ce8c7fde2e0f3a6c9b6d61411d5eb97814422713cb31f7,true,true
ma-g4-mathematics-u07-l03,ma-g4-mathematics,402a8c723aacdaffcfc1f003056289abc56afc5d5913757fbd67f91e4f4ab17e,402a8c723aacdaffcfc1f003056289abc56afc5d5913757fbd67f91e4f4ab17e,true,de986792cfacc1e4a1ce8c7fde2e0f3a6c9b6d61411d5eb97814422713cb31f7,de986792cfacc1e4a1ce8c7fde2e0f3a6c9b6d61411d5eb97814422713cb31f7,true,true
ma-g4-mathematics-u07-l04,ma-g4-mathematics,ed4e2cfec04e423718a15c2aa1c930c17a93e17e5c045af8ad552bfb22eadd2a,ed4e2cfec04e423718a15c2aa1c930c17a93e17e5c045af8ad552bfb22eadd2a,true,de986792cfacc1e4a1ce8c7fde2e0f3a6c9b6d61411d5eb97814422713cb31f7,de986792cfacc1e4a1ce8c7fde2e0f3a6c9b6d61411d5eb97814422713cb31f7,true,true
ma-g4-mathematics-u07-l05,ma-g4-mathematics,b940a3c9fbdfcfa48f992690fcca9961e7bc812c32d66c0268fd15009bcb5835,b940a3c9fbdfcfa48f992690fcca9961e7bc812c32d66c0268fd15009bcb5835,true,de986792cfacc1e4a1ce8c7fde2e0f3a6c9b6d61411d5eb97814422713cb31f7,de986792cfacc1e4a1ce8c7fde2e0f3a6c9b6d61411d5eb97814422713cb31f7,true,true
ma-g4-mathematics-u07-l06,ma-g4-mathematics,96647f7b9086d91e2d3a25f65cbd6209f110414506c195d2c8e69f6d45ef9ee9,96647f7b9086d91e2d3a25f65cbd6209f110414506c195d2c8e69f6d45ef9ee9,true,de986792cfacc1e4a1ce8c7fde2e0f3a6c9b6d61411d5eb97814422713cb31f7,de986792cfacc1e4a1ce8c7fde2e0f3a6c9b6d61411d5eb97814422713cb31f7,true,true
ma-g4-mathematics-u07-l07,ma-g4-mathematics,2e2079353774b5f9775985b05669d92aea2cdb17b1b43035c262ce3fe96baf5c,2e2079353774b5f9775985b05669d92aea2cdb17b1b43035c262ce3fe96baf5c,true,e82f9f3e055eadb667fea16c136fa6cc73b1daf42f6db2a1b676ef87fa48dd1d,e82f9f3e055eadb667fea16c136fa6cc73b1daf42f6db2a1b676ef87fa48dd1d,true,true
ma-g4-mathematics-u07-l08,ma-g4-mathematics,7fbb29f6a1bef132a66225b5d71ee9f3f8c342c3f45bc176312381438a55a631,7fbb29f6a1bef132a66225b5d71ee9f3f8c342c3f45bc176312381438a55a631,true,c6244d5d03dd54bd0e93978e74e3b39926e04444cfb70fdca9593b50684dd96b,c6244d5d03dd54bd0e93978e74e3b39926e04444cfb70fdca9593b50684dd96b,true,true
ma-g4-mathematics-u07-l09,ma-g4-mathematics,ed1567f64b31652cf902b4a4f794e3974cb7b2739d6c30f7c5bfe06a1f62c7cf,ed1567f64b31652cf902b4a4f794e3974cb7b2739d6c30f7c5bfe06a1f62c7cf,true,de986792cfacc1e4a1ce8c7fde2e0f3a6c9b6d61411d5eb97814422713cb31f7,de986792cfacc1e4a1ce8c7fde2e0f3a6c9b6d61411d5eb97814422713cb31f7,true,true
ma-g4-mathematics-u07-l10,ma-g4-mathematics,8b6c8cba9032c1f37d861f62bdf1f083e8928d938890f6115cff7b80e48e7bc6,8b6c8cba9032c1f37d861f62bdf1f083e8928d938890f6115cff7b80e48e7bc6,true,e82f9f3e055eadb667fea16c136fa6cc73b1daf42f6db2a1b676ef87fa48dd1d,e82f9f3e055eadb667fea16c136fa6cc73b1daf42f6db2a1b676ef87fa48dd1d,true,true
ma-g4-mathematics-u07-l11,ma-g4-mathematics,30e1d8c354b3a8d8c6744281e9ecfc9321fa329ff643977ff785b3d1c32e9e20,30e1d8c354b3a8d8c6744281e9ecfc9321fa329ff643977ff785b3d1c32e9e20,true,f6f2e6f8f81a986f442dac4d68b7cd1d5a686f8efccc3f295d76fa5b5c75ab23,f6f2e6f8f81a986f442dac4d68b7cd1d5a686f8efccc3f295d76fa5b5c75ab23,true,true
ma-g4-mathematics-u07-l12,ma-g4-mathematics,dd22102d33ed9d953f525f7efc2a3c78d2f2a6cbe45983eb8689c1d752fd2694,dd22102d33ed9d953f525f7efc2a3c78d2f2a6cbe45983eb8689c1d752fd2694,true,a483cb016e5759a453adf9356baed3636a4cb1f40259e70ef77eefff0917e659,a483cb016e5759a453adf9356baed3636a4cb1f40259e70ef77eefff0917e659,true,true
ma-g4-mathematics-u07-l13,ma-g4-mathematics,e6cdd09cba83eb935b8b316a7fe9f92676cf7cc43deb921c30e9902a5fbef5be,e6cdd09cba83eb935b8b316a7fe9f92676cf7cc43deb921c30e9902a5fbef5be,true,e39ffd3f5e31eb4d78815b3008e90f3b857af1d61cf0af0f4075ce2b5b44225b,e39ffd3f5e31eb4d78815b3008e90f3b857af1d61cf0af0f4075ce2b5b44225b,true,true
ma-g4-mathematics-u07-l14,ma-g4-mathematics,49b52b5f7ddd02f2004b909bca2cfebda1a7d414580f96156950c22fd0d35cec,49b52b5f7ddd02f2004b909bca2cfebda1a7d414580f96156950c22fd0d35cec,true,ffe195efee7ba9a4d43d2d5cee821f95111af8d0d81ef79c2a6179bc82455b9c,ffe195efee7ba9a4d43d2d5cee821f95111af8d0d81ef79c2a6179bc82455b9c,true,true
ma-g4-mathematics-u07-l15,ma-g4-mathematics,d703fe538f4f3598d65a370337375aea565bdddcd483d65e70c5098f9146b050,d703fe538f4f3598d65a370337375aea565bdddcd483d65e70c5098f9146b050,true,ffe195efee7ba9a4d43d2d5cee821f95111af8d0d81ef79c2a6179bc82455b9c,ffe195efee7ba9a4d43d2d5cee821f95111af8d0d81ef79c2a6179bc82455b9c,true,true
ma-g4-mathematics-u07-l16,ma-g4-mathematics,dcb21faf126470a68655f3a9c68d587c6e0c8a58e13e9f36fe4c9ea6d933d9c1,dcb21faf126470a68655f3a9c68d587c6e0c8a58e13e9f36fe4c9ea6d933d9c1,true,ffe195efee7ba9a4d43d2d5cee821f95111af8d0d81ef79c2a6179bc82455b9c,ffe195efee7ba9a4d43d2d5cee821f95111af8d0d81ef79c2a6179bc82455b9c,true,true
ma-g4-mathematics-u07-l17,ma-g4-mathematics,b15344347be45c7caafb7e28f08e0ce3310bfc090f62b5d4961acff8c5d0bab6,b15344347be45c7caafb7e28f08e0ce3310bfc090f62b5d4961acff8c5d0bab6,true,ffe195efee7ba9a4d43d2d5cee821f95111af8d0d81ef79c2a6179bc82455b9c,ffe195efee7ba9a4d43d2d5cee821f95111af8d0d81ef79c2a6179bc82455b9c,true,true
ma-g4-mathematics-u07-l18,ma-g4-mathematics,785bbcd67e87a90436cf56e1d4e784f3605e52a45d75057326fa9d5419849912,785bbcd67e87a90436cf56e1d4e784f3605e52a45d75057326fa9d5419849912,true,4ade9d33bc0dedae99a9127db2a70da28566e5034bb4f7a7de7134960d58112c,4ade9d33bc0dedae99a9127db2a70da28566e5034bb4f7a7de7134960d58112c,true,true
ma-g4-mathematics-u08-l01,ma-g4-mathematics,000ffaa9c2c1b59892ccc10f7fa140e9c95e543bdacb12b75c267a2f175bf0f2,000ffaa9c2c1b59892ccc10f7fa140e9c95e543bdacb12b75c267a2f175bf0f2,true,dd116806cec442339916e6497d2d49586923f2d4950fccbfc4b4bb29ca01018c,dd116806cec442339916e6497d2d49586923f2d4950fccbfc4b4bb29ca01018c,true,true
ma-g4-mathematics-u08-l02,ma-g4-mathematics,77c642c6679ca20f7b4b388f0e275601535bc766d352273cc3c8a0d1a65d48c3,77c642c6679ca20f7b4b388f0e275601535bc766d352273cc3c8a0d1a65d48c3,true,1b15df03a2eb6b827bdf9ae517d4d338a5393ee727005b9f0dbd62cab2ae90de,1b15df03a2eb6b827bdf9ae517d4d338a5393ee727005b9f0dbd62cab2ae90de,true,true
ma-g4-mathematics-u08-l03,ma-g4-mathematics,9ffc18dc0fed5409fa9b64c66e8016ea94ba211464bbc15021d460710c8add72,9ffc18dc0fed5409fa9b64c66e8016ea94ba211464bbc15021d460710c8add72,true,1b15df03a2eb6b827bdf9ae517d4d338a5393ee727005b9f0dbd62cab2ae90de,1b15df03a2eb6b827bdf9ae517d4d338a5393ee727005b9f0dbd62cab2ae90de,true,true
ma-g4-mathematics-u08-l04,ma-g4-mathematics,f8b852b2aeedde5b3a711797ec6a721b9d829f5d74ae1167e4e791b08075c8c7,f8b852b2aeedde5b3a711797ec6a721b9d829f5d74ae1167e4e791b08075c8c7,true,b1166afde4561dc0ee61ba1c40b73d58632f95aaf96c055fdcef002241ad324a,b1166afde4561dc0ee61ba1c40b73d58632f95aaf96c055fdcef002241ad324a,true,true
ma-g4-mathematics-u08-l05,ma-g4-mathematics,6f1f1c719d0445c6a7b3c9e723fc9b1dc51b031a7862284b5834317ac6099572,6f1f1c719d0445c6a7b3c9e723fc9b1dc51b031a7862284b5834317ac6099572,true,b1166afde4561dc0ee61ba1c40b73d58632f95aaf96c055fdcef002241ad324a,b1166afde4561dc0ee61ba1c40b73d58632f95aaf96c055fdcef002241ad324a,true,true
ma-g4-mathematics-u08-l06,ma-g4-mathematics,7c1690c076692608255296386a42455b06d1118e3ac6e8a0acdf1287eaf9900e,7c1690c076692608255296386a42455b06d1118e3ac6e8a0acdf1287eaf9900e,true,d3c88361361e64f48c83cb2b347ec79879e630f2e63be10860281be58c3f48a8,d3c88361361e64f48c83cb2b347ec79879e630f2e63be10860281be58c3f48a8,true,true
ma-g4-mathematics-u08-l07,ma-g4-mathematics,f12258223b90d74717e42e3c2c7b2d864101f91cec63c905bf08038ce7295166,f12258223b90d74717e42e3c2c7b2d864101f91cec63c905bf08038ce7295166,true,10b91d60469b2290fd2a10407e218af343b881db4f4a6bba424bdae8d9fd6a75,10b91d60469b2290fd2a10407e218af343b881db4f4a6bba424bdae8d9fd6a75,true,true
ma-g4-mathematics-u08-l08,ma-g4-mathematics,1fd275a8b5a5992f7bd8b528e83e1fd6eeda0a0831bae23263be19bc9f07fe15,1fd275a8b5a5992f7bd8b528e83e1fd6eeda0a0831bae23263be19bc9f07fe15,true,41e3c03952ca675fa47c0af50f749ab34a57f59f7593cbaf54d8abc338a28966,41e3c03952ca675fa47c0af50f749ab34a57f59f7593cbaf54d8abc338a28966,true,true
ma-g4-mathematics-u08-l09,ma-g4-mathematics,f5e8421f242e34d9ec6027b2884342cc122f0ecbc6ce61caecdad6e362ea00d3,f5e8421f242e34d9ec6027b2884342cc122f0ecbc6ce61caecdad6e362ea00d3,true,b1166afde4561dc0ee61ba1c40b73d58632f95aaf96c055fdcef002241ad324a,b1166afde4561dc0ee61ba1c40b73d58632f95aaf96c055fdcef002241ad324a,true,true
ma-g4-mathematics-u08-l10,ma-g4-mathematics,857093af8018a174f8f1eb2f5adcce5d4cfe25f9384804d2db58c8cf6ebff6de,857093af8018a174f8f1eb2f5adcce5d4cfe25f9384804d2db58c8cf6ebff6de,true,10b91d60469b2290fd2a10407e218af343b881db4f4a6bba424bdae8d9fd6a75,10b91d60469b2290fd2a10407e218af343b881db4f4a6bba424bdae8d9fd6a75,true,true
ma-g4-mathematics-u08-l11,ma-g4-mathematics,fab28fc7cf202ede0483145f838c5f325f133c2f682aecfd48523ba81031f531,fab28fc7cf202ede0483145f838c5f325f133c2f682aecfd48523ba81031f531,true,78a7e72e113e9956154dd06551f505444caecfe7ee313f636f377650c2d8608c,78a7e72e113e9956154dd06551f505444caecfe7ee313f636f377650c2d8608c,true,true
ma-g4-mathematics-u08-l12,ma-g4-mathematics,9bff4ca18e24c4ba8b7c88ace43b3b8b079c67e833457d179c7f9d3fe65f9f5c,9bff4ca18e24c4ba8b7c88ace43b3b8b079c67e833457d179c7f9d3fe65f9f5c,true,4c79781e4ae5fce476f91f20bc6790da9a28a4604ee899d8fbfd87c8203eb486,4c79781e4ae5fce476f91f20bc6790da9a28a4604ee899d8fbfd87c8203eb486,true,true
ma-g4-mathematics-u08-l13,ma-g4-mathematics,4b8d9de1109ec112b13af6d92473be9878fa6c8e8ba6b8251dd6ce278b849eed,4b8d9de1109ec112b13af6d92473be9878fa6c8e8ba6b8251dd6ce278b849eed,true,b0f598d665da672288f32ac261b9499482adde38d4ec2d31306923ac54185894,b0f598d665da672288f32ac261b9499482adde38d4ec2d31306923ac54185894,true,true
ma-g4-mathematics-u08-l14,ma-g4-mathematics,a7ed5edc4434ce1e6bb9092788b660d30d1da4c68df7bdf4d3f99e29ffb5bc4e,a7ed5edc4434ce1e6bb9092788b660d30d1da4c68df7bdf4d3f99e29ffb5bc4e,true,e982a66bc132b9b5e09a854ff3ac33f341ca493c5147fa0bba5b5bbe36cc7103,e982a66bc132b9b5e09a854ff3ac33f341ca493c5147fa0bba5b5bbe36cc7103,true,true
ma-g4-mathematics-u08-l15,ma-g4-mathematics,89815c7bf9d50167c25d98443299eb3cfe656a34d45edacf52eca0df227f49a4,89815c7bf9d50167c25d98443299eb3cfe656a34d45edacf52eca0df227f49a4,true,e982a66bc132b9b5e09a854ff3ac33f341ca493c5147fa0bba5b5bbe36cc7103,e982a66bc132b9b5e09a854ff3ac33f341ca493c5147fa0bba5b5bbe36cc7103,true,true
ma-g4-mathematics-u08-l16,ma-g4-mathematics,fc4bb7128570433057a2670db26d5e478bd240ce8263936b7fd4235fe8fee7cf,fc4bb7128570433057a2670db26d5e478bd240ce8263936b7fd4235fe8fee7cf,true,e982a66bc132b9b5e09a854ff3ac33f341ca493c5147fa0bba5b5bbe36cc7103,e982a66bc132b9b5e09a854ff3ac33f341ca493c5147fa0bba5b5bbe36cc7103,true,true
ma-g4-mathematics-u08-l17,ma-g4-mathematics,6f9755e49124a6bc72f004994daf60b7fa0733c8a4ae471e37cc8731e5427bfe,6f9755e49124a6bc72f004994daf60b7fa0733c8a4ae471e37cc8731e5427bfe,true,ff35faddadbd369a03db81b6541f533268a04d53457f884747032e4aeb8f0201,ff35faddadbd369a03db81b6541f533268a04d53457f884747032e4aeb8f0201,true,true
ma-g4-mathematics-u08-l18,ma-g4-mathematics,3dd01d3abaeffe38558239286cc5baffd86333fa44a4e3578d8d25229e3400ad,3dd01d3abaeffe38558239286cc5baffd86333fa44a4e3578d8d25229e3400ad,true,b0f598d665da672288f32ac261b9499482adde38d4ec2d31306923ac54185894,b0f598d665da672288f32ac261b9499482adde38d4ec2d31306923ac54185894,true,true
ma-g4-mathematics-u09-l01,ma-g4-mathematics,621c80ebeb02d36a33671d49cdf0f88401acc62b7aa3264f38eff53375978d9d,621c80ebeb02d36a33671d49cdf0f88401acc62b7aa3264f38eff53375978d9d,true,d26d38b468fe5ea76b3c2ab0cfde52e4ffefac3605dd9acb609ea1e7cca24081,d26d38b468fe5ea76b3c2ab0cfde52e4ffefac3605dd9acb609ea1e7cca24081,true,true
ma-g4-mathematics-u09-l02,ma-g4-mathematics,ac4f1a17a940cc02a7cde6c031cb5abc178f110e5a149d77b7c0a40289693dd6,ac4f1a17a940cc02a7cde6c031cb5abc178f110e5a149d77b7c0a40289693dd6,true,4cd7c0c516e1a94e6ae1a839c558c37d8a7ddad622d25da9cfba8f737fb25c95,4cd7c0c516e1a94e6ae1a839c558c37d8a7ddad622d25da9cfba8f737fb25c95,true,true
ma-g4-mathematics-u09-l03,ma-g4-mathematics,858a0a80b3c938224e5178e984e1ec93cf223eb73ecf441fda69255aced5ebef,858a0a80b3c938224e5178e984e1ec93cf223eb73ecf441fda69255aced5ebef,true,8b9fa5db6a3d8dff6953e7faa63edb7e901e61f3ab4ac9d6fc36f9510502d1dd,8b9fa5db6a3d8dff6953e7faa63edb7e901e61f3ab4ac9d6fc36f9510502d1dd,true,true
ma-g4-mathematics-u09-l04,ma-g4-mathematics,d2ab38cec30793d71dba1afe7d6afcd5743c38cbdfcf8b8c26a91f9bc12e46bc,d2ab38cec30793d71dba1afe7d6afcd5743c38cbdfcf8b8c26a91f9bc12e46bc,true,8b9fa5db6a3d8dff6953e7faa63edb7e901e61f3ab4ac9d6fc36f9510502d1dd,8b9fa5db6a3d8dff6953e7faa63edb7e901e61f3ab4ac9d6fc36f9510502d1dd,true,true
ma-g4-mathematics-u09-l05,ma-g4-mathematics,34d17f4f2acb95a4dc9795c613ed214c199711fd12a383452a56f56886de6f2d,34d17f4f2acb95a4dc9795c613ed214c199711fd12a383452a56f56886de6f2d,true,8b9fa5db6a3d8dff6953e7faa63edb7e901e61f3ab4ac9d6fc36f9510502d1dd,8b9fa5db6a3d8dff6953e7faa63edb7e901e61f3ab4ac9d6fc36f9510502d1dd,true,true
ma-g4-mathematics-u09-l06,ma-g4-mathematics,ec1ac1f8e06b3097e16f4c3d520abd7f3278871fd390e81209fb6d41f12659af,ec1ac1f8e06b3097e16f4c3d520abd7f3278871fd390e81209fb6d41f12659af,true,5b7bece35e73d9c51f1a557576cbff0fc1eaff0bbf4727bc61897df322b519ad,5b7bece35e73d9c51f1a557576cbff0fc1eaff0bbf4727bc61897df322b519ad,true,true
ma-g4-mathematics-u09-l07,ma-g4-mathematics,edd491dc6467c5f8130568cb1ef3c52746e576cbdd1bb8f783bafb75ee9d85de,edd491dc6467c5f8130568cb1ef3c52746e576cbdd1bb8f783bafb75ee9d85de,true,b15a72f5fc7710ab3acaee77ec3ba26efa739d935c1374fe1a54c55de8e84b02,b15a72f5fc7710ab3acaee77ec3ba26efa739d935c1374fe1a54c55de8e84b02,true,true
ma-g4-mathematics-u09-l08,ma-g4-mathematics,7d7231c54a84ac9c7b406a3bf51b361c2fe588adddd27e6dd76544e62db32b10,7d7231c54a84ac9c7b406a3bf51b361c2fe588adddd27e6dd76544e62db32b10,true,23f80a275d933da926c0e4a4c20cc3ad95d45d9b0cb3e0af66cdb06ffca199a5,23f80a275d933da926c0e4a4c20cc3ad95d45d9b0cb3e0af66cdb06ffca199a5,true,true
ma-g4-mathematics-u09-l09,ma-g4-mathematics,d5bbbd915305de6ccc704e679245804b86a2e50d7cb73abb7bedf10c3e371575,d5bbbd915305de6ccc704e679245804b86a2e50d7cb73abb7bedf10c3e371575,true,e0eb4cc256f718e3ce3865240e214a81799b5ec81b5881327ca94e31d74c9ca0,e0eb4cc256f718e3ce3865240e214a81799b5ec81b5881327ca94e31d74c9ca0,true,true
ma-g4-mathematics-u09-l10,ma-g4-mathematics,e95d15c8ea52f6d23cace8d2d4e1f460bf03593c1c548916b8d2e4336703f1b3,e95d15c8ea52f6d23cace8d2d4e1f460bf03593c1c548916b8d2e4336703f1b3,true,5b7bece35e73d9c51f1a557576cbff0fc1eaff0bbf4727bc61897df322b519ad,5b7bece35e73d9c51f1a557576cbff0fc1eaff0bbf4727bc61897df322b519ad,true,true
ma-g4-mathematics-u09-l11,ma-g4-mathematics,e6990cac90cd07ef2c2f5541f5511f2c1568bf37299b96790b9c3685c89ac591,e6990cac90cd07ef2c2f5541f5511f2c1568bf37299b96790b9c3685c89ac591,true,e715517f5e2ff843fae43bceb2d30632d9ee3ee8709afa6aa4ad2876d1bed805,e715517f5e2ff843fae43bceb2d30632d9ee3ee8709afa6aa4ad2876d1bed805,true,true
ma-g4-mathematics-u09-l12,ma-g4-mathematics,50062b47caad06a23c516c44e3f34a08d1715ef2d5a89e6b0aa5bf1c23ffc657,50062b47caad06a23c516c44e3f34a08d1715ef2d5a89e6b0aa5bf1c23ffc657,true,2b37fa68ff24307b1a012ef8dd60eba5c2a9eef85a5fb4f1f95f5a5704c17adc,2b37fa68ff24307b1a012ef8dd60eba5c2a9eef85a5fb4f1f95f5a5704c17adc,true,true
ma-g4-mathematics-u09-l13,ma-g4-mathematics,02941afa8bfaaeb97330bc01403bde54c013bf9c91aff70419f1a26dbfd5cd78,02941afa8bfaaeb97330bc01403bde54c013bf9c91aff70419f1a26dbfd5cd78,true,0046192f53d51fcff744d0b52c2d4552b003da8337ea8e8b39cd20f368f4a703,0046192f53d51fcff744d0b52c2d4552b003da8337ea8e8b39cd20f368f4a703,true,true
ma-g4-mathematics-u09-l14,ma-g4-mathematics,0c4b311ab44ea5ccec8bfb8d67e66f4cb7769c188069db09f24f872a6f8a4b66,0c4b311ab44ea5ccec8bfb8d67e66f4cb7769c188069db09f24f872a6f8a4b66,true,1cc42cd723b130c3ba29770d5063bf3af63101f4177d198b53c59cf09fbb0b0d,1cc42cd723b130c3ba29770d5063bf3af63101f4177d198b53c59cf09fbb0b0d,true,true
ma-g4-mathematics-u09-l15,ma-g4-mathematics,7b89334bb7feab949cf787374e8ac697e5de3d7caaf7a78e183846eea307be62,7b89334bb7feab949cf787374e8ac697e5de3d7caaf7a78e183846eea307be62,true,38d53cbf1f7629b2c7d6f3974f707c09cf87810d7d1d657c3a0c2de5767ede88,38d53cbf1f7629b2c7d6f3974f707c09cf87810d7d1d657c3a0c2de5767ede88,true,true
ma-g4-mathematics-u09-l16,ma-g4-mathematics,66cb56748bf3e18860ae7aef474f3af350c462113891809184c1d7ef7419d187,66cb56748bf3e18860ae7aef474f3af350c462113891809184c1d7ef7419d187,true,38d53cbf1f7629b2c7d6f3974f707c09cf87810d7d1d657c3a0c2de5767ede88,38d53cbf1f7629b2c7d6f3974f707c09cf87810d7d1d657c3a0c2de5767ede88,true,true
ma-g4-mathematics-u09-l17,ma-g4-mathematics,24cc4b5c852acb6a6b6069696926904e0dd17c62bb54840fc34571bf423d565e,24cc4b5c852acb6a6b6069696926904e0dd17c62bb54840fc34571bf423d565e,true,e0eb4cc256f718e3ce3865240e214a81799b5ec81b5881327ca94e31d74c9ca0,e0eb4cc256f718e3ce3865240e214a81799b5ec81b5881327ca94e31d74c9ca0,true,true
ma-g4-mathematics-u09-l18,ma-g4-mathematics,73a3776b4c7c425fde3787e3eb622bb0324a0b24641aa3db757afa59dff888cd,73a3776b4c7c425fde3787e3eb622bb0324a0b24641aa3db757afa59dff888cd,true,0459fcd5244a9622b3b3eb3f8ca8e85251e47ae7a0ddf9c187429edb36674cfa,0459fcd5244a9622b3b3eb3f8ca8e85251e47ae7a0ddf9c187429edb36674cfa,true,true
ma-g4-mathematics-u10-l01,ma-g4-mathematics,752fb37cd052bf593caa06c98d4da67ffa0027b6868fe386cd84c2d692728aca,752fb37cd052bf593caa06c98d4da67ffa0027b6868fe386cd84c2d692728aca,true,45299ee76401f17046f88ae23c600724aab8cd410eb590e05c191ee433d661e8,45299ee76401f17046f88ae23c600724aab8cd410eb590e05c191ee433d661e8,true,true
ma-g4-mathematics-u10-l02,ma-g4-mathematics,f4bf2e847c9ccfedd06260ba7b5637e0a91b2802d807ebcab0758aa1b0dfe3ae,f4bf2e847c9ccfedd06260ba7b5637e0a91b2802d807ebcab0758aa1b0dfe3ae,true,e9226d3def0aee07b35de4c3c52ebf08d30ba2152fd3133a619378e0cb12b00e,e9226d3def0aee07b35de4c3c52ebf08d30ba2152fd3133a619378e0cb12b00e,true,true
ma-g4-mathematics-u10-l03,ma-g4-mathematics,6a0cda491210e82d88df8de8983d60b8a022235d440ed6220890b5480172b203,6a0cda491210e82d88df8de8983d60b8a022235d440ed6220890b5480172b203,true,744961e8486e3b8a748f22fc0ef09f0e1a8cbbb53773836eade8b417105146b2,744961e8486e3b8a748f22fc0ef09f0e1a8cbbb53773836eade8b417105146b2,true,true
ma-g4-mathematics-u10-l04,ma-g4-mathematics,891877809e28adbb1952afe9ce018f32e2fe3829cc7718a810d3be3e99c401b6,891877809e28adbb1952afe9ce018f32e2fe3829cc7718a810d3be3e99c401b6,true,317d43cc4a564510d69ad1ade43309cec34a32ff07cc8430c0beedf43a93faa9,317d43cc4a564510d69ad1ade43309cec34a32ff07cc8430c0beedf43a93faa9,true,true
ma-g4-mathematics-u10-l05,ma-g4-mathematics,611d9719cd059d33169f5a699d4705e11468878911ed9641c5e8beb01426a294,611d9719cd059d33169f5a699d4705e11468878911ed9641c5e8beb01426a294,true,2b1d3607b7d92a43f5abb4c51ab921fd06b6f845766ddd0387b8a8bc9e3f8467,2b1d3607b7d92a43f5abb4c51ab921fd06b6f845766ddd0387b8a8bc9e3f8467,true,true
ma-g4-mathematics-u10-l06,ma-g4-mathematics,3f03d87630b2c36f7a85c6048f51828f12180ca616182a6ec0f0d6edf233f7cd,3f03d87630b2c36f7a85c6048f51828f12180ca616182a6ec0f0d6edf233f7cd,true,cf4d280f2cf2fe4ab9fa08c7fb1d8ae412689b5cc7c4016a86fb61090f56d06a,cf4d280f2cf2fe4ab9fa08c7fb1d8ae412689b5cc7c4016a86fb61090f56d06a,true,true
ma-g4-mathematics-u10-l07,ma-g4-mathematics,62223a88370fdab18f1dc9dbd6b1c45dd6c153930cbfd5e914444795d9325003,62223a88370fdab18f1dc9dbd6b1c45dd6c153930cbfd5e914444795d9325003,true,cf4d280f2cf2fe4ab9fa08c7fb1d8ae412689b5cc7c4016a86fb61090f56d06a,cf4d280f2cf2fe4ab9fa08c7fb1d8ae412689b5cc7c4016a86fb61090f56d06a,true,true
ma-g4-mathematics-u10-l08,ma-g4-mathematics,27f714cf48f1c4433ad0515b6c0cd2d04623df184c842c90afe810f00a9c8080,27f714cf48f1c4433ad0515b6c0cd2d04623df184c842c90afe810f00a9c8080,true,d15172d03c33ba077e772ddbef09d0d7d784c61c7ff7e93eed6acf4b80a6e121,d15172d03c33ba077e772ddbef09d0d7d784c61c7ff7e93eed6acf4b80a6e121,true,true
ma-g4-mathematics-u10-l09,ma-g4-mathematics,28863cfe96f8afb094948abee1857f92dabff8b732b06341baa6ebe1db63dd9f,28863cfe96f8afb094948abee1857f92dabff8b732b06341baa6ebe1db63dd9f,true,2b1d3607b7d92a43f5abb4c51ab921fd06b6f845766ddd0387b8a8bc9e3f8467,2b1d3607b7d92a43f5abb4c51ab921fd06b6f845766ddd0387b8a8bc9e3f8467,true,true
ma-g4-mathematics-u10-l10,ma-g4-mathematics,c50a2bc078120c1c8425e19a90d988fc1892cdfe11a3b75e07a41f73ff86b306,c50a2bc078120c1c8425e19a90d988fc1892cdfe11a3b75e07a41f73ff86b306,true,cf4d280f2cf2fe4ab9fa08c7fb1d8ae412689b5cc7c4016a86fb61090f56d06a,cf4d280f2cf2fe4ab9fa08c7fb1d8ae412689b5cc7c4016a86fb61090f56d06a,true,true
ma-g4-mathematics-u10-l11,ma-g4-mathematics,95466fbfd8622505ba79c48f317af844a25935954ff1f388791ff476bb6ea6f3,95466fbfd8622505ba79c48f317af844a25935954ff1f388791ff476bb6ea6f3,true,5beb6ab39d96a88805d29a539f6cb7599d81dac80184f4f848c8dd1886c5dbdc,5beb6ab39d96a88805d29a539f6cb7599d81dac80184f4f848c8dd1886c5dbdc,true,true
ma-g4-mathematics-u10-l12,ma-g4-mathematics,0f135fb3c09c2092678a11aa396c05eed7c8ef39918c95d9e5e1575d2d0e14b0,0f135fb3c09c2092678a11aa396c05eed7c8ef39918c95d9e5e1575d2d0e14b0,true,5beb6ab39d96a88805d29a539f6cb7599d81dac80184f4f848c8dd1886c5dbdc,5beb6ab39d96a88805d29a539f6cb7599d81dac80184f4f848c8dd1886c5dbdc,true,true
ma-g4-mathematics-u10-l13,ma-g4-mathematics,0a462823c8f38e2b39c73130ffce16f16d691e20f0f38452c6e575bac4aeaa1f,0a462823c8f38e2b39c73130ffce16f16d691e20f0f38452c6e575bac4aeaa1f,true,e47b510910539fbf1cd23eb92640ba1719fa9424cc1e0307ba0062bc5b18239d,e47b510910539fbf1cd23eb92640ba1719fa9424cc1e0307ba0062bc5b18239d,true,true
ma-g4-mathematics-u10-l14,ma-g4-mathematics,bc987f3899a35bd1f498794aa38fed0e9f3d414c8fb7250846c9abd723b04067,bc987f3899a35bd1f498794aa38fed0e9f3d414c8fb7250846c9abd723b04067,true,3614e9915931b02a8e2897a7e7fb68f265eefaf4ff60adf54bac63f679b0a76e,3614e9915931b02a8e2897a7e7fb68f265eefaf4ff60adf54bac63f679b0a76e,true,true
ma-g4-mathematics-u10-l15,ma-g4-mathematics,177278dbe2a8fbd76b792d58cb136839cd184a7be3e04430b6c65d3837e2bbb9,177278dbe2a8fbd76b792d58cb136839cd184a7be3e04430b6c65d3837e2bbb9,true,0a09c2ae3f0fcf75b6b681bdfbfe3bb5dbf6c4e8190700be4381a5353c760d5a,0a09c2ae3f0fcf75b6b681bdfbfe3bb5dbf6c4e8190700be4381a5353c760d5a,true,true
ma-g4-mathematics-u10-l16,ma-g4-mathematics,bcd64d4b1c5dc28a12a3bdc0fcedda5eed00985f84973f8e88118dd459657480,bcd64d4b1c5dc28a12a3bdc0fcedda5eed00985f84973f8e88118dd459657480,true,d0e01934b1dcf9d0151c0a92ee013d59d90ecc54fe44997da811cc3f2755a3b2,d0e01934b1dcf9d0151c0a92ee013d59d90ecc54fe44997da811cc3f2755a3b2,true,true
ma-g4-mathematics-u10-l17,ma-g4-mathematics,6921f46295b3ec742b83680492d66b4a7101fef86f6d48ecd5e3b0fe8b5994cf,6921f46295b3ec742b83680492d66b4a7101fef86f6d48ecd5e3b0fe8b5994cf,true,99ab615054fd41cb61ccab1c90f26e82b70c35bddcc162780e46ce663ea201dd,99ab615054fd41cb61ccab1c90f26e82b70c35bddcc162780e46ce663ea201dd,true,true
ma-g4-mathematics-u10-l18,ma-g4-mathematics,31d2ab4b0919d8fcdf1331fc2a46851bf58493c6fae15ba5de04d58edac9e95c,31d2ab4b0919d8fcdf1331fc2a46851bf58493c6fae15ba5de04d58edac9e95c,true,40f45d9d453b3b759cbbaa03fdf2da475a8fd3d5acc9ce8016ca910562c2f691,40f45d9d453b3b759cbbaa03fdf2da475a8fd3d5acc9ce8016ca910562c2f691,true,true
ma-g4-english-language-arts-u01-l01,ma-g4-english-language-arts,59e723aed9f363866352ad502111f20328432b56278d35848e2208505c4c89c5,59e723aed9f363866352ad502111f20328432b56278d35848e2208505c4c89c5,true,fc6ee95a94d7f48c13f5feb8c1d3c44cb35b6f510dced2537a9754074c9904d7,fc6ee95a94d7f48c13f5feb8c1d3c44cb35b6f510dced2537a9754074c9904d7,true,true
ma-g4-english-language-arts-u01-l02,ma-g4-english-language-arts,a83d7164200076dd377185c35182bb68f6c72a708818e10c35599338b5a21c13,a83d7164200076dd377185c35182bb68f6c72a708818e10c35599338b5a21c13,true,adea9eac82135e0d03f0255e39b03bf6030424781b4a4fac1eb9daf6a5cf2757,adea9eac82135e0d03f0255e39b03bf6030424781b4a4fac1eb9daf6a5cf2757,true,true
ma-g4-english-language-arts-u01-l03,ma-g4-english-language-arts,3d476edccb24c3b0c2880be5f78a0374bb389fcd870d6708589a334e77550879,3d476edccb24c3b0c2880be5f78a0374bb389fcd870d6708589a334e77550879,true,fc6ee95a94d7f48c13f5feb8c1d3c44cb35b6f510dced2537a9754074c9904d7,fc6ee95a94d7f48c13f5feb8c1d3c44cb35b6f510dced2537a9754074c9904d7,true,true
ma-g4-english-language-arts-u01-l04,ma-g4-english-language-arts,d4fb598f813006513612e2754292460215898f4d300efafa5699e7c41e88ffed,d4fb598f813006513612e2754292460215898f4d300efafa5699e7c41e88ffed,true,fc6ee95a94d7f48c13f5feb8c1d3c44cb35b6f510dced2537a9754074c9904d7,fc6ee95a94d7f48c13f5feb8c1d3c44cb35b6f510dced2537a9754074c9904d7,true,true
ma-g4-english-language-arts-u01-l05,ma-g4-english-language-arts,ffe2111592da58398548ca4dcb71bb5eeb315ad87bfd1e5da838b7fd9b8c377e,ffe2111592da58398548ca4dcb71bb5eeb315ad87bfd1e5da838b7fd9b8c377e,true,83da94e5390c95d453dbf81af248c3a28071bcb9c3b035701dd43c1289eb0ba8,83da94e5390c95d453dbf81af248c3a28071bcb9c3b035701dd43c1289eb0ba8,true,true
ma-g4-english-language-arts-u01-l06,ma-g4-english-language-arts,2bd61cf110fe9d45d13bca5c7f17f34e9b55f6d185a511eb712b5e5b3424874c,2bd61cf110fe9d45d13bca5c7f17f34e9b55f6d185a511eb712b5e5b3424874c,true,e8ab086eda5ea8172a943c2241c61f52296c96c525728b67a01e4f747fcee510,e8ab086eda5ea8172a943c2241c61f52296c96c525728b67a01e4f747fcee510,true,true
ma-g4-english-language-arts-u01-l07,ma-g4-english-language-arts,6f29e4fc7d91e17bc3e0ba37d5481fa364269fe0cabe3a082797780c7fd6daa1,6f29e4fc7d91e17bc3e0ba37d5481fa364269fe0cabe3a082797780c7fd6daa1,true,fc6ee95a94d7f48c13f5feb8c1d3c44cb35b6f510dced2537a9754074c9904d7,fc6ee95a94d7f48c13f5feb8c1d3c44cb35b6f510dced2537a9754074c9904d7,true,true
ma-g4-english-language-arts-u01-l08,ma-g4-english-language-arts,7765d84c128b03448bf6a7e2787bfa724063a06b6ade835ec72e971880b43cae,7765d84c128b03448bf6a7e2787bfa724063a06b6ade835ec72e971880b43cae,true,fc6ee95a94d7f48c13f5feb8c1d3c44cb35b6f510dced2537a9754074c9904d7,fc6ee95a94d7f48c13f5feb8c1d3c44cb35b6f510dced2537a9754074c9904d7,true,true
ma-g4-english-language-arts-u01-l09,ma-g4-english-language-arts,5ede4cb6c484050c6ad39cd77645d4821591205e2f30eb96a1bd0a34243776f4,5ede4cb6c484050c6ad39cd77645d4821591205e2f30eb96a1bd0a34243776f4,true,e8ab086eda5ea8172a943c2241c61f52296c96c525728b67a01e4f747fcee510,e8ab086eda5ea8172a943c2241c61f52296c96c525728b67a01e4f747fcee510,true,true
ma-g4-english-language-arts-u01-l10,ma-g4-english-language-arts,1e861a55f459c3fb955013534e64aef45d0cb49fad5a35972a716b03ae7d295b,1e861a55f459c3fb955013534e64aef45d0cb49fad5a35972a716b03ae7d295b,true,f3214c4d30745ff1d52b564386cf7439c243a118e67e949cd8369a603a85fe76,f3214c4d30745ff1d52b564386cf7439c243a118e67e949cd8369a603a85fe76,true,true
ma-g4-english-language-arts-u01-l11,ma-g4-english-language-arts,03456f11698b39363bf7b3678224d8354084e2775943fcacb15b82b409182512,03456f11698b39363bf7b3678224d8354084e2775943fcacb15b82b409182512,true,a0568fabec681fd1fe4b7a83ab6399b7bebf620fbcab2cd00c82d8eac6fa71ff,a0568fabec681fd1fe4b7a83ab6399b7bebf620fbcab2cd00c82d8eac6fa71ff,true,true
ma-g4-english-language-arts-u01-l12,ma-g4-english-language-arts,5830ddb7a74d8d619c273a6ff4975162a5434e64c23d72a207c1ec9304783d58,5830ddb7a74d8d619c273a6ff4975162a5434e64c23d72a207c1ec9304783d58,true,be5952ea410ce066682f1fcd3f7c5c327c3ed346acdbb94ff7f6037be6b8b159,be5952ea410ce066682f1fcd3f7c5c327c3ed346acdbb94ff7f6037be6b8b159,true,true
ma-g4-english-language-arts-u01-l13,ma-g4-english-language-arts,4657c19198b5e2be9111a520c7967d0353196d92c03fbb91150d035820b58633,4657c19198b5e2be9111a520c7967d0353196d92c03fbb91150d035820b58633,true,7bf76ca54ae89280ee8294a78f8b199bfc82d285f2ade29dccb74b4b08e01fb7,7bf76ca54ae89280ee8294a78f8b199bfc82d285f2ade29dccb74b4b08e01fb7,true,true
ma-g4-english-language-arts-u01-l14,ma-g4-english-language-arts,97f8596a48088a385119db2fb6ad7b94e40f4f0fdf4b6805c78a5a2fca40678c,97f8596a48088a385119db2fb6ad7b94e40f4f0fdf4b6805c78a5a2fca40678c,true,639c366885b3aaf4cb829be551806faaad3c406d36f554583ceaabed27a62174,639c366885b3aaf4cb829be551806faaad3c406d36f554583ceaabed27a62174,true,true
ma-g4-english-language-arts-u01-l15,ma-g4-english-language-arts,eeb07ed328562f7954bcfd9910d4f686d87d9e1fe22616800746bad18ca6ee94,eeb07ed328562f7954bcfd9910d4f686d87d9e1fe22616800746bad18ca6ee94,true,fc6ee95a94d7f48c13f5feb8c1d3c44cb35b6f510dced2537a9754074c9904d7,fc6ee95a94d7f48c13f5feb8c1d3c44cb35b6f510dced2537a9754074c9904d7,true,true
ma-g4-english-language-arts-u01-l16,ma-g4-english-language-arts,ba6b15fa8544b6e7f07dbd2879573872ed970cde2a9141d20addf2153a56fd62,ba6b15fa8544b6e7f07dbd2879573872ed970cde2a9141d20addf2153a56fd62,true,30b18205c3e6b6f675645ed065a0215d937b37492db9760b403cde668f44735f,30b18205c3e6b6f675645ed065a0215d937b37492db9760b403cde668f44735f,true,true
ma-g4-english-language-arts-u01-l17,ma-g4-english-language-arts,ed8e7f2c5cc012a8a38efe2bc843078080973ac7240e0c37ecaa7870f0987c5f,ed8e7f2c5cc012a8a38efe2bc843078080973ac7240e0c37ecaa7870f0987c5f,true,f3ec2317f6e81f8b2d4882d49bfffba476f8544bc801ca7e6cc0a1f226480ccc,f3ec2317f6e81f8b2d4882d49bfffba476f8544bc801ca7e6cc0a1f226480ccc,true,true
ma-g4-english-language-arts-u01-l18,ma-g4-english-language-arts,35740719a9a58c801864961ef7b95c315031b69f29bd51ac142e26bcd13d35d0,35740719a9a58c801864961ef7b95c315031b69f29bd51ac142e26bcd13d35d0,true,85e8ab59b94de9fa6d1967d763e66cb120da158baf3be58faf0b958d4ac45fd4,85e8ab59b94de9fa6d1967d763e66cb120da158baf3be58faf0b958d4ac45fd4,true,true
ma-g4-english-language-arts-u02-l01,ma-g4-english-language-arts,67c335dfd29c883fffc29658405f89ae55827cc94255efad475e2cb3cb3d0b5d,67c335dfd29c883fffc29658405f89ae55827cc94255efad475e2cb3cb3d0b5d,true,378da5f6a301516e7d2910c7c24123b7ebcab686c00471ba55fbd545d0fc5c11,378da5f6a301516e7d2910c7c24123b7ebcab686c00471ba55fbd545d0fc5c11,true,true
ma-g4-english-language-arts-u02-l02,ma-g4-english-language-arts,eb29d1fe920ba5cc519b640d86c9c9f7bc5b53b8102fc422e69cf4f9b3d694a9,eb29d1fe920ba5cc519b640d86c9c9f7bc5b53b8102fc422e69cf4f9b3d694a9,true,ad4bc8a4947b8e5e21201eca22d33f889199ff82dcb24f700d299a67bbc9b5e0,ad4bc8a4947b8e5e21201eca22d33f889199ff82dcb24f700d299a67bbc9b5e0,true,true
ma-g4-english-language-arts-u02-l03,ma-g4-english-language-arts,5e7da14c3a70c8c9c1ea38f0c91ee6729db0863d66547f0f1f19c0c6b194d8bc,5e7da14c3a70c8c9c1ea38f0c91ee6729db0863d66547f0f1f19c0c6b194d8bc,true,378da5f6a301516e7d2910c7c24123b7ebcab686c00471ba55fbd545d0fc5c11,378da5f6a301516e7d2910c7c24123b7ebcab686c00471ba55fbd545d0fc5c11,true,true
ma-g4-english-language-arts-u02-l04,ma-g4-english-language-arts,ba3e7028a9b5a27c1cd6a2e0d6d98d18552221863bf4190b44ce915d30eb1513,ba3e7028a9b5a27c1cd6a2e0d6d98d18552221863bf4190b44ce915d30eb1513,true,378da5f6a301516e7d2910c7c24123b7ebcab686c00471ba55fbd545d0fc5c11,378da5f6a301516e7d2910c7c24123b7ebcab686c00471ba55fbd545d0fc5c11,true,true
ma-g4-english-language-arts-u02-l05,ma-g4-english-language-arts,e45184eb49084e41b60b4f5fa1e9589a8e2efbda66a76203471740709e8ac36b,e45184eb49084e41b60b4f5fa1e9589a8e2efbda66a76203471740709e8ac36b,true,09a166eb3818430321bc3df0bf14879077a6639670adf01ff54119c2de446835,09a166eb3818430321bc3df0bf14879077a6639670adf01ff54119c2de446835,true,true
ma-g4-english-language-arts-u02-l06,ma-g4-english-language-arts,33d750d52aa246536d18738952d70660d28f9a5e93b1f59331480ee7b17573db,33d750d52aa246536d18738952d70660d28f9a5e93b1f59331480ee7b17573db,true,378da5f6a301516e7d2910c7c24123b7ebcab686c00471ba55fbd545d0fc5c11,378da5f6a301516e7d2910c7c24123b7ebcab686c00471ba55fbd545d0fc5c11,true,true
ma-g4-english-language-arts-u02-l07,ma-g4-english-language-arts,ee3530d708ab85f5ff4c0358098969e22687f63b698c87c4874e63be2283d7b2,ee3530d708ab85f5ff4c0358098969e22687f63b698c87c4874e63be2283d7b2,true,378da5f6a301516e7d2910c7c24123b7ebcab686c00471ba55fbd545d0fc5c11,378da5f6a301516e7d2910c7c24123b7ebcab686c00471ba55fbd545d0fc5c11,true,true
ma-g4-english-language-arts-u02-l08,ma-g4-english-language-arts,a04185680bd93354234083b162be2807f847a9a8b5ca398c0f26f048d053c0a9,a04185680bd93354234083b162be2807f847a9a8b5ca398c0f26f048d053c0a9,true,e06aeea81df5fad26254a8be2fd4331e856155bb41d41b4cc553c6a086b8b875,e06aeea81df5fad26254a8be2fd4331e856155bb41d41b4cc553c6a086b8b875,true,true
ma-g4-english-language-arts-u02-l09,ma-g4-english-language-arts,80c708cb22ecc35b0c121de5d4065607b4ed1ed7470d22cb1ee4e64886f0b42b,80c708cb22ecc35b0c121de5d4065607b4ed1ed7470d22cb1ee4e64886f0b42b,true,378da5f6a301516e7d2910c7c24123b7ebcab686c00471ba55fbd545d0fc5c11,378da5f6a301516e7d2910c7c24123b7ebcab686c00471ba55fbd545d0fc5c11,true,true
ma-g4-english-language-arts-u02-l10,ma-g4-english-language-arts,505335c34f7f3254fcd4569ccf52e690138f30e76c91ea2e941fa3ec2179dc92,505335c34f7f3254fcd4569ccf52e690138f30e76c91ea2e941fa3ec2179dc92,true,a673b76c14b49f5064ae7af741fd2e9469fc55769ebcd264a1b5d50ab4e44d18,a673b76c14b49f5064ae7af741fd2e9469fc55769ebcd264a1b5d50ab4e44d18,true,true
ma-g4-english-language-arts-u02-l11,ma-g4-english-language-arts,fe98ac0d8946293961ef37cdd3023f59c58b471da88dfcaf9a2a22eb52e4a57a,fe98ac0d8946293961ef37cdd3023f59c58b471da88dfcaf9a2a22eb52e4a57a,true,4bcee9719da7a201d43f351f4265c13718a6805fd0a58e471395bef3a5919a40,4bcee9719da7a201d43f351f4265c13718a6805fd0a58e471395bef3a5919a40,true,true
ma-g4-english-language-arts-u02-l12,ma-g4-english-language-arts,6e8c2573770cd46753d922c47e3201739011c429dd918192af457e379eed3891,6e8c2573770cd46753d922c47e3201739011c429dd918192af457e379eed3891,true,ba07862f02ae371aa174ff881c4042a1e1476f35ba025d92498c2d38bfd4bba5,ba07862f02ae371aa174ff881c4042a1e1476f35ba025d92498c2d38bfd4bba5,true,true
ma-g4-english-language-arts-u02-l13,ma-g4-english-language-arts,3a545e5762a94ff66024229372dc9c604a26016c0a457c415bcd9763b133e9b6,3a545e5762a94ff66024229372dc9c604a26016c0a457c415bcd9763b133e9b6,true,01bd0b9ba3c381592b74a36b935b4d75d83e6e27288e558fc14dcdf5e4ecb6d8,01bd0b9ba3c381592b74a36b935b4d75d83e6e27288e558fc14dcdf5e4ecb6d8,true,true
ma-g4-english-language-arts-u02-l14,ma-g4-english-language-arts,e438ee90c896e6eeda15fa7bfafeeeda01036dea1f55428e135200474409260c,e438ee90c896e6eeda15fa7bfafeeeda01036dea1f55428e135200474409260c,true,639c366885b3aaf4cb829be551806faaad3c406d36f554583ceaabed27a62174,639c366885b3aaf4cb829be551806faaad3c406d36f554583ceaabed27a62174,true,true
ma-g4-english-language-arts-u02-l15,ma-g4-english-language-arts,559272e9023dc7b36d4fefdb6c7fd148ec68fbf8bb4f5160d72f1b304894d997,559272e9023dc7b36d4fefdb6c7fd148ec68fbf8bb4f5160d72f1b304894d997,true,41fdbe411af9f1ba22d0807945c7038f82d55c5284bf4504eb7e1c719f531263,41fdbe411af9f1ba22d0807945c7038f82d55c5284bf4504eb7e1c719f531263,true,true
ma-g4-english-language-arts-u02-l16,ma-g4-english-language-arts,5009aa6c638c432e8a6e46778735c1a6858474893a53f0e3f8894bf1bcdb1ec0,5009aa6c638c432e8a6e46778735c1a6858474893a53f0e3f8894bf1bcdb1ec0,true,2a20e5ecad034cf1995d7b520a4e86c1ec231746dc15685da805c74f662e2b85,2a20e5ecad034cf1995d7b520a4e86c1ec231746dc15685da805c74f662e2b85,true,true
ma-g4-english-language-arts-u02-l17,ma-g4-english-language-arts,d9bf286105b0f00b86203b897f8665df17de3d93d14538cd99c57759e8a2915b,d9bf286105b0f00b86203b897f8665df17de3d93d14538cd99c57759e8a2915b,true,2a6ff4f2ff80c2da7f7b7efd2e22811934d39a189a816e7cc2d54661e2873981,2a6ff4f2ff80c2da7f7b7efd2e22811934d39a189a816e7cc2d54661e2873981,true,true
ma-g4-english-language-arts-u02-l18,ma-g4-english-language-arts,b806529a06aa213e86919bdd77f4bde60c8f93ba6a3e00789f37c8e3bf63877e,b806529a06aa213e86919bdd77f4bde60c8f93ba6a3e00789f37c8e3bf63877e,true,4ac234bba3a992f26511aadd3d47f4f379d14d132e1f7173e2b9631b20478ab2,4ac234bba3a992f26511aadd3d47f4f379d14d132e1f7173e2b9631b20478ab2,true,true
ma-g4-english-language-arts-u03-l01,ma-g4-english-language-arts,7c3e91af734fe587d961621b4be7c3e9e51cb1ad40d3e55cce15be2e3a11b805,7c3e91af734fe587d961621b4be7c3e9e51cb1ad40d3e55cce15be2e3a11b805,true,2c366578e3f049caa4ebaf217cf68bd6567d796ea6a92d0faee69f7b3b501ae6,2c366578e3f049caa4ebaf217cf68bd6567d796ea6a92d0faee69f7b3b501ae6,true,true
ma-g4-english-language-arts-u03-l02,ma-g4-english-language-arts,711c51c62e8be848516f27a8da3e99442423b5ffd8447635f64f1e45b3ba1bac,711c51c62e8be848516f27a8da3e99442423b5ffd8447635f64f1e45b3ba1bac,true,9eee815528ca18ce59c4dbed5ba21de367d79d45a57ab83e11880434f5b2fe32,9eee815528ca18ce59c4dbed5ba21de367d79d45a57ab83e11880434f5b2fe32,true,true
ma-g4-english-language-arts-u03-l03,ma-g4-english-language-arts,32c4b1ee35724279f075ca0875abe3d54cd65809bbd8736d2e481f721de5d88b,32c4b1ee35724279f075ca0875abe3d54cd65809bbd8736d2e481f721de5d88b,true,c5938712b0524eed9e8c2add1a06022f250a459128250c2f8988d37ae2338376,c5938712b0524eed9e8c2add1a06022f250a459128250c2f8988d37ae2338376,true,true
ma-g4-english-language-arts-u03-l04,ma-g4-english-language-arts,605d8785af115a5078d6a7093be8a70188f3a2fd0ae34cf9451c7f00e57db0b2,605d8785af115a5078d6a7093be8a70188f3a2fd0ae34cf9451c7f00e57db0b2,true,c5938712b0524eed9e8c2add1a06022f250a459128250c2f8988d37ae2338376,c5938712b0524eed9e8c2add1a06022f250a459128250c2f8988d37ae2338376,true,true
ma-g4-english-language-arts-u03-l05,ma-g4-english-language-arts,34138cf137e9026835d4de8678788da97c5da250b0651802dcbc7c783255b2ea,34138cf137e9026835d4de8678788da97c5da250b0651802dcbc7c783255b2ea,true,522d381526db2bf22a21f7c8afbfe32100ef42e7f43cd3fbcf02f71c710c2fbc,522d381526db2bf22a21f7c8afbfe32100ef42e7f43cd3fbcf02f71c710c2fbc,true,true
ma-g4-english-language-arts-u03-l06,ma-g4-english-language-arts,651111b1df6618cef1274295c99e009cb69588a63db9493909aa434fa947021c,651111b1df6618cef1274295c99e009cb69588a63db9493909aa434fa947021c,true,bc5e089ae87c9399cb65735337e1d2257cac02f0f5edf4d57bda60939e132797,bc5e089ae87c9399cb65735337e1d2257cac02f0f5edf4d57bda60939e132797,true,true
ma-g4-english-language-arts-u03-l07,ma-g4-english-language-arts,adb684e58636e1cc22910a20d3471627605b40f0f407de5166baeb636ce237a1,adb684e58636e1cc22910a20d3471627605b40f0f407de5166baeb636ce237a1,true,3f6c2bfd1fa377c02449a318e9427feac69c4773552cc29ee4e809977d941910,3f6c2bfd1fa377c02449a318e9427feac69c4773552cc29ee4e809977d941910,true,true
ma-g4-english-language-arts-u03-l08,ma-g4-english-language-arts,84ecafcf3b0d2654149e0b9f1a48d93bca9ce23f3f4b8a1c0c2becd3c9d13612,84ecafcf3b0d2654149e0b9f1a48d93bca9ce23f3f4b8a1c0c2becd3c9d13612,true,3f6c2bfd1fa377c02449a318e9427feac69c4773552cc29ee4e809977d941910,3f6c2bfd1fa377c02449a318e9427feac69c4773552cc29ee4e809977d941910,true,true
ma-g4-english-language-arts-u03-l09,ma-g4-english-language-arts,bbab84c957ec505532a2927099158752a7d81a3bb03b585d3a763f48e6d3afa3,bbab84c957ec505532a2927099158752a7d81a3bb03b585d3a763f48e6d3afa3,true,2c366578e3f049caa4ebaf217cf68bd6567d796ea6a92d0faee69f7b3b501ae6,2c366578e3f049caa4ebaf217cf68bd6567d796ea6a92d0faee69f7b3b501ae6,true,true
ma-g4-english-language-arts-u03-l10,ma-g4-english-language-arts,0e894badae17d485aadf5e151d6db98b383aaa37769317b2b4bc2a74840e7bf4,0e894badae17d485aadf5e151d6db98b383aaa37769317b2b4bc2a74840e7bf4,true,1c7ddd4284771143375d4f55022e165ff8f25eea49bdc9f5e4c03d815dc71946,1c7ddd4284771143375d4f55022e165ff8f25eea49bdc9f5e4c03d815dc71946,true,true
ma-g4-english-language-arts-u03-l11,ma-g4-english-language-arts,35fdaad8c8c5d5f68466aa99619103584782742fa8bf6e0116623321602d8f57,35fdaad8c8c5d5f68466aa99619103584782742fa8bf6e0116623321602d8f57,true,285e6c9647237ad9e0fb83812dc8411851f40e15ecbcbd0525dd57f70bc34b0a,285e6c9647237ad9e0fb83812dc8411851f40e15ecbcbd0525dd57f70bc34b0a,true,true
ma-g4-english-language-arts-u03-l12,ma-g4-english-language-arts,a3bc28a2e521f570d8a2c4d59362bd43c8cfd08d8133d293d35d3876e2fe424d,a3bc28a2e521f570d8a2c4d59362bd43c8cfd08d8133d293d35d3876e2fe424d,true,96a027d3345cf4bf21ae3f659e00ad3ad4772bf20a14c756e8a72ca142632674,96a027d3345cf4bf21ae3f659e00ad3ad4772bf20a14c756e8a72ca142632674,true,true
ma-g4-english-language-arts-u03-l13,ma-g4-english-language-arts,5ab7ee7a5d3104c84314eb201bd6a06af026eba307b61c585176c2dfb528d310,5ab7ee7a5d3104c84314eb201bd6a06af026eba307b61c585176c2dfb528d310,true,4e7feb1f95718c5b43564e6b4a8c2ee4a34405e2bcb185c18675735e6d7d2f98,4e7feb1f95718c5b43564e6b4a8c2ee4a34405e2bcb185c18675735e6d7d2f98,true,true
ma-g4-english-language-arts-u03-l14,ma-g4-english-language-arts,c4fcd54e736beb4f16fd23e974bc08f657565062630a973f51d6fecdf9129bc8,c4fcd54e736beb4f16fd23e974bc08f657565062630a973f51d6fecdf9129bc8,true,639c366885b3aaf4cb829be551806faaad3c406d36f554583ceaabed27a62174,639c366885b3aaf4cb829be551806faaad3c406d36f554583ceaabed27a62174,true,true
ma-g4-english-language-arts-u03-l15,ma-g4-english-language-arts,d4d2b88a04f31aeba48dced27c58d185024af16524ac9d7318f1bcbb8ae91466,d4d2b88a04f31aeba48dced27c58d185024af16524ac9d7318f1bcbb8ae91466,true,616aadfcf2b6601f6641e35a91830e99a421309e0a0e92397149002ebf56685a,616aadfcf2b6601f6641e35a91830e99a421309e0a0e92397149002ebf56685a,true,true
ma-g4-english-language-arts-u03-l16,ma-g4-english-language-arts,e0621e433dcdc77b060558b8d2e79e824bd9103d959916d6217466edfd334119,e0621e433dcdc77b060558b8d2e79e824bd9103d959916d6217466edfd334119,true,13c8cb3d452901e2c8660454791572a59c01703313ae4c53a91f4fa0eef1f09e,13c8cb3d452901e2c8660454791572a59c01703313ae4c53a91f4fa0eef1f09e,true,true
ma-g4-english-language-arts-u03-l17,ma-g4-english-language-arts,62ebf5406bc7ef46f0bc415f0c3048900d298815f764d06f7c40550004f8958e,62ebf5406bc7ef46f0bc415f0c3048900d298815f764d06f7c40550004f8958e,true,86e535e35a6c7972c32bf82561a9364c84f4056d9c5ff6c8b87049af690bb601,86e535e35a6c7972c32bf82561a9364c84f4056d9c5ff6c8b87049af690bb601,true,true
ma-g4-english-language-arts-u03-l18,ma-g4-english-language-arts,069adc59ef9b01061d3b421b8432d469fd50ec0e219d1aff7d763552a0b3992c,069adc59ef9b01061d3b421b8432d469fd50ec0e219d1aff7d763552a0b3992c,true,ed88aeea0ece94df5c18dbe0c325994a504032fd47fafa23a2539e127e9e2326,ed88aeea0ece94df5c18dbe0c325994a504032fd47fafa23a2539e127e9e2326,true,true
ma-g4-english-language-arts-u04-l01,ma-g4-english-language-arts,d8abe8929ddca0376db505e2cfa028afb5bbdce550beb2498bd8af85e7869a8e,d8abe8929ddca0376db505e2cfa028afb5bbdce550beb2498bd8af85e7869a8e,true,c8f08f47c9f11e0c560048f4e1d504a777456eddde2e7f682471c663dba50145,c8f08f47c9f11e0c560048f4e1d504a777456eddde2e7f682471c663dba50145,true,true
ma-g4-english-language-arts-u04-l02,ma-g4-english-language-arts,a6963300efab163e322a19d95efcc71a6798e2b2f4b895ad10a023e25d384663,a6963300efab163e322a19d95efcc71a6798e2b2f4b895ad10a023e25d384663,true,2d44d3264b33cc2ca39bfaa3096cec535c6394af11d9272ddd4ea6e645f5f0db,2d44d3264b33cc2ca39bfaa3096cec535c6394af11d9272ddd4ea6e645f5f0db,true,true
ma-g4-english-language-arts-u04-l03,ma-g4-english-language-arts,f762c253627845511c492e2a3628c1993c7e8b43aa017c34bc4365565d3009be,f762c253627845511c492e2a3628c1993c7e8b43aa017c34bc4365565d3009be,true,c8f08f47c9f11e0c560048f4e1d504a777456eddde2e7f682471c663dba50145,c8f08f47c9f11e0c560048f4e1d504a777456eddde2e7f682471c663dba50145,true,true
ma-g4-english-language-arts-u04-l04,ma-g4-english-language-arts,8adccdaed3b2974fb6ccef66733908804a9a83a7e6ff73ca3280c4b6112feecc,8adccdaed3b2974fb6ccef66733908804a9a83a7e6ff73ca3280c4b6112feecc,true,b9132605d365296bc1492af4508d51051a3248f5e3702249f83c7cee2d5d27e5,b9132605d365296bc1492af4508d51051a3248f5e3702249f83c7cee2d5d27e5,true,true
ma-g4-english-language-arts-u04-l05,ma-g4-english-language-arts,a3809c8c70468963aba58aecd273a734d858b8db81583888f8b3c76923bae194,a3809c8c70468963aba58aecd273a734d858b8db81583888f8b3c76923bae194,true,5d974b7300a997d4f901414801fc4eb7479652310eb88c48db4a09690c7304df,5d974b7300a997d4f901414801fc4eb7479652310eb88c48db4a09690c7304df,true,true
ma-g4-english-language-arts-u04-l06,ma-g4-english-language-arts,7939712db8905f505c3d1305f52649ba35f34e51814f2730f9feb88d7799cbb2,7939712db8905f505c3d1305f52649ba35f34e51814f2730f9feb88d7799cbb2,true,c8f08f47c9f11e0c560048f4e1d504a777456eddde2e7f682471c663dba50145,c8f08f47c9f11e0c560048f4e1d504a777456eddde2e7f682471c663dba50145,true,true
ma-g4-english-language-arts-u04-l07,ma-g4-english-language-arts,e25253530fa5e4fc58356cfb299ae595f19966222c0bebc15c48013f1cbba4c2,e25253530fa5e4fc58356cfb299ae595f19966222c0bebc15c48013f1cbba4c2,true,2b028d420326d904c9be00f2eada8e4eb81937d8664381f983137216b1df6463,2b028d420326d904c9be00f2eada8e4eb81937d8664381f983137216b1df6463,true,true
ma-g4-english-language-arts-u04-l08,ma-g4-english-language-arts,c0cf011891aac1ec90f96a9a49a503b3df82612a2afca7301ec624c548027da9,c0cf011891aac1ec90f96a9a49a503b3df82612a2afca7301ec624c548027da9,true,2b028d420326d904c9be00f2eada8e4eb81937d8664381f983137216b1df6463,2b028d420326d904c9be00f2eada8e4eb81937d8664381f983137216b1df6463,true,true
ma-g4-english-language-arts-u04-l09,ma-g4-english-language-arts,78e8a90a31c94e9e982e9433f42f8f938394973494039d7013669babf9ee01bc,78e8a90a31c94e9e982e9433f42f8f938394973494039d7013669babf9ee01bc,true,c8f08f47c9f11e0c560048f4e1d504a777456eddde2e7f682471c663dba50145,c8f08f47c9f11e0c560048f4e1d504a777456eddde2e7f682471c663dba50145,true,true
ma-g4-english-language-arts-u04-l10,ma-g4-english-language-arts,2ab2fa805757ca752caf90e3f2b646400a14e63a2ec84861ede30902bc39822b,2ab2fa805757ca752caf90e3f2b646400a14e63a2ec84861ede30902bc39822b,true,ac848d1afaf8bb3628372328de6a88fd431190fff3336532a34f0ad7f9a6d53a,ac848d1afaf8bb3628372328de6a88fd431190fff3336532a34f0ad7f9a6d53a,true,true
ma-g4-english-language-arts-u04-l11,ma-g4-english-language-arts,0b6827024723b248b67c90716d02fbb83d1037ee16bb68767a6a20faca55491b,0b6827024723b248b67c90716d02fbb83d1037ee16bb68767a6a20faca55491b,true,3b379773d56358995fe0f6060c41ee81757a95a7d1ab5144b532a37e8513ac2d,3b379773d56358995fe0f6060c41ee81757a95a7d1ab5144b532a37e8513ac2d,true,true
ma-g4-english-language-arts-u04-l12,ma-g4-english-language-arts,ee9424302aee36c3142d939a84fc932225dcbac122f74324b7e5b577e0747ca1,ee9424302aee36c3142d939a84fc932225dcbac122f74324b7e5b577e0747ca1,true,5d45181c0ab8f94243d7be4c9c29d909e3f7319f41cf4e249833250eb4f30e0f,5d45181c0ab8f94243d7be4c9c29d909e3f7319f41cf4e249833250eb4f30e0f,true,true
ma-g4-english-language-arts-u04-l13,ma-g4-english-language-arts,f5d0a93931392bcfb5748805e8b37d135715e32d444dec6883b6c0dc70a3173e,f5d0a93931392bcfb5748805e8b37d135715e32d444dec6883b6c0dc70a3173e,true,8f2985c43215c022eb59ce72e9d2732a6f3f64301c2d7e645b3e62f6a5933bb6,8f2985c43215c022eb59ce72e9d2732a6f3f64301c2d7e645b3e62f6a5933bb6,true,true
ma-g4-english-language-arts-u04-l14,ma-g4-english-language-arts,618e98e3045860d079145d7c9f30f4d9bdd3dd533ede413b880b2403ccecc29d,618e98e3045860d079145d7c9f30f4d9bdd3dd533ede413b880b2403ccecc29d,true,aa34a774950b4c61e183d716fae6358fbe2934c9548bd5977ec85ffb5027958d,aa34a774950b4c61e183d716fae6358fbe2934c9548bd5977ec85ffb5027958d,true,true
ma-g4-english-language-arts-u04-l15,ma-g4-english-language-arts,82e01354b0ed650174afd954697954dcddc5787e8ea44ca36c2e38119046aa07,82e01354b0ed650174afd954697954dcddc5787e8ea44ca36c2e38119046aa07,true,880168e18840140357798bd2ec4380961e36ad433fae31bee46759203fe68c7c,880168e18840140357798bd2ec4380961e36ad433fae31bee46759203fe68c7c,true,true
ma-g4-english-language-arts-u04-l16,ma-g4-english-language-arts,19bbd0791312612974d4054b07d72f46c42dd979a8e4e3d405ef4b6edca193bd,19bbd0791312612974d4054b07d72f46c42dd979a8e4e3d405ef4b6edca193bd,true,781ede16b319b3ae3ccb19e836291c39269e28a34a5e7f88a5a84f7a66390d39,781ede16b319b3ae3ccb19e836291c39269e28a34a5e7f88a5a84f7a66390d39,true,true
ma-g4-english-language-arts-u04-l17,ma-g4-english-language-arts,e84c2209004b1df8e9f429d9ed8ca20288643f7c3d00939e94ebf633b9fd3add,e84c2209004b1df8e9f429d9ed8ca20288643f7c3d00939e94ebf633b9fd3add,true,2c2ab3e1e635f7f047b4b3b894d23aa1c5ea21a4a1a20be3416f7c0a9799076e,2c2ab3e1e635f7f047b4b3b894d23aa1c5ea21a4a1a20be3416f7c0a9799076e,true,true
ma-g4-english-language-arts-u04-l18,ma-g4-english-language-arts,65eded164a3ad6a690bd93b48b2aebc7448bd9241ea2df29a63f95d8b8581c37,65eded164a3ad6a690bd93b48b2aebc7448bd9241ea2df29a63f95d8b8581c37,true,f66a2166810bce47e833a6980aa67ec148cb1352f70030399b0ee075e7f7d038,f66a2166810bce47e833a6980aa67ec148cb1352f70030399b0ee075e7f7d038,true,true
ma-g4-english-language-arts-u05-l01,ma-g4-english-language-arts,bd847faa4bb69be62ecc37e8ee1e0a3b12b1e5260ba3d37d75f1793a05e451fe,bd847faa4bb69be62ecc37e8ee1e0a3b12b1e5260ba3d37d75f1793a05e451fe,true,27baf2b751551a403463e9e56b17877b48193fb5baca0083ba1c69dafb54e0f6,27baf2b751551a403463e9e56b17877b48193fb5baca0083ba1c69dafb54e0f6,true,true
ma-g4-english-language-arts-u05-l02,ma-g4-english-language-arts,8ca859fb0248c2450a77660d330bad1270c584133ae4d0ad4a4c798b218e88fb,8ca859fb0248c2450a77660d330bad1270c584133ae4d0ad4a4c798b218e88fb,true,7b18505c3c5e676ecf9cc7eb2c90256a393702fbab274ad858de8a02bca1f173,7b18505c3c5e676ecf9cc7eb2c90256a393702fbab274ad858de8a02bca1f173,true,true
ma-g4-english-language-arts-u05-l03,ma-g4-english-language-arts,b69019af47cfd4792c81e2f29a251364449bf17d3337c953eac02f991d87fd95,b69019af47cfd4792c81e2f29a251364449bf17d3337c953eac02f991d87fd95,true,27baf2b751551a403463e9e56b17877b48193fb5baca0083ba1c69dafb54e0f6,27baf2b751551a403463e9e56b17877b48193fb5baca0083ba1c69dafb54e0f6,true,true
ma-g4-english-language-arts-u05-l04,ma-g4-english-language-arts,81d3977db3cdd886747e36fff57679f85f6b6c885d30cd2584991b93787e2713,81d3977db3cdd886747e36fff57679f85f6b6c885d30cd2584991b93787e2713,true,4084fd08930cbb67a54896e891c79cf8f3d18806f20939d33fc3577f43637f67,4084fd08930cbb67a54896e891c79cf8f3d18806f20939d33fc3577f43637f67,true,true
ma-g4-english-language-arts-u05-l05,ma-g4-english-language-arts,2d2396962ab62a40e543c38de401ba8d997d3c5f131d7206bd1bfbf5a8beae01,2d2396962ab62a40e543c38de401ba8d997d3c5f131d7206bd1bfbf5a8beae01,true,25d370dc4296aad335162c7b85edba8cc85ccfd7c20cf99b11607389ba6ef4a7,25d370dc4296aad335162c7b85edba8cc85ccfd7c20cf99b11607389ba6ef4a7,true,true
ma-g4-english-language-arts-u05-l06,ma-g4-english-language-arts,8d97e826b9e23d8af503713bf67da68ff24a473de7ce4be8347dccd3e8258d9f,8d97e826b9e23d8af503713bf67da68ff24a473de7ce4be8347dccd3e8258d9f,true,27baf2b751551a403463e9e56b17877b48193fb5baca0083ba1c69dafb54e0f6,27baf2b751551a403463e9e56b17877b48193fb5baca0083ba1c69dafb54e0f6,true,true
ma-g4-english-language-arts-u05-l07,ma-g4-english-language-arts,6a6b89bf427f3b05550dadfe54bf113b123d4c35dac75c3a83a31520a4b4e485,6a6b89bf427f3b05550dadfe54bf113b123d4c35dac75c3a83a31520a4b4e485,true,27baf2b751551a403463e9e56b17877b48193fb5baca0083ba1c69dafb54e0f6,27baf2b751551a403463e9e56b17877b48193fb5baca0083ba1c69dafb54e0f6,true,true
ma-g4-english-language-arts-u05-l08,ma-g4-english-language-arts,9ec5b8bdd0e872146f0e8c92fb7cc9b75917c39558424df81b38085122b7ecc1,9ec5b8bdd0e872146f0e8c92fb7cc9b75917c39558424df81b38085122b7ecc1,true,4084fd08930cbb67a54896e891c79cf8f3d18806f20939d33fc3577f43637f67,4084fd08930cbb67a54896e891c79cf8f3d18806f20939d33fc3577f43637f67,true,true
ma-g4-english-language-arts-u05-l09,ma-g4-english-language-arts,46d8156f88faa41a9c1bc0b90a1b1bcae3c3e9b500b92aa92080d17ba2f79f5e,46d8156f88faa41a9c1bc0b90a1b1bcae3c3e9b500b92aa92080d17ba2f79f5e,true,27baf2b751551a403463e9e56b17877b48193fb5baca0083ba1c69dafb54e0f6,27baf2b751551a403463e9e56b17877b48193fb5baca0083ba1c69dafb54e0f6,true,true
ma-g4-english-language-arts-u05-l10,ma-g4-english-language-arts,22b79801c52975b436bdcf19c06edcfc60773a290d9a82fde486d113b22212bb,22b79801c52975b436bdcf19c06edcfc60773a290d9a82fde486d113b22212bb,true,8244264076eee7c81aabf4dd6fbaef8dd10a27adf927f70ae55c6fed3bc4d721,8244264076eee7c81aabf4dd6fbaef8dd10a27adf927f70ae55c6fed3bc4d721,true,true
ma-g4-english-language-arts-u05-l11,ma-g4-english-language-arts,40cf98afc2dd35bd6697515eec9758f465b324dd3cb2830183284de4f62db605,40cf98afc2dd35bd6697515eec9758f465b324dd3cb2830183284de4f62db605,true,1d55cf110ba779f901d2521d06ac32d54550297c6006f2974b59720126b8cce1,1d55cf110ba779f901d2521d06ac32d54550297c6006f2974b59720126b8cce1,true,true
ma-g4-english-language-arts-u05-l12,ma-g4-english-language-arts,5ae87854d182a84fc26caf10ec0920592a3d2cb241913086f65dbc5e0f30200e,5ae87854d182a84fc26caf10ec0920592a3d2cb241913086f65dbc5e0f30200e,true,4e182de947f8f91535d46be245283f1d9aa168ff387942ec346387cabc15ea54,4e182de947f8f91535d46be245283f1d9aa168ff387942ec346387cabc15ea54,true,true
ma-g4-english-language-arts-u05-l13,ma-g4-english-language-arts,e32c61c69e790b322c18be46200454886f24ae05d24ea6d41ca397959a3de2c8,e32c61c69e790b322c18be46200454886f24ae05d24ea6d41ca397959a3de2c8,true,4640b57a9331fae5a4b7daa8bb75fcc28dbbbfd30b6e9717aff612dd4d800fbb,4640b57a9331fae5a4b7daa8bb75fcc28dbbbfd30b6e9717aff612dd4d800fbb,true,true
ma-g4-english-language-arts-u05-l14,ma-g4-english-language-arts,c5a31010aa227834938ac29a1973106a51a18e9c763502c862e31043cd8bcc7e,c5a31010aa227834938ac29a1973106a51a18e9c763502c862e31043cd8bcc7e,true,e3a9f58bbfbdf2241fb0ac5d7d7ed2cd0caad55b46bfcec0219382178c5a5237,e3a9f58bbfbdf2241fb0ac5d7d7ed2cd0caad55b46bfcec0219382178c5a5237,true,true
ma-g4-english-language-arts-u05-l15,ma-g4-english-language-arts,cfc8f89a627cdb4c648c93b3c20fff67752d46a17526a23afe4d5125026974f2,cfc8f89a627cdb4c648c93b3c20fff67752d46a17526a23afe4d5125026974f2,true,4e182de947f8f91535d46be245283f1d9aa168ff387942ec346387cabc15ea54,4e182de947f8f91535d46be245283f1d9aa168ff387942ec346387cabc15ea54,true,true
ma-g4-english-language-arts-u05-l16,ma-g4-english-language-arts,e3d7d306949889e46988118de3dca7f4764fa90a4d0465e49593551294c02e8c,e3d7d306949889e46988118de3dca7f4764fa90a4d0465e49593551294c02e8c,true,4e182de947f8f91535d46be245283f1d9aa168ff387942ec346387cabc15ea54,4e182de947f8f91535d46be245283f1d9aa168ff387942ec346387cabc15ea54,true,true
ma-g4-english-language-arts-u05-l17,ma-g4-english-language-arts,0720cc1690b56e0840544863695bdb39766bdc9bd1d19f4df556e85668d8b73f,0720cc1690b56e0840544863695bdb39766bdc9bd1d19f4df556e85668d8b73f,true,d1a8895b36d03a493a07b6e42ba8d02eced62c12c8133c223818ae2e5b876a6f,d1a8895b36d03a493a07b6e42ba8d02eced62c12c8133c223818ae2e5b876a6f,true,true
ma-g4-english-language-arts-u05-l18,ma-g4-english-language-arts,e0f90b050e315f6074bd94eabeeb2447f57280551bca39b7d44742452eb62b5f,e0f90b050e315f6074bd94eabeeb2447f57280551bca39b7d44742452eb62b5f,true,76ae7da61bb343736034e51c5d073c615156300df487527f4c98263c75946b13,76ae7da61bb343736034e51c5d073c615156300df487527f4c98263c75946b13,true,true
ma-g4-english-language-arts-u06-l01,ma-g4-english-language-arts,d2e7c4835c4cd6e56cb79fdfd2ee7db4b25b73b451c90710b6fc6010be49f4ac,d2e7c4835c4cd6e56cb79fdfd2ee7db4b25b73b451c90710b6fc6010be49f4ac,true,62ee4eb2b9ed108ad16013160b3e26c5f8d3d0d2f62a3e6ee7c9f0ac14d9b2d7,62ee4eb2b9ed108ad16013160b3e26c5f8d3d0d2f62a3e6ee7c9f0ac14d9b2d7,true,true
ma-g4-english-language-arts-u06-l02,ma-g4-english-language-arts,b0fe10888c4ee5474c8b1fe2debb171e500facf3b7cc7b30d2a42e353716bebf,b0fe10888c4ee5474c8b1fe2debb171e500facf3b7cc7b30d2a42e353716bebf,true,19ec29c5b9048684306d13076129b3aee8effe5ff05e8abb95b7174a65fc7bb3,19ec29c5b9048684306d13076129b3aee8effe5ff05e8abb95b7174a65fc7bb3,true,true
ma-g4-english-language-arts-u06-l03,ma-g4-english-language-arts,4dd26d75a9208e02a04f9c968ce422e2d57bf96bb1a333db011dc59e69136ae1,4dd26d75a9208e02a04f9c968ce422e2d57bf96bb1a333db011dc59e69136ae1,true,62ee4eb2b9ed108ad16013160b3e26c5f8d3d0d2f62a3e6ee7c9f0ac14d9b2d7,62ee4eb2b9ed108ad16013160b3e26c5f8d3d0d2f62a3e6ee7c9f0ac14d9b2d7,true,true
ma-g4-english-language-arts-u06-l04,ma-g4-english-language-arts,16b926c0ddcd6983769d14cf2eb05302456904678de93286c61016c724d627fe,16b926c0ddcd6983769d14cf2eb05302456904678de93286c61016c724d627fe,true,58ee0b48c68d484a5451563dad2b4ab792b7a48fdf52805ec811815d41683b4e,58ee0b48c68d484a5451563dad2b4ab792b7a48fdf52805ec811815d41683b4e,true,true
ma-g4-english-language-arts-u06-l05,ma-g4-english-language-arts,af4e95681319ead5e56f1a436eec2ca20cf7f65faffd012b6cae9679cde15f3d,af4e95681319ead5e56f1a436eec2ca20cf7f65faffd012b6cae9679cde15f3d,true,5c07f27504218ef7bd877838e776aabb63d294bcd88eec9ef054c1a25d62ff02,5c07f27504218ef7bd877838e776aabb63d294bcd88eec9ef054c1a25d62ff02,true,true
ma-g4-english-language-arts-u06-l06,ma-g4-english-language-arts,ef867f1ea242f872b599227770c9c577889486d99276afac45a3be34d7e30d21,ef867f1ea242f872b599227770c9c577889486d99276afac45a3be34d7e30d21,true,58ee0b48c68d484a5451563dad2b4ab792b7a48fdf52805ec811815d41683b4e,58ee0b48c68d484a5451563dad2b4ab792b7a48fdf52805ec811815d41683b4e,true,true
ma-g4-english-language-arts-u06-l07,ma-g4-english-language-arts,c734c5dab59267c55235810e53e275483e1dda59bdfae2ef9e36b3e404b57b50,c734c5dab59267c55235810e53e275483e1dda59bdfae2ef9e36b3e404b57b50,true,bbecec3cc7eae199dfe13367494e4de03e4d6e837da4e974d76858bb789e5f83,bbecec3cc7eae199dfe13367494e4de03e4d6e837da4e974d76858bb789e5f83,true,true
ma-g4-english-language-arts-u06-l08,ma-g4-english-language-arts,aba77852aa90054d9e031846f95ed10c33509011445aaac2cc6f16403ff784c9,aba77852aa90054d9e031846f95ed10c33509011445aaac2cc6f16403ff784c9,true,a401c56a900a0f2f274349cf1c7f4323c7a49939fd5eecba4e8c12b32a159e4f,a401c56a900a0f2f274349cf1c7f4323c7a49939fd5eecba4e8c12b32a159e4f,true,true
ma-g4-english-language-arts-u06-l09,ma-g4-english-language-arts,648441b5039fc55023e0f77711f4eaafa00587baf6b09852c3f84ea28145e9cc,648441b5039fc55023e0f77711f4eaafa00587baf6b09852c3f84ea28145e9cc,true,a401c56a900a0f2f274349cf1c7f4323c7a49939fd5eecba4e8c12b32a159e4f,a401c56a900a0f2f274349cf1c7f4323c7a49939fd5eecba4e8c12b32a159e4f,true,true
ma-g4-english-language-arts-u06-l10,ma-g4-english-language-arts,2cc8b5c26b226791d769e9d1285d79cc22253ecd0f4916a6fe1da454a1e8141a,2cc8b5c26b226791d769e9d1285d79cc22253ecd0f4916a6fe1da454a1e8141a,true,3cf59965a8b88f3dcddda4fe5194a2500db2fb35f5b67f53c5d7088c91b36175,3cf59965a8b88f3dcddda4fe5194a2500db2fb35f5b67f53c5d7088c91b36175,true,true
ma-g4-english-language-arts-u06-l11,ma-g4-english-language-arts,c371cd95dfb29acfa8c21750e25bc906eae816a1b2b9f9de8aac3a8680311e63,c371cd95dfb29acfa8c21750e25bc906eae816a1b2b9f9de8aac3a8680311e63,true,ae15a5fd56dfd41764c07f0da8dc1cd828392a4b9da2d62842ced7da6753b898,ae15a5fd56dfd41764c07f0da8dc1cd828392a4b9da2d62842ced7da6753b898,true,true
ma-g4-english-language-arts-u06-l12,ma-g4-english-language-arts,30eb1a72384d1c603770f122293a02c6ce54fa57ee061d63903a8228a23f5d4e,30eb1a72384d1c603770f122293a02c6ce54fa57ee061d63903a8228a23f5d4e,true,58ee0b48c68d484a5451563dad2b4ab792b7a48fdf52805ec811815d41683b4e,58ee0b48c68d484a5451563dad2b4ab792b7a48fdf52805ec811815d41683b4e,true,true
ma-g4-english-language-arts-u06-l13,ma-g4-english-language-arts,a38258ff7baccf1dd20d71dd63d1b185757e49e4d5aa2ee3b6c7e32d35095b69,a38258ff7baccf1dd20d71dd63d1b185757e49e4d5aa2ee3b6c7e32d35095b69,true,465b30eed84c42474a4183e54d210ec3410713f6b492da03aa327d875ad4e01a,465b30eed84c42474a4183e54d210ec3410713f6b492da03aa327d875ad4e01a,true,true
ma-g4-english-language-arts-u06-l14,ma-g4-english-language-arts,b01a2cc5ae82e25ce67a19355a4514a941c1648b7aeb55f1c19a55ddabf27297,b01a2cc5ae82e25ce67a19355a4514a941c1648b7aeb55f1c19a55ddabf27297,true,5e35a153168b22fa1a96d0fd2d6a68ed634a244327a2c4a9bde5b04ec7c2929d,5e35a153168b22fa1a96d0fd2d6a68ed634a244327a2c4a9bde5b04ec7c2929d,true,true
ma-g4-english-language-arts-u06-l15,ma-g4-english-language-arts,dc358cd0012e4720a89b6cac374498941eb023125c3778c04b4d75fab5480b68,dc358cd0012e4720a89b6cac374498941eb023125c3778c04b4d75fab5480b68,true,bbecec3cc7eae199dfe13367494e4de03e4d6e837da4e974d76858bb789e5f83,bbecec3cc7eae199dfe13367494e4de03e4d6e837da4e974d76858bb789e5f83,true,true
ma-g4-english-language-arts-u06-l16,ma-g4-english-language-arts,996d8023551a9cd7eadbd1f6d52f544e07ee5ab5870282f1da28790bceb64c25,996d8023551a9cd7eadbd1f6d52f544e07ee5ab5870282f1da28790bceb64c25,true,58ee0b48c68d484a5451563dad2b4ab792b7a48fdf52805ec811815d41683b4e,58ee0b48c68d484a5451563dad2b4ab792b7a48fdf52805ec811815d41683b4e,true,true
ma-g4-english-language-arts-u06-l17,ma-g4-english-language-arts,96acb5ebe7f724f0deac0189beb587236c05f552276aada8f7cd2e969840716f,96acb5ebe7f724f0deac0189beb587236c05f552276aada8f7cd2e969840716f,true,1d569e0ff536496d84f8d143944ba16b0843cf7a4b750d1e626dad844e1e91be,1d569e0ff536496d84f8d143944ba16b0843cf7a4b750d1e626dad844e1e91be,true,true
ma-g4-english-language-arts-u06-l18,ma-g4-english-language-arts,f57caa7b3bb8a97aaa8b0b7ef940f2ea80f727aa8bb29025fddfb3418d542703,f57caa7b3bb8a97aaa8b0b7ef940f2ea80f727aa8bb29025fddfb3418d542703,true,0feae08fcd75a5e2835d36685c7f56f001ca344f87c27770e766165f1db0579c,0feae08fcd75a5e2835d36685c7f56f001ca344f87c27770e766165f1db0579c,true,true
ma-g4-english-language-arts-u07-l01,ma-g4-english-language-arts,34302b8e4d06139fef07c287525c0f770142aa6234004f8fba8af1f67ea15f24,34302b8e4d06139fef07c287525c0f770142aa6234004f8fba8af1f67ea15f24,true,10536fd400955506a995ce549d236c1c62f61372171ff1f3fc2def1a32ea63aa,10536fd400955506a995ce549d236c1c62f61372171ff1f3fc2def1a32ea63aa,true,true
ma-g4-english-language-arts-u07-l02,ma-g4-english-language-arts,ab2d6d6c74e8cd2462836bcb8bed8ebac2cc18d5fc3e66c60d62f646b6fb79ce,ab2d6d6c74e8cd2462836bcb8bed8ebac2cc18d5fc3e66c60d62f646b6fb79ce,true,77c6d018ba48256018267cc92816898a84adb29b592d23b94711b58ad57e18c3,77c6d018ba48256018267cc92816898a84adb29b592d23b94711b58ad57e18c3,true,true
ma-g4-english-language-arts-u07-l03,ma-g4-english-language-arts,50fb1dc94d5c6e9d7a6c86a077d91ca07f36821a357b8abfdbe1c3e427959551,50fb1dc94d5c6e9d7a6c86a077d91ca07f36821a357b8abfdbe1c3e427959551,true,10536fd400955506a995ce549d236c1c62f61372171ff1f3fc2def1a32ea63aa,10536fd400955506a995ce549d236c1c62f61372171ff1f3fc2def1a32ea63aa,true,true
ma-g4-english-language-arts-u07-l04,ma-g4-english-language-arts,6181fba1163935d1ad721063f272496090b5407f396fff75587aea1c18d799e8,6181fba1163935d1ad721063f272496090b5407f396fff75587aea1c18d799e8,true,4305fe560b99998bf1d56b42e6c2efa36c75b3e413faa06d00191884b5cf90ff,4305fe560b99998bf1d56b42e6c2efa36c75b3e413faa06d00191884b5cf90ff,true,true
ma-g4-english-language-arts-u07-l05,ma-g4-english-language-arts,12082a9516afb1baa746fae78cee102c8a8e8558577c0c963f445dc723238d7d,12082a9516afb1baa746fae78cee102c8a8e8558577c0c963f445dc723238d7d,true,415c10d8866879e9142c0a5757933d179b2d549b3c103646ba1fd7d4749cdf52,415c10d8866879e9142c0a5757933d179b2d549b3c103646ba1fd7d4749cdf52,true,true
ma-g4-english-language-arts-u07-l06,ma-g4-english-language-arts,e7d7ee3186056296bb5dec5fee17a052bd771fb01b2ba85e9d43e3d0f2335ffa,e7d7ee3186056296bb5dec5fee17a052bd771fb01b2ba85e9d43e3d0f2335ffa,true,ff4c31aa921538d01cdea42c9a4519a34e52ff16bcaed1742f10c94b60521889,ff4c31aa921538d01cdea42c9a4519a34e52ff16bcaed1742f10c94b60521889,true,true
ma-g4-english-language-arts-u07-l07,ma-g4-english-language-arts,5d36c8cfd46c997dc21a4c3ab7fa939700bd25687d8679a8664d437537e44a66,5d36c8cfd46c997dc21a4c3ab7fa939700bd25687d8679a8664d437537e44a66,true,10536fd400955506a995ce549d236c1c62f61372171ff1f3fc2def1a32ea63aa,10536fd400955506a995ce549d236c1c62f61372171ff1f3fc2def1a32ea63aa,true,true
ma-g4-english-language-arts-u07-l08,ma-g4-english-language-arts,e0b8872fcaf257bc78ca5e6a540f02a3b65ab0d2965425aae475b14015c5df9a,e0b8872fcaf257bc78ca5e6a540f02a3b65ab0d2965425aae475b14015c5df9a,true,52871f41a663169e9c8a257d236829eb1d0a9ba14d1a9908fff83ae9347e672c,52871f41a663169e9c8a257d236829eb1d0a9ba14d1a9908fff83ae9347e672c,true,true
ma-g4-english-language-arts-u07-l09,ma-g4-english-language-arts,019d1ec65a87f2bfd45f69b90d4e6877fb96fb86ff1f85f5ba2106b134e0eae8,019d1ec65a87f2bfd45f69b90d4e6877fb96fb86ff1f85f5ba2106b134e0eae8,true,6dd7be4b4ac8cc02c1f1c946d10015a70773360624c7700c6d47975c07fcbbf7,6dd7be4b4ac8cc02c1f1c946d10015a70773360624c7700c6d47975c07fcbbf7,true,true
ma-g4-english-language-arts-u07-l10,ma-g4-english-language-arts,7d8e8a0137b632fa9e8697a1d79a7f6914284db2b0a8e6262e7ef590de058582,7d8e8a0137b632fa9e8697a1d79a7f6914284db2b0a8e6262e7ef590de058582,true,77c61bf867cd2bf9d6b6102472c197c6ae902e79958de73a558725991d55610e,77c61bf867cd2bf9d6b6102472c197c6ae902e79958de73a558725991d55610e,true,true
ma-g4-english-language-arts-u07-l11,ma-g4-english-language-arts,d88ab8270e26b56abfa2ee49c1985a162fa1ea16fb81874bff9030cdb86a6e84,d88ab8270e26b56abfa2ee49c1985a162fa1ea16fb81874bff9030cdb86a6e84,true,07cbe536d92e868e3d304943239740e5d2b195f07f9202923ae1601a6cbf00a4,07cbe536d92e868e3d304943239740e5d2b195f07f9202923ae1601a6cbf00a4,true,true
ma-g4-english-language-arts-u07-l12,ma-g4-english-language-arts,4e1e2989a4f1816b7eb0d0acd1d396869a6d096cce768ab8245c29ac5beaa354,4e1e2989a4f1816b7eb0d0acd1d396869a6d096cce768ab8245c29ac5beaa354,true,504da68d12525edf8ff73bdeacc4c02ab418d7f75ebb481570d736b927f32c13,504da68d12525edf8ff73bdeacc4c02ab418d7f75ebb481570d736b927f32c13,true,true
ma-g4-english-language-arts-u07-l13,ma-g4-english-language-arts,2466ace02712696ac79bcf472e2dc703a85020b7a1c28d69d4962f5cb7e45e0b,2466ace02712696ac79bcf472e2dc703a85020b7a1c28d69d4962f5cb7e45e0b,true,7dc942a72ee7bae62e2d00826b7c9914f8e81798cda248fc2aa97c030a49ad73,7dc942a72ee7bae62e2d00826b7c9914f8e81798cda248fc2aa97c030a49ad73,true,true
ma-g4-english-language-arts-u07-l14,ma-g4-english-language-arts,6e1e4932b5a2ea84926c4d27583cf76ab2d5667dba314a9974767c5de3530903,6e1e4932b5a2ea84926c4d27583cf76ab2d5667dba314a9974767c5de3530903,true,e24c8d9cb74bf2105ecf15c3e0961ea68042045aa2e8eddbf62b5cb9aa6c04b2,e24c8d9cb74bf2105ecf15c3e0961ea68042045aa2e8eddbf62b5cb9aa6c04b2,true,true
ma-g4-english-language-arts-u07-l15,ma-g4-english-language-arts,aed998b5526c290da30f52063ebcd8068a250fbc536652b984a3cc200f832e19,aed998b5526c290da30f52063ebcd8068a250fbc536652b984a3cc200f832e19,true,4305fe560b99998bf1d56b42e6c2efa36c75b3e413faa06d00191884b5cf90ff,4305fe560b99998bf1d56b42e6c2efa36c75b3e413faa06d00191884b5cf90ff,true,true
ma-g4-english-language-arts-u07-l16,ma-g4-english-language-arts,0abd7283b625d2f330c2f4b3ebfcd61fb52994d7251654257b14a76fa3b5b7c3,0abd7283b625d2f330c2f4b3ebfcd61fb52994d7251654257b14a76fa3b5b7c3,true,6dd7be4b4ac8cc02c1f1c946d10015a70773360624c7700c6d47975c07fcbbf7,6dd7be4b4ac8cc02c1f1c946d10015a70773360624c7700c6d47975c07fcbbf7,true,true
ma-g4-english-language-arts-u07-l17,ma-g4-english-language-arts,2c0c87b58ac0a9e746178975babcbcf5d8cd082dc3ba04884ed1963cb23070dd,2c0c87b58ac0a9e746178975babcbcf5d8cd082dc3ba04884ed1963cb23070dd,true,5b7d01f321c6c8a4f6042136767c17ff55038e99099cbb3bb393644b9691fba0,5b7d01f321c6c8a4f6042136767c17ff55038e99099cbb3bb393644b9691fba0,true,true
ma-g4-english-language-arts-u07-l18,ma-g4-english-language-arts,873c7294729341cfcc70af0aace9f044be4f471584d0ef45c7d81fc7fa4797e6,873c7294729341cfcc70af0aace9f044be4f471584d0ef45c7d81fc7fa4797e6,true,556a02e3cc6f105a6cefa4afed1b0e8eb52831983a74c283b331889f2b08c45e,556a02e3cc6f105a6cefa4afed1b0e8eb52831983a74c283b331889f2b08c45e,true,true
ma-g4-english-language-arts-u08-l01,ma-g4-english-language-arts,6caf90e855b6e6509cb9fc512c114aaee017bb63a716d90d427f397629586f11,6caf90e855b6e6509cb9fc512c114aaee017bb63a716d90d427f397629586f11,true,8d71942f4713ca7c6ec0f73f5c149493233ef395be35e8c62c07eb18b0b1abdd,8d71942f4713ca7c6ec0f73f5c149493233ef395be35e8c62c07eb18b0b1abdd,true,true
ma-g4-english-language-arts-u08-l02,ma-g4-english-language-arts,5962e189ea0e9aa9cde95bd015cccd9e201b34b9bce66b020a8c83ac04fa0142,5962e189ea0e9aa9cde95bd015cccd9e201b34b9bce66b020a8c83ac04fa0142,true,7ddf42a1482e97d9ed9538e9d3bda95902d5fe9c7f3caacb95eb50a11303c327,7ddf42a1482e97d9ed9538e9d3bda95902d5fe9c7f3caacb95eb50a11303c327,true,true
ma-g4-english-language-arts-u08-l03,ma-g4-english-language-arts,f08d37b09a3f5fd04a169de5a94d94b7fba7c2c0efe3c59aa304ec5c689d1c64,f08d37b09a3f5fd04a169de5a94d94b7fba7c2c0efe3c59aa304ec5c689d1c64,true,8d71942f4713ca7c6ec0f73f5c149493233ef395be35e8c62c07eb18b0b1abdd,8d71942f4713ca7c6ec0f73f5c149493233ef395be35e8c62c07eb18b0b1abdd,true,true
ma-g4-english-language-arts-u08-l04,ma-g4-english-language-arts,7e05ab30edc1e09b922a36cfe011aced7a5f8165d476929c8dea9df59fd07938,7e05ab30edc1e09b922a36cfe011aced7a5f8165d476929c8dea9df59fd07938,true,8d71942f4713ca7c6ec0f73f5c149493233ef395be35e8c62c07eb18b0b1abdd,8d71942f4713ca7c6ec0f73f5c149493233ef395be35e8c62c07eb18b0b1abdd,true,true
ma-g4-english-language-arts-u08-l05,ma-g4-english-language-arts,5a56779d2b02d55bc8200c2b69498b9d66e8b15a63912ae7120f783fe5658248,5a56779d2b02d55bc8200c2b69498b9d66e8b15a63912ae7120f783fe5658248,true,b9ba4c3ad7e2ff8ef546839e163c189e92995c62b62b5a8899066b2a3b3d45a5,b9ba4c3ad7e2ff8ef546839e163c189e92995c62b62b5a8899066b2a3b3d45a5,true,true
ma-g4-english-language-arts-u08-l06,ma-g4-english-language-arts,e6fdf2ef2bd2fc27546f753cb115e81d834e2cf8fe61e767d57795c2e8c278db,e6fdf2ef2bd2fc27546f753cb115e81d834e2cf8fe61e767d57795c2e8c278db,true,8d71942f4713ca7c6ec0f73f5c149493233ef395be35e8c62c07eb18b0b1abdd,8d71942f4713ca7c6ec0f73f5c149493233ef395be35e8c62c07eb18b0b1abdd,true,true
ma-g4-english-language-arts-u08-l07,ma-g4-english-language-arts,cadf63255b62c11d69d1ac68863974d5d5ab1cc61b7211863c4e921b5e556514,cadf63255b62c11d69d1ac68863974d5d5ab1cc61b7211863c4e921b5e556514,true,10384fcfcbe95a7c0ae797b9711be88d3033a6e247127dc0610fd445aef94fbe,10384fcfcbe95a7c0ae797b9711be88d3033a6e247127dc0610fd445aef94fbe,true,true
ma-g4-english-language-arts-u08-l08,ma-g4-english-language-arts,347a896bed9208f51bbdb71d7230d4c373bb5ecf797228fb0b37fa20d256853a,347a896bed9208f51bbdb71d7230d4c373bb5ecf797228fb0b37fa20d256853a,true,225d9c75c0bfee0fa11322b3340503f3adce2cab4e52743cda89e177db2420b6,225d9c75c0bfee0fa11322b3340503f3adce2cab4e52743cda89e177db2420b6,true,true
ma-g4-english-language-arts-u08-l09,ma-g4-english-language-arts,bf0323755730d2abd73f4bd42b294ab857cb060cc875cd90575a1cf86c7fda96,bf0323755730d2abd73f4bd42b294ab857cb060cc875cd90575a1cf86c7fda96,true,18b298e28af8fd8b82bcf246795fb8243ec2c174fd98ec38f052ec09c2c54815,18b298e28af8fd8b82bcf246795fb8243ec2c174fd98ec38f052ec09c2c54815,true,true
ma-g4-english-language-arts-u08-l10,ma-g4-english-language-arts,d239f6dd5a7ebec577252309cb224d46f49c56c6b56e220fa20c6b1ecd22f6f2,d239f6dd5a7ebec577252309cb224d46f49c56c6b56e220fa20c6b1ecd22f6f2,true,18b298e28af8fd8b82bcf246795fb8243ec2c174fd98ec38f052ec09c2c54815,18b298e28af8fd8b82bcf246795fb8243ec2c174fd98ec38f052ec09c2c54815,true,true
ma-g4-english-language-arts-u08-l11,ma-g4-english-language-arts,dfb5489b797d48e11ebb539d435bf399a3e50ee11d8aefaf522eaec163f66f55,dfb5489b797d48e11ebb539d435bf399a3e50ee11d8aefaf522eaec163f66f55,true,4949fadac2b4494d7a4e2ffbaa19dba8db47892d5cbcd6718180045a5db45d07,4949fadac2b4494d7a4e2ffbaa19dba8db47892d5cbcd6718180045a5db45d07,true,true
ma-g4-english-language-arts-u08-l12,ma-g4-english-language-arts,b1ab2ad1efa8da0e2eacbba5e7471d1afea46d52d776fcb3e013abd0e796d094,b1ab2ad1efa8da0e2eacbba5e7471d1afea46d52d776fcb3e013abd0e796d094,true,049309ce92ed8d677dd6cc739eb01c5cd9783f85cf3329278a8e69b3e6e3ddd7,049309ce92ed8d677dd6cc739eb01c5cd9783f85cf3329278a8e69b3e6e3ddd7,true,true
ma-g4-english-language-arts-u08-l13,ma-g4-english-language-arts,946f3551d10c1e3682567a3a5ddf15b0ee6caf673b49cf2f5ce25a6cc6b51031,946f3551d10c1e3682567a3a5ddf15b0ee6caf673b49cf2f5ce25a6cc6b51031,true,85ad8f290f3037f042a139651e46a82480cb346084e08eef14352329f3afe380,85ad8f290f3037f042a139651e46a82480cb346084e08eef14352329f3afe380,true,true
ma-g4-english-language-arts-u08-l14,ma-g4-english-language-arts,ac28553e5e0120f0381a83c7e205ff70c5f5c938a545acfee5cd47fe76381c9f,ac28553e5e0120f0381a83c7e205ff70c5f5c938a545acfee5cd47fe76381c9f,true,750d6d3c25c239a455bd2cf3675c43ada539e9f4e1e05b5660bb29650bbba8b3,750d6d3c25c239a455bd2cf3675c43ada539e9f4e1e05b5660bb29650bbba8b3,true,true
ma-g4-english-language-arts-u08-l15,ma-g4-english-language-arts,34769a042414d44301b1d73c25be5b539fed4288f23dfa80e852a49854187493,34769a042414d44301b1d73c25be5b539fed4288f23dfa80e852a49854187493,true,285e6c9647237ad9e0fb83812dc8411851f40e15ecbcbd0525dd57f70bc34b0a,285e6c9647237ad9e0fb83812dc8411851f40e15ecbcbd0525dd57f70bc34b0a,true,true
ma-g4-english-language-arts-u08-l16,ma-g4-english-language-arts,2e02a08609730d317e85e711c1d2b8fabc95397dbdc156bd67e1db01c4b5d2c5,2e02a08609730d317e85e711c1d2b8fabc95397dbdc156bd67e1db01c4b5d2c5,true,7b56911c7e4403919acf5eb6f16df3db32ab16a057b176c4dd095fa39744adb1,7b56911c7e4403919acf5eb6f16df3db32ab16a057b176c4dd095fa39744adb1,true,true
ma-g4-english-language-arts-u08-l17,ma-g4-english-language-arts,546fc21c598adb41c28fad1de1dd48034a4382eb0987bc9aeaa2be8587698c42,546fc21c598adb41c28fad1de1dd48034a4382eb0987bc9aeaa2be8587698c42,true,7b56911c7e4403919acf5eb6f16df3db32ab16a057b176c4dd095fa39744adb1,7b56911c7e4403919acf5eb6f16df3db32ab16a057b176c4dd095fa39744adb1,true,true
ma-g4-english-language-arts-u08-l18,ma-g4-english-language-arts,d9da151024e8bea08c96261c149a9d398d26bd31851fcfdc3aa145e5db7f7939,d9da151024e8bea08c96261c149a9d398d26bd31851fcfdc3aa145e5db7f7939,true,0aeb1d658e9d3f6bd08c3cbf6571f33b21b71cba9c6b6dc5fb7b202600911efb,0aeb1d658e9d3f6bd08c3cbf6571f33b21b71cba9c6b6dc5fb7b202600911efb,true,true
ma-g4-english-language-arts-u09-l01,ma-g4-english-language-arts,92b308ad275b7b10f14acd5fa782bac3477b79fcaa7d8ba386749bbdd3bea4dc,92b308ad275b7b10f14acd5fa782bac3477b79fcaa7d8ba386749bbdd3bea4dc,true,f264cae578769771a4f9cc56d1c50e0aa33710289c8c9e8f1b094c75c01f3160,f264cae578769771a4f9cc56d1c50e0aa33710289c8c9e8f1b094c75c01f3160,true,true
ma-g4-english-language-arts-u09-l02,ma-g4-english-language-arts,a694de85444fb9abdcfc4ffa7a7744fa300e36b076016981f99ebc10917c8e57,a694de85444fb9abdcfc4ffa7a7744fa300e36b076016981f99ebc10917c8e57,true,f575890853d84c25cac0ee5efa339d2047d31f20901e79de51f5a3700f14f139,f575890853d84c25cac0ee5efa339d2047d31f20901e79de51f5a3700f14f139,true,true
ma-g4-english-language-arts-u09-l03,ma-g4-english-language-arts,bb75450a6267a71101043946110228ea15d41252ff26b25ec0b812d9af32e1aa,bb75450a6267a71101043946110228ea15d41252ff26b25ec0b812d9af32e1aa,true,f264cae578769771a4f9cc56d1c50e0aa33710289c8c9e8f1b094c75c01f3160,f264cae578769771a4f9cc56d1c50e0aa33710289c8c9e8f1b094c75c01f3160,true,true
ma-g4-english-language-arts-u09-l04,ma-g4-english-language-arts,d42c66dce631c0c8a93351406b2fca71f2d96c4804c334e2345cf844fb6a12be,d42c66dce631c0c8a93351406b2fca71f2d96c4804c334e2345cf844fb6a12be,true,267f7f1adde0d9933f6229a0e380900f08c4e01c9189a41e7f8421ac416e9659,267f7f1adde0d9933f6229a0e380900f08c4e01c9189a41e7f8421ac416e9659,true,true
ma-g4-english-language-arts-u09-l05,ma-g4-english-language-arts,8c2736f23aa22905f5c09dc875df2e312b5f17b41e89d75ddd6a46f646af58bf,8c2736f23aa22905f5c09dc875df2e312b5f17b41e89d75ddd6a46f646af58bf,true,8f69078c58678b37743ffc56648489b56a039161ec6b5fa4acc0adfaed64ff01,8f69078c58678b37743ffc56648489b56a039161ec6b5fa4acc0adfaed64ff01,true,true
ma-g4-english-language-arts-u09-l06,ma-g4-english-language-arts,46eaf5a90d7848ec607f96dc5bcb2ff01cd9b2cf4b4f756fefeddb8bd00b6888,46eaf5a90d7848ec607f96dc5bcb2ff01cd9b2cf4b4f756fefeddb8bd00b6888,true,6d549edd40634e560e420aea96954d4e9e90e2d3f98ceb03b1e646272ecfcc25,6d549edd40634e560e420aea96954d4e9e90e2d3f98ceb03b1e646272ecfcc25,true,true
ma-g4-english-language-arts-u09-l07,ma-g4-english-language-arts,ed40b0ec1a499bda4c9aed3da3bad513458ea6c741fbcd31c0757d3a07b4024e,ed40b0ec1a499bda4c9aed3da3bad513458ea6c741fbcd31c0757d3a07b4024e,true,6d549edd40634e560e420aea96954d4e9e90e2d3f98ceb03b1e646272ecfcc25,6d549edd40634e560e420aea96954d4e9e90e2d3f98ceb03b1e646272ecfcc25,true,true
ma-g4-english-language-arts-u09-l08,ma-g4-english-language-arts,57caa695d034c010d3dbf93dc2579b30d63400a5ea7b45860b2f6e0e64c8e770,57caa695d034c010d3dbf93dc2579b30d63400a5ea7b45860b2f6e0e64c8e770,true,6d549edd40634e560e420aea96954d4e9e90e2d3f98ceb03b1e646272ecfcc25,6d549edd40634e560e420aea96954d4e9e90e2d3f98ceb03b1e646272ecfcc25,true,true
ma-g4-english-language-arts-u09-l09,ma-g4-english-language-arts,4ee3da9bd5082bb9197cc2837b0373f8184c90c61ff95fcf49348aa88bd05c4b,4ee3da9bd5082bb9197cc2837b0373f8184c90c61ff95fcf49348aa88bd05c4b,true,6d549edd40634e560e420aea96954d4e9e90e2d3f98ceb03b1e646272ecfcc25,6d549edd40634e560e420aea96954d4e9e90e2d3f98ceb03b1e646272ecfcc25,true,true
ma-g4-english-language-arts-u09-l10,ma-g4-english-language-arts,95f6fa315038981bd0103adb61656e488ad0c30623a72ad81937aea586a38ce0,95f6fa315038981bd0103adb61656e488ad0c30623a72ad81937aea586a38ce0,true,8244264076eee7c81aabf4dd6fbaef8dd10a27adf927f70ae55c6fed3bc4d721,8244264076eee7c81aabf4dd6fbaef8dd10a27adf927f70ae55c6fed3bc4d721,true,true
ma-g4-english-language-arts-u09-l11,ma-g4-english-language-arts,cd8aa1faa394c539298b8dae1f4d805c9646e45ded278a5a209f89df97b57cd0,cd8aa1faa394c539298b8dae1f4d805c9646e45ded278a5a209f89df97b57cd0,true,6d549edd40634e560e420aea96954d4e9e90e2d3f98ceb03b1e646272ecfcc25,6d549edd40634e560e420aea96954d4e9e90e2d3f98ceb03b1e646272ecfcc25,true,true
ma-g4-english-language-arts-u09-l12,ma-g4-english-language-arts,095b563ab745933734215296339e3515e02aee4e51ec308b734dcfea7b04ec84,095b563ab745933734215296339e3515e02aee4e51ec308b734dcfea7b04ec84,true,8529e819d81ad8efeaadd3235aa0fb675122bab4986fb93537ec9b821d27dd9c,8529e819d81ad8efeaadd3235aa0fb675122bab4986fb93537ec9b821d27dd9c,true,true
ma-g4-english-language-arts-u09-l13,ma-g4-english-language-arts,432ed6fb7098537e81c976b43e60321a0b1fc0584aee4b0b29b73278570bb74d,432ed6fb7098537e81c976b43e60321a0b1fc0584aee4b0b29b73278570bb74d,true,7fe95c98cf13024fa2f95e55f2a6eae59043d74345e72c92900afc5bb0b7d99a,7fe95c98cf13024fa2f95e55f2a6eae59043d74345e72c92900afc5bb0b7d99a,true,true
ma-g4-english-language-arts-u09-l14,ma-g4-english-language-arts,6076ee6e4c3ea85fd9160b812cbf57f5c15cab9d6a7041f938ff1641728196b8,6076ee6e4c3ea85fd9160b812cbf57f5c15cab9d6a7041f938ff1641728196b8,true,bf0f6eafc625284e9baee9795a53499b0bc775830dcc17e730764923154aeb8f,bf0f6eafc625284e9baee9795a53499b0bc775830dcc17e730764923154aeb8f,true,true
ma-g4-english-language-arts-u09-l15,ma-g4-english-language-arts,8bdfe39d0c48fa0f77bc58c57111217a77cc3120d7d9cc2739504d9896bb3ece,8bdfe39d0c48fa0f77bc58c57111217a77cc3120d7d9cc2739504d9896bb3ece,true,267f7f1adde0d9933f6229a0e380900f08c4e01c9189a41e7f8421ac416e9659,267f7f1adde0d9933f6229a0e380900f08c4e01c9189a41e7f8421ac416e9659,true,true
ma-g4-english-language-arts-u09-l16,ma-g4-english-language-arts,ccc6dc896f20ddac85e7b6f89c97bd574d8b1e6ef56627ef0d6bdb0e45948531,ccc6dc896f20ddac85e7b6f89c97bd574d8b1e6ef56627ef0d6bdb0e45948531,true,c089f7d66f1338e44a07628c5a886e90ecd28dec300abc84bb2ee5547d7fcf10,c089f7d66f1338e44a07628c5a886e90ecd28dec300abc84bb2ee5547d7fcf10,true,true
ma-g4-english-language-arts-u09-l17,ma-g4-english-language-arts,a85484e514afcd472bfd5e9b7d042381ae856a1f205790f48cf6e1769e3b6cf3,a85484e514afcd472bfd5e9b7d042381ae856a1f205790f48cf6e1769e3b6cf3,true,c089f7d66f1338e44a07628c5a886e90ecd28dec300abc84bb2ee5547d7fcf10,c089f7d66f1338e44a07628c5a886e90ecd28dec300abc84bb2ee5547d7fcf10,true,true
ma-g4-english-language-arts-u09-l18,ma-g4-english-language-arts,faf7632e3f3d30b82c6c9f5cba9cda381f9c04cc58c63ecf65b9223f78bf811f,faf7632e3f3d30b82c6c9f5cba9cda381f9c04cc58c63ecf65b9223f78bf811f,true,3fd482f72806372459553a7bb31c780fbe1d2bcdc0c691aca5b522c9f15d4b5c,3fd482f72806372459553a7bb31c780fbe1d2bcdc0c691aca5b522c9f15d4b5c,true,true
ma-g4-english-language-arts-u10-l01,ma-g4-english-language-arts,5afc254fee78d6a6aeb00e52908d47a00bd7735574f637ccff64b6b5872221a2,5afc254fee78d6a6aeb00e52908d47a00bd7735574f637ccff64b6b5872221a2,true,c650b7e172ed4716011f3e0aa65b1b8586a9773b6e6a9f964aba961437f870d4,c650b7e172ed4716011f3e0aa65b1b8586a9773b6e6a9f964aba961437f870d4,true,true
ma-g4-english-language-arts-u10-l02,ma-g4-english-language-arts,5d514b228f33abcbc2267fe64f8987fd5314f578a16457125fdba00546c2b878,5d514b228f33abcbc2267fe64f8987fd5314f578a16457125fdba00546c2b878,true,01e01a41f47a91f73dfc525164e1a18d2a23df1176a67adb46be5ed36c4b9be2,01e01a41f47a91f73dfc525164e1a18d2a23df1176a67adb46be5ed36c4b9be2,true,true
ma-g4-english-language-arts-u10-l03,ma-g4-english-language-arts,6689a20efc8e47e7dabb49853bf7769d67c1f0e8ed4a09f4e1495449568cf169,6689a20efc8e47e7dabb49853bf7769d67c1f0e8ed4a09f4e1495449568cf169,true,a4927b9b2926a447f0ac8e7936e732483aa3c3c4a260fe329af679b3b08c1a44,a4927b9b2926a447f0ac8e7936e732483aa3c3c4a260fe329af679b3b08c1a44,true,true
ma-g4-english-language-arts-u10-l04,ma-g4-english-language-arts,2baf748952382d735f342a6d356fc209eb7536dec610c152d1dc8034696629dd,2baf748952382d735f342a6d356fc209eb7536dec610c152d1dc8034696629dd,true,0e2d11740842bc3dbe267795e30cc1d0d673d0899b2f8d2a0e4ec7dccad5d385,0e2d11740842bc3dbe267795e30cc1d0d673d0899b2f8d2a0e4ec7dccad5d385,true,true
ma-g4-english-language-arts-u10-l05,ma-g4-english-language-arts,c30c27a7fe25c88aa8e11d80c00dd78fcecb82a6173f060b00651df079b8dc95,c30c27a7fe25c88aa8e11d80c00dd78fcecb82a6173f060b00651df079b8dc95,true,492441170402ee0473aee214e3df333d3fc50b443430e6d15df1b97ea40970d6,492441170402ee0473aee214e3df333d3fc50b443430e6d15df1b97ea40970d6,true,true
ma-g4-english-language-arts-u10-l06,ma-g4-english-language-arts,71ad300fb3fd996b443158eaf543cff7840990b99a459cb0f5dfabc6d8ae5b06,71ad300fb3fd996b443158eaf543cff7840990b99a459cb0f5dfabc6d8ae5b06,true,a4927b9b2926a447f0ac8e7936e732483aa3c3c4a260fe329af679b3b08c1a44,a4927b9b2926a447f0ac8e7936e732483aa3c3c4a260fe329af679b3b08c1a44,true,true
ma-g4-english-language-arts-u10-l07,ma-g4-english-language-arts,e6bbb7c73a8431d6122b528f7233b3cac1c5bb818ed77a1bb7890eb141c042e1,e6bbb7c73a8431d6122b528f7233b3cac1c5bb818ed77a1bb7890eb141c042e1,true,a4927b9b2926a447f0ac8e7936e732483aa3c3c4a260fe329af679b3b08c1a44,a4927b9b2926a447f0ac8e7936e732483aa3c3c4a260fe329af679b3b08c1a44,true,true
ma-g4-english-language-arts-u10-l08,ma-g4-english-language-arts,e47ca4e6d8f8e34334c976a764c1eb9a1c32391117aaeb7a8d5152e0405ce908,e47ca4e6d8f8e34334c976a764c1eb9a1c32391117aaeb7a8d5152e0405ce908,true,7455d63f9db17ea487e399a9ace0c9b69b5a6844bd5fbd319f66f14b46d82865,7455d63f9db17ea487e399a9ace0c9b69b5a6844bd5fbd319f66f14b46d82865,true,true
ma-g4-english-language-arts-u10-l09,ma-g4-english-language-arts,293a7c59e266a0927cbfec245272f2216c30524dd0764ac0f982b2f3f4ce538a,293a7c59e266a0927cbfec245272f2216c30524dd0764ac0f982b2f3f4ce538a,true,7455d63f9db17ea487e399a9ace0c9b69b5a6844bd5fbd319f66f14b46d82865,7455d63f9db17ea487e399a9ace0c9b69b5a6844bd5fbd319f66f14b46d82865,true,true
ma-g4-english-language-arts-u10-l10,ma-g4-english-language-arts,10cf467767c61e9f68dca4e7307670d7c11dafb972a978248dfdb995f8564734,10cf467767c61e9f68dca4e7307670d7c11dafb972a978248dfdb995f8564734,true,a4927b9b2926a447f0ac8e7936e732483aa3c3c4a260fe329af679b3b08c1a44,a4927b9b2926a447f0ac8e7936e732483aa3c3c4a260fe329af679b3b08c1a44,true,true
ma-g4-english-language-arts-u10-l11,ma-g4-english-language-arts,d96a6500a22124f83ca9dd24a503c6b692cdc9f9ee7eaeef1260235c0579b236,d96a6500a22124f83ca9dd24a503c6b692cdc9f9ee7eaeef1260235c0579b236,true,616aadfcf2b6601f6641e35a91830e99a421309e0a0e92397149002ebf56685a,616aadfcf2b6601f6641e35a91830e99a421309e0a0e92397149002ebf56685a,true,true
ma-g4-english-language-arts-u10-l12,ma-g4-english-language-arts,47ce6731d38dd0fabea250f5a62561854be0ca729885ae5519001d8f28eb8937,47ce6731d38dd0fabea250f5a62561854be0ca729885ae5519001d8f28eb8937,true,d21e645440b33074dad957cf51dbdd78113249fdb290ad0e4d339ec373d523c2,d21e645440b33074dad957cf51dbdd78113249fdb290ad0e4d339ec373d523c2,true,true
ma-g4-english-language-arts-u10-l13,ma-g4-english-language-arts,fc15f116b2f0dc17c4f96f41b088b878ff788ecb59a162a0ad07db6590587fc4,fc15f116b2f0dc17c4f96f41b088b878ff788ecb59a162a0ad07db6590587fc4,true,465b30eed84c42474a4183e54d210ec3410713f6b492da03aa327d875ad4e01a,465b30eed84c42474a4183e54d210ec3410713f6b492da03aa327d875ad4e01a,true,true
ma-g4-english-language-arts-u10-l14,ma-g4-english-language-arts,27fe24a834fc7f1019fde71b1e066f87527c04c9609a50a08ddbd0dc5996ef63,27fe24a834fc7f1019fde71b1e066f87527c04c9609a50a08ddbd0dc5996ef63,true,5f2c91dc660c8bdc7e8a8e89dba75a61fe187a5658af4c4176334a815b1a0806,5f2c91dc660c8bdc7e8a8e89dba75a61fe187a5658af4c4176334a815b1a0806,true,true
ma-g4-english-language-arts-u10-l15,ma-g4-english-language-arts,553a1d7812dac7f3b7b6545da6dbb3ece9af2f7256dc11fa9039d1740644ba4c,553a1d7812dac7f3b7b6545da6dbb3ece9af2f7256dc11fa9039d1740644ba4c,true,8ab5bb4cc9b91c5edad48f3e3eb270c3e479775545d1af6a192ba71eb37da6e5,8ab5bb4cc9b91c5edad48f3e3eb270c3e479775545d1af6a192ba71eb37da6e5,true,true
ma-g4-english-language-arts-u10-l16,ma-g4-english-language-arts,f8ce554b1146e29be1c3d76a296013b003637bcad45a901cce1178c3395b5fd6,f8ce554b1146e29be1c3d76a296013b003637bcad45a901cce1178c3395b5fd6,true,6f67c8b9ec13de867b28d7abc633a8efc55d7a208e54504d65c6d99f85143c24,6f67c8b9ec13de867b28d7abc633a8efc55d7a208e54504d65c6d99f85143c24,true,true
ma-g4-english-language-arts-u10-l17,ma-g4-english-language-arts,46b2bb27760408018f2cd6c04e30ecc1fe14ec285d82c77ae738754678d6ea79,46b2bb27760408018f2cd6c04e30ecc1fe14ec285d82c77ae738754678d6ea79,true,08f41e4071a7f39dad5422f7846f0490239a3577d188bcc231fbd3fddd90289e,08f41e4071a7f39dad5422f7846f0490239a3577d188bcc231fbd3fddd90289e,true,true
ma-g4-english-language-arts-u10-l18,ma-g4-english-language-arts,794e22f453c78c91246a9a26c3f00a454c0f5b2ee5097c148a402beaaee21a74,794e22f453c78c91246a9a26c3f00a454c0f5b2ee5097c148a402beaaee21a74,true,0feae08fcd75a5e2835d36685c7f56f001ca344f87c27770e766165f1db0579c,0feae08fcd75a5e2835d36685c7f56f001ca344f87c27770e766165f1db0579c,true,true
ma-g4-science-u01-l01,ma-g4-science,5868235b842a3fddb3a6bb4811a629bac26a00482aea8d6eafb84adc69b0c6ad,5868235b842a3fddb3a6bb4811a629bac26a00482aea8d6eafb84adc69b0c6ad,true,8a012bc665d50378c60303d716a9af101994aea210f0a96ad23b5a2793933779,8a012bc665d50378c60303d716a9af101994aea210f0a96ad23b5a2793933779,true,true
ma-g4-science-u01-l02,ma-g4-science,a6ef5cfa98964522fc8b8de3047cd98723cbbd093dc9a1265935b4cd059e0b2a,a6ef5cfa98964522fc8b8de3047cd98723cbbd093dc9a1265935b4cd059e0b2a,true,8a012bc665d50378c60303d716a9af101994aea210f0a96ad23b5a2793933779,8a012bc665d50378c60303d716a9af101994aea210f0a96ad23b5a2793933779,true,true
ma-g4-science-u01-l03,ma-g4-science,963895ce3e7edb951ee4c9959a326cf5247a5f45c741f9662317da3425fa9081,963895ce3e7edb951ee4c9959a326cf5247a5f45c741f9662317da3425fa9081,true,8a012bc665d50378c60303d716a9af101994aea210f0a96ad23b5a2793933779,8a012bc665d50378c60303d716a9af101994aea210f0a96ad23b5a2793933779,true,true
ma-g4-science-u01-l04,ma-g4-science,d3e960a4ccde9dae1ac29f33f02e725540b4d18656ddc1dafa94b6b2a0f14eb4,d3e960a4ccde9dae1ac29f33f02e725540b4d18656ddc1dafa94b6b2a0f14eb4,true,8a012bc665d50378c60303d716a9af101994aea210f0a96ad23b5a2793933779,8a012bc665d50378c60303d716a9af101994aea210f0a96ad23b5a2793933779,true,true
ma-g4-science-u01-l05,ma-g4-science,5cab5a0dbd34a706cf9626b4ff58d45c70ed5b8e6a896fd8f207da7e1997bc33,5cab5a0dbd34a706cf9626b4ff58d45c70ed5b8e6a896fd8f207da7e1997bc33,true,8a012bc665d50378c60303d716a9af101994aea210f0a96ad23b5a2793933779,8a012bc665d50378c60303d716a9af101994aea210f0a96ad23b5a2793933779,true,true
ma-g4-science-u01-l06,ma-g4-science,f9c952b313abd064b2583f90c139c4dde5a23bf11c6db202fda2fd1ebdd517dd,f9c952b313abd064b2583f90c139c4dde5a23bf11c6db202fda2fd1ebdd517dd,true,8a012bc665d50378c60303d716a9af101994aea210f0a96ad23b5a2793933779,8a012bc665d50378c60303d716a9af101994aea210f0a96ad23b5a2793933779,true,true
ma-g4-science-u01-l07,ma-g4-science,73056e0dac70084a51dc4ce0cebaff99eb132502b4e46b0dbf8110314642c3b9,73056e0dac70084a51dc4ce0cebaff99eb132502b4e46b0dbf8110314642c3b9,true,8a012bc665d50378c60303d716a9af101994aea210f0a96ad23b5a2793933779,8a012bc665d50378c60303d716a9af101994aea210f0a96ad23b5a2793933779,true,true
ma-g4-science-u01-l08,ma-g4-science,8f6a9adefaba7be063fb64ee6f1713af87b221b61e18c283eac8d80046c9eb56,8f6a9adefaba7be063fb64ee6f1713af87b221b61e18c283eac8d80046c9eb56,true,8a012bc665d50378c60303d716a9af101994aea210f0a96ad23b5a2793933779,8a012bc665d50378c60303d716a9af101994aea210f0a96ad23b5a2793933779,true,true
ma-g4-science-u01-l09,ma-g4-science,4f604c7d7d06799e7ab781b2c55f51733364df2496cb2fb99f6c416f6907e774,4f604c7d7d06799e7ab781b2c55f51733364df2496cb2fb99f6c416f6907e774,true,8a012bc665d50378c60303d716a9af101994aea210f0a96ad23b5a2793933779,8a012bc665d50378c60303d716a9af101994aea210f0a96ad23b5a2793933779,true,true
ma-g4-science-u01-l10,ma-g4-science,0c6c4db0db125db7acc7fc9968c05981fcba16ed83031c2a36a3d0c9f01030f9,0c6c4db0db125db7acc7fc9968c05981fcba16ed83031c2a36a3d0c9f01030f9,true,8a012bc665d50378c60303d716a9af101994aea210f0a96ad23b5a2793933779,8a012bc665d50378c60303d716a9af101994aea210f0a96ad23b5a2793933779,true,true
ma-g4-science-u01-l11,ma-g4-science,82d9bdea4097e1d74db863988843fbc4381afcabb7e925a5185da1eaaca4a78b,82d9bdea4097e1d74db863988843fbc4381afcabb7e925a5185da1eaaca4a78b,true,8a012bc665d50378c60303d716a9af101994aea210f0a96ad23b5a2793933779,8a012bc665d50378c60303d716a9af101994aea210f0a96ad23b5a2793933779,true,true
ma-g4-science-u01-l12,ma-g4-science,a23bacb403c1789f441dac1d342d01d456d6a552c80d77993fd2be56292a87a1,a23bacb403c1789f441dac1d342d01d456d6a552c80d77993fd2be56292a87a1,true,8a012bc665d50378c60303d716a9af101994aea210f0a96ad23b5a2793933779,8a012bc665d50378c60303d716a9af101994aea210f0a96ad23b5a2793933779,true,true
ma-g4-science-u02-l01,ma-g4-science,a5cf7a49ad9385fb0d521a95f6e8552237b5912bf840189a8ac1cb29c6ab778b,a5cf7a49ad9385fb0d521a95f6e8552237b5912bf840189a8ac1cb29c6ab778b,true,bd784fc4d5cab72c6178477fa75ed0113fb880cbc9f087393b9c41bde0a9d77d,bd784fc4d5cab72c6178477fa75ed0113fb880cbc9f087393b9c41bde0a9d77d,true,true
ma-g4-science-u02-l02,ma-g4-science,ce1efbb25de2d066974f4b965e833603c4a1acc7dda7ef75e9e0a17edd1a3e6f,ce1efbb25de2d066974f4b965e833603c4a1acc7dda7ef75e9e0a17edd1a3e6f,true,bd784fc4d5cab72c6178477fa75ed0113fb880cbc9f087393b9c41bde0a9d77d,bd784fc4d5cab72c6178477fa75ed0113fb880cbc9f087393b9c41bde0a9d77d,true,true
ma-g4-science-u02-l03,ma-g4-science,ec06ca9d4cf82f933f94df05fd6a2255cf986ce14cb6aa2677d237d95d7f300d,ec06ca9d4cf82f933f94df05fd6a2255cf986ce14cb6aa2677d237d95d7f300d,true,bd784fc4d5cab72c6178477fa75ed0113fb880cbc9f087393b9c41bde0a9d77d,bd784fc4d5cab72c6178477fa75ed0113fb880cbc9f087393b9c41bde0a9d77d,true,true
ma-g4-science-u02-l04,ma-g4-science,b25d92a07a97d1f67a1dd652201c89f0e5a97aecaa6f5aed389f2f5bd7e1df38,b25d92a07a97d1f67a1dd652201c89f0e5a97aecaa6f5aed389f2f5bd7e1df38,true,bd784fc4d5cab72c6178477fa75ed0113fb880cbc9f087393b9c41bde0a9d77d,bd784fc4d5cab72c6178477fa75ed0113fb880cbc9f087393b9c41bde0a9d77d,true,true
ma-g4-science-u02-l05,ma-g4-science,c069a79a0319d434aaa21790bc933b968348c0032756dfbbc45ade3cb75b44f6,c069a79a0319d434aaa21790bc933b968348c0032756dfbbc45ade3cb75b44f6,true,bd784fc4d5cab72c6178477fa75ed0113fb880cbc9f087393b9c41bde0a9d77d,bd784fc4d5cab72c6178477fa75ed0113fb880cbc9f087393b9c41bde0a9d77d,true,true
ma-g4-science-u02-l06,ma-g4-science,48c3646b5886c666e49d668fc56c19a137fc4637b1ca2162a9ac62afaaaaacec,48c3646b5886c666e49d668fc56c19a137fc4637b1ca2162a9ac62afaaaaacec,true,bd784fc4d5cab72c6178477fa75ed0113fb880cbc9f087393b9c41bde0a9d77d,bd784fc4d5cab72c6178477fa75ed0113fb880cbc9f087393b9c41bde0a9d77d,true,true
ma-g4-science-u02-l07,ma-g4-science,75d61c63b6f723e391165a2a21bfcbe3f57c9f0ee053808039b6f4cec336ad72,75d61c63b6f723e391165a2a21bfcbe3f57c9f0ee053808039b6f4cec336ad72,true,bd784fc4d5cab72c6178477fa75ed0113fb880cbc9f087393b9c41bde0a9d77d,bd784fc4d5cab72c6178477fa75ed0113fb880cbc9f087393b9c41bde0a9d77d,true,true
ma-g4-science-u02-l08,ma-g4-science,a79b00c91d877c73f3cf0970de6f6dfc79ef175d03561f79332ac31f3cb69a06,a79b00c91d877c73f3cf0970de6f6dfc79ef175d03561f79332ac31f3cb69a06,true,bd784fc4d5cab72c6178477fa75ed0113fb880cbc9f087393b9c41bde0a9d77d,bd784fc4d5cab72c6178477fa75ed0113fb880cbc9f087393b9c41bde0a9d77d,true,true
ma-g4-science-u02-l09,ma-g4-science,ea67268bad7ece38033ca4ab2faabcbb104f339e530374328da39716b294d8b5,ea67268bad7ece38033ca4ab2faabcbb104f339e530374328da39716b294d8b5,true,bd784fc4d5cab72c6178477fa75ed0113fb880cbc9f087393b9c41bde0a9d77d,bd784fc4d5cab72c6178477fa75ed0113fb880cbc9f087393b9c41bde0a9d77d,true,true
ma-g4-science-u02-l10,ma-g4-science,2d7f84c0561c545457f2fa3fb3b67581eed791d027d49eb27f061e18761ebcbf,2d7f84c0561c545457f2fa3fb3b67581eed791d027d49eb27f061e18761ebcbf,true,bd784fc4d5cab72c6178477fa75ed0113fb880cbc9f087393b9c41bde0a9d77d,bd784fc4d5cab72c6178477fa75ed0113fb880cbc9f087393b9c41bde0a9d77d,true,true
ma-g4-science-u02-l11,ma-g4-science,544df0d08179af319aa141505032cd13cc355a74b0a36fe621a34b0ca98cf6bc,544df0d08179af319aa141505032cd13cc355a74b0a36fe621a34b0ca98cf6bc,true,bd784fc4d5cab72c6178477fa75ed0113fb880cbc9f087393b9c41bde0a9d77d,bd784fc4d5cab72c6178477fa75ed0113fb880cbc9f087393b9c41bde0a9d77d,true,true
ma-g4-science-u02-l12,ma-g4-science,a1c31308a2f7b72e198fc6eca2a13819b37c3056055eca565d5f239e506f0911,a1c31308a2f7b72e198fc6eca2a13819b37c3056055eca565d5f239e506f0911,true,bd784fc4d5cab72c6178477fa75ed0113fb880cbc9f087393b9c41bde0a9d77d,bd784fc4d5cab72c6178477fa75ed0113fb880cbc9f087393b9c41bde0a9d77d,true,true
ma-g4-science-u03-l01,ma-g4-science,65d7cfa50bb91595c3890e4c2738d868c7c4a6af8e6e0b4918c6e551343caff5,65d7cfa50bb91595c3890e4c2738d868c7c4a6af8e6e0b4918c6e551343caff5,true,980015cfff0881a2c6a0d63e546625ec80e56cadac8d606b8d472dacfc96c26c,980015cfff0881a2c6a0d63e546625ec80e56cadac8d606b8d472dacfc96c26c,true,true
ma-g4-science-u03-l02,ma-g4-science,02a8777a9cc9ffc651710ef3f0a4808b9a5ae6babb389d08ba58541945d95b8e,02a8777a9cc9ffc651710ef3f0a4808b9a5ae6babb389d08ba58541945d95b8e,true,980015cfff0881a2c6a0d63e546625ec80e56cadac8d606b8d472dacfc96c26c,980015cfff0881a2c6a0d63e546625ec80e56cadac8d606b8d472dacfc96c26c,true,true
ma-g4-science-u03-l03,ma-g4-science,fbe96edc30c0ca52a23177553f6935967386db48b0610c7b6e9f23cd1d0d5065,fbe96edc30c0ca52a23177553f6935967386db48b0610c7b6e9f23cd1d0d5065,true,980015cfff0881a2c6a0d63e546625ec80e56cadac8d606b8d472dacfc96c26c,980015cfff0881a2c6a0d63e546625ec80e56cadac8d606b8d472dacfc96c26c,true,true
ma-g4-science-u03-l04,ma-g4-science,d18fd5c5fd0b31e0a4336b285ed9af7c50a590d3eb10d1d920aada0a94e7d688,d18fd5c5fd0b31e0a4336b285ed9af7c50a590d3eb10d1d920aada0a94e7d688,true,980015cfff0881a2c6a0d63e546625ec80e56cadac8d606b8d472dacfc96c26c,980015cfff0881a2c6a0d63e546625ec80e56cadac8d606b8d472dacfc96c26c,true,true
ma-g4-science-u03-l05,ma-g4-science,5ca425c16c141ce16d84e71c770a3a89e258446ce7ca78a5fbfd16b0e78b70cc,5ca425c16c141ce16d84e71c770a3a89e258446ce7ca78a5fbfd16b0e78b70cc,true,980015cfff0881a2c6a0d63e546625ec80e56cadac8d606b8d472dacfc96c26c,980015cfff0881a2c6a0d63e546625ec80e56cadac8d606b8d472dacfc96c26c,true,true
ma-g4-science-u03-l06,ma-g4-science,295ead0c5e31927e175d60ef54d6fb750e7845839d3f81bda4750e957bf8e12f,295ead0c5e31927e175d60ef54d6fb750e7845839d3f81bda4750e957bf8e12f,true,980015cfff0881a2c6a0d63e546625ec80e56cadac8d606b8d472dacfc96c26c,980015cfff0881a2c6a0d63e546625ec80e56cadac8d606b8d472dacfc96c26c,true,true
ma-g4-science-u03-l07,ma-g4-science,293563a94e46253bb80dd6c1b3bd67b5ead34827618ccf1cbafa26df396e68bb,293563a94e46253bb80dd6c1b3bd67b5ead34827618ccf1cbafa26df396e68bb,true,980015cfff0881a2c6a0d63e546625ec80e56cadac8d606b8d472dacfc96c26c,980015cfff0881a2c6a0d63e546625ec80e56cadac8d606b8d472dacfc96c26c,true,true
ma-g4-science-u03-l08,ma-g4-science,cbe37ef7299ab639270079c3af4df44449126ed59fe99376071fdd6d25b58f51,cbe37ef7299ab639270079c3af4df44449126ed59fe99376071fdd6d25b58f51,true,980015cfff0881a2c6a0d63e546625ec80e56cadac8d606b8d472dacfc96c26c,980015cfff0881a2c6a0d63e546625ec80e56cadac8d606b8d472dacfc96c26c,true,true
ma-g4-science-u03-l09,ma-g4-science,1f19168e4927555a51015ab3eebe88965e942908345749d7869b20d690c14901,1f19168e4927555a51015ab3eebe88965e942908345749d7869b20d690c14901,true,980015cfff0881a2c6a0d63e546625ec80e56cadac8d606b8d472dacfc96c26c,980015cfff0881a2c6a0d63e546625ec80e56cadac8d606b8d472dacfc96c26c,true,true
ma-g4-science-u03-l10,ma-g4-science,bd6a692ef8359baf9682be45a2a62bfcd5d13bad62db04c63728d3cd06f19336,bd6a692ef8359baf9682be45a2a62bfcd5d13bad62db04c63728d3cd06f19336,true,980015cfff0881a2c6a0d63e546625ec80e56cadac8d606b8d472dacfc96c26c,980015cfff0881a2c6a0d63e546625ec80e56cadac8d606b8d472dacfc96c26c,true,true
ma-g4-science-u03-l11,ma-g4-science,d35391d450e6a7ae39c1856a35f1d67a49b2edfe300a28345e07e4d027a35c9e,d35391d450e6a7ae39c1856a35f1d67a49b2edfe300a28345e07e4d027a35c9e,true,980015cfff0881a2c6a0d63e546625ec80e56cadac8d606b8d472dacfc96c26c,980015cfff0881a2c6a0d63e546625ec80e56cadac8d606b8d472dacfc96c26c,true,true
ma-g4-science-u03-l12,ma-g4-science,714400807d52a3fe12e199b658f46161dae1a8ea27b32ddf180183b2281c4e0d,714400807d52a3fe12e199b658f46161dae1a8ea27b32ddf180183b2281c4e0d,true,980015cfff0881a2c6a0d63e546625ec80e56cadac8d606b8d472dacfc96c26c,980015cfff0881a2c6a0d63e546625ec80e56cadac8d606b8d472dacfc96c26c,true,true
ma-g4-science-u04-l01,ma-g4-science,ddb56a044b3c420bd6e89bb832a889e0ff9113ccb4e11e6816da5fd2b38032f0,ddb56a044b3c420bd6e89bb832a889e0ff9113ccb4e11e6816da5fd2b38032f0,true,5ed613533cc3666be7e6ba6eb95a7e1743c023c2381fd4bcc2007d34d7f2725f,5ed613533cc3666be7e6ba6eb95a7e1743c023c2381fd4bcc2007d34d7f2725f,true,true
ma-g4-science-u04-l02,ma-g4-science,e4a6a9ab3a0ad8b67d9146bdd4fb7bacfcd531aedf5282ace4da5082486b6521,e4a6a9ab3a0ad8b67d9146bdd4fb7bacfcd531aedf5282ace4da5082486b6521,true,5ed613533cc3666be7e6ba6eb95a7e1743c023c2381fd4bcc2007d34d7f2725f,5ed613533cc3666be7e6ba6eb95a7e1743c023c2381fd4bcc2007d34d7f2725f,true,true
ma-g4-science-u04-l03,ma-g4-science,b14bed4397b91287e8664028b7ed01d445b0903ef4be337dd36b3d1edd56f478,b14bed4397b91287e8664028b7ed01d445b0903ef4be337dd36b3d1edd56f478,true,5ed613533cc3666be7e6ba6eb95a7e1743c023c2381fd4bcc2007d34d7f2725f,5ed613533cc3666be7e6ba6eb95a7e1743c023c2381fd4bcc2007d34d7f2725f,true,true
ma-g4-science-u04-l04,ma-g4-science,eadd5c8fb49e5f9e009e30f209b84bc4b66429903242f242b4a47a86a64f72bc,eadd5c8fb49e5f9e009e30f209b84bc4b66429903242f242b4a47a86a64f72bc,true,5ed613533cc3666be7e6ba6eb95a7e1743c023c2381fd4bcc2007d34d7f2725f,5ed613533cc3666be7e6ba6eb95a7e1743c023c2381fd4bcc2007d34d7f2725f,true,true
ma-g4-science-u04-l05,ma-g4-science,65971115dd1bc4734026e1aa122454a5ba77433c0c2d352c8378c7a97e9a2427,65971115dd1bc4734026e1aa122454a5ba77433c0c2d352c8378c7a97e9a2427,true,5ed613533cc3666be7e6ba6eb95a7e1743c023c2381fd4bcc2007d34d7f2725f,5ed613533cc3666be7e6ba6eb95a7e1743c023c2381fd4bcc2007d34d7f2725f,true,true
ma-g4-science-u04-l06,ma-g4-science,f76e142267034456b4e4fc5a15b49bb3eb56e0fd1a3879c2ec89b416cd1324e6,f76e142267034456b4e4fc5a15b49bb3eb56e0fd1a3879c2ec89b416cd1324e6,true,5ed613533cc3666be7e6ba6eb95a7e1743c023c2381fd4bcc2007d34d7f2725f,5ed613533cc3666be7e6ba6eb95a7e1743c023c2381fd4bcc2007d34d7f2725f,true,true
ma-g4-science-u04-l07,ma-g4-science,676f3604b013a6690f8d9d59cd2f07529f5e34c9174fdf688cb5b5b9df731566,676f3604b013a6690f8d9d59cd2f07529f5e34c9174fdf688cb5b5b9df731566,true,5ed613533cc3666be7e6ba6eb95a7e1743c023c2381fd4bcc2007d34d7f2725f,5ed613533cc3666be7e6ba6eb95a7e1743c023c2381fd4bcc2007d34d7f2725f,true,true
ma-g4-science-u04-l08,ma-g4-science,d2c28e370deb8f188e8fdd2b24a14c498e18da3317f72b6ec2015afe2a2ba4b5,d2c28e370deb8f188e8fdd2b24a14c498e18da3317f72b6ec2015afe2a2ba4b5,true,5ed613533cc3666be7e6ba6eb95a7e1743c023c2381fd4bcc2007d34d7f2725f,5ed613533cc3666be7e6ba6eb95a7e1743c023c2381fd4bcc2007d34d7f2725f,true,true
ma-g4-science-u04-l09,ma-g4-science,e7c70581b180367b51aa2b77ee8b88aa170cb4c81f27fe53623abe9529539f00,e7c70581b180367b51aa2b77ee8b88aa170cb4c81f27fe53623abe9529539f00,true,5ed613533cc3666be7e6ba6eb95a7e1743c023c2381fd4bcc2007d34d7f2725f,5ed613533cc3666be7e6ba6eb95a7e1743c023c2381fd4bcc2007d34d7f2725f,true,true
ma-g4-science-u04-l10,ma-g4-science,92435ac88ec96ec901e62723778333a83921749ddc7d13a9a03e2f91bb0d7d24,92435ac88ec96ec901e62723778333a83921749ddc7d13a9a03e2f91bb0d7d24,true,5ed613533cc3666be7e6ba6eb95a7e1743c023c2381fd4bcc2007d34d7f2725f,5ed613533cc3666be7e6ba6eb95a7e1743c023c2381fd4bcc2007d34d7f2725f,true,true
ma-g4-science-u04-l11,ma-g4-science,da20e75aba79221c54b29a36eb26d6ba02c685e5c27e4bfe8a173a832bbd7321,da20e75aba79221c54b29a36eb26d6ba02c685e5c27e4bfe8a173a832bbd7321,true,5ed613533cc3666be7e6ba6eb95a7e1743c023c2381fd4bcc2007d34d7f2725f,5ed613533cc3666be7e6ba6eb95a7e1743c023c2381fd4bcc2007d34d7f2725f,true,true
ma-g4-science-u04-l12,ma-g4-science,553b9ae7b04d93cbdb4e65e8c78788f8def85ea667bbc9b1a3e20601ccbdc827,553b9ae7b04d93cbdb4e65e8c78788f8def85ea667bbc9b1a3e20601ccbdc827,true,5ed613533cc3666be7e6ba6eb95a7e1743c023c2381fd4bcc2007d34d7f2725f,5ed613533cc3666be7e6ba6eb95a7e1743c023c2381fd4bcc2007d34d7f2725f,true,true
ma-g4-science-u05-l01,ma-g4-science,ff757b7b466b199382dac76a452b14382a233b7e4960ebb9305a8e591a094be4,ff757b7b466b199382dac76a452b14382a233b7e4960ebb9305a8e591a094be4,true,2f768d9b65c08b2f0b291a8f2d2019edaf418667f6aa0d564b6559cc0f219c61,2f768d9b65c08b2f0b291a8f2d2019edaf418667f6aa0d564b6559cc0f219c61,true,true
ma-g4-science-u05-l02,ma-g4-science,29b2b0db591397322e07a4d7002bf64108b84d97e1869c0da8651c5fb0ff5a26,29b2b0db591397322e07a4d7002bf64108b84d97e1869c0da8651c5fb0ff5a26,true,2f768d9b65c08b2f0b291a8f2d2019edaf418667f6aa0d564b6559cc0f219c61,2f768d9b65c08b2f0b291a8f2d2019edaf418667f6aa0d564b6559cc0f219c61,true,true
ma-g4-science-u05-l03,ma-g4-science,23322cce82a098ec5d64ff4904095e2da2030e8985615845aa5c628d84bdeefb,23322cce82a098ec5d64ff4904095e2da2030e8985615845aa5c628d84bdeefb,true,2f768d9b65c08b2f0b291a8f2d2019edaf418667f6aa0d564b6559cc0f219c61,2f768d9b65c08b2f0b291a8f2d2019edaf418667f6aa0d564b6559cc0f219c61,true,true
ma-g4-science-u05-l04,ma-g4-science,8a51251556e655624e698f2bb8798bf36cdb99e66ca6a50b25b1f499ca3888d0,8a51251556e655624e698f2bb8798bf36cdb99e66ca6a50b25b1f499ca3888d0,true,2f768d9b65c08b2f0b291a8f2d2019edaf418667f6aa0d564b6559cc0f219c61,2f768d9b65c08b2f0b291a8f2d2019edaf418667f6aa0d564b6559cc0f219c61,true,true
ma-g4-science-u05-l05,ma-g4-science,a92fe6ba82629af438b235f1b097254aacb0d3bb51d520fdea703c762ba4c319,a92fe6ba82629af438b235f1b097254aacb0d3bb51d520fdea703c762ba4c319,true,2f768d9b65c08b2f0b291a8f2d2019edaf418667f6aa0d564b6559cc0f219c61,2f768d9b65c08b2f0b291a8f2d2019edaf418667f6aa0d564b6559cc0f219c61,true,true
ma-g4-science-u05-l06,ma-g4-science,4b1bef799636a4046b9ab4ed93a8d214c63b8af869bd4236c9da55700b57c406,4b1bef799636a4046b9ab4ed93a8d214c63b8af869bd4236c9da55700b57c406,true,2f768d9b65c08b2f0b291a8f2d2019edaf418667f6aa0d564b6559cc0f219c61,2f768d9b65c08b2f0b291a8f2d2019edaf418667f6aa0d564b6559cc0f219c61,true,true
ma-g4-science-u05-l07,ma-g4-science,d030a0438b04e926e33838d528a6bdc25b36eae6d12f5c0ca2d050fda75c1bdc,d030a0438b04e926e33838d528a6bdc25b36eae6d12f5c0ca2d050fda75c1bdc,true,2f768d9b65c08b2f0b291a8f2d2019edaf418667f6aa0d564b6559cc0f219c61,2f768d9b65c08b2f0b291a8f2d2019edaf418667f6aa0d564b6559cc0f219c61,true,true
ma-g4-science-u05-l08,ma-g4-science,066ba194addd275a5b16a2948967f0d583cd5ae7e653c2c29c9ea4f518810d0c,066ba194addd275a5b16a2948967f0d583cd5ae7e653c2c29c9ea4f518810d0c,true,2f768d9b65c08b2f0b291a8f2d2019edaf418667f6aa0d564b6559cc0f219c61,2f768d9b65c08b2f0b291a8f2d2019edaf418667f6aa0d564b6559cc0f219c61,true,true
ma-g4-science-u05-l09,ma-g4-science,d7d72e501c1fda97374ae7d4e2c177b9fc01223df0b25e5cb329d39793981585,d7d72e501c1fda97374ae7d4e2c177b9fc01223df0b25e5cb329d39793981585,true,2f768d9b65c08b2f0b291a8f2d2019edaf418667f6aa0d564b6559cc0f219c61,2f768d9b65c08b2f0b291a8f2d2019edaf418667f6aa0d564b6559cc0f219c61,true,true
ma-g4-science-u05-l10,ma-g4-science,7fdfda165233a11e2fd0d849487896c8acbe85b715ed1a651418d5e4df76daf4,7fdfda165233a11e2fd0d849487896c8acbe85b715ed1a651418d5e4df76daf4,true,2f768d9b65c08b2f0b291a8f2d2019edaf418667f6aa0d564b6559cc0f219c61,2f768d9b65c08b2f0b291a8f2d2019edaf418667f6aa0d564b6559cc0f219c61,true,true
ma-g4-science-u05-l11,ma-g4-science,9f61b9f23d3ddaac5ae71a936ce6a307da9a6f11412faa468d8501e77b7d3590,9f61b9f23d3ddaac5ae71a936ce6a307da9a6f11412faa468d8501e77b7d3590,true,2f768d9b65c08b2f0b291a8f2d2019edaf418667f6aa0d564b6559cc0f219c61,2f768d9b65c08b2f0b291a8f2d2019edaf418667f6aa0d564b6559cc0f219c61,true,true
ma-g4-science-u05-l12,ma-g4-science,c07b216f0844557e63dee33f1722be115525673a051b12e636c2895a15b8c126,c07b216f0844557e63dee33f1722be115525673a051b12e636c2895a15b8c126,true,2f768d9b65c08b2f0b291a8f2d2019edaf418667f6aa0d564b6559cc0f219c61,2f768d9b65c08b2f0b291a8f2d2019edaf418667f6aa0d564b6559cc0f219c61,true,true
ma-g4-science-u06-l01,ma-g4-science,579ec9f75f6c62ae9f1cbe6b1e536a66860627d69411f8c50f4dae472bb708fd,579ec9f75f6c62ae9f1cbe6b1e536a66860627d69411f8c50f4dae472bb708fd,true,3c00b6fca289e1c9ca2489c558807c713fa223be46b9c3c6b83e5a97b3bab517,3c00b6fca289e1c9ca2489c558807c713fa223be46b9c3c6b83e5a97b3bab517,true,true
ma-g4-science-u06-l02,ma-g4-science,06a7a6a9c3c5aa32f269d6e38f5a5703dd54887f3033fbe3e7718b94d4337be0,06a7a6a9c3c5aa32f269d6e38f5a5703dd54887f3033fbe3e7718b94d4337be0,true,3c00b6fca289e1c9ca2489c558807c713fa223be46b9c3c6b83e5a97b3bab517,3c00b6fca289e1c9ca2489c558807c713fa223be46b9c3c6b83e5a97b3bab517,true,true
ma-g4-science-u06-l03,ma-g4-science,e97a35010e0a18d37efade2f0f551d4b44e67f6b5d1605ed15f183880f2c9255,e97a35010e0a18d37efade2f0f551d4b44e67f6b5d1605ed15f183880f2c9255,true,3c00b6fca289e1c9ca2489c558807c713fa223be46b9c3c6b83e5a97b3bab517,3c00b6fca289e1c9ca2489c558807c713fa223be46b9c3c6b83e5a97b3bab517,true,true
ma-g4-science-u06-l04,ma-g4-science,6538ebe65d73d5b32787553436d011c16153ae2178af0bdbfd3863be88e191fe,6538ebe65d73d5b32787553436d011c16153ae2178af0bdbfd3863be88e191fe,true,3c00b6fca289e1c9ca2489c558807c713fa223be46b9c3c6b83e5a97b3bab517,3c00b6fca289e1c9ca2489c558807c713fa223be46b9c3c6b83e5a97b3bab517,true,true
ma-g4-science-u06-l05,ma-g4-science,a66ea64a1610f3352ad3c48139ff5a9f45f4efe196c3992afc00f5b4ef5b31af,a66ea64a1610f3352ad3c48139ff5a9f45f4efe196c3992afc00f5b4ef5b31af,true,3c00b6fca289e1c9ca2489c558807c713fa223be46b9c3c6b83e5a97b3bab517,3c00b6fca289e1c9ca2489c558807c713fa223be46b9c3c6b83e5a97b3bab517,true,true
ma-g4-science-u06-l06,ma-g4-science,31b4000405d88b95b2058d27e48231045451ede747e5caf7b4723e1f3aa51a81,31b4000405d88b95b2058d27e48231045451ede747e5caf7b4723e1f3aa51a81,true,3c00b6fca289e1c9ca2489c558807c713fa223be46b9c3c6b83e5a97b3bab517,3c00b6fca289e1c9ca2489c558807c713fa223be46b9c3c6b83e5a97b3bab517,true,true
ma-g4-science-u06-l07,ma-g4-science,a85e3fc3c67669c9820c72c8feeb6fc0863269592a16bf273f1f652679fc07ae,a85e3fc3c67669c9820c72c8feeb6fc0863269592a16bf273f1f652679fc07ae,true,3c00b6fca289e1c9ca2489c558807c713fa223be46b9c3c6b83e5a97b3bab517,3c00b6fca289e1c9ca2489c558807c713fa223be46b9c3c6b83e5a97b3bab517,true,true
ma-g4-science-u06-l08,ma-g4-science,ca46e7a3b44cd5e3a2445f8ef83a9e6a9844f9e91f19d5ab6ffa245a9597b02c,ca46e7a3b44cd5e3a2445f8ef83a9e6a9844f9e91f19d5ab6ffa245a9597b02c,true,3c00b6fca289e1c9ca2489c558807c713fa223be46b9c3c6b83e5a97b3bab517,3c00b6fca289e1c9ca2489c558807c713fa223be46b9c3c6b83e5a97b3bab517,true,true
ma-g4-science-u06-l09,ma-g4-science,c0290eb56134c45ef09fd62e89c818076119db9fc5da8a638705608529852fe7,c0290eb56134c45ef09fd62e89c818076119db9fc5da8a638705608529852fe7,true,3c00b6fca289e1c9ca2489c558807c713fa223be46b9c3c6b83e5a97b3bab517,3c00b6fca289e1c9ca2489c558807c713fa223be46b9c3c6b83e5a97b3bab517,true,true
ma-g4-science-u06-l10,ma-g4-science,912cdf9ea92e6d5c70b855e99ced641aeeb8330728197de57cced40ed119918c,912cdf9ea92e6d5c70b855e99ced641aeeb8330728197de57cced40ed119918c,true,3c00b6fca289e1c9ca2489c558807c713fa223be46b9c3c6b83e5a97b3bab517,3c00b6fca289e1c9ca2489c558807c713fa223be46b9c3c6b83e5a97b3bab517,true,true
ma-g4-science-u06-l11,ma-g4-science,b0c1c4f479d46db48637f389b92bed848a2d47571dcf88e8dbc78097d5ffcf82,b0c1c4f479d46db48637f389b92bed848a2d47571dcf88e8dbc78097d5ffcf82,true,3c00b6fca289e1c9ca2489c558807c713fa223be46b9c3c6b83e5a97b3bab517,3c00b6fca289e1c9ca2489c558807c713fa223be46b9c3c6b83e5a97b3bab517,true,true
ma-g4-science-u06-l12,ma-g4-science,fb26e9b56bf5ed41ee0d3a2380c8b681eb976df93f214b8e081c95a18e4bcc4e,fb26e9b56bf5ed41ee0d3a2380c8b681eb976df93f214b8e081c95a18e4bcc4e,true,3c00b6fca289e1c9ca2489c558807c713fa223be46b9c3c6b83e5a97b3bab517,3c00b6fca289e1c9ca2489c558807c713fa223be46b9c3c6b83e5a97b3bab517,true,true
ma-g4-science-u07-l01,ma-g4-science,2e72a184eb4f7e9299ec5a2532facc68ab89997a8aea8e5c95e27c9b21f76d3d,2e72a184eb4f7e9299ec5a2532facc68ab89997a8aea8e5c95e27c9b21f76d3d,true,d5526a07a64517dd71a8bd96baea8e995ee201ad57afa3f2cda21769768c2a69,d5526a07a64517dd71a8bd96baea8e995ee201ad57afa3f2cda21769768c2a69,true,true
ma-g4-science-u07-l02,ma-g4-science,8d020e0ddb1b911b1ef36bec8005a70f4bee9d09772b4c59b6378d689b108457,8d020e0ddb1b911b1ef36bec8005a70f4bee9d09772b4c59b6378d689b108457,true,d5526a07a64517dd71a8bd96baea8e995ee201ad57afa3f2cda21769768c2a69,d5526a07a64517dd71a8bd96baea8e995ee201ad57afa3f2cda21769768c2a69,true,true
ma-g4-science-u07-l03,ma-g4-science,8b4ffb5df701f16d24b2193474f8b194cc58177665d351c5de7818f06b18295c,8b4ffb5df701f16d24b2193474f8b194cc58177665d351c5de7818f06b18295c,true,d5526a07a64517dd71a8bd96baea8e995ee201ad57afa3f2cda21769768c2a69,d5526a07a64517dd71a8bd96baea8e995ee201ad57afa3f2cda21769768c2a69,true,true
ma-g4-science-u07-l04,ma-g4-science,e820c2f0a007740defd22a3d914787522cc2c1dec82eeadf93a379fda4be84ea,e820c2f0a007740defd22a3d914787522cc2c1dec82eeadf93a379fda4be84ea,true,d5526a07a64517dd71a8bd96baea8e995ee201ad57afa3f2cda21769768c2a69,d5526a07a64517dd71a8bd96baea8e995ee201ad57afa3f2cda21769768c2a69,true,true
ma-g4-science-u07-l05,ma-g4-science,1da1f7a7bd5761c29a35d072f02debc08d5e15f112b2f08dd6a9fe2a58ccdf8f,1da1f7a7bd5761c29a35d072f02debc08d5e15f112b2f08dd6a9fe2a58ccdf8f,true,d5526a07a64517dd71a8bd96baea8e995ee201ad57afa3f2cda21769768c2a69,d5526a07a64517dd71a8bd96baea8e995ee201ad57afa3f2cda21769768c2a69,true,true
ma-g4-science-u07-l06,ma-g4-science,993fd19db67db106ee20fce0d0853877e164d190e53be69234bf2b9cc208ba71,993fd19db67db106ee20fce0d0853877e164d190e53be69234bf2b9cc208ba71,true,d5526a07a64517dd71a8bd96baea8e995ee201ad57afa3f2cda21769768c2a69,d5526a07a64517dd71a8bd96baea8e995ee201ad57afa3f2cda21769768c2a69,true,true
ma-g4-science-u07-l07,ma-g4-science,4e0721fb3380957949f8d1eae13967b2306d528f5ead9954dd95efa9ba1d1b3a,4e0721fb3380957949f8d1eae13967b2306d528f5ead9954dd95efa9ba1d1b3a,true,d5526a07a64517dd71a8bd96baea8e995ee201ad57afa3f2cda21769768c2a69,d5526a07a64517dd71a8bd96baea8e995ee201ad57afa3f2cda21769768c2a69,true,true
ma-g4-science-u07-l08,ma-g4-science,b3694fefc519c687fac175c719e7e77d879d7809abcda6e0bc06ed7deee5e934,b3694fefc519c687fac175c719e7e77d879d7809abcda6e0bc06ed7deee5e934,true,d5526a07a64517dd71a8bd96baea8e995ee201ad57afa3f2cda21769768c2a69,d5526a07a64517dd71a8bd96baea8e995ee201ad57afa3f2cda21769768c2a69,true,true
ma-g4-science-u07-l09,ma-g4-science,540dedfa60c86bad760a24556bdefee98674f206830bd9cf2b1756588cf76895,540dedfa60c86bad760a24556bdefee98674f206830bd9cf2b1756588cf76895,true,d5526a07a64517dd71a8bd96baea8e995ee201ad57afa3f2cda21769768c2a69,d5526a07a64517dd71a8bd96baea8e995ee201ad57afa3f2cda21769768c2a69,true,true
ma-g4-science-u07-l10,ma-g4-science,346526ad4b2ed117d81224fce12635e125e68f16f37d07f256a253f81c3b4b4c,346526ad4b2ed117d81224fce12635e125e68f16f37d07f256a253f81c3b4b4c,true,d5526a07a64517dd71a8bd96baea8e995ee201ad57afa3f2cda21769768c2a69,d5526a07a64517dd71a8bd96baea8e995ee201ad57afa3f2cda21769768c2a69,true,true
ma-g4-science-u07-l11,ma-g4-science,a1754c374702609b89b67bcfa3371b268ff2cd8aeb66a664a3aeae22c483eb3f,a1754c374702609b89b67bcfa3371b268ff2cd8aeb66a664a3aeae22c483eb3f,true,d5526a07a64517dd71a8bd96baea8e995ee201ad57afa3f2cda21769768c2a69,d5526a07a64517dd71a8bd96baea8e995ee201ad57afa3f2cda21769768c2a69,true,true
ma-g4-science-u07-l12,ma-g4-science,659c9171d02d5cbbbf7df221a3e9f9ba18758c3d1b6d38d3001df83754e8e53c,659c9171d02d5cbbbf7df221a3e9f9ba18758c3d1b6d38d3001df83754e8e53c,true,d5526a07a64517dd71a8bd96baea8e995ee201ad57afa3f2cda21769768c2a69,d5526a07a64517dd71a8bd96baea8e995ee201ad57afa3f2cda21769768c2a69,true,true
ma-g4-science-u08-l01,ma-g4-science,3d765d88d13fd8dd6440d6b772c5178c26c58d4c2f0940f883fdaf8103cdd2a2,3d765d88d13fd8dd6440d6b772c5178c26c58d4c2f0940f883fdaf8103cdd2a2,true,d4a46a88063cb91bb6ad70290868708f52ead126402a2908fe15bea1a24563e0,d4a46a88063cb91bb6ad70290868708f52ead126402a2908fe15bea1a24563e0,true,true
ma-g4-science-u08-l02,ma-g4-science,1fdcdfac7e7a666cb5243a1abcd7fed0eb213a6e2992bbd5e33aa8632770f2c6,1fdcdfac7e7a666cb5243a1abcd7fed0eb213a6e2992bbd5e33aa8632770f2c6,true,d4a46a88063cb91bb6ad70290868708f52ead126402a2908fe15bea1a24563e0,d4a46a88063cb91bb6ad70290868708f52ead126402a2908fe15bea1a24563e0,true,true
ma-g4-science-u08-l03,ma-g4-science,54be7941910b95dcc014739d394fb5d2851e607d2b833f600a39406260e296fe,54be7941910b95dcc014739d394fb5d2851e607d2b833f600a39406260e296fe,true,d4a46a88063cb91bb6ad70290868708f52ead126402a2908fe15bea1a24563e0,d4a46a88063cb91bb6ad70290868708f52ead126402a2908fe15bea1a24563e0,true,true
ma-g4-science-u08-l04,ma-g4-science,96a69c3e4559655b4306f9c78dce32581050576718cdc594870ad36ed0cfc397,96a69c3e4559655b4306f9c78dce32581050576718cdc594870ad36ed0cfc397,true,d4a46a88063cb91bb6ad70290868708f52ead126402a2908fe15bea1a24563e0,d4a46a88063cb91bb6ad70290868708f52ead126402a2908fe15bea1a24563e0,true,true
ma-g4-science-u08-l05,ma-g4-science,d4c524b53596816db31d1f792bbaa2ce644ef3e9b0a86afb9fae9e7b5f20ea72,d4c524b53596816db31d1f792bbaa2ce644ef3e9b0a86afb9fae9e7b5f20ea72,true,d4a46a88063cb91bb6ad70290868708f52ead126402a2908fe15bea1a24563e0,d4a46a88063cb91bb6ad70290868708f52ead126402a2908fe15bea1a24563e0,true,true
ma-g4-science-u08-l06,ma-g4-science,354fab35adbf8a577a53332ea5a3b127ca49dd3ab57708994bae984adedf51e8,354fab35adbf8a577a53332ea5a3b127ca49dd3ab57708994bae984adedf51e8,true,d4a46a88063cb91bb6ad70290868708f52ead126402a2908fe15bea1a24563e0,d4a46a88063cb91bb6ad70290868708f52ead126402a2908fe15bea1a24563e0,true,true
ma-g4-science-u08-l07,ma-g4-science,33d8cf61bb15b900f833ba61143eecdc5d93ae74178a29f6f4ec3d6c2da5057f,33d8cf61bb15b900f833ba61143eecdc5d93ae74178a29f6f4ec3d6c2da5057f,true,d4a46a88063cb91bb6ad70290868708f52ead126402a2908fe15bea1a24563e0,d4a46a88063cb91bb6ad70290868708f52ead126402a2908fe15bea1a24563e0,true,true
ma-g4-science-u08-l08,ma-g4-science,6269a284fb0501d41e2826908f92a78ee175fbfe819f8fa26175730d1c7c71a2,6269a284fb0501d41e2826908f92a78ee175fbfe819f8fa26175730d1c7c71a2,true,d4a46a88063cb91bb6ad70290868708f52ead126402a2908fe15bea1a24563e0,d4a46a88063cb91bb6ad70290868708f52ead126402a2908fe15bea1a24563e0,true,true
ma-g4-science-u08-l09,ma-g4-science,9fd5f259ad0bea78049697e2d21e87166f68f2eeeaa69acd3e34203b60381383,9fd5f259ad0bea78049697e2d21e87166f68f2eeeaa69acd3e34203b60381383,true,d4a46a88063cb91bb6ad70290868708f52ead126402a2908fe15bea1a24563e0,d4a46a88063cb91bb6ad70290868708f52ead126402a2908fe15bea1a24563e0,true,true
ma-g4-science-u08-l10,ma-g4-science,c05b1438bcb7d35def20eacbff5d740110f2fd91fc697e9fed1c337b6ccbf1df,c05b1438bcb7d35def20eacbff5d740110f2fd91fc697e9fed1c337b6ccbf1df,true,d4a46a88063cb91bb6ad70290868708f52ead126402a2908fe15bea1a24563e0,d4a46a88063cb91bb6ad70290868708f52ead126402a2908fe15bea1a24563e0,true,true
ma-g4-science-u08-l11,ma-g4-science,45116de120d614b7e34d6d3fcb7514e4c445d555cbc163ff376557c6d6b5e56d,45116de120d614b7e34d6d3fcb7514e4c445d555cbc163ff376557c6d6b5e56d,true,d4a46a88063cb91bb6ad70290868708f52ead126402a2908fe15bea1a24563e0,d4a46a88063cb91bb6ad70290868708f52ead126402a2908fe15bea1a24563e0,true,true
ma-g4-science-u08-l12,ma-g4-science,9bda9fd3d9c38568b56c6743b5c754fcb5e839ae47979ef1d14934716f20bbf9,9bda9fd3d9c38568b56c6743b5c754fcb5e839ae47979ef1d14934716f20bbf9,true,d4a46a88063cb91bb6ad70290868708f52ead126402a2908fe15bea1a24563e0,d4a46a88063cb91bb6ad70290868708f52ead126402a2908fe15bea1a24563e0,true,true
ma-g4-science-u09-l01,ma-g4-science,8fb8135cb0e05db707b2c1585315cc9f012c08dbb9c449790dcaf3952e5e9c18,8fb8135cb0e05db707b2c1585315cc9f012c08dbb9c449790dcaf3952e5e9c18,true,ce7df5660286b4cde2cca74bf32d000450d59b94c40a5006509e0b50bce28c31,ce7df5660286b4cde2cca74bf32d000450d59b94c40a5006509e0b50bce28c31,true,true
ma-g4-science-u09-l02,ma-g4-science,6b90f0830551f6a8173aee5ff54518ea17c9051ee472b03a19a5290f763be9c8,6b90f0830551f6a8173aee5ff54518ea17c9051ee472b03a19a5290f763be9c8,true,ce7df5660286b4cde2cca74bf32d000450d59b94c40a5006509e0b50bce28c31,ce7df5660286b4cde2cca74bf32d000450d59b94c40a5006509e0b50bce28c31,true,true
ma-g4-science-u09-l03,ma-g4-science,32140fd6c01dd1caaf4df61d64853cf06a627d900e8cafa2f3fdc66e26c08c5a,32140fd6c01dd1caaf4df61d64853cf06a627d900e8cafa2f3fdc66e26c08c5a,true,ce7df5660286b4cde2cca74bf32d000450d59b94c40a5006509e0b50bce28c31,ce7df5660286b4cde2cca74bf32d000450d59b94c40a5006509e0b50bce28c31,true,true
ma-g4-science-u09-l04,ma-g4-science,e351afd9bbc1c02f73b4446b2ea00ecdc19593437f78f4abb4120b0b48f388cd,e351afd9bbc1c02f73b4446b2ea00ecdc19593437f78f4abb4120b0b48f388cd,true,ce7df5660286b4cde2cca74bf32d000450d59b94c40a5006509e0b50bce28c31,ce7df5660286b4cde2cca74bf32d000450d59b94c40a5006509e0b50bce28c31,true,true
ma-g4-science-u09-l05,ma-g4-science,1ec14d48ccbd2d72d80fd475b840815371b930b31970c235eb628985553aa582,1ec14d48ccbd2d72d80fd475b840815371b930b31970c235eb628985553aa582,true,ce7df5660286b4cde2cca74bf32d000450d59b94c40a5006509e0b50bce28c31,ce7df5660286b4cde2cca74bf32d000450d59b94c40a5006509e0b50bce28c31,true,true
ma-g4-science-u09-l06,ma-g4-science,9268a9af106a579afc73150c838cc17b7acf60d8b45333b1a024cf74ce9688b1,9268a9af106a579afc73150c838cc17b7acf60d8b45333b1a024cf74ce9688b1,true,ce7df5660286b4cde2cca74bf32d000450d59b94c40a5006509e0b50bce28c31,ce7df5660286b4cde2cca74bf32d000450d59b94c40a5006509e0b50bce28c31,true,true
ma-g4-science-u09-l07,ma-g4-science,8c0a4a7bc4d425e9d3a08f3b7acda9ab09a10b20028acc4e08cfaa8d4081f6e5,8c0a4a7bc4d425e9d3a08f3b7acda9ab09a10b20028acc4e08cfaa8d4081f6e5,true,ce7df5660286b4cde2cca74bf32d000450d59b94c40a5006509e0b50bce28c31,ce7df5660286b4cde2cca74bf32d000450d59b94c40a5006509e0b50bce28c31,true,true
ma-g4-science-u09-l08,ma-g4-science,40f674af5be23d10ed5c15dadcb4830012f338099efdb9993c1dd3b110c0b012,40f674af5be23d10ed5c15dadcb4830012f338099efdb9993c1dd3b110c0b012,true,ce7df5660286b4cde2cca74bf32d000450d59b94c40a5006509e0b50bce28c31,ce7df5660286b4cde2cca74bf32d000450d59b94c40a5006509e0b50bce28c31,true,true
ma-g4-science-u09-l09,ma-g4-science,3df3e2858696e16f23a436dc89811c1ac3005aadfd402c5c958dc1014c3eb02f,3df3e2858696e16f23a436dc89811c1ac3005aadfd402c5c958dc1014c3eb02f,true,ce7df5660286b4cde2cca74bf32d000450d59b94c40a5006509e0b50bce28c31,ce7df5660286b4cde2cca74bf32d000450d59b94c40a5006509e0b50bce28c31,true,true
ma-g4-science-u09-l10,ma-g4-science,6347e7d4cdbe59c296189e1e03793e835d64e013b94a14f86d62661dc6804f53,6347e7d4cdbe59c296189e1e03793e835d64e013b94a14f86d62661dc6804f53,true,ce7df5660286b4cde2cca74bf32d000450d59b94c40a5006509e0b50bce28c31,ce7df5660286b4cde2cca74bf32d000450d59b94c40a5006509e0b50bce28c31,true,true
ma-g4-science-u09-l11,ma-g4-science,6b7cae081942667e3226cb71cbcca4e41ef92e13dd30e07894fc18e5e9de3748,6b7cae081942667e3226cb71cbcca4e41ef92e13dd30e07894fc18e5e9de3748,true,ce7df5660286b4cde2cca74bf32d000450d59b94c40a5006509e0b50bce28c31,ce7df5660286b4cde2cca74bf32d000450d59b94c40a5006509e0b50bce28c31,true,true
ma-g4-science-u09-l12,ma-g4-science,e81129f8f7cb9070835947e3ebe9b86a48ddc939b5e060b1bde74c0dbd672e32,e81129f8f7cb9070835947e3ebe9b86a48ddc939b5e060b1bde74c0dbd672e32,true,ce7df5660286b4cde2cca74bf32d000450d59b94c40a5006509e0b50bce28c31,ce7df5660286b4cde2cca74bf32d000450d59b94c40a5006509e0b50bce28c31,true,true
ma-g4-social-studies-u01-l01,ma-g4-social-studies,84697a03f0edec07f78ceb74201d04dfeef6c0e4c8049d7dcd6f9608d6381255,84697a03f0edec07f78ceb74201d04dfeef6c0e4c8049d7dcd6f9608d6381255,true,dd6bb4ffc4eba288216e904faadcd50bd7fb12891b3c2f9e923f8e3eaebd85d8,dd6bb4ffc4eba288216e904faadcd50bd7fb12891b3c2f9e923f8e3eaebd85d8,true,true
ma-g4-social-studies-u01-l02,ma-g4-social-studies,dfb0498f7054453bd8d3360aaa16c502450389b3f48a0d08bc1779c8c77b6ec0,dfb0498f7054453bd8d3360aaa16c502450389b3f48a0d08bc1779c8c77b6ec0,true,dd6bb4ffc4eba288216e904faadcd50bd7fb12891b3c2f9e923f8e3eaebd85d8,dd6bb4ffc4eba288216e904faadcd50bd7fb12891b3c2f9e923f8e3eaebd85d8,true,true
ma-g4-social-studies-u01-l03,ma-g4-social-studies,ac03bf5354a90180696730bec9471ec399aca3c73efd7f9a74b7ae0c4c393972,ac03bf5354a90180696730bec9471ec399aca3c73efd7f9a74b7ae0c4c393972,true,dd6bb4ffc4eba288216e904faadcd50bd7fb12891b3c2f9e923f8e3eaebd85d8,dd6bb4ffc4eba288216e904faadcd50bd7fb12891b3c2f9e923f8e3eaebd85d8,true,true
ma-g4-social-studies-u01-l04,ma-g4-social-studies,241d75696b903c7b3dbf66e188645829395c48b3227dfa5b4a384732d1c418e2,241d75696b903c7b3dbf66e188645829395c48b3227dfa5b4a384732d1c418e2,true,dd6bb4ffc4eba288216e904faadcd50bd7fb12891b3c2f9e923f8e3eaebd85d8,dd6bb4ffc4eba288216e904faadcd50bd7fb12891b3c2f9e923f8e3eaebd85d8,true,true
ma-g4-social-studies-u01-l05,ma-g4-social-studies,e28cdbfa8f4e964dd3d96767d9b53c100a645dfbd6ebd93ea6aa97d28149ce5c,e28cdbfa8f4e964dd3d96767d9b53c100a645dfbd6ebd93ea6aa97d28149ce5c,true,dd6bb4ffc4eba288216e904faadcd50bd7fb12891b3c2f9e923f8e3eaebd85d8,dd6bb4ffc4eba288216e904faadcd50bd7fb12891b3c2f9e923f8e3eaebd85d8,true,true
ma-g4-social-studies-u01-l06,ma-g4-social-studies,70f74fc3589332c7dbc7ab1f57deb04a540e9d2c1bc6c73027a4bb006abdda56,70f74fc3589332c7dbc7ab1f57deb04a540e9d2c1bc6c73027a4bb006abdda56,true,dd6bb4ffc4eba288216e904faadcd50bd7fb12891b3c2f9e923f8e3eaebd85d8,dd6bb4ffc4eba288216e904faadcd50bd7fb12891b3c2f9e923f8e3eaebd85d8,true,true
ma-g4-social-studies-u01-l07,ma-g4-social-studies,9870dfaa4a8e17124d7ca1a6ea8f0bea23db162145a7fb28f7ecbf712f39b511,9870dfaa4a8e17124d7ca1a6ea8f0bea23db162145a7fb28f7ecbf712f39b511,true,dd6bb4ffc4eba288216e904faadcd50bd7fb12891b3c2f9e923f8e3eaebd85d8,dd6bb4ffc4eba288216e904faadcd50bd7fb12891b3c2f9e923f8e3eaebd85d8,true,true
ma-g4-social-studies-u01-l08,ma-g4-social-studies,c97c72cfd78ffa12732f5de17d08eaa668640b97c077084eeac2582054a95cc2,c97c72cfd78ffa12732f5de17d08eaa668640b97c077084eeac2582054a95cc2,true,dd6bb4ffc4eba288216e904faadcd50bd7fb12891b3c2f9e923f8e3eaebd85d8,dd6bb4ffc4eba288216e904faadcd50bd7fb12891b3c2f9e923f8e3eaebd85d8,true,true
ma-g4-social-studies-u01-l09,ma-g4-social-studies,59706d8fac0d9d8a67245a8b65d3400f5ef0308b487e195e749770bfe3f84df2,59706d8fac0d9d8a67245a8b65d3400f5ef0308b487e195e749770bfe3f84df2,true,dd6bb4ffc4eba288216e904faadcd50bd7fb12891b3c2f9e923f8e3eaebd85d8,dd6bb4ffc4eba288216e904faadcd50bd7fb12891b3c2f9e923f8e3eaebd85d8,true,true
ma-g4-social-studies-u01-l10,ma-g4-social-studies,d5d32ee5fd25319dd65ad158d72663fc493f350dca01867c34ceb70812306fd1,d5d32ee5fd25319dd65ad158d72663fc493f350dca01867c34ceb70812306fd1,true,dd6bb4ffc4eba288216e904faadcd50bd7fb12891b3c2f9e923f8e3eaebd85d8,dd6bb4ffc4eba288216e904faadcd50bd7fb12891b3c2f9e923f8e3eaebd85d8,true,true
ma-g4-social-studies-u01-l11,ma-g4-social-studies,a4d3fa029781dac328f85562e25ce2f305a87a9e202a9341bf0a681f5ebae2a1,a4d3fa029781dac328f85562e25ce2f305a87a9e202a9341bf0a681f5ebae2a1,true,dd6bb4ffc4eba288216e904faadcd50bd7fb12891b3c2f9e923f8e3eaebd85d8,dd6bb4ffc4eba288216e904faadcd50bd7fb12891b3c2f9e923f8e3eaebd85d8,true,true
ma-g4-social-studies-u01-l12,ma-g4-social-studies,ce89c5d1679cfdd2b183ad942dcde721331151c0bc5f651a13e0fa461675bca5,ce89c5d1679cfdd2b183ad942dcde721331151c0bc5f651a13e0fa461675bca5,true,dd6bb4ffc4eba288216e904faadcd50bd7fb12891b3c2f9e923f8e3eaebd85d8,dd6bb4ffc4eba288216e904faadcd50bd7fb12891b3c2f9e923f8e3eaebd85d8,true,true
ma-g4-social-studies-u02-l01,ma-g4-social-studies,8f43afb92b15d0e90ec8a809e1715f46059b6f70a76db5876cb18f7725fc0da0,8f43afb92b15d0e90ec8a809e1715f46059b6f70a76db5876cb18f7725fc0da0,true,e2ec1b360e273fc298c1d41db51c8ae95eb9eaa8d2326b611e9bac8008dde51a,e2ec1b360e273fc298c1d41db51c8ae95eb9eaa8d2326b611e9bac8008dde51a,true,true
ma-g4-social-studies-u02-l02,ma-g4-social-studies,87c1f5a63e39f25429a77e897a2fd82d6b10fcce310c5c25f26e2c19266e4474,87c1f5a63e39f25429a77e897a2fd82d6b10fcce310c5c25f26e2c19266e4474,true,e2ec1b360e273fc298c1d41db51c8ae95eb9eaa8d2326b611e9bac8008dde51a,e2ec1b360e273fc298c1d41db51c8ae95eb9eaa8d2326b611e9bac8008dde51a,true,true
ma-g4-social-studies-u02-l03,ma-g4-social-studies,e3eed86b2314e8bc87b446cbf25a356dcd0ab6e7dabfefb5227f72f57f2af93c,e3eed86b2314e8bc87b446cbf25a356dcd0ab6e7dabfefb5227f72f57f2af93c,true,e2ec1b360e273fc298c1d41db51c8ae95eb9eaa8d2326b611e9bac8008dde51a,e2ec1b360e273fc298c1d41db51c8ae95eb9eaa8d2326b611e9bac8008dde51a,true,true
ma-g4-social-studies-u02-l04,ma-g4-social-studies,dc7901e09f6200563adfb2d26eb41df18eb62178d7077c4e7176dc1740732ac3,dc7901e09f6200563adfb2d26eb41df18eb62178d7077c4e7176dc1740732ac3,true,e2ec1b360e273fc298c1d41db51c8ae95eb9eaa8d2326b611e9bac8008dde51a,e2ec1b360e273fc298c1d41db51c8ae95eb9eaa8d2326b611e9bac8008dde51a,true,true
ma-g4-social-studies-u02-l05,ma-g4-social-studies,3c944b44f28803929a40b555576d00e676596202ac77368685fdcb6908a4999b,3c944b44f28803929a40b555576d00e676596202ac77368685fdcb6908a4999b,true,e2ec1b360e273fc298c1d41db51c8ae95eb9eaa8d2326b611e9bac8008dde51a,e2ec1b360e273fc298c1d41db51c8ae95eb9eaa8d2326b611e9bac8008dde51a,true,true
ma-g4-social-studies-u02-l06,ma-g4-social-studies,e6cde959a72c0c1884f30feb14ce1eb3f45282692e26c93a63a1e97ca2c96dd9,e6cde959a72c0c1884f30feb14ce1eb3f45282692e26c93a63a1e97ca2c96dd9,true,e2ec1b360e273fc298c1d41db51c8ae95eb9eaa8d2326b611e9bac8008dde51a,e2ec1b360e273fc298c1d41db51c8ae95eb9eaa8d2326b611e9bac8008dde51a,true,true
ma-g4-social-studies-u02-l07,ma-g4-social-studies,613e8d7af993cfafbe82db9eef7dd8ca5baa4daf6975a69efd56a7e477d02ed6,613e8d7af993cfafbe82db9eef7dd8ca5baa4daf6975a69efd56a7e477d02ed6,true,e2ec1b360e273fc298c1d41db51c8ae95eb9eaa8d2326b611e9bac8008dde51a,e2ec1b360e273fc298c1d41db51c8ae95eb9eaa8d2326b611e9bac8008dde51a,true,true
ma-g4-social-studies-u02-l08,ma-g4-social-studies,bd46a169cae738503eacabc0a6a655e341db945950a1cb2a717d0d88e473b022,bd46a169cae738503eacabc0a6a655e341db945950a1cb2a717d0d88e473b022,true,e2ec1b360e273fc298c1d41db51c8ae95eb9eaa8d2326b611e9bac8008dde51a,e2ec1b360e273fc298c1d41db51c8ae95eb9eaa8d2326b611e9bac8008dde51a,true,true
ma-g4-social-studies-u02-l09,ma-g4-social-studies,32c4cf70959dd67b04041e655d65f9e1791cceec311ac310aeca55eb1cda3849,32c4cf70959dd67b04041e655d65f9e1791cceec311ac310aeca55eb1cda3849,true,e2ec1b360e273fc298c1d41db51c8ae95eb9eaa8d2326b611e9bac8008dde51a,e2ec1b360e273fc298c1d41db51c8ae95eb9eaa8d2326b611e9bac8008dde51a,true,true
ma-g4-social-studies-u02-l10,ma-g4-social-studies,e935919cbfe462191ab2bc6d20a804326adee031bae97555a686906b6d78c747,e935919cbfe462191ab2bc6d20a804326adee031bae97555a686906b6d78c747,true,e2ec1b360e273fc298c1d41db51c8ae95eb9eaa8d2326b611e9bac8008dde51a,e2ec1b360e273fc298c1d41db51c8ae95eb9eaa8d2326b611e9bac8008dde51a,true,true
ma-g4-social-studies-u02-l11,ma-g4-social-studies,e8885261feb5073d6a13dd9a898f965c03d9937970407edbf3414738b564dcff,e8885261feb5073d6a13dd9a898f965c03d9937970407edbf3414738b564dcff,true,e2ec1b360e273fc298c1d41db51c8ae95eb9eaa8d2326b611e9bac8008dde51a,e2ec1b360e273fc298c1d41db51c8ae95eb9eaa8d2326b611e9bac8008dde51a,true,true
ma-g4-social-studies-u02-l12,ma-g4-social-studies,a294d1dd1de531c2c0ab9ba39485ee4d8a0955985dbe79a8118d7a01d393f92f,a294d1dd1de531c2c0ab9ba39485ee4d8a0955985dbe79a8118d7a01d393f92f,true,e2ec1b360e273fc298c1d41db51c8ae95eb9eaa8d2326b611e9bac8008dde51a,e2ec1b360e273fc298c1d41db51c8ae95eb9eaa8d2326b611e9bac8008dde51a,true,true
ma-g4-social-studies-u03-l01,ma-g4-social-studies,52fdff80b8990ca7ad8764687f76870009200d55e5c0807e47ceaad14b158553,52fdff80b8990ca7ad8764687f76870009200d55e5c0807e47ceaad14b158553,true,c9d7255c9777b109e03591e0101fb440f6bbfe1d4d7221dca246c2358306c79e,c9d7255c9777b109e03591e0101fb440f6bbfe1d4d7221dca246c2358306c79e,true,true
ma-g4-social-studies-u03-l02,ma-g4-social-studies,854871467411a3095f3ae96a7f922466460fbb09ea245aac068f2891a25080e7,854871467411a3095f3ae96a7f922466460fbb09ea245aac068f2891a25080e7,true,c9d7255c9777b109e03591e0101fb440f6bbfe1d4d7221dca246c2358306c79e,c9d7255c9777b109e03591e0101fb440f6bbfe1d4d7221dca246c2358306c79e,true,true
ma-g4-social-studies-u03-l03,ma-g4-social-studies,840e9245822c651649e789d1c26ba6f7b8efa9eae388d14a03800a54f5c4297e,840e9245822c651649e789d1c26ba6f7b8efa9eae388d14a03800a54f5c4297e,true,c9d7255c9777b109e03591e0101fb440f6bbfe1d4d7221dca246c2358306c79e,c9d7255c9777b109e03591e0101fb440f6bbfe1d4d7221dca246c2358306c79e,true,true
ma-g4-social-studies-u03-l04,ma-g4-social-studies,e76ac82ee975b48855c1b9d25991fb52f767c285ddd9c66c5734d2960843b277,e76ac82ee975b48855c1b9d25991fb52f767c285ddd9c66c5734d2960843b277,true,c9d7255c9777b109e03591e0101fb440f6bbfe1d4d7221dca246c2358306c79e,c9d7255c9777b109e03591e0101fb440f6bbfe1d4d7221dca246c2358306c79e,true,true
ma-g4-social-studies-u03-l05,ma-g4-social-studies,0677a5702b7adffd632012e7ba1aee985ab9e7c84cd4ea0a527b37ab331a6a3a,0677a5702b7adffd632012e7ba1aee985ab9e7c84cd4ea0a527b37ab331a6a3a,true,c9d7255c9777b109e03591e0101fb440f6bbfe1d4d7221dca246c2358306c79e,c9d7255c9777b109e03591e0101fb440f6bbfe1d4d7221dca246c2358306c79e,true,true
ma-g4-social-studies-u03-l06,ma-g4-social-studies,c6ac03486cd9d115bfe04522907cfafb4ef93fd03304796130bcefca911af441,c6ac03486cd9d115bfe04522907cfafb4ef93fd03304796130bcefca911af441,true,c9d7255c9777b109e03591e0101fb440f6bbfe1d4d7221dca246c2358306c79e,c9d7255c9777b109e03591e0101fb440f6bbfe1d4d7221dca246c2358306c79e,true,true
ma-g4-social-studies-u03-l07,ma-g4-social-studies,fd40e82dd20b0f0c3e11d3246d0acba512b31d250d72b838944352122f7aea9e,fd40e82dd20b0f0c3e11d3246d0acba512b31d250d72b838944352122f7aea9e,true,c9d7255c9777b109e03591e0101fb440f6bbfe1d4d7221dca246c2358306c79e,c9d7255c9777b109e03591e0101fb440f6bbfe1d4d7221dca246c2358306c79e,true,true
ma-g4-social-studies-u03-l08,ma-g4-social-studies,70bb615b6107a31938fa837837be0bc7b8c5dbacd73afe0d9ecc52a585677c9d,70bb615b6107a31938fa837837be0bc7b8c5dbacd73afe0d9ecc52a585677c9d,true,c9d7255c9777b109e03591e0101fb440f6bbfe1d4d7221dca246c2358306c79e,c9d7255c9777b109e03591e0101fb440f6bbfe1d4d7221dca246c2358306c79e,true,true
ma-g4-social-studies-u03-l09,ma-g4-social-studies,5f50186046ad1ca6cc76aaceef4cf245cc0ac65528e4b74744438accd0953f70,5f50186046ad1ca6cc76aaceef4cf245cc0ac65528e4b74744438accd0953f70,true,c9d7255c9777b109e03591e0101fb440f6bbfe1d4d7221dca246c2358306c79e,c9d7255c9777b109e03591e0101fb440f6bbfe1d4d7221dca246c2358306c79e,true,true
ma-g4-social-studies-u03-l10,ma-g4-social-studies,efa4a41823d95c311654e675cf2689a1b5587f6d802eedf1e6f9322ee0ab6407,efa4a41823d95c311654e675cf2689a1b5587f6d802eedf1e6f9322ee0ab6407,true,c9d7255c9777b109e03591e0101fb440f6bbfe1d4d7221dca246c2358306c79e,c9d7255c9777b109e03591e0101fb440f6bbfe1d4d7221dca246c2358306c79e,true,true
ma-g4-social-studies-u03-l11,ma-g4-social-studies,dd713e69a7de3d20775434284d987e4a541f36b3a526c72012efb7f64c56118e,dd713e69a7de3d20775434284d987e4a541f36b3a526c72012efb7f64c56118e,true,c9d7255c9777b109e03591e0101fb440f6bbfe1d4d7221dca246c2358306c79e,c9d7255c9777b109e03591e0101fb440f6bbfe1d4d7221dca246c2358306c79e,true,true
ma-g4-social-studies-u03-l12,ma-g4-social-studies,b6c9e8801a8378db826087b2813ed7ee63e4fa7a4d9d9a8f5a249d17ee40ab2e,b6c9e8801a8378db826087b2813ed7ee63e4fa7a4d9d9a8f5a249d17ee40ab2e,true,c9d7255c9777b109e03591e0101fb440f6bbfe1d4d7221dca246c2358306c79e,c9d7255c9777b109e03591e0101fb440f6bbfe1d4d7221dca246c2358306c79e,true,true
ma-g4-social-studies-u04-l01,ma-g4-social-studies,b1bda31d17762c2cc8bd128fcee30d79d00a27a3e5415b3aadbd19325616d624,b1bda31d17762c2cc8bd128fcee30d79d00a27a3e5415b3aadbd19325616d624,true,d523a61a1efd8c335a3ac2ef28c0ebf6c84731968bec00648890dfc93b0dc395,d523a61a1efd8c335a3ac2ef28c0ebf6c84731968bec00648890dfc93b0dc395,true,true
ma-g4-social-studies-u04-l02,ma-g4-social-studies,7d4289b437d5c9134f2e04df65ba951b25a5228d0e7d7b5acc330e3c44af35ab,7d4289b437d5c9134f2e04df65ba951b25a5228d0e7d7b5acc330e3c44af35ab,true,d523a61a1efd8c335a3ac2ef28c0ebf6c84731968bec00648890dfc93b0dc395,d523a61a1efd8c335a3ac2ef28c0ebf6c84731968bec00648890dfc93b0dc395,true,true
ma-g4-social-studies-u04-l03,ma-g4-social-studies,2f2d45a81fb1b5addbaf4a439c5c879426ab0f54c741fd11f5a29eaf7b4e1500,2f2d45a81fb1b5addbaf4a439c5c879426ab0f54c741fd11f5a29eaf7b4e1500,true,d523a61a1efd8c335a3ac2ef28c0ebf6c84731968bec00648890dfc93b0dc395,d523a61a1efd8c335a3ac2ef28c0ebf6c84731968bec00648890dfc93b0dc395,true,true
ma-g4-social-studies-u04-l04,ma-g4-social-studies,22841088c984641d7fd471f9d31775ebcfdd346b2b44c85090b11de7add243b4,22841088c984641d7fd471f9d31775ebcfdd346b2b44c85090b11de7add243b4,true,d523a61a1efd8c335a3ac2ef28c0ebf6c84731968bec00648890dfc93b0dc395,d523a61a1efd8c335a3ac2ef28c0ebf6c84731968bec00648890dfc93b0dc395,true,true
ma-g4-social-studies-u04-l05,ma-g4-social-studies,83e931d641e6e7f81553ca1cb480b059f32e15fc127dfe0f47f6a41eb58fd718,83e931d641e6e7f81553ca1cb480b059f32e15fc127dfe0f47f6a41eb58fd718,true,d523a61a1efd8c335a3ac2ef28c0ebf6c84731968bec00648890dfc93b0dc395,d523a61a1efd8c335a3ac2ef28c0ebf6c84731968bec00648890dfc93b0dc395,true,true
ma-g4-social-studies-u04-l06,ma-g4-social-studies,be37ab1722abc21e3b85768412a4a7788fbfce73a9f8fa4084900933e296e7d9,be37ab1722abc21e3b85768412a4a7788fbfce73a9f8fa4084900933e296e7d9,true,d523a61a1efd8c335a3ac2ef28c0ebf6c84731968bec00648890dfc93b0dc395,d523a61a1efd8c335a3ac2ef28c0ebf6c84731968bec00648890dfc93b0dc395,true,true
ma-g4-social-studies-u04-l07,ma-g4-social-studies,1861636b74bf04045fdf024a7144f9aff300dffcfc7ed2cc1767533c8499a79d,1861636b74bf04045fdf024a7144f9aff300dffcfc7ed2cc1767533c8499a79d,true,d523a61a1efd8c335a3ac2ef28c0ebf6c84731968bec00648890dfc93b0dc395,d523a61a1efd8c335a3ac2ef28c0ebf6c84731968bec00648890dfc93b0dc395,true,true
ma-g4-social-studies-u04-l08,ma-g4-social-studies,99310da8b66b6f49e79488364769c4d9bb05691b69e4002b9f68a6b83ca16c95,99310da8b66b6f49e79488364769c4d9bb05691b69e4002b9f68a6b83ca16c95,true,d523a61a1efd8c335a3ac2ef28c0ebf6c84731968bec00648890dfc93b0dc395,d523a61a1efd8c335a3ac2ef28c0ebf6c84731968bec00648890dfc93b0dc395,true,true
ma-g4-social-studies-u04-l09,ma-g4-social-studies,8bcf787835fa5040c01b00fbd8ed88c73cc0ee55b4fe7fb6dd9712a2a9c33dff,8bcf787835fa5040c01b00fbd8ed88c73cc0ee55b4fe7fb6dd9712a2a9c33dff,true,d523a61a1efd8c335a3ac2ef28c0ebf6c84731968bec00648890dfc93b0dc395,d523a61a1efd8c335a3ac2ef28c0ebf6c84731968bec00648890dfc93b0dc395,true,true
ma-g4-social-studies-u04-l10,ma-g4-social-studies,cd87da0259ab42e82f20560a9613948aac71211454ad5749ae530c661a97cf6c,cd87da0259ab42e82f20560a9613948aac71211454ad5749ae530c661a97cf6c,true,d523a61a1efd8c335a3ac2ef28c0ebf6c84731968bec00648890dfc93b0dc395,d523a61a1efd8c335a3ac2ef28c0ebf6c84731968bec00648890dfc93b0dc395,true,true
ma-g4-social-studies-u04-l11,ma-g4-social-studies,1c7a58c8afa835232fdd7c160407175ac5062f43872af9e7f18a988c7440c5f6,1c7a58c8afa835232fdd7c160407175ac5062f43872af9e7f18a988c7440c5f6,true,d523a61a1efd8c335a3ac2ef28c0ebf6c84731968bec00648890dfc93b0dc395,d523a61a1efd8c335a3ac2ef28c0ebf6c84731968bec00648890dfc93b0dc395,true,true
ma-g4-social-studies-u04-l12,ma-g4-social-studies,769b88d33f6c3af8636c4eccf590a586600354dc16c9d19cdd98e117458ada7f,769b88d33f6c3af8636c4eccf590a586600354dc16c9d19cdd98e117458ada7f,true,d523a61a1efd8c335a3ac2ef28c0ebf6c84731968bec00648890dfc93b0dc395,d523a61a1efd8c335a3ac2ef28c0ebf6c84731968bec00648890dfc93b0dc395,true,true
ma-g4-social-studies-u05-l01,ma-g4-social-studies,1cdbc2efb03781d0145d19e1f15b2b5bcde9541ea90e1285944e706df76c0604,1cdbc2efb03781d0145d19e1f15b2b5bcde9541ea90e1285944e706df76c0604,true,1f29b316228db2188bef88f6179356ca2203295459f2ffb28539e3d7425b8374,1f29b316228db2188bef88f6179356ca2203295459f2ffb28539e3d7425b8374,true,true
ma-g4-social-studies-u05-l02,ma-g4-social-studies,3f6afa618935efdb01606e9147c970fd9b0ce94d637c5c4bfb4ceae890458085,3f6afa618935efdb01606e9147c970fd9b0ce94d637c5c4bfb4ceae890458085,true,1f29b316228db2188bef88f6179356ca2203295459f2ffb28539e3d7425b8374,1f29b316228db2188bef88f6179356ca2203295459f2ffb28539e3d7425b8374,true,true
ma-g4-social-studies-u05-l03,ma-g4-social-studies,62ad6b3a34d4ed800a73d10673d23381e34d7f1c55dffe5263dbe7879bb0b65c,62ad6b3a34d4ed800a73d10673d23381e34d7f1c55dffe5263dbe7879bb0b65c,true,1f29b316228db2188bef88f6179356ca2203295459f2ffb28539e3d7425b8374,1f29b316228db2188bef88f6179356ca2203295459f2ffb28539e3d7425b8374,true,true
ma-g4-social-studies-u05-l04,ma-g4-social-studies,cc98e603dc9f1b77da311880861775961d4c5fd50b5ef7c1a872e8aedc8d1904,cc98e603dc9f1b77da311880861775961d4c5fd50b5ef7c1a872e8aedc8d1904,true,1f29b316228db2188bef88f6179356ca2203295459f2ffb28539e3d7425b8374,1f29b316228db2188bef88f6179356ca2203295459f2ffb28539e3d7425b8374,true,true
ma-g4-social-studies-u05-l05,ma-g4-social-studies,772ba2dbc254a157e984519cd839e92d75c299ca1b2177adce2b64aeba951c08,772ba2dbc254a157e984519cd839e92d75c299ca1b2177adce2b64aeba951c08,true,1f29b316228db2188bef88f6179356ca2203295459f2ffb28539e3d7425b8374,1f29b316228db2188bef88f6179356ca2203295459f2ffb28539e3d7425b8374,true,true
ma-g4-social-studies-u05-l06,ma-g4-social-studies,9ce64cd472cdcf1db4948482cc300fd6efa8a0b7e1b81e745e1c9dbf31604989,9ce64cd472cdcf1db4948482cc300fd6efa8a0b7e1b81e745e1c9dbf31604989,true,1f29b316228db2188bef88f6179356ca2203295459f2ffb28539e3d7425b8374,1f29b316228db2188bef88f6179356ca2203295459f2ffb28539e3d7425b8374,true,true
ma-g4-social-studies-u05-l07,ma-g4-social-studies,0dc8b9c30c073454337d7e2ff9fecf1894a75de509b38ccd844589496dc8103c,0dc8b9c30c073454337d7e2ff9fecf1894a75de509b38ccd844589496dc8103c,true,1f29b316228db2188bef88f6179356ca2203295459f2ffb28539e3d7425b8374,1f29b316228db2188bef88f6179356ca2203295459f2ffb28539e3d7425b8374,true,true
ma-g4-social-studies-u05-l08,ma-g4-social-studies,5a7f14c5832c20007bb3ef08797b4d4c69e42a0e2cb108e85760b50d2cef5985,5a7f14c5832c20007bb3ef08797b4d4c69e42a0e2cb108e85760b50d2cef5985,true,1f29b316228db2188bef88f6179356ca2203295459f2ffb28539e3d7425b8374,1f29b316228db2188bef88f6179356ca2203295459f2ffb28539e3d7425b8374,true,true
ma-g4-social-studies-u05-l09,ma-g4-social-studies,960179e6771b5569b5d45aef9b9f48a553aa3fab06e44e736f0eee4d9da19b60,960179e6771b5569b5d45aef9b9f48a553aa3fab06e44e736f0eee4d9da19b60,true,1f29b316228db2188bef88f6179356ca2203295459f2ffb28539e3d7425b8374,1f29b316228db2188bef88f6179356ca2203295459f2ffb28539e3d7425b8374,true,true
ma-g4-social-studies-u05-l10,ma-g4-social-studies,19f31637e5ac397f7435c2443d65a246f6dfd72d7ad8a003df52dc1292563a18,19f31637e5ac397f7435c2443d65a246f6dfd72d7ad8a003df52dc1292563a18,true,1f29b316228db2188bef88f6179356ca2203295459f2ffb28539e3d7425b8374,1f29b316228db2188bef88f6179356ca2203295459f2ffb28539e3d7425b8374,true,true
ma-g4-social-studies-u05-l11,ma-g4-social-studies,92c1567b2a01a356c8eb98351377f9b0769e346a543748138a09eca77b003927,92c1567b2a01a356c8eb98351377f9b0769e346a543748138a09eca77b003927,true,1f29b316228db2188bef88f6179356ca2203295459f2ffb28539e3d7425b8374,1f29b316228db2188bef88f6179356ca2203295459f2ffb28539e3d7425b8374,true,true
ma-g4-social-studies-u05-l12,ma-g4-social-studies,94d9bc2ee1e760430f553ea74505a7ab84f362fedf72fd77f7e85240e5d2f78a,94d9bc2ee1e760430f553ea74505a7ab84f362fedf72fd77f7e85240e5d2f78a,true,1f29b316228db2188bef88f6179356ca2203295459f2ffb28539e3d7425b8374,1f29b316228db2188bef88f6179356ca2203295459f2ffb28539e3d7425b8374,true,true
ma-g4-social-studies-u06-l01,ma-g4-social-studies,29f5e192a99b087a609fea7b32bfb1101eebebd991f1e605fac1ad93de7946a2,29f5e192a99b087a609fea7b32bfb1101eebebd991f1e605fac1ad93de7946a2,true,ab4e59d61afc7bccd76473861defb15ecf7c83a630bade7e329db4838fe7656d,ab4e59d61afc7bccd76473861defb15ecf7c83a630bade7e329db4838fe7656d,true,true
ma-g4-social-studies-u06-l02,ma-g4-social-studies,766e6e99b5a47319c3c958c961e3f456240d92cd4974a087e4e3be078d843b0f,766e6e99b5a47319c3c958c961e3f456240d92cd4974a087e4e3be078d843b0f,true,ab4e59d61afc7bccd76473861defb15ecf7c83a630bade7e329db4838fe7656d,ab4e59d61afc7bccd76473861defb15ecf7c83a630bade7e329db4838fe7656d,true,true
ma-g4-social-studies-u06-l03,ma-g4-social-studies,0f358545e660476f5fa32a6b2cb7f09d217861d713eee114a484382fde6e6fe6,0f358545e660476f5fa32a6b2cb7f09d217861d713eee114a484382fde6e6fe6,true,ab4e59d61afc7bccd76473861defb15ecf7c83a630bade7e329db4838fe7656d,ab4e59d61afc7bccd76473861defb15ecf7c83a630bade7e329db4838fe7656d,true,true
ma-g4-social-studies-u06-l04,ma-g4-social-studies,e76eed3d9f450921e70f83ac2be9d048aa850577978a2c2fc377443849f85789,e76eed3d9f450921e70f83ac2be9d048aa850577978a2c2fc377443849f85789,true,ab4e59d61afc7bccd76473861defb15ecf7c83a630bade7e329db4838fe7656d,ab4e59d61afc7bccd76473861defb15ecf7c83a630bade7e329db4838fe7656d,true,true
ma-g4-social-studies-u06-l05,ma-g4-social-studies,da56d77edffca4ee706a0b5d338c838c4ee88f4567bc0d075bd4d06d326a79b7,da56d77edffca4ee706a0b5d338c838c4ee88f4567bc0d075bd4d06d326a79b7,true,ab4e59d61afc7bccd76473861defb15ecf7c83a630bade7e329db4838fe7656d,ab4e59d61afc7bccd76473861defb15ecf7c83a630bade7e329db4838fe7656d,true,true
ma-g4-social-studies-u06-l06,ma-g4-social-studies,16e7f1962588c5eee11d478570883b1c5b0fb5cd7a0a9a0ea8a98f9620adcee6,16e7f1962588c5eee11d478570883b1c5b0fb5cd7a0a9a0ea8a98f9620adcee6,true,ab4e59d61afc7bccd76473861defb15ecf7c83a630bade7e329db4838fe7656d,ab4e59d61afc7bccd76473861defb15ecf7c83a630bade7e329db4838fe7656d,true,true
ma-g4-social-studies-u06-l07,ma-g4-social-studies,5055fe24028fb0466be0d8d71c41f5f6aeb240ebaf76b44c46320ea67beb233c,5055fe24028fb0466be0d8d71c41f5f6aeb240ebaf76b44c46320ea67beb233c,true,ab4e59d61afc7bccd76473861defb15ecf7c83a630bade7e329db4838fe7656d,ab4e59d61afc7bccd76473861defb15ecf7c83a630bade7e329db4838fe7656d,true,true
ma-g4-social-studies-u06-l08,ma-g4-social-studies,f2e45d29aa897cdd884a7caf8404cdc661a6aa94d88ad3b01c4eac2197c8a67b,f2e45d29aa897cdd884a7caf8404cdc661a6aa94d88ad3b01c4eac2197c8a67b,true,ab4e59d61afc7bccd76473861defb15ecf7c83a630bade7e329db4838fe7656d,ab4e59d61afc7bccd76473861defb15ecf7c83a630bade7e329db4838fe7656d,true,true
ma-g4-social-studies-u06-l09,ma-g4-social-studies,90736a2f165cbb8122d0758f682947b04f8d6ca9773d389c6705899eb8fdebe7,90736a2f165cbb8122d0758f682947b04f8d6ca9773d389c6705899eb8fdebe7,true,ab4e59d61afc7bccd76473861defb15ecf7c83a630bade7e329db4838fe7656d,ab4e59d61afc7bccd76473861defb15ecf7c83a630bade7e329db4838fe7656d,true,true
ma-g4-social-studies-u06-l10,ma-g4-social-studies,201e84774184b54468e5e9fafdddf35bf2fd4f90317f8312969219e13a72e8fe,201e84774184b54468e5e9fafdddf35bf2fd4f90317f8312969219e13a72e8fe,true,ab4e59d61afc7bccd76473861defb15ecf7c83a630bade7e329db4838fe7656d,ab4e59d61afc7bccd76473861defb15ecf7c83a630bade7e329db4838fe7656d,true,true
ma-g4-social-studies-u06-l11,ma-g4-social-studies,1801e92d4d9a347ef93b7234434c057bf57af09088b7bbce9436fdc427c3c1fb,1801e92d4d9a347ef93b7234434c057bf57af09088b7bbce9436fdc427c3c1fb,true,ab4e59d61afc7bccd76473861defb15ecf7c83a630bade7e329db4838fe7656d,ab4e59d61afc7bccd76473861defb15ecf7c83a630bade7e329db4838fe7656d,true,true
ma-g4-social-studies-u06-l12,ma-g4-social-studies,40a6356cf9419592c4c059fcb460e3f4f4709d7fc6db0cee9095c853c737625b,40a6356cf9419592c4c059fcb460e3f4f4709d7fc6db0cee9095c853c737625b,true,ab4e59d61afc7bccd76473861defb15ecf7c83a630bade7e329db4838fe7656d,ab4e59d61afc7bccd76473861defb15ecf7c83a630bade7e329db4838fe7656d,true,true
ma-g4-social-studies-u07-l01,ma-g4-social-studies,4048eb282c0a348df4e9b5bf11adec1b4e3d5b0f4e4d92a91bed0ed759f3e7c7,4048eb282c0a348df4e9b5bf11adec1b4e3d5b0f4e4d92a91bed0ed759f3e7c7,true,37f761962f9a05efbb068cb5091f7c5b9be50e4f82f4d5f023aa01f7898a0703,37f761962f9a05efbb068cb5091f7c5b9be50e4f82f4d5f023aa01f7898a0703,true,true
ma-g4-social-studies-u07-l02,ma-g4-social-studies,c7c057a6b594aee0c5532caf720cb9796580a4d6f0dc5ae02fe1a601afd895ab,c7c057a6b594aee0c5532caf720cb9796580a4d6f0dc5ae02fe1a601afd895ab,true,37f761962f9a05efbb068cb5091f7c5b9be50e4f82f4d5f023aa01f7898a0703,37f761962f9a05efbb068cb5091f7c5b9be50e4f82f4d5f023aa01f7898a0703,true,true
ma-g4-social-studies-u07-l03,ma-g4-social-studies,fc1cf1427514d1124b8092125465ad68c82ff4fbc12dd772a877eb2fa1ddb790,fc1cf1427514d1124b8092125465ad68c82ff4fbc12dd772a877eb2fa1ddb790,true,37f761962f9a05efbb068cb5091f7c5b9be50e4f82f4d5f023aa01f7898a0703,37f761962f9a05efbb068cb5091f7c5b9be50e4f82f4d5f023aa01f7898a0703,true,true
ma-g4-social-studies-u07-l04,ma-g4-social-studies,766654a7bc9c9eb316588842bc52dd0612f0dc06dae2da3bdcff83756d225fbe,766654a7bc9c9eb316588842bc52dd0612f0dc06dae2da3bdcff83756d225fbe,true,37f761962f9a05efbb068cb5091f7c5b9be50e4f82f4d5f023aa01f7898a0703,37f761962f9a05efbb068cb5091f7c5b9be50e4f82f4d5f023aa01f7898a0703,true,true
ma-g4-social-studies-u07-l05,ma-g4-social-studies,78c0c376bf08f5ff9789e763c8582d211c5726bc6c24d250100915bebb3afd0b,78c0c376bf08f5ff9789e763c8582d211c5726bc6c24d250100915bebb3afd0b,true,37f761962f9a05efbb068cb5091f7c5b9be50e4f82f4d5f023aa01f7898a0703,37f761962f9a05efbb068cb5091f7c5b9be50e4f82f4d5f023aa01f7898a0703,true,true
ma-g4-social-studies-u07-l06,ma-g4-social-studies,51bcd5857d4e9938f01ed355ce42aa4e210712c8226c8bf28175c000603e4362,51bcd5857d4e9938f01ed355ce42aa4e210712c8226c8bf28175c000603e4362,true,37f761962f9a05efbb068cb5091f7c5b9be50e4f82f4d5f023aa01f7898a0703,37f761962f9a05efbb068cb5091f7c5b9be50e4f82f4d5f023aa01f7898a0703,true,true
ma-g4-social-studies-u07-l07,ma-g4-social-studies,0565bfe8dcbd5ea1fb8fcb3b752a25fe17a046442027367c01028e6ca5781d69,0565bfe8dcbd5ea1fb8fcb3b752a25fe17a046442027367c01028e6ca5781d69,true,37f761962f9a05efbb068cb5091f7c5b9be50e4f82f4d5f023aa01f7898a0703,37f761962f9a05efbb068cb5091f7c5b9be50e4f82f4d5f023aa01f7898a0703,true,true
ma-g4-social-studies-u07-l08,ma-g4-social-studies,66535ad4f515c8559d25ad2f8e2c0575b9e585526a1479d284a19ac8a0e69ae5,66535ad4f515c8559d25ad2f8e2c0575b9e585526a1479d284a19ac8a0e69ae5,true,37f761962f9a05efbb068cb5091f7c5b9be50e4f82f4d5f023aa01f7898a0703,37f761962f9a05efbb068cb5091f7c5b9be50e4f82f4d5f023aa01f7898a0703,true,true
ma-g4-social-studies-u07-l09,ma-g4-social-studies,4e701879fa34b64c81d04bd46dde46b25fadfb3991f7894ed6b104856747b96e,4e701879fa34b64c81d04bd46dde46b25fadfb3991f7894ed6b104856747b96e,true,37f761962f9a05efbb068cb5091f7c5b9be50e4f82f4d5f023aa01f7898a0703,37f761962f9a05efbb068cb5091f7c5b9be50e4f82f4d5f023aa01f7898a0703,true,true
ma-g4-social-studies-u07-l10,ma-g4-social-studies,c15f2494ab026fd1fa0db734738510b992719e7ef362c911360d5b7ebdf101c1,c15f2494ab026fd1fa0db734738510b992719e7ef362c911360d5b7ebdf101c1,true,37f761962f9a05efbb068cb5091f7c5b9be50e4f82f4d5f023aa01f7898a0703,37f761962f9a05efbb068cb5091f7c5b9be50e4f82f4d5f023aa01f7898a0703,true,true
ma-g4-social-studies-u07-l11,ma-g4-social-studies,89b6fa00d97a61502ddb9334b09b56366db04b4aaf679a8b92890bdf0a950955,89b6fa00d97a61502ddb9334b09b56366db04b4aaf679a8b92890bdf0a950955,true,37f761962f9a05efbb068cb5091f7c5b9be50e4f82f4d5f023aa01f7898a0703,37f761962f9a05efbb068cb5091f7c5b9be50e4f82f4d5f023aa01f7898a0703,true,true
ma-g4-social-studies-u07-l12,ma-g4-social-studies,f6581b9b67e539b73b539e97c7aec9600df2b317afb874cfa00ee3f0e7b7ced8,f6581b9b67e539b73b539e97c7aec9600df2b317afb874cfa00ee3f0e7b7ced8,true,37f761962f9a05efbb068cb5091f7c5b9be50e4f82f4d5f023aa01f7898a0703,37f761962f9a05efbb068cb5091f7c5b9be50e4f82f4d5f023aa01f7898a0703,true,true
ma-g4-social-studies-u08-l01,ma-g4-social-studies,4b38e9058fe1a47c27fd2770ba1c63bc057957f10b3010f9dd62270c3946aa92,4b38e9058fe1a47c27fd2770ba1c63bc057957f10b3010f9dd62270c3946aa92,true,e5fd6e55e64a4e94a4f5efeacc7038782296ac42528c5fa65db28d1582481144,e5fd6e55e64a4e94a4f5efeacc7038782296ac42528c5fa65db28d1582481144,true,true
ma-g4-social-studies-u08-l02,ma-g4-social-studies,d1fafead8fa23d2a5ea5efb11be4ca36c240c7cf928b86e68ef0a8beb462b05c,d1fafead8fa23d2a5ea5efb11be4ca36c240c7cf928b86e68ef0a8beb462b05c,true,e5fd6e55e64a4e94a4f5efeacc7038782296ac42528c5fa65db28d1582481144,e5fd6e55e64a4e94a4f5efeacc7038782296ac42528c5fa65db28d1582481144,true,true
ma-g4-social-studies-u08-l03,ma-g4-social-studies,54305a68d9121dd302d218a170bf1a3ef2cf9ecbefc00b26a4d294ee45671339,54305a68d9121dd302d218a170bf1a3ef2cf9ecbefc00b26a4d294ee45671339,true,e5fd6e55e64a4e94a4f5efeacc7038782296ac42528c5fa65db28d1582481144,e5fd6e55e64a4e94a4f5efeacc7038782296ac42528c5fa65db28d1582481144,true,true
ma-g4-social-studies-u08-l04,ma-g4-social-studies,1fc830774ae38b166a34d4242f3ffe96d319d60befb60c2619d314b38617fc2c,1fc830774ae38b166a34d4242f3ffe96d319d60befb60c2619d314b38617fc2c,true,e5fd6e55e64a4e94a4f5efeacc7038782296ac42528c5fa65db28d1582481144,e5fd6e55e64a4e94a4f5efeacc7038782296ac42528c5fa65db28d1582481144,true,true
ma-g4-social-studies-u08-l05,ma-g4-social-studies,e8c0aacb440285bafd4fb5716ed95ca97e49e62d0eef854c643e9aa09769d1fd,e8c0aacb440285bafd4fb5716ed95ca97e49e62d0eef854c643e9aa09769d1fd,true,e5fd6e55e64a4e94a4f5efeacc7038782296ac42528c5fa65db28d1582481144,e5fd6e55e64a4e94a4f5efeacc7038782296ac42528c5fa65db28d1582481144,true,true
ma-g4-social-studies-u08-l06,ma-g4-social-studies,62020c5d8eca12f2795a6d0db40be2d2d97ca63da74d7f434769dbea1bb31911,62020c5d8eca12f2795a6d0db40be2d2d97ca63da74d7f434769dbea1bb31911,true,e5fd6e55e64a4e94a4f5efeacc7038782296ac42528c5fa65db28d1582481144,e5fd6e55e64a4e94a4f5efeacc7038782296ac42528c5fa65db28d1582481144,true,true
ma-g4-social-studies-u08-l07,ma-g4-social-studies,72b2cfe5e994abfbfc032e68eb029791d83d68c624f1b7bfca096f8dc0391df7,72b2cfe5e994abfbfc032e68eb029791d83d68c624f1b7bfca096f8dc0391df7,true,e5fd6e55e64a4e94a4f5efeacc7038782296ac42528c5fa65db28d1582481144,e5fd6e55e64a4e94a4f5efeacc7038782296ac42528c5fa65db28d1582481144,true,true
ma-g4-social-studies-u08-l08,ma-g4-social-studies,f811d549fafcbae5ade11c6807e8cb936d9ace47d333589ba1226b118fbd706b,f811d549fafcbae5ade11c6807e8cb936d9ace47d333589ba1226b118fbd706b,true,e5fd6e55e64a4e94a4f5efeacc7038782296ac42528c5fa65db28d1582481144,e5fd6e55e64a4e94a4f5efeacc7038782296ac42528c5fa65db28d1582481144,true,true
ma-g4-social-studies-u08-l09,ma-g4-social-studies,82bf94bd65df8f747f534686a9b29822d58f4092c1ec02ed3256a8677ba9b7b0,82bf94bd65df8f747f534686a9b29822d58f4092c1ec02ed3256a8677ba9b7b0,true,e5fd6e55e64a4e94a4f5efeacc7038782296ac42528c5fa65db28d1582481144,e5fd6e55e64a4e94a4f5efeacc7038782296ac42528c5fa65db28d1582481144,true,true
ma-g4-social-studies-u08-l10,ma-g4-social-studies,cee47c30b287bd65425e643222e9dd4e4b2b785363e2d38ec827d5b6047aa02f,cee47c30b287bd65425e643222e9dd4e4b2b785363e2d38ec827d5b6047aa02f,true,e5fd6e55e64a4e94a4f5efeacc7038782296ac42528c5fa65db28d1582481144,e5fd6e55e64a4e94a4f5efeacc7038782296ac42528c5fa65db28d1582481144,true,true
ma-g4-social-studies-u08-l11,ma-g4-social-studies,98f66098407e08341abd88044da9355dffc6facb83e6ba788baaecfaba34daf7,98f66098407e08341abd88044da9355dffc6facb83e6ba788baaecfaba34daf7,true,e5fd6e55e64a4e94a4f5efeacc7038782296ac42528c5fa65db28d1582481144,e5fd6e55e64a4e94a4f5efeacc7038782296ac42528c5fa65db28d1582481144,true,true
ma-g4-social-studies-u08-l12,ma-g4-social-studies,db37278dd066b51e6bcf35f042dc1dc79a53f087f3eb084c03ffe19de5a16f28,db37278dd066b51e6bcf35f042dc1dc79a53f087f3eb084c03ffe19de5a16f28,true,e5fd6e55e64a4e94a4f5efeacc7038782296ac42528c5fa65db28d1582481144,e5fd6e55e64a4e94a4f5efeacc7038782296ac42528c5fa65db28d1582481144,true,true
ma-g4-social-studies-u09-l01,ma-g4-social-studies,bd6d734af2e7088317113be768132000d3d9c2df315ca21af17a8c41d9285f1a,bd6d734af2e7088317113be768132000d3d9c2df315ca21af17a8c41d9285f1a,true,5e1059093707ac30c3109c6264ff5296f559c5f2d445cad9737df980c9d218a9,5e1059093707ac30c3109c6264ff5296f559c5f2d445cad9737df980c9d218a9,true,true
ma-g4-social-studies-u09-l02,ma-g4-social-studies,0a4e01b7635cad7538ee7e4212ff7af61a1f71d49e558a5ba647dc7267edd38f,0a4e01b7635cad7538ee7e4212ff7af61a1f71d49e558a5ba647dc7267edd38f,true,5e1059093707ac30c3109c6264ff5296f559c5f2d445cad9737df980c9d218a9,5e1059093707ac30c3109c6264ff5296f559c5f2d445cad9737df980c9d218a9,true,true
ma-g4-social-studies-u09-l03,ma-g4-social-studies,3674251d78608e3221a3b1b85e7af36e530eb8e020b884ad77d419423920d48c,3674251d78608e3221a3b1b85e7af36e530eb8e020b884ad77d419423920d48c,true,5e1059093707ac30c3109c6264ff5296f559c5f2d445cad9737df980c9d218a9,5e1059093707ac30c3109c6264ff5296f559c5f2d445cad9737df980c9d218a9,true,true
ma-g4-social-studies-u09-l04,ma-g4-social-studies,7c37ea49aee8702a8af00eae2bf4c78326d4019eae89314b6282f51011563915,7c37ea49aee8702a8af00eae2bf4c78326d4019eae89314b6282f51011563915,true,5e1059093707ac30c3109c6264ff5296f559c5f2d445cad9737df980c9d218a9,5e1059093707ac30c3109c6264ff5296f559c5f2d445cad9737df980c9d218a9,true,true
ma-g4-social-studies-u09-l05,ma-g4-social-studies,475cf97fa9741c940a3192fa24297d9fec0dd32a6e2f26dabc165799f5f035db,475cf97fa9741c940a3192fa24297d9fec0dd32a6e2f26dabc165799f5f035db,true,5e1059093707ac30c3109c6264ff5296f559c5f2d445cad9737df980c9d218a9,5e1059093707ac30c3109c6264ff5296f559c5f2d445cad9737df980c9d218a9,true,true
ma-g4-social-studies-u09-l06,ma-g4-social-studies,364e17cf735e06764e9709ea286d44297212099bf6aa97a76fd1ee89a5b53ff1,364e17cf735e06764e9709ea286d44297212099bf6aa97a76fd1ee89a5b53ff1,true,5e1059093707ac30c3109c6264ff5296f559c5f2d445cad9737df980c9d218a9,5e1059093707ac30c3109c6264ff5296f559c5f2d445cad9737df980c9d218a9,true,true
ma-g4-social-studies-u09-l07,ma-g4-social-studies,1e4d93ad9d3b15ad599169de0a38140f0b749a3014cdf108916fbea52bf70480,1e4d93ad9d3b15ad599169de0a38140f0b749a3014cdf108916fbea52bf70480,true,5e1059093707ac30c3109c6264ff5296f559c5f2d445cad9737df980c9d218a9,5e1059093707ac30c3109c6264ff5296f559c5f2d445cad9737df980c9d218a9,true,true
ma-g4-social-studies-u09-l08,ma-g4-social-studies,1063e42dc42ab225538739bde752cb56617131e7c6d383806edd61c1f4fd3868,1063e42dc42ab225538739bde752cb56617131e7c6d383806edd61c1f4fd3868,true,5e1059093707ac30c3109c6264ff5296f559c5f2d445cad9737df980c9d218a9,5e1059093707ac30c3109c6264ff5296f559c5f2d445cad9737df980c9d218a9,true,true
ma-g4-social-studies-u09-l09,ma-g4-social-studies,d1dbd158cb03bab04a5d627a157133d53ccc1f21f40cdc0e5bb2c12e3d54661f,d1dbd158cb03bab04a5d627a157133d53ccc1f21f40cdc0e5bb2c12e3d54661f,true,5e1059093707ac30c3109c6264ff5296f559c5f2d445cad9737df980c9d218a9,5e1059093707ac30c3109c6264ff5296f559c5f2d445cad9737df980c9d218a9,true,true
ma-g4-social-studies-u09-l10,ma-g4-social-studies,9e842d439281ed39d29b3da8986b1037193b9120b550becbb1a6388c841e5e79,9e842d439281ed39d29b3da8986b1037193b9120b550becbb1a6388c841e5e79,true,5e1059093707ac30c3109c6264ff5296f559c5f2d445cad9737df980c9d218a9,5e1059093707ac30c3109c6264ff5296f559c5f2d445cad9737df980c9d218a9,true,true
ma-g4-social-studies-u09-l11,ma-g4-social-studies,4a0d9d0428b4c7f801b06b012c9ccc898bd4ece14fbf74d956662956b430d1c1,4a0d9d0428b4c7f801b06b012c9ccc898bd4ece14fbf74d956662956b430d1c1,true,5e1059093707ac30c3109c6264ff5296f559c5f2d445cad9737df980c9d218a9,5e1059093707ac30c3109c6264ff5296f559c5f2d445cad9737df980c9d218a9,true,true
ma-g4-social-studies-u09-l12,ma-g4-social-studies,da572a367e48029d8927fe0091a6be13b9bd9dd736b885178ca68010a3b0aca4,da572a367e48029d8927fe0091a6be13b9bd9dd736b885178ca68010a3b0aca4,true,5e1059093707ac30c3109c6264ff5296f559c5f2d445cad9737df980c9d218a9,5e1059093707ac30c3109c6264ff5296f559c5f2d445cad9737df980c9d218a9,true,true
ma-g4-health-u01-l01,ma-g4-health,226600aaa1d69affa72efe59e91c9c4b0373b7fd4ba5e66c6e4a166aad89efec,226600aaa1d69affa72efe59e91c9c4b0373b7fd4ba5e66c6e4a166aad89efec,true,1294452cf011bdcd681f05f324c4fa4be7db684a08928d8a770b64e9d40a9153,1294452cf011bdcd681f05f324c4fa4be7db684a08928d8a770b64e9d40a9153,true,true
ma-g4-health-u01-l02,ma-g4-health,15917730d7beacbc862a8abfc1a057a9c69f3369527695fd374d6cf7bdfb464f,15917730d7beacbc862a8abfc1a057a9c69f3369527695fd374d6cf7bdfb464f,true,1294452cf011bdcd681f05f324c4fa4be7db684a08928d8a770b64e9d40a9153,1294452cf011bdcd681f05f324c4fa4be7db684a08928d8a770b64e9d40a9153,true,true
ma-g4-health-u01-l03,ma-g4-health,c532e76814ab25bf9bb28288e99c91110ab58139e7e339a79f7dc4d46986588c,c532e76814ab25bf9bb28288e99c91110ab58139e7e339a79f7dc4d46986588c,true,1294452cf011bdcd681f05f324c4fa4be7db684a08928d8a770b64e9d40a9153,1294452cf011bdcd681f05f324c4fa4be7db684a08928d8a770b64e9d40a9153,true,true
ma-g4-health-u01-l04,ma-g4-health,ac59c625b73a846fe57534a3579bf4d955398eee66aa2293208817cf687a6815,ac59c625b73a846fe57534a3579bf4d955398eee66aa2293208817cf687a6815,true,1294452cf011bdcd681f05f324c4fa4be7db684a08928d8a770b64e9d40a9153,1294452cf011bdcd681f05f324c4fa4be7db684a08928d8a770b64e9d40a9153,true,true
ma-g4-health-u01-l05,ma-g4-health,a1500810c687a68023bc662884cb39f497fbb429b1065de9df7b1ee3ca03d165,a1500810c687a68023bc662884cb39f497fbb429b1065de9df7b1ee3ca03d165,true,1294452cf011bdcd681f05f324c4fa4be7db684a08928d8a770b64e9d40a9153,1294452cf011bdcd681f05f324c4fa4be7db684a08928d8a770b64e9d40a9153,true,true
ma-g4-health-u01-l06,ma-g4-health,1122677595689f19f607b4b48ba20c1c3cdd96ca2a129cf6e37f23c3b49e7a0c,1122677595689f19f607b4b48ba20c1c3cdd96ca2a129cf6e37f23c3b49e7a0c,true,1294452cf011bdcd681f05f324c4fa4be7db684a08928d8a770b64e9d40a9153,1294452cf011bdcd681f05f324c4fa4be7db684a08928d8a770b64e9d40a9153,true,true
ma-g4-health-u02-l01,ma-g4-health,669a0e7f95dc16b6e511c6261ee8002f22a3d98271b13ece6e757f1ee4f19eb1,669a0e7f95dc16b6e511c6261ee8002f22a3d98271b13ece6e757f1ee4f19eb1,true,b4be4e98eb1bb54225e59d62c1f5c376710dd03472f0afbbcd7c5a6b49f47174,b4be4e98eb1bb54225e59d62c1f5c376710dd03472f0afbbcd7c5a6b49f47174,true,true
ma-g4-health-u02-l02,ma-g4-health,7836b426b25aad46671dcd078e7925f56844c440d9522fe2b533987609f92fba,7836b426b25aad46671dcd078e7925f56844c440d9522fe2b533987609f92fba,true,b4be4e98eb1bb54225e59d62c1f5c376710dd03472f0afbbcd7c5a6b49f47174,b4be4e98eb1bb54225e59d62c1f5c376710dd03472f0afbbcd7c5a6b49f47174,true,true
ma-g4-health-u02-l03,ma-g4-health,c4c1457ec7bfab748bac5324509153a4ee84044e3f2d57fdb77d12c9ff4dedad,c4c1457ec7bfab748bac5324509153a4ee84044e3f2d57fdb77d12c9ff4dedad,true,b4be4e98eb1bb54225e59d62c1f5c376710dd03472f0afbbcd7c5a6b49f47174,b4be4e98eb1bb54225e59d62c1f5c376710dd03472f0afbbcd7c5a6b49f47174,true,true
ma-g4-health-u02-l04,ma-g4-health,f16ba82237e0437f6e91c958dba50baa74857459d0b7ecc5f552bc8f867105fd,f16ba82237e0437f6e91c958dba50baa74857459d0b7ecc5f552bc8f867105fd,true,b4be4e98eb1bb54225e59d62c1f5c376710dd03472f0afbbcd7c5a6b49f47174,b4be4e98eb1bb54225e59d62c1f5c376710dd03472f0afbbcd7c5a6b49f47174,true,true
ma-g4-health-u02-l05,ma-g4-health,ab24c5c5e01dfd2910afa3d150be4e67010b3c4691a994b47bdaf1f3e7cd0182,ab24c5c5e01dfd2910afa3d150be4e67010b3c4691a994b47bdaf1f3e7cd0182,true,b4be4e98eb1bb54225e59d62c1f5c376710dd03472f0afbbcd7c5a6b49f47174,b4be4e98eb1bb54225e59d62c1f5c376710dd03472f0afbbcd7c5a6b49f47174,true,true
ma-g4-health-u02-l06,ma-g4-health,1846cc064b94e707908b6427c92053a440db6ad2ae3bd64e60e992d91156300f,1846cc064b94e707908b6427c92053a440db6ad2ae3bd64e60e992d91156300f,true,b4be4e98eb1bb54225e59d62c1f5c376710dd03472f0afbbcd7c5a6b49f47174,b4be4e98eb1bb54225e59d62c1f5c376710dd03472f0afbbcd7c5a6b49f47174,true,true
ma-g4-health-u03-l01,ma-g4-health,6501f4d77d2518bb0934757af1a77d0f09987317eeafbce2c75d994acb79196a,6501f4d77d2518bb0934757af1a77d0f09987317eeafbce2c75d994acb79196a,true,a63a1c7819ad4e94be521677cd0a4250a65d75fb3881e31e53b20073604e12b1,a63a1c7819ad4e94be521677cd0a4250a65d75fb3881e31e53b20073604e12b1,true,true
ma-g4-health-u03-l02,ma-g4-health,d244ff3b151f7707414b4c76774b5b79b1b15f6c20bdb81952e88bed2ef4b57b,d244ff3b151f7707414b4c76774b5b79b1b15f6c20bdb81952e88bed2ef4b57b,true,a63a1c7819ad4e94be521677cd0a4250a65d75fb3881e31e53b20073604e12b1,a63a1c7819ad4e94be521677cd0a4250a65d75fb3881e31e53b20073604e12b1,true,true
ma-g4-health-u03-l03,ma-g4-health,90bb51a1bb44e933f4ef35df9f47b45a00a11f18e4c0d174d1fb5f286cd5faf3,90bb51a1bb44e933f4ef35df9f47b45a00a11f18e4c0d174d1fb5f286cd5faf3,true,a63a1c7819ad4e94be521677cd0a4250a65d75fb3881e31e53b20073604e12b1,a63a1c7819ad4e94be521677cd0a4250a65d75fb3881e31e53b20073604e12b1,true,true
ma-g4-health-u03-l04,ma-g4-health,3981f4de0a5bda5dc506b6e52564e6d5a2c0f9cc380feafef9a59390c3255db8,3981f4de0a5bda5dc506b6e52564e6d5a2c0f9cc380feafef9a59390c3255db8,true,a63a1c7819ad4e94be521677cd0a4250a65d75fb3881e31e53b20073604e12b1,a63a1c7819ad4e94be521677cd0a4250a65d75fb3881e31e53b20073604e12b1,true,true
ma-g4-health-u03-l05,ma-g4-health,67fd2e26b4003cca04f492dd39d388e76a661d792fc6097091e692b847c1e5f4,67fd2e26b4003cca04f492dd39d388e76a661d792fc6097091e692b847c1e5f4,true,a63a1c7819ad4e94be521677cd0a4250a65d75fb3881e31e53b20073604e12b1,a63a1c7819ad4e94be521677cd0a4250a65d75fb3881e31e53b20073604e12b1,true,true
ma-g4-health-u03-l06,ma-g4-health,6bc0f72655e8686c1afa0bf0f66cc76941de919d5c5d59a1d0f4d0860b951e46,6bc0f72655e8686c1afa0bf0f66cc76941de919d5c5d59a1d0f4d0860b951e46,true,a63a1c7819ad4e94be521677cd0a4250a65d75fb3881e31e53b20073604e12b1,a63a1c7819ad4e94be521677cd0a4250a65d75fb3881e31e53b20073604e12b1,true,true
ma-g4-health-u04-l01,ma-g4-health,4fba2fca3157a27d696601d1aa6492d5b56a7ecfddbda5d9b307da9d87dc3192,4fba2fca3157a27d696601d1aa6492d5b56a7ecfddbda5d9b307da9d87dc3192,true,232b73310a49a3fb87656dad18341cd9e18746037ffcf9a22f1dee6f1dcfab9e,232b73310a49a3fb87656dad18341cd9e18746037ffcf9a22f1dee6f1dcfab9e,true,true
ma-g4-health-u04-l02,ma-g4-health,e3d0ee824b801d5b74cd1df2cd75f374f47bfe4ec00ec98b4825fa0b300c0ca2,e3d0ee824b801d5b74cd1df2cd75f374f47bfe4ec00ec98b4825fa0b300c0ca2,true,232b73310a49a3fb87656dad18341cd9e18746037ffcf9a22f1dee6f1dcfab9e,232b73310a49a3fb87656dad18341cd9e18746037ffcf9a22f1dee6f1dcfab9e,true,true
ma-g4-health-u04-l03,ma-g4-health,76c0e92d5d1c462065ccdcc3a46b8c111edb7a6ccac4c2794a7ee317534cfe97,76c0e92d5d1c462065ccdcc3a46b8c111edb7a6ccac4c2794a7ee317534cfe97,true,232b73310a49a3fb87656dad18341cd9e18746037ffcf9a22f1dee6f1dcfab9e,232b73310a49a3fb87656dad18341cd9e18746037ffcf9a22f1dee6f1dcfab9e,true,true
ma-g4-health-u04-l04,ma-g4-health,616a6a2698fcc205ac68774acc47b59dcc5d9416b5f7723eeebe32c19472dfd4,616a6a2698fcc205ac68774acc47b59dcc5d9416b5f7723eeebe32c19472dfd4,true,232b73310a49a3fb87656dad18341cd9e18746037ffcf9a22f1dee6f1dcfab9e,232b73310a49a3fb87656dad18341cd9e18746037ffcf9a22f1dee6f1dcfab9e,true,true
ma-g4-health-u04-l05,ma-g4-health,8a109c3996f55aaec9152c08047a0fc83c874b5bbe32abedb5a218dfc5925323,8a109c3996f55aaec9152c08047a0fc83c874b5bbe32abedb5a218dfc5925323,true,232b73310a49a3fb87656dad18341cd9e18746037ffcf9a22f1dee6f1dcfab9e,232b73310a49a3fb87656dad18341cd9e18746037ffcf9a22f1dee6f1dcfab9e,true,true
ma-g4-health-u04-l06,ma-g4-health,db078c932f56e2d1ed69e5249e43ab255e0b030205ddcf24f6d40b2f768df9eb,db078c932f56e2d1ed69e5249e43ab255e0b030205ddcf24f6d40b2f768df9eb,true,232b73310a49a3fb87656dad18341cd9e18746037ffcf9a22f1dee6f1dcfab9e,232b73310a49a3fb87656dad18341cd9e18746037ffcf9a22f1dee6f1dcfab9e,true,true
ma-g4-health-u05-l01,ma-g4-health,b65faa8f53d2f11265a9187e5578a7eff7f184f3b64c0263019a90fc49195e93,b65faa8f53d2f11265a9187e5578a7eff7f184f3b64c0263019a90fc49195e93,true,d0b29787f4ba5826b72df7743d8602f764eee0ee9e1603b0e4fc8052f2d05d78,d0b29787f4ba5826b72df7743d8602f764eee0ee9e1603b0e4fc8052f2d05d78,true,true
ma-g4-health-u05-l02,ma-g4-health,f6706359c79e811c282e9abe217a568eca8fbd1f2a84add57f1af9138f7d2b47,f6706359c79e811c282e9abe217a568eca8fbd1f2a84add57f1af9138f7d2b47,true,d0b29787f4ba5826b72df7743d8602f764eee0ee9e1603b0e4fc8052f2d05d78,d0b29787f4ba5826b72df7743d8602f764eee0ee9e1603b0e4fc8052f2d05d78,true,true
ma-g4-health-u05-l03,ma-g4-health,bdb40d33d0531561f00c1e591d9eab631337e888ef9ce676e75f0612865c5016,bdb40d33d0531561f00c1e591d9eab631337e888ef9ce676e75f0612865c5016,true,d0b29787f4ba5826b72df7743d8602f764eee0ee9e1603b0e4fc8052f2d05d78,d0b29787f4ba5826b72df7743d8602f764eee0ee9e1603b0e4fc8052f2d05d78,true,true
ma-g4-health-u05-l04,ma-g4-health,fd5149695a24322149a4521ff1ca11451987e0163c8dcfdd6e403766e05f9808,fd5149695a24322149a4521ff1ca11451987e0163c8dcfdd6e403766e05f9808,true,d0b29787f4ba5826b72df7743d8602f764eee0ee9e1603b0e4fc8052f2d05d78,d0b29787f4ba5826b72df7743d8602f764eee0ee9e1603b0e4fc8052f2d05d78,true,true
ma-g4-health-u05-l05,ma-g4-health,3c53ec61d2f22ceefce1e28aef373b4621f905ae197b3a4f06a23cfbb1c91d11,3c53ec61d2f22ceefce1e28aef373b4621f905ae197b3a4f06a23cfbb1c91d11,true,d0b29787f4ba5826b72df7743d8602f764eee0ee9e1603b0e4fc8052f2d05d78,d0b29787f4ba5826b72df7743d8602f764eee0ee9e1603b0e4fc8052f2d05d78,true,true
ma-g4-health-u05-l06,ma-g4-health,c92a90c06678f1d51639e5af64f1317ea081c385743e88c41f8c168c78d2e59f,c92a90c06678f1d51639e5af64f1317ea081c385743e88c41f8c168c78d2e59f,true,d0b29787f4ba5826b72df7743d8602f764eee0ee9e1603b0e4fc8052f2d05d78,d0b29787f4ba5826b72df7743d8602f764eee0ee9e1603b0e4fc8052f2d05d78,true,true
ma-g4-health-u06-l01,ma-g4-health,9fd3bb55efcb4a87de6a613c393c8b29b0194995e454019f3835f852ae919335,9fd3bb55efcb4a87de6a613c393c8b29b0194995e454019f3835f852ae919335,true,db8031268624fd1070b6875101f76df4bff68446819f69c773aaa1dda3c25595,db8031268624fd1070b6875101f76df4bff68446819f69c773aaa1dda3c25595,true,true
ma-g4-health-u06-l02,ma-g4-health,0a0dd3e7f0cdc723945c50e8940d498aae8a2dd26c6b3ab92daa4940fcedd88f,0a0dd3e7f0cdc723945c50e8940d498aae8a2dd26c6b3ab92daa4940fcedd88f,true,db8031268624fd1070b6875101f76df4bff68446819f69c773aaa1dda3c25595,db8031268624fd1070b6875101f76df4bff68446819f69c773aaa1dda3c25595,true,true
ma-g4-health-u06-l03,ma-g4-health,a12749246a316eba72413b9d18b5ab69b23b4e81c1546871db1d3468cfedf5c8,a12749246a316eba72413b9d18b5ab69b23b4e81c1546871db1d3468cfedf5c8,true,db8031268624fd1070b6875101f76df4bff68446819f69c773aaa1dda3c25595,db8031268624fd1070b6875101f76df4bff68446819f69c773aaa1dda3c25595,true,true
ma-g4-health-u06-l04,ma-g4-health,da12b37c2f7caa4367d910b0e29672f5d5e7415a81c53c6c0c555b0d02100151,da12b37c2f7caa4367d910b0e29672f5d5e7415a81c53c6c0c555b0d02100151,true,db8031268624fd1070b6875101f76df4bff68446819f69c773aaa1dda3c25595,db8031268624fd1070b6875101f76df4bff68446819f69c773aaa1dda3c25595,true,true
ma-g4-health-u06-l05,ma-g4-health,cc12687796b55b53ff064833e6d2de4fd27440e364610bec7b43e13d13f6409f,cc12687796b55b53ff064833e6d2de4fd27440e364610bec7b43e13d13f6409f,true,db8031268624fd1070b6875101f76df4bff68446819f69c773aaa1dda3c25595,db8031268624fd1070b6875101f76df4bff68446819f69c773aaa1dda3c25595,true,true
ma-g4-health-u06-l06,ma-g4-health,6d94aed0753f0d7f79ab59e548ebb6e58c3d8175174fc82a92f69492e2144eee,6d94aed0753f0d7f79ab59e548ebb6e58c3d8175174fc82a92f69492e2144eee,true,db8031268624fd1070b6875101f76df4bff68446819f69c773aaa1dda3c25595,db8031268624fd1070b6875101f76df4bff68446819f69c773aaa1dda3c25595,true,true
ma-g4-physical-education-u01-l01,ma-g4-physical-education,d1e9140332b879d7ab35474e3a36ea1672350139396f945ba7384bf24883b4d5,d1e9140332b879d7ab35474e3a36ea1672350139396f945ba7384bf24883b4d5,true,13973d0c6d73c17b69d8723943f0c4b117fe6bf3bfcc0116f6071f46c8cc23b5,13973d0c6d73c17b69d8723943f0c4b117fe6bf3bfcc0116f6071f46c8cc23b5,true,true
ma-g4-physical-education-u01-l02,ma-g4-physical-education,ccaaa495ef23c77dcf1b82a954754d22bb15df69ca6072074e909de6ffe3b4a7,ccaaa495ef23c77dcf1b82a954754d22bb15df69ca6072074e909de6ffe3b4a7,true,13973d0c6d73c17b69d8723943f0c4b117fe6bf3bfcc0116f6071f46c8cc23b5,13973d0c6d73c17b69d8723943f0c4b117fe6bf3bfcc0116f6071f46c8cc23b5,true,true
ma-g4-physical-education-u01-l03,ma-g4-physical-education,8a14163617181f05882533968747b99f9ece38596dca277837ac82d9bd863d63,8a14163617181f05882533968747b99f9ece38596dca277837ac82d9bd863d63,true,13973d0c6d73c17b69d8723943f0c4b117fe6bf3bfcc0116f6071f46c8cc23b5,13973d0c6d73c17b69d8723943f0c4b117fe6bf3bfcc0116f6071f46c8cc23b5,true,true
ma-g4-physical-education-u01-l04,ma-g4-physical-education,85346725d79dcc3411dda4595d97c3d6104398fafbbeb821fb3f4d11e75dd1be,85346725d79dcc3411dda4595d97c3d6104398fafbbeb821fb3f4d11e75dd1be,true,13973d0c6d73c17b69d8723943f0c4b117fe6bf3bfcc0116f6071f46c8cc23b5,13973d0c6d73c17b69d8723943f0c4b117fe6bf3bfcc0116f6071f46c8cc23b5,true,true
ma-g4-physical-education-u01-l05,ma-g4-physical-education,b5244a58cc1410f71f5281c1565f81ecaf736da5504f1e1b85b0f2f9cceeab47,b5244a58cc1410f71f5281c1565f81ecaf736da5504f1e1b85b0f2f9cceeab47,true,13973d0c6d73c17b69d8723943f0c4b117fe6bf3bfcc0116f6071f46c8cc23b5,13973d0c6d73c17b69d8723943f0c4b117fe6bf3bfcc0116f6071f46c8cc23b5,true,true
ma-g4-physical-education-u01-l06,ma-g4-physical-education,138e19871ec652b6138760f7fbd1f561825482c1cb5ed86d8222276d0ae791a5,138e19871ec652b6138760f7fbd1f561825482c1cb5ed86d8222276d0ae791a5,true,13973d0c6d73c17b69d8723943f0c4b117fe6bf3bfcc0116f6071f46c8cc23b5,13973d0c6d73c17b69d8723943f0c4b117fe6bf3bfcc0116f6071f46c8cc23b5,true,true
ma-g4-physical-education-u01-l07,ma-g4-physical-education,fbddf93d228b01f10621a3dd45d4c9dd3dcbcf5a9f0a39c1ccc96978dcf24338,fbddf93d228b01f10621a3dd45d4c9dd3dcbcf5a9f0a39c1ccc96978dcf24338,true,13973d0c6d73c17b69d8723943f0c4b117fe6bf3bfcc0116f6071f46c8cc23b5,13973d0c6d73c17b69d8723943f0c4b117fe6bf3bfcc0116f6071f46c8cc23b5,true,true
ma-g4-physical-education-u01-l08,ma-g4-physical-education,67906e15654b4640a4eb786e8ea1db74a8e9ee562f050893a9e05f3f348ec512,67906e15654b4640a4eb786e8ea1db74a8e9ee562f050893a9e05f3f348ec512,true,13973d0c6d73c17b69d8723943f0c4b117fe6bf3bfcc0116f6071f46c8cc23b5,13973d0c6d73c17b69d8723943f0c4b117fe6bf3bfcc0116f6071f46c8cc23b5,true,true
ma-g4-physical-education-u01-l09,ma-g4-physical-education,5d31020e3356fef5f7e6c76aa17b4097e1c7ba7beebd92d5849e7d97aa749872,5d31020e3356fef5f7e6c76aa17b4097e1c7ba7beebd92d5849e7d97aa749872,true,13973d0c6d73c17b69d8723943f0c4b117fe6bf3bfcc0116f6071f46c8cc23b5,13973d0c6d73c17b69d8723943f0c4b117fe6bf3bfcc0116f6071f46c8cc23b5,true,true
ma-g4-physical-education-u01-l10,ma-g4-physical-education,710bc77d3a260454253552e7638591c70d256dc7ee2fb7dccc385e61676fc265,710bc77d3a260454253552e7638591c70d256dc7ee2fb7dccc385e61676fc265,true,13973d0c6d73c17b69d8723943f0c4b117fe6bf3bfcc0116f6071f46c8cc23b5,13973d0c6d73c17b69d8723943f0c4b117fe6bf3bfcc0116f6071f46c8cc23b5,true,true
ma-g4-physical-education-u01-l11,ma-g4-physical-education,9f5fbc8096b61073924adad4564e46cf2d1df73068e129693c31a8641d580079,9f5fbc8096b61073924adad4564e46cf2d1df73068e129693c31a8641d580079,true,13973d0c6d73c17b69d8723943f0c4b117fe6bf3bfcc0116f6071f46c8cc23b5,13973d0c6d73c17b69d8723943f0c4b117fe6bf3bfcc0116f6071f46c8cc23b5,true,true
ma-g4-physical-education-u01-l12,ma-g4-physical-education,d0f2ccf4a2bd96548adf532a7a1ac4dfb1283a7fc32373b179bb0177635f4a7c,d0f2ccf4a2bd96548adf532a7a1ac4dfb1283a7fc32373b179bb0177635f4a7c,true,13973d0c6d73c17b69d8723943f0c4b117fe6bf3bfcc0116f6071f46c8cc23b5,13973d0c6d73c17b69d8723943f0c4b117fe6bf3bfcc0116f6071f46c8cc23b5,true,true
ma-g4-physical-education-u02-l01,ma-g4-physical-education,a42987361790f4c947ab73db805eadaf40e34bd19cc00057e037f7d6caf37905,a42987361790f4c947ab73db805eadaf40e34bd19cc00057e037f7d6caf37905,true,3f5a2af160ecce8f15d13727cc0d97e485e4bb4a8f318e4ac78c240c849a0a64,3f5a2af160ecce8f15d13727cc0d97e485e4bb4a8f318e4ac78c240c849a0a64,true,true
ma-g4-physical-education-u02-l02,ma-g4-physical-education,b5cab05d52798543dd649ba78dda45e1a7103ce3d78bffad26ea84e1ee33a652,b5cab05d52798543dd649ba78dda45e1a7103ce3d78bffad26ea84e1ee33a652,true,3f5a2af160ecce8f15d13727cc0d97e485e4bb4a8f318e4ac78c240c849a0a64,3f5a2af160ecce8f15d13727cc0d97e485e4bb4a8f318e4ac78c240c849a0a64,true,true
ma-g4-physical-education-u02-l03,ma-g4-physical-education,155639e3860b98ef79ed0d6bf837358304513da03c4ee431d13e510f985dc3ad,155639e3860b98ef79ed0d6bf837358304513da03c4ee431d13e510f985dc3ad,true,3f5a2af160ecce8f15d13727cc0d97e485e4bb4a8f318e4ac78c240c849a0a64,3f5a2af160ecce8f15d13727cc0d97e485e4bb4a8f318e4ac78c240c849a0a64,true,true
ma-g4-physical-education-u02-l04,ma-g4-physical-education,45684c4154a06e1185749af9975993187bf28e943cda3a77be84ce028edd86a3,45684c4154a06e1185749af9975993187bf28e943cda3a77be84ce028edd86a3,true,3f5a2af160ecce8f15d13727cc0d97e485e4bb4a8f318e4ac78c240c849a0a64,3f5a2af160ecce8f15d13727cc0d97e485e4bb4a8f318e4ac78c240c849a0a64,true,true
ma-g4-physical-education-u02-l05,ma-g4-physical-education,69d1ba38363463019c96af1a6f7450908f1bd45e82fdec32e6c94407abd2ad23,69d1ba38363463019c96af1a6f7450908f1bd45e82fdec32e6c94407abd2ad23,true,3f5a2af160ecce8f15d13727cc0d97e485e4bb4a8f318e4ac78c240c849a0a64,3f5a2af160ecce8f15d13727cc0d97e485e4bb4a8f318e4ac78c240c849a0a64,true,true
ma-g4-physical-education-u02-l06,ma-g4-physical-education,1c4aa9a94562bdd5c27cf5ade0faed343068250fd48987bff42f22a3eb095e64,1c4aa9a94562bdd5c27cf5ade0faed343068250fd48987bff42f22a3eb095e64,true,3f5a2af160ecce8f15d13727cc0d97e485e4bb4a8f318e4ac78c240c849a0a64,3f5a2af160ecce8f15d13727cc0d97e485e4bb4a8f318e4ac78c240c849a0a64,true,true
ma-g4-physical-education-u02-l07,ma-g4-physical-education,f1a907e632578192d85332640b0fc3e9a24e1a4e4095becfeb01cc4b32fc92f5,f1a907e632578192d85332640b0fc3e9a24e1a4e4095becfeb01cc4b32fc92f5,true,3f5a2af160ecce8f15d13727cc0d97e485e4bb4a8f318e4ac78c240c849a0a64,3f5a2af160ecce8f15d13727cc0d97e485e4bb4a8f318e4ac78c240c849a0a64,true,true
ma-g4-physical-education-u02-l08,ma-g4-physical-education,715f40a921593e5c640cc850d51e1bebb2e356472d70a130ca088bae46e90963,715f40a921593e5c640cc850d51e1bebb2e356472d70a130ca088bae46e90963,true,3f5a2af160ecce8f15d13727cc0d97e485e4bb4a8f318e4ac78c240c849a0a64,3f5a2af160ecce8f15d13727cc0d97e485e4bb4a8f318e4ac78c240c849a0a64,true,true
ma-g4-physical-education-u02-l09,ma-g4-physical-education,b9dfd565f5dc8b5f146e91fb8b045cf39d0022e0c781b43f2fe1fb366d247146,b9dfd565f5dc8b5f146e91fb8b045cf39d0022e0c781b43f2fe1fb366d247146,true,3f5a2af160ecce8f15d13727cc0d97e485e4bb4a8f318e4ac78c240c849a0a64,3f5a2af160ecce8f15d13727cc0d97e485e4bb4a8f318e4ac78c240c849a0a64,true,true
ma-g4-physical-education-u02-l10,ma-g4-physical-education,a127c1e8c3d0a9d13cb379c1f93a7a9a232d830774b340cb56aa9a35522c2421,a127c1e8c3d0a9d13cb379c1f93a7a9a232d830774b340cb56aa9a35522c2421,true,3f5a2af160ecce8f15d13727cc0d97e485e4bb4a8f318e4ac78c240c849a0a64,3f5a2af160ecce8f15d13727cc0d97e485e4bb4a8f318e4ac78c240c849a0a64,true,true
ma-g4-physical-education-u02-l11,ma-g4-physical-education,665466a45a4ccedb695d3190fecdfe49740cee2c1017d89d3fbbcd85b3ad7d01,665466a45a4ccedb695d3190fecdfe49740cee2c1017d89d3fbbcd85b3ad7d01,true,3f5a2af160ecce8f15d13727cc0d97e485e4bb4a8f318e4ac78c240c849a0a64,3f5a2af160ecce8f15d13727cc0d97e485e4bb4a8f318e4ac78c240c849a0a64,true,true
ma-g4-physical-education-u02-l12,ma-g4-physical-education,48eb4546b93ead0cfbd98e3f8ad4cba665054fa1001f8b3f601e49fe83ff2065,48eb4546b93ead0cfbd98e3f8ad4cba665054fa1001f8b3f601e49fe83ff2065,true,3f5a2af160ecce8f15d13727cc0d97e485e4bb4a8f318e4ac78c240c849a0a64,3f5a2af160ecce8f15d13727cc0d97e485e4bb4a8f318e4ac78c240c849a0a64,true,true
ma-g4-physical-education-u03-l01,ma-g4-physical-education,5f6844c147dee839fee4ee01e9abe7491076aec2015e097ff459886d7991fe3b,5f6844c147dee839fee4ee01e9abe7491076aec2015e097ff459886d7991fe3b,true,13973d0c6d73c17b69d8723943f0c4b117fe6bf3bfcc0116f6071f46c8cc23b5,13973d0c6d73c17b69d8723943f0c4b117fe6bf3bfcc0116f6071f46c8cc23b5,true,true
ma-g4-physical-education-u03-l02,ma-g4-physical-education,0de9e41f2c8e68b168e6523b98cdb9bfad6c99418b65e5ee58259622d1bbc2ce,0de9e41f2c8e68b168e6523b98cdb9bfad6c99418b65e5ee58259622d1bbc2ce,true,13973d0c6d73c17b69d8723943f0c4b117fe6bf3bfcc0116f6071f46c8cc23b5,13973d0c6d73c17b69d8723943f0c4b117fe6bf3bfcc0116f6071f46c8cc23b5,true,true
ma-g4-physical-education-u03-l03,ma-g4-physical-education,ddf002a4bea846b01d748e2bb2081c967b458455c55c7ab083da4e3cce06188a,ddf002a4bea846b01d748e2bb2081c967b458455c55c7ab083da4e3cce06188a,true,13973d0c6d73c17b69d8723943f0c4b117fe6bf3bfcc0116f6071f46c8cc23b5,13973d0c6d73c17b69d8723943f0c4b117fe6bf3bfcc0116f6071f46c8cc23b5,true,true
ma-g4-physical-education-u03-l04,ma-g4-physical-education,3dcbf408a3cca2e3ebdc0beed471dc1cabba2d013dce8be75c70af41e0084d11,3dcbf408a3cca2e3ebdc0beed471dc1cabba2d013dce8be75c70af41e0084d11,true,13973d0c6d73c17b69d8723943f0c4b117fe6bf3bfcc0116f6071f46c8cc23b5,13973d0c6d73c17b69d8723943f0c4b117fe6bf3bfcc0116f6071f46c8cc23b5,true,true
ma-g4-physical-education-u03-l05,ma-g4-physical-education,270542a54862e8dd41a90df1a38f4b750ee367b9c20dbc6f3ca175dfc22b9676,270542a54862e8dd41a90df1a38f4b750ee367b9c20dbc6f3ca175dfc22b9676,true,13973d0c6d73c17b69d8723943f0c4b117fe6bf3bfcc0116f6071f46c8cc23b5,13973d0c6d73c17b69d8723943f0c4b117fe6bf3bfcc0116f6071f46c8cc23b5,true,true
ma-g4-physical-education-u03-l06,ma-g4-physical-education,e8826edd3aa4dcbb19559b8ec0b455fa61d3d3ceca65cb371e24087530adef89,e8826edd3aa4dcbb19559b8ec0b455fa61d3d3ceca65cb371e24087530adef89,true,13973d0c6d73c17b69d8723943f0c4b117fe6bf3bfcc0116f6071f46c8cc23b5,13973d0c6d73c17b69d8723943f0c4b117fe6bf3bfcc0116f6071f46c8cc23b5,true,true
ma-g4-physical-education-u03-l07,ma-g4-physical-education,6b572f33861d465d78dd6c25b763d5e57fdb918cd0e5a66e99be38d6f6fbfbf2,6b572f33861d465d78dd6c25b763d5e57fdb918cd0e5a66e99be38d6f6fbfbf2,true,13973d0c6d73c17b69d8723943f0c4b117fe6bf3bfcc0116f6071f46c8cc23b5,13973d0c6d73c17b69d8723943f0c4b117fe6bf3bfcc0116f6071f46c8cc23b5,true,true
ma-g4-physical-education-u03-l08,ma-g4-physical-education,d4c1c79d9e12793dc94f765389998a41f465ac022e376a4737473ebb9711ffa4,d4c1c79d9e12793dc94f765389998a41f465ac022e376a4737473ebb9711ffa4,true,13973d0c6d73c17b69d8723943f0c4b117fe6bf3bfcc0116f6071f46c8cc23b5,13973d0c6d73c17b69d8723943f0c4b117fe6bf3bfcc0116f6071f46c8cc23b5,true,true
ma-g4-physical-education-u03-l09,ma-g4-physical-education,166a1dc6257673efe431d4c4d797083a1e9bf9c1287fc4b70ce91e6564b22be4,166a1dc6257673efe431d4c4d797083a1e9bf9c1287fc4b70ce91e6564b22be4,true,13973d0c6d73c17b69d8723943f0c4b117fe6bf3bfcc0116f6071f46c8cc23b5,13973d0c6d73c17b69d8723943f0c4b117fe6bf3bfcc0116f6071f46c8cc23b5,true,true
ma-g4-physical-education-u03-l10,ma-g4-physical-education,29a4b14b56cdd24530a9f3f40c958037350ccebb6d0078d5f78d7d6194168552,29a4b14b56cdd24530a9f3f40c958037350ccebb6d0078d5f78d7d6194168552,true,13973d0c6d73c17b69d8723943f0c4b117fe6bf3bfcc0116f6071f46c8cc23b5,13973d0c6d73c17b69d8723943f0c4b117fe6bf3bfcc0116f6071f46c8cc23b5,true,true
ma-g4-physical-education-u03-l11,ma-g4-physical-education,2c417b88da2597af1ced592c34ac65d47f68f065062e1ab566eab0d474e60822,2c417b88da2597af1ced592c34ac65d47f68f065062e1ab566eab0d474e60822,true,13973d0c6d73c17b69d8723943f0c4b117fe6bf3bfcc0116f6071f46c8cc23b5,13973d0c6d73c17b69d8723943f0c4b117fe6bf3bfcc0116f6071f46c8cc23b5,true,true
ma-g4-physical-education-u03-l12,ma-g4-physical-education,a6b7718cfef8c22d6c84831094f698d59c2c1aaa1e8480df04596a6bee9a381d,a6b7718cfef8c22d6c84831094f698d59c2c1aaa1e8480df04596a6bee9a381d,true,13973d0c6d73c17b69d8723943f0c4b117fe6bf3bfcc0116f6071f46c8cc23b5,13973d0c6d73c17b69d8723943f0c4b117fe6bf3bfcc0116f6071f46c8cc23b5,true,true
ma-g4-physical-education-u04-l01,ma-g4-physical-education,436289d0726d0bf1d410cca9854863680902ce1f90c48d2497f9cd8c064e6fc0,436289d0726d0bf1d410cca9854863680902ce1f90c48d2497f9cd8c064e6fc0,true,3f5a2af160ecce8f15d13727cc0d97e485e4bb4a8f318e4ac78c240c849a0a64,3f5a2af160ecce8f15d13727cc0d97e485e4bb4a8f318e4ac78c240c849a0a64,true,true
ma-g4-physical-education-u04-l02,ma-g4-physical-education,5db451ff4ea1c77c2351eb46b305687615f92a993e87a39c430a256912cbfeac,5db451ff4ea1c77c2351eb46b305687615f92a993e87a39c430a256912cbfeac,true,3f5a2af160ecce8f15d13727cc0d97e485e4bb4a8f318e4ac78c240c849a0a64,3f5a2af160ecce8f15d13727cc0d97e485e4bb4a8f318e4ac78c240c849a0a64,true,true
ma-g4-physical-education-u04-l03,ma-g4-physical-education,ada91a7ae5bb85b8b4569fcd2f123d9a15b29a59de512f845ae13f7c46070984,ada91a7ae5bb85b8b4569fcd2f123d9a15b29a59de512f845ae13f7c46070984,true,3f5a2af160ecce8f15d13727cc0d97e485e4bb4a8f318e4ac78c240c849a0a64,3f5a2af160ecce8f15d13727cc0d97e485e4bb4a8f318e4ac78c240c849a0a64,true,true
ma-g4-physical-education-u04-l04,ma-g4-physical-education,0125492bb20ef3932ebf2dc5179e73fbbb2c7d8558f10aa3ccf61a2feed1d7b8,0125492bb20ef3932ebf2dc5179e73fbbb2c7d8558f10aa3ccf61a2feed1d7b8,true,3f5a2af160ecce8f15d13727cc0d97e485e4bb4a8f318e4ac78c240c849a0a64,3f5a2af160ecce8f15d13727cc0d97e485e4bb4a8f318e4ac78c240c849a0a64,true,true
ma-g4-physical-education-u04-l05,ma-g4-physical-education,4b0098371d057a938beb47caa798281436436fa446e8c688e4c9020cff085d82,4b0098371d057a938beb47caa798281436436fa446e8c688e4c9020cff085d82,true,3f5a2af160ecce8f15d13727cc0d97e485e4bb4a8f318e4ac78c240c849a0a64,3f5a2af160ecce8f15d13727cc0d97e485e4bb4a8f318e4ac78c240c849a0a64,true,true
ma-g4-physical-education-u04-l06,ma-g4-physical-education,fbbffae7b743c3b1baa394ae1509468a949e05e643038c6c082ae46e1e912451,fbbffae7b743c3b1baa394ae1509468a949e05e643038c6c082ae46e1e912451,true,3f5a2af160ecce8f15d13727cc0d97e485e4bb4a8f318e4ac78c240c849a0a64,3f5a2af160ecce8f15d13727cc0d97e485e4bb4a8f318e4ac78c240c849a0a64,true,true
ma-g4-physical-education-u04-l07,ma-g4-physical-education,514a582930c2b1b7b7580f8c53c0e0d4a49cc1547ca684e702600b2bfb2b4306,514a582930c2b1b7b7580f8c53c0e0d4a49cc1547ca684e702600b2bfb2b4306,true,3f5a2af160ecce8f15d13727cc0d97e485e4bb4a8f318e4ac78c240c849a0a64,3f5a2af160ecce8f15d13727cc0d97e485e4bb4a8f318e4ac78c240c849a0a64,true,true
ma-g4-physical-education-u04-l08,ma-g4-physical-education,81867ac43bcd8af4f6cfa46555f3469bc1c578c0f214a7e526ef11e67fbb0311,81867ac43bcd8af4f6cfa46555f3469bc1c578c0f214a7e526ef11e67fbb0311,true,3f5a2af160ecce8f15d13727cc0d97e485e4bb4a8f318e4ac78c240c849a0a64,3f5a2af160ecce8f15d13727cc0d97e485e4bb4a8f318e4ac78c240c849a0a64,true,true
ma-g4-physical-education-u04-l09,ma-g4-physical-education,c67ccb05cb127f5cc5be5fdb9d6631dfe6ae1a49773c8b0ddf1f337bc9dd591a,c67ccb05cb127f5cc5be5fdb9d6631dfe6ae1a49773c8b0ddf1f337bc9dd591a,true,3f5a2af160ecce8f15d13727cc0d97e485e4bb4a8f318e4ac78c240c849a0a64,3f5a2af160ecce8f15d13727cc0d97e485e4bb4a8f318e4ac78c240c849a0a64,true,true
ma-g4-physical-education-u04-l10,ma-g4-physical-education,86ee0e3084d6edcfa221a00721640a108baef16c8fb37a08d9e0f20d42020947,86ee0e3084d6edcfa221a00721640a108baef16c8fb37a08d9e0f20d42020947,true,3f5a2af160ecce8f15d13727cc0d97e485e4bb4a8f318e4ac78c240c849a0a64,3f5a2af160ecce8f15d13727cc0d97e485e4bb4a8f318e4ac78c240c849a0a64,true,true
ma-g4-physical-education-u04-l11,ma-g4-physical-education,15cfaa0463363ab951a471e626a22f71dcfe590fb6b05ec7243884428bdc7dab,15cfaa0463363ab951a471e626a22f71dcfe590fb6b05ec7243884428bdc7dab,true,3f5a2af160ecce8f15d13727cc0d97e485e4bb4a8f318e4ac78c240c849a0a64,3f5a2af160ecce8f15d13727cc0d97e485e4bb4a8f318e4ac78c240c849a0a64,true,true
ma-g4-physical-education-u04-l12,ma-g4-physical-education,6e79a29d2ed101310e876d03018573caaa06db30d7bf90a14a593e0af82cd5f9,6e79a29d2ed101310e876d03018573caaa06db30d7bf90a14a593e0af82cd5f9,true,3f5a2af160ecce8f15d13727cc0d97e485e4bb4a8f318e4ac78c240c849a0a64,3f5a2af160ecce8f15d13727cc0d97e485e4bb4a8f318e4ac78c240c849a0a64,true,true
ma-g4-physical-education-u05-l01,ma-g4-physical-education,4928aeb08fcdef8f9b22f393827d68630ffd2cf2d8c780971f3f4e950f2ce97d,4928aeb08fcdef8f9b22f393827d68630ffd2cf2d8c780971f3f4e950f2ce97d,true,13973d0c6d73c17b69d8723943f0c4b117fe6bf3bfcc0116f6071f46c8cc23b5,13973d0c6d73c17b69d8723943f0c4b117fe6bf3bfcc0116f6071f46c8cc23b5,true,true
ma-g4-physical-education-u05-l02,ma-g4-physical-education,7742b55ab4774120fd74e268363559fcb9970d05d62e9a6dbbe65f1757c96426,7742b55ab4774120fd74e268363559fcb9970d05d62e9a6dbbe65f1757c96426,true,13973d0c6d73c17b69d8723943f0c4b117fe6bf3bfcc0116f6071f46c8cc23b5,13973d0c6d73c17b69d8723943f0c4b117fe6bf3bfcc0116f6071f46c8cc23b5,true,true
ma-g4-physical-education-u05-l03,ma-g4-physical-education,89a0469e1036c0438fa2fc0f9bca1acd28f15b55606beef093bee0249d719f24,89a0469e1036c0438fa2fc0f9bca1acd28f15b55606beef093bee0249d719f24,true,13973d0c6d73c17b69d8723943f0c4b117fe6bf3bfcc0116f6071f46c8cc23b5,13973d0c6d73c17b69d8723943f0c4b117fe6bf3bfcc0116f6071f46c8cc23b5,true,true
ma-g4-physical-education-u05-l04,ma-g4-physical-education,ff6763bfb4a5a10cc7e39b0df059250d03bf31b0fcd344b48f21d242dc83550a,ff6763bfb4a5a10cc7e39b0df059250d03bf31b0fcd344b48f21d242dc83550a,true,13973d0c6d73c17b69d8723943f0c4b117fe6bf3bfcc0116f6071f46c8cc23b5,13973d0c6d73c17b69d8723943f0c4b117fe6bf3bfcc0116f6071f46c8cc23b5,true,true
ma-g4-physical-education-u05-l05,ma-g4-physical-education,e04f2750905331c37257eabd0803748ce22288321103ffda1e49da44fa988d72,e04f2750905331c37257eabd0803748ce22288321103ffda1e49da44fa988d72,true,13973d0c6d73c17b69d8723943f0c4b117fe6bf3bfcc0116f6071f46c8cc23b5,13973d0c6d73c17b69d8723943f0c4b117fe6bf3bfcc0116f6071f46c8cc23b5,true,true
ma-g4-physical-education-u05-l06,ma-g4-physical-education,b2fe96c1191c54d028e1e02632b92a6be677f170ed5a8d0398b5e6cad8621b24,b2fe96c1191c54d028e1e02632b92a6be677f170ed5a8d0398b5e6cad8621b24,true,13973d0c6d73c17b69d8723943f0c4b117fe6bf3bfcc0116f6071f46c8cc23b5,13973d0c6d73c17b69d8723943f0c4b117fe6bf3bfcc0116f6071f46c8cc23b5,true,true
ma-g4-physical-education-u05-l07,ma-g4-physical-education,0120d66f47cb84bb9f123087123d4a9419e188924311f558d6bffda0a8016b00,0120d66f47cb84bb9f123087123d4a9419e188924311f558d6bffda0a8016b00,true,13973d0c6d73c17b69d8723943f0c4b117fe6bf3bfcc0116f6071f46c8cc23b5,13973d0c6d73c17b69d8723943f0c4b117fe6bf3bfcc0116f6071f46c8cc23b5,true,true
ma-g4-physical-education-u05-l08,ma-g4-physical-education,2f99e4e4b1cce1d1c55c81e7b3eadc1efa444aceec3aba340fc1d023dfffd9f6,2f99e4e4b1cce1d1c55c81e7b3eadc1efa444aceec3aba340fc1d023dfffd9f6,true,13973d0c6d73c17b69d8723943f0c4b117fe6bf3bfcc0116f6071f46c8cc23b5,13973d0c6d73c17b69d8723943f0c4b117fe6bf3bfcc0116f6071f46c8cc23b5,true,true
ma-g4-physical-education-u05-l09,ma-g4-physical-education,1fac65d6878fa71c1d06e9dbcbf6d95b66517399aa5f577da6bf5ec0db11131d,1fac65d6878fa71c1d06e9dbcbf6d95b66517399aa5f577da6bf5ec0db11131d,true,13973d0c6d73c17b69d8723943f0c4b117fe6bf3bfcc0116f6071f46c8cc23b5,13973d0c6d73c17b69d8723943f0c4b117fe6bf3bfcc0116f6071f46c8cc23b5,true,true
ma-g4-physical-education-u05-l10,ma-g4-physical-education,4b38f45e0fe019b13f0b3427e812f484a9727b19639055dc4dc7a774408bbcc5,4b38f45e0fe019b13f0b3427e812f484a9727b19639055dc4dc7a774408bbcc5,true,13973d0c6d73c17b69d8723943f0c4b117fe6bf3bfcc0116f6071f46c8cc23b5,13973d0c6d73c17b69d8723943f0c4b117fe6bf3bfcc0116f6071f46c8cc23b5,true,true
ma-g4-physical-education-u05-l11,ma-g4-physical-education,8179ea47f97ec14f94aeb7204aac91d0ffde601128b02bd3fbcf4a06df08abbc,8179ea47f97ec14f94aeb7204aac91d0ffde601128b02bd3fbcf4a06df08abbc,true,13973d0c6d73c17b69d8723943f0c4b117fe6bf3bfcc0116f6071f46c8cc23b5,13973d0c6d73c17b69d8723943f0c4b117fe6bf3bfcc0116f6071f46c8cc23b5,true,true
ma-g4-physical-education-u05-l12,ma-g4-physical-education,af6213ce76ed62d6e4899a474fc68a3333cfe821ee4efcc820ab13154e42c5c1,af6213ce76ed62d6e4899a474fc68a3333cfe821ee4efcc820ab13154e42c5c1,true,13973d0c6d73c17b69d8723943f0c4b117fe6bf3bfcc0116f6071f46c8cc23b5,13973d0c6d73c17b69d8723943f0c4b117fe6bf3bfcc0116f6071f46c8cc23b5,true,true
ma-g4-physical-education-u06-l01,ma-g4-physical-education,eea5957fa4d75a912eefe714399cc4fac913777db97acd829129e417a9c9eb05,eea5957fa4d75a912eefe714399cc4fac913777db97acd829129e417a9c9eb05,true,3f5a2af160ecce8f15d13727cc0d97e485e4bb4a8f318e4ac78c240c849a0a64,3f5a2af160ecce8f15d13727cc0d97e485e4bb4a8f318e4ac78c240c849a0a64,true,true
ma-g4-physical-education-u06-l02,ma-g4-physical-education,4a17df13fa53e947fa7919f3ed318123eda058394c2fa3191620a61699ea6cc7,4a17df13fa53e947fa7919f3ed318123eda058394c2fa3191620a61699ea6cc7,true,3f5a2af160ecce8f15d13727cc0d97e485e4bb4a8f318e4ac78c240c849a0a64,3f5a2af160ecce8f15d13727cc0d97e485e4bb4a8f318e4ac78c240c849a0a64,true,true
ma-g4-physical-education-u06-l03,ma-g4-physical-education,1992977ac070d503061492d30cb696436996bf5555217ec044c0f3ece9422f3a,1992977ac070d503061492d30cb696436996bf5555217ec044c0f3ece9422f3a,true,3f5a2af160ecce8f15d13727cc0d97e485e4bb4a8f318e4ac78c240c849a0a64,3f5a2af160ecce8f15d13727cc0d97e485e4bb4a8f318e4ac78c240c849a0a64,true,true
ma-g4-physical-education-u06-l04,ma-g4-physical-education,8523430397f27dcbf55e2c226e8c7fcd936c64d9fc39e2adab7654befb288de5,8523430397f27dcbf55e2c226e8c7fcd936c64d9fc39e2adab7654befb288de5,true,3f5a2af160ecce8f15d13727cc0d97e485e4bb4a8f318e4ac78c240c849a0a64,3f5a2af160ecce8f15d13727cc0d97e485e4bb4a8f318e4ac78c240c849a0a64,true,true
ma-g4-physical-education-u06-l05,ma-g4-physical-education,9b9f5845e520d66c5dccb92a57d62605af8eb1e00799005cc10fd94b3c6178bb,9b9f5845e520d66c5dccb92a57d62605af8eb1e00799005cc10fd94b3c6178bb,true,3f5a2af160ecce8f15d13727cc0d97e485e4bb4a8f318e4ac78c240c849a0a64,3f5a2af160ecce8f15d13727cc0d97e485e4bb4a8f318e4ac78c240c849a0a64,true,true
ma-g4-physical-education-u06-l06,ma-g4-physical-education,41a56517848146d21f6cdf613a46b91551610ec15d8f85cedc57ce88087a6e4f,41a56517848146d21f6cdf613a46b91551610ec15d8f85cedc57ce88087a6e4f,true,3f5a2af160ecce8f15d13727cc0d97e485e4bb4a8f318e4ac78c240c849a0a64,3f5a2af160ecce8f15d13727cc0d97e485e4bb4a8f318e4ac78c240c849a0a64,true,true
ma-g4-physical-education-u06-l07,ma-g4-physical-education,bff66bf6613326b253b8856800352e2c162bf598b6f3095d955b3bf3e87eef36,bff66bf6613326b253b8856800352e2c162bf598b6f3095d955b3bf3e87eef36,true,3f5a2af160ecce8f15d13727cc0d97e485e4bb4a8f318e4ac78c240c849a0a64,3f5a2af160ecce8f15d13727cc0d97e485e4bb4a8f318e4ac78c240c849a0a64,true,true
ma-g4-physical-education-u06-l08,ma-g4-physical-education,466881fb304927e19a822ecefda0c59b27b05ea8f0bab88c2ac67bc917a7f10e,466881fb304927e19a822ecefda0c59b27b05ea8f0bab88c2ac67bc917a7f10e,true,3f5a2af160ecce8f15d13727cc0d97e485e4bb4a8f318e4ac78c240c849a0a64,3f5a2af160ecce8f15d13727cc0d97e485e4bb4a8f318e4ac78c240c849a0a64,true,true
ma-g4-physical-education-u06-l09,ma-g4-physical-education,177766b55f6ccd75a6c90f93cab56d214e34bdd4c4e2ac8f5ae392f75edf131d,177766b55f6ccd75a6c90f93cab56d214e34bdd4c4e2ac8f5ae392f75edf131d,true,3f5a2af160ecce8f15d13727cc0d97e485e4bb4a8f318e4ac78c240c849a0a64,3f5a2af160ecce8f15d13727cc0d97e485e4bb4a8f318e4ac78c240c849a0a64,true,true
ma-g4-physical-education-u06-l10,ma-g4-physical-education,556efc65581694e9ea6d1c54e4bbb13b548faf85b09a9f464671c7d11a323a70,556efc65581694e9ea6d1c54e4bbb13b548faf85b09a9f464671c7d11a323a70,true,3f5a2af160ecce8f15d13727cc0d97e485e4bb4a8f318e4ac78c240c849a0a64,3f5a2af160ecce8f15d13727cc0d97e485e4bb4a8f318e4ac78c240c849a0a64,true,true
ma-g4-physical-education-u06-l11,ma-g4-physical-education,b1e2a293254575cb97256571d6513727678af00b00ffcf2acf0965d40201d214,b1e2a293254575cb97256571d6513727678af00b00ffcf2acf0965d40201d214,true,3f5a2af160ecce8f15d13727cc0d97e485e4bb4a8f318e4ac78c240c849a0a64,3f5a2af160ecce8f15d13727cc0d97e485e4bb4a8f318e4ac78c240c849a0a64,true,true
ma-g4-physical-education-u06-l12,ma-g4-physical-education,d0c5c7ea4e5e5b0210ad6a7a2b792bfc02b7fc6619541c3f84f2c2468e9dde6a,d0c5c7ea4e5e5b0210ad6a7a2b792bfc02b7fc6619541c3f84f2c2468e9dde6a,true,3f5a2af160ecce8f15d13727cc0d97e485e4bb4a8f318e4ac78c240c849a0a64,3f5a2af160ecce8f15d13727cc0d97e485e4bb4a8f318e4ac78c240c849a0a64,true,true
ma-g4-physical-education-u07-l01,ma-g4-physical-education,3d78e798f19ee3aa0d07b872c7c4271829310d3a816c801abfa58a7541cabf1b,3d78e798f19ee3aa0d07b872c7c4271829310d3a816c801abfa58a7541cabf1b,true,dabe7046dcfa9f6dc1b295016a232fdbbdff1d79f2042312c8495aaa62433c33,dabe7046dcfa9f6dc1b295016a232fdbbdff1d79f2042312c8495aaa62433c33,true,true
ma-g4-physical-education-u07-l02,ma-g4-physical-education,8f3f6df838d2b8cb4e1390f9707ad8a84d8d8eb2165302122503de50175f350f,8f3f6df838d2b8cb4e1390f9707ad8a84d8d8eb2165302122503de50175f350f,true,dabe7046dcfa9f6dc1b295016a232fdbbdff1d79f2042312c8495aaa62433c33,dabe7046dcfa9f6dc1b295016a232fdbbdff1d79f2042312c8495aaa62433c33,true,true
ma-g4-physical-education-u07-l03,ma-g4-physical-education,7e2526506826547802de2f7837df38282da669e8705b7f0ef5c00ef6d589cd33,7e2526506826547802de2f7837df38282da669e8705b7f0ef5c00ef6d589cd33,true,dabe7046dcfa9f6dc1b295016a232fdbbdff1d79f2042312c8495aaa62433c33,dabe7046dcfa9f6dc1b295016a232fdbbdff1d79f2042312c8495aaa62433c33,true,true
ma-g4-physical-education-u07-l04,ma-g4-physical-education,1427b63615dffd2d18f7f34d4d1bc39a2e7027f74ff60ecaa82a2b81f44a00e7,1427b63615dffd2d18f7f34d4d1bc39a2e7027f74ff60ecaa82a2b81f44a00e7,true,dabe7046dcfa9f6dc1b295016a232fdbbdff1d79f2042312c8495aaa62433c33,dabe7046dcfa9f6dc1b295016a232fdbbdff1d79f2042312c8495aaa62433c33,true,true
ma-g4-physical-education-u07-l05,ma-g4-physical-education,35f824a7a3970d53f5fe174ce8a11a559e21baf719455516b2ebce876b87d734,35f824a7a3970d53f5fe174ce8a11a559e21baf719455516b2ebce876b87d734,true,dabe7046dcfa9f6dc1b295016a232fdbbdff1d79f2042312c8495aaa62433c33,dabe7046dcfa9f6dc1b295016a232fdbbdff1d79f2042312c8495aaa62433c33,true,true
ma-g4-physical-education-u07-l06,ma-g4-physical-education,833fcbfdff41348ae6fbebb6ebb120af90a39ee57e4ea1a4d6ee55129206fa10,833fcbfdff41348ae6fbebb6ebb120af90a39ee57e4ea1a4d6ee55129206fa10,true,dabe7046dcfa9f6dc1b295016a232fdbbdff1d79f2042312c8495aaa62433c33,dabe7046dcfa9f6dc1b295016a232fdbbdff1d79f2042312c8495aaa62433c33,true,true
ma-g4-physical-education-u07-l07,ma-g4-physical-education,b261cdbd846ff01c1890b673105f5f12418c097a1bd8d2c16ff8777034290c16,b261cdbd846ff01c1890b673105f5f12418c097a1bd8d2c16ff8777034290c16,true,dabe7046dcfa9f6dc1b295016a232fdbbdff1d79f2042312c8495aaa62433c33,dabe7046dcfa9f6dc1b295016a232fdbbdff1d79f2042312c8495aaa62433c33,true,true
ma-g4-physical-education-u07-l08,ma-g4-physical-education,57b5bb7bb28ae2d2cd1fe55cf0f33acd0ad3ec86039f827384b25a88ffa0fb32,57b5bb7bb28ae2d2cd1fe55cf0f33acd0ad3ec86039f827384b25a88ffa0fb32,true,dabe7046dcfa9f6dc1b295016a232fdbbdff1d79f2042312c8495aaa62433c33,dabe7046dcfa9f6dc1b295016a232fdbbdff1d79f2042312c8495aaa62433c33,true,true
ma-g4-physical-education-u07-l09,ma-g4-physical-education,899554fcddaafd7c01e8e6dffe9c2c6bc29fc6fd9b48febe575dc04600fcc8da,899554fcddaafd7c01e8e6dffe9c2c6bc29fc6fd9b48febe575dc04600fcc8da,true,dabe7046dcfa9f6dc1b295016a232fdbbdff1d79f2042312c8495aaa62433c33,dabe7046dcfa9f6dc1b295016a232fdbbdff1d79f2042312c8495aaa62433c33,true,true
ma-g4-physical-education-u07-l10,ma-g4-physical-education,c2bf69da8fa447d05a37559d76f301f5363be43b85f5093b2c4c838db3549156,c2bf69da8fa447d05a37559d76f301f5363be43b85f5093b2c4c838db3549156,true,dabe7046dcfa9f6dc1b295016a232fdbbdff1d79f2042312c8495aaa62433c33,dabe7046dcfa9f6dc1b295016a232fdbbdff1d79f2042312c8495aaa62433c33,true,true
ma-g4-physical-education-u07-l11,ma-g4-physical-education,e957941e29769d2456529b815176daca9700b82c56cd94dba1ef9bf32057116c,e957941e29769d2456529b815176daca9700b82c56cd94dba1ef9bf32057116c,true,dabe7046dcfa9f6dc1b295016a232fdbbdff1d79f2042312c8495aaa62433c33,dabe7046dcfa9f6dc1b295016a232fdbbdff1d79f2042312c8495aaa62433c33,true,true
ma-g4-physical-education-u07-l12,ma-g4-physical-education,db23b7b00ee875145a4493186ad50674c8c26fdfc4ec73c5e492c036d345c1ab,db23b7b00ee875145a4493186ad50674c8c26fdfc4ec73c5e492c036d345c1ab,true,dabe7046dcfa9f6dc1b295016a232fdbbdff1d79f2042312c8495aaa62433c33,dabe7046dcfa9f6dc1b295016a232fdbbdff1d79f2042312c8495aaa62433c33,true,true
ma-g4-physical-education-u08-l01,ma-g4-physical-education,337cb6729db9b4c9aedaf2ba08b37c4329e9cc8f21324bc6b9411f1dad812030,337cb6729db9b4c9aedaf2ba08b37c4329e9cc8f21324bc6b9411f1dad812030,true,175b71135c2f5651afc48d7a7db14651b26ffd76e3066ff2d826debb1446814e,175b71135c2f5651afc48d7a7db14651b26ffd76e3066ff2d826debb1446814e,true,true
ma-g4-physical-education-u08-l02,ma-g4-physical-education,9d18ea54f47682a64f986fb185b1edd8eec83ff513676f6f5aab3af678fb30c0,9d18ea54f47682a64f986fb185b1edd8eec83ff513676f6f5aab3af678fb30c0,true,175b71135c2f5651afc48d7a7db14651b26ffd76e3066ff2d826debb1446814e,175b71135c2f5651afc48d7a7db14651b26ffd76e3066ff2d826debb1446814e,true,true
ma-g4-physical-education-u08-l03,ma-g4-physical-education,b617485d6e5b6c50c7aca7851bbc75fc67371116e44a8072bc50bd13a3dd09a0,b617485d6e5b6c50c7aca7851bbc75fc67371116e44a8072bc50bd13a3dd09a0,true,175b71135c2f5651afc48d7a7db14651b26ffd76e3066ff2d826debb1446814e,175b71135c2f5651afc48d7a7db14651b26ffd76e3066ff2d826debb1446814e,true,true
ma-g4-physical-education-u08-l04,ma-g4-physical-education,7c51faa1bca4f5539b8eabeb6296d85fb44477fe67a29d434d212741795def1e,7c51faa1bca4f5539b8eabeb6296d85fb44477fe67a29d434d212741795def1e,true,175b71135c2f5651afc48d7a7db14651b26ffd76e3066ff2d826debb1446814e,175b71135c2f5651afc48d7a7db14651b26ffd76e3066ff2d826debb1446814e,true,true
ma-g4-physical-education-u08-l05,ma-g4-physical-education,482ad3ae92f061f12d5f9181d183f008d37774ea75cef932cfbfd779a05a92d9,482ad3ae92f061f12d5f9181d183f008d37774ea75cef932cfbfd779a05a92d9,true,175b71135c2f5651afc48d7a7db14651b26ffd76e3066ff2d826debb1446814e,175b71135c2f5651afc48d7a7db14651b26ffd76e3066ff2d826debb1446814e,true,true
ma-g4-physical-education-u08-l06,ma-g4-physical-education,94d08865f892cd37d661cced6b48aac25b4e07f01ee6d6f66879f032e5b2dec5,94d08865f892cd37d661cced6b48aac25b4e07f01ee6d6f66879f032e5b2dec5,true,175b71135c2f5651afc48d7a7db14651b26ffd76e3066ff2d826debb1446814e,175b71135c2f5651afc48d7a7db14651b26ffd76e3066ff2d826debb1446814e,true,true
ma-g4-physical-education-u08-l07,ma-g4-physical-education,0d1d214236930bf34dfd088d070050511a60c8338da95d4dde8bc5802939c856,0d1d214236930bf34dfd088d070050511a60c8338da95d4dde8bc5802939c856,true,175b71135c2f5651afc48d7a7db14651b26ffd76e3066ff2d826debb1446814e,175b71135c2f5651afc48d7a7db14651b26ffd76e3066ff2d826debb1446814e,true,true
ma-g4-physical-education-u08-l08,ma-g4-physical-education,a07c6ea23b316ed716dc6dfbb505e47ba40aa0e66f28613a40abc9e6cddd0b85,a07c6ea23b316ed716dc6dfbb505e47ba40aa0e66f28613a40abc9e6cddd0b85,true,175b71135c2f5651afc48d7a7db14651b26ffd76e3066ff2d826debb1446814e,175b71135c2f5651afc48d7a7db14651b26ffd76e3066ff2d826debb1446814e,true,true
ma-g4-physical-education-u08-l09,ma-g4-physical-education,b019abb1ba4bea970231d2f60ac530246be1c8918ba47bca09521aa8df6946c9,b019abb1ba4bea970231d2f60ac530246be1c8918ba47bca09521aa8df6946c9,true,175b71135c2f5651afc48d7a7db14651b26ffd76e3066ff2d826debb1446814e,175b71135c2f5651afc48d7a7db14651b26ffd76e3066ff2d826debb1446814e,true,true
ma-g4-physical-education-u08-l10,ma-g4-physical-education,a3d9739ca25fdad115aa91a7614d9d8431ec9293946069dab26704d3b6eb2907,a3d9739ca25fdad115aa91a7614d9d8431ec9293946069dab26704d3b6eb2907,true,175b71135c2f5651afc48d7a7db14651b26ffd76e3066ff2d826debb1446814e,175b71135c2f5651afc48d7a7db14651b26ffd76e3066ff2d826debb1446814e,true,true
ma-g4-physical-education-u08-l11,ma-g4-physical-education,3da83d933d39f6bd9190c0a7a75eb3e00ff3b883d96581e3435adf04b9477580,3da83d933d39f6bd9190c0a7a75eb3e00ff3b883d96581e3435adf04b9477580,true,175b71135c2f5651afc48d7a7db14651b26ffd76e3066ff2d826debb1446814e,175b71135c2f5651afc48d7a7db14651b26ffd76e3066ff2d826debb1446814e,true,true
ma-g4-physical-education-u08-l12,ma-g4-physical-education,9adf968670633f19f328e4fa36e7488d2b53fc2b1ac8bcf34d1757cf699c4a82,9adf968670633f19f328e4fa36e7488d2b53fc2b1ac8bcf34d1757cf699c4a82,true,175b71135c2f5651afc48d7a7db14651b26ffd76e3066ff2d826debb1446814e,175b71135c2f5651afc48d7a7db14651b26ffd76e3066ff2d826debb1446814e,true,true
ma-g4-physical-education-u09-l01,ma-g4-physical-education,8afef104daf04aecf95eb0e4e788bd5a5372d244ebc880caca6c55750dcf4b35,8afef104daf04aecf95eb0e4e788bd5a5372d244ebc880caca6c55750dcf4b35,true,0ca5fc3c9b6b09ec5874432a6bb12df9e14dbb989fba3f351ab38d3b873cc318,0ca5fc3c9b6b09ec5874432a6bb12df9e14dbb989fba3f351ab38d3b873cc318,true,true
ma-g4-physical-education-u09-l02,ma-g4-physical-education,283f1f1a58d7bce9d91bd7f19778dd898ac400bc7dea98b6a76271e1556994e3,283f1f1a58d7bce9d91bd7f19778dd898ac400bc7dea98b6a76271e1556994e3,true,0ca5fc3c9b6b09ec5874432a6bb12df9e14dbb989fba3f351ab38d3b873cc318,0ca5fc3c9b6b09ec5874432a6bb12df9e14dbb989fba3f351ab38d3b873cc318,true,true
ma-g4-physical-education-u09-l03,ma-g4-physical-education,d31faa4c6ce37c4c0451b3d833f73a49a6d07fbc057370dd290c877b5f73f7d1,d31faa4c6ce37c4c0451b3d833f73a49a6d07fbc057370dd290c877b5f73f7d1,true,0ca5fc3c9b6b09ec5874432a6bb12df9e14dbb989fba3f351ab38d3b873cc318,0ca5fc3c9b6b09ec5874432a6bb12df9e14dbb989fba3f351ab38d3b873cc318,true,true
ma-g4-physical-education-u09-l04,ma-g4-physical-education,8970532a59322e9c344fe44cdb6e94ecc02c3471191343b62b98bf11acb84711,8970532a59322e9c344fe44cdb6e94ecc02c3471191343b62b98bf11acb84711,true,0ca5fc3c9b6b09ec5874432a6bb12df9e14dbb989fba3f351ab38d3b873cc318,0ca5fc3c9b6b09ec5874432a6bb12df9e14dbb989fba3f351ab38d3b873cc318,true,true
ma-g4-physical-education-u09-l05,ma-g4-physical-education,a840fbc4c27a4d541f20887dca76935bfc902cd8fd24a6308d472bb43a73f5b0,a840fbc4c27a4d541f20887dca76935bfc902cd8fd24a6308d472bb43a73f5b0,true,0ca5fc3c9b6b09ec5874432a6bb12df9e14dbb989fba3f351ab38d3b873cc318,0ca5fc3c9b6b09ec5874432a6bb12df9e14dbb989fba3f351ab38d3b873cc318,true,true
ma-g4-physical-education-u09-l06,ma-g4-physical-education,41d58ae326a98339461445a4a73a9ff6776f2d0276b933891c6d3ae755a202d6,41d58ae326a98339461445a4a73a9ff6776f2d0276b933891c6d3ae755a202d6,true,0ca5fc3c9b6b09ec5874432a6bb12df9e14dbb989fba3f351ab38d3b873cc318,0ca5fc3c9b6b09ec5874432a6bb12df9e14dbb989fba3f351ab38d3b873cc318,true,true
ma-g4-physical-education-u09-l07,ma-g4-physical-education,db778ea6f948cf397319630428c3a2c31b507f7c82e43eb0ddc3856cf06edf4b,db778ea6f948cf397319630428c3a2c31b507f7c82e43eb0ddc3856cf06edf4b,true,0ca5fc3c9b6b09ec5874432a6bb12df9e14dbb989fba3f351ab38d3b873cc318,0ca5fc3c9b6b09ec5874432a6bb12df9e14dbb989fba3f351ab38d3b873cc318,true,true
ma-g4-physical-education-u09-l08,ma-g4-physical-education,58b8381d71eecd0585705f60d3305c5df38bda4e5e9cd685679e4df86d155c2c,58b8381d71eecd0585705f60d3305c5df38bda4e5e9cd685679e4df86d155c2c,true,0ca5fc3c9b6b09ec5874432a6bb12df9e14dbb989fba3f351ab38d3b873cc318,0ca5fc3c9b6b09ec5874432a6bb12df9e14dbb989fba3f351ab38d3b873cc318,true,true
ma-g4-physical-education-u09-l09,ma-g4-physical-education,1ea0d1383da6fbddf472e40a63fc25f00fcd5e3174d188dfa5744ab045b4ea43,1ea0d1383da6fbddf472e40a63fc25f00fcd5e3174d188dfa5744ab045b4ea43,true,0ca5fc3c9b6b09ec5874432a6bb12df9e14dbb989fba3f351ab38d3b873cc318,0ca5fc3c9b6b09ec5874432a6bb12df9e14dbb989fba3f351ab38d3b873cc318,true,true
ma-g4-physical-education-u09-l10,ma-g4-physical-education,091d64977a7ceb980232fd4fc1afdde1538e5e86fdaae29e30b0002a0ce098c5,091d64977a7ceb980232fd4fc1afdde1538e5e86fdaae29e30b0002a0ce098c5,true,0ca5fc3c9b6b09ec5874432a6bb12df9e14dbb989fba3f351ab38d3b873cc318,0ca5fc3c9b6b09ec5874432a6bb12df9e14dbb989fba3f351ab38d3b873cc318,true,true
ma-g4-physical-education-u09-l11,ma-g4-physical-education,c8efc23aa36e6c41bc7d3b28e7bd0b6733085f05f0d73e1f034a846a55c364a6,c8efc23aa36e6c41bc7d3b28e7bd0b6733085f05f0d73e1f034a846a55c364a6,true,0ca5fc3c9b6b09ec5874432a6bb12df9e14dbb989fba3f351ab38d3b873cc318,0ca5fc3c9b6b09ec5874432a6bb12df9e14dbb989fba3f351ab38d3b873cc318,true,true
ma-g4-physical-education-u09-l12,ma-g4-physical-education,6f100a1a296276e34bbf32e0a40a961fbdfcf34d88128e10f47fc91884dd5274,6f100a1a296276e34bbf32e0a40a961fbdfcf34d88128e10f47fc91884dd5274,true,0ca5fc3c9b6b09ec5874432a6bb12df9e14dbb989fba3f351ab38d3b873cc318,0ca5fc3c9b6b09ec5874432a6bb12df9e14dbb989fba3f351ab38d3b873cc318,true,true
ma-g4-ready-for-life-u01-l01,ma-g4-ready-for-life,b27a5f57b619613d953a395e11c16473336b9c324ef618d3cfa77b812a25090c,b27a5f57b619613d953a395e11c16473336b9c324ef618d3cfa77b812a25090c,true,17445cce77f880b3832afd70d66990be9f3cc9ceaa1d0ec0131e5ab758ced8ff,17445cce77f880b3832afd70d66990be9f3cc9ceaa1d0ec0131e5ab758ced8ff,true,true
ma-g4-ready-for-life-u01-l02,ma-g4-ready-for-life,7c0af48d170cc254aa7f33d013c421874f958846ffea888133d237ae1dba94f7,7c0af48d170cc254aa7f33d013c421874f958846ffea888133d237ae1dba94f7,true,17445cce77f880b3832afd70d66990be9f3cc9ceaa1d0ec0131e5ab758ced8ff,17445cce77f880b3832afd70d66990be9f3cc9ceaa1d0ec0131e5ab758ced8ff,true,true
ma-g4-ready-for-life-u01-l03,ma-g4-ready-for-life,d95e8aa85a19ab5cefbda251abb60d13ab9544c7751bb9f4151faa42b61c9eef,d95e8aa85a19ab5cefbda251abb60d13ab9544c7751bb9f4151faa42b61c9eef,true,17445cce77f880b3832afd70d66990be9f3cc9ceaa1d0ec0131e5ab758ced8ff,17445cce77f880b3832afd70d66990be9f3cc9ceaa1d0ec0131e5ab758ced8ff,true,true
ma-g4-ready-for-life-u01-l04,ma-g4-ready-for-life,6e1dd8a5a988f5fc5c31fdcb58a002cddf14ef84eeb20409cdda37a47f0b44b3,6e1dd8a5a988f5fc5c31fdcb58a002cddf14ef84eeb20409cdda37a47f0b44b3,true,17445cce77f880b3832afd70d66990be9f3cc9ceaa1d0ec0131e5ab758ced8ff,17445cce77f880b3832afd70d66990be9f3cc9ceaa1d0ec0131e5ab758ced8ff,true,true
ma-g4-ready-for-life-u01-l05,ma-g4-ready-for-life,9d8affcee435d45d54eaff4505811f1c4448c55593366f8bd0b38dfd1dac0248,9d8affcee435d45d54eaff4505811f1c4448c55593366f8bd0b38dfd1dac0248,true,17445cce77f880b3832afd70d66990be9f3cc9ceaa1d0ec0131e5ab758ced8ff,17445cce77f880b3832afd70d66990be9f3cc9ceaa1d0ec0131e5ab758ced8ff,true,true
ma-g4-ready-for-life-u01-l06,ma-g4-ready-for-life,14f2541d23136d54b1304c2453be934bd4234ebe64da305bbfa52f9d864f02d1,14f2541d23136d54b1304c2453be934bd4234ebe64da305bbfa52f9d864f02d1,true,17445cce77f880b3832afd70d66990be9f3cc9ceaa1d0ec0131e5ab758ced8ff,17445cce77f880b3832afd70d66990be9f3cc9ceaa1d0ec0131e5ab758ced8ff,true,true
ma-g4-ready-for-life-u02-l01,ma-g4-ready-for-life,f190325106e8afebcc33329b079ac32ebf21c02b4f861852a4a3ceb8921529e5,f190325106e8afebcc33329b079ac32ebf21c02b4f861852a4a3ceb8921529e5,true,ce0d914c88019a9b81c9f8a53975a3657d0ac223b225e74dfc189d3f6ccc7772,ce0d914c88019a9b81c9f8a53975a3657d0ac223b225e74dfc189d3f6ccc7772,true,true
ma-g4-ready-for-life-u02-l02,ma-g4-ready-for-life,45e48ca7cbe3f8ccf2e8c58701fbbab3175e80b74a703061be83f91a34d5ec1d,45e48ca7cbe3f8ccf2e8c58701fbbab3175e80b74a703061be83f91a34d5ec1d,true,ce0d914c88019a9b81c9f8a53975a3657d0ac223b225e74dfc189d3f6ccc7772,ce0d914c88019a9b81c9f8a53975a3657d0ac223b225e74dfc189d3f6ccc7772,true,true
ma-g4-ready-for-life-u02-l03,ma-g4-ready-for-life,18ec006fec3cf52605b26d62b7fef5ff211376ba6a8c05cccb9507c56c6c4f7d,18ec006fec3cf52605b26d62b7fef5ff211376ba6a8c05cccb9507c56c6c4f7d,true,ce0d914c88019a9b81c9f8a53975a3657d0ac223b225e74dfc189d3f6ccc7772,ce0d914c88019a9b81c9f8a53975a3657d0ac223b225e74dfc189d3f6ccc7772,true,true
ma-g4-ready-for-life-u02-l04,ma-g4-ready-for-life,92a7581b3ec7829b1d00724e7e101ef5a7bd8f0c1b1fb4c8435a009a4df495f4,92a7581b3ec7829b1d00724e7e101ef5a7bd8f0c1b1fb4c8435a009a4df495f4,true,ce0d914c88019a9b81c9f8a53975a3657d0ac223b225e74dfc189d3f6ccc7772,ce0d914c88019a9b81c9f8a53975a3657d0ac223b225e74dfc189d3f6ccc7772,true,true
ma-g4-ready-for-life-u02-l05,ma-g4-ready-for-life,b2b710324ed9a64c9d0fd94eb48e7b1853311982e905b2a00ed0d75477d1d2e2,b2b710324ed9a64c9d0fd94eb48e7b1853311982e905b2a00ed0d75477d1d2e2,true,ce0d914c88019a9b81c9f8a53975a3657d0ac223b225e74dfc189d3f6ccc7772,ce0d914c88019a9b81c9f8a53975a3657d0ac223b225e74dfc189d3f6ccc7772,true,true
ma-g4-ready-for-life-u02-l06,ma-g4-ready-for-life,6f2b6083334d6c9459bda21399631dbdadb367e09aa3f042301cc897fbc238ff,6f2b6083334d6c9459bda21399631dbdadb367e09aa3f042301cc897fbc238ff,true,ce0d914c88019a9b81c9f8a53975a3657d0ac223b225e74dfc189d3f6ccc7772,ce0d914c88019a9b81c9f8a53975a3657d0ac223b225e74dfc189d3f6ccc7772,true,true
ma-g4-ready-for-life-u03-l01,ma-g4-ready-for-life,0b6b16a2eb0525ee820223854c3a52bb86af45ca0eb619d6df360402d44b4e0b,0b6b16a2eb0525ee820223854c3a52bb86af45ca0eb619d6df360402d44b4e0b,true,f27c1b007342808d89f824b944fab4001c84d7cb620af0f63991d7fe3bd24fd3,f27c1b007342808d89f824b944fab4001c84d7cb620af0f63991d7fe3bd24fd3,true,true
ma-g4-ready-for-life-u03-l02,ma-g4-ready-for-life,29d7acdec5c72ccb1ba8b8f3a2b341b4b0c42f896ada0152778f7e3f8eb454d4,29d7acdec5c72ccb1ba8b8f3a2b341b4b0c42f896ada0152778f7e3f8eb454d4,true,f27c1b007342808d89f824b944fab4001c84d7cb620af0f63991d7fe3bd24fd3,f27c1b007342808d89f824b944fab4001c84d7cb620af0f63991d7fe3bd24fd3,true,true
ma-g4-ready-for-life-u03-l03,ma-g4-ready-for-life,f80145106c41c4e0193bd40e970b38a1cf633b6ebcffdd8dd94cc4c3b242bf50,f80145106c41c4e0193bd40e970b38a1cf633b6ebcffdd8dd94cc4c3b242bf50,true,f27c1b007342808d89f824b944fab4001c84d7cb620af0f63991d7fe3bd24fd3,f27c1b007342808d89f824b944fab4001c84d7cb620af0f63991d7fe3bd24fd3,true,true
ma-g4-ready-for-life-u03-l04,ma-g4-ready-for-life,6ad6d52322359c8638b95deec1ffd2501b44e1d8694d7a567e6ab0b94a8205e5,6ad6d52322359c8638b95deec1ffd2501b44e1d8694d7a567e6ab0b94a8205e5,true,f27c1b007342808d89f824b944fab4001c84d7cb620af0f63991d7fe3bd24fd3,f27c1b007342808d89f824b944fab4001c84d7cb620af0f63991d7fe3bd24fd3,true,true
ma-g4-ready-for-life-u03-l05,ma-g4-ready-for-life,cd66c05bebdef8f28cca98dea93e4202428b07f2ee03c506d571302d87e1e985,cd66c05bebdef8f28cca98dea93e4202428b07f2ee03c506d571302d87e1e985,true,f27c1b007342808d89f824b944fab4001c84d7cb620af0f63991d7fe3bd24fd3,f27c1b007342808d89f824b944fab4001c84d7cb620af0f63991d7fe3bd24fd3,true,true
ma-g4-ready-for-life-u03-l06,ma-g4-ready-for-life,af3ee76e4afdc7905c83a9abb01b63ab5e926b0c2564d2f54b2d2b0b5ff2e1a0,af3ee76e4afdc7905c83a9abb01b63ab5e926b0c2564d2f54b2d2b0b5ff2e1a0,true,f27c1b007342808d89f824b944fab4001c84d7cb620af0f63991d7fe3bd24fd3,f27c1b007342808d89f824b944fab4001c84d7cb620af0f63991d7fe3bd24fd3,true,true
ma-g4-ready-for-life-u04-l01,ma-g4-ready-for-life,24e3c8364f3edccd80ce51be79f080a6df77bf6dd9ad35bf1ee15e1627d46211,24e3c8364f3edccd80ce51be79f080a6df77bf6dd9ad35bf1ee15e1627d46211,true,f12e4aad25e03d1e8f3ad373fc14ba2f415101680ede51c2834e6d5fd675880e,f12e4aad25e03d1e8f3ad373fc14ba2f415101680ede51c2834e6d5fd675880e,true,true
ma-g4-ready-for-life-u04-l02,ma-g4-ready-for-life,ceb7706821ca0978561f40c5142733fb79cdd5a53c68372d1f97f4ecee99a05d,ceb7706821ca0978561f40c5142733fb79cdd5a53c68372d1f97f4ecee99a05d,true,f12e4aad25e03d1e8f3ad373fc14ba2f415101680ede51c2834e6d5fd675880e,f12e4aad25e03d1e8f3ad373fc14ba2f415101680ede51c2834e6d5fd675880e,true,true
ma-g4-ready-for-life-u04-l03,ma-g4-ready-for-life,2730ea8d1a556a16238f59dbd59a0d1e6df366dd0e9e13890acc1d5f1c756b41,2730ea8d1a556a16238f59dbd59a0d1e6df366dd0e9e13890acc1d5f1c756b41,true,f12e4aad25e03d1e8f3ad373fc14ba2f415101680ede51c2834e6d5fd675880e,f12e4aad25e03d1e8f3ad373fc14ba2f415101680ede51c2834e6d5fd675880e,true,true
ma-g4-ready-for-life-u04-l04,ma-g4-ready-for-life,7910c0a31fc50c1c47b8a38219d8deb9043f2af7cb4ab35d15285eedb1aacc71,7910c0a31fc50c1c47b8a38219d8deb9043f2af7cb4ab35d15285eedb1aacc71,true,f12e4aad25e03d1e8f3ad373fc14ba2f415101680ede51c2834e6d5fd675880e,f12e4aad25e03d1e8f3ad373fc14ba2f415101680ede51c2834e6d5fd675880e,true,true
ma-g4-ready-for-life-u04-l05,ma-g4-ready-for-life,13e30a62c407c3856c6b62204024009f6b4d840929ae960e1b765596daad7b30,13e30a62c407c3856c6b62204024009f6b4d840929ae960e1b765596daad7b30,true,f12e4aad25e03d1e8f3ad373fc14ba2f415101680ede51c2834e6d5fd675880e,f12e4aad25e03d1e8f3ad373fc14ba2f415101680ede51c2834e6d5fd675880e,true,true
ma-g4-ready-for-life-u04-l06,ma-g4-ready-for-life,e35957d37d76b5dfa0a8c1deb7c828c517d0453e8200e583a342acef40c7940c,e35957d37d76b5dfa0a8c1deb7c828c517d0453e8200e583a342acef40c7940c,true,f12e4aad25e03d1e8f3ad373fc14ba2f415101680ede51c2834e6d5fd675880e,f12e4aad25e03d1e8f3ad373fc14ba2f415101680ede51c2834e6d5fd675880e,true,true
ma-g4-ready-for-life-u05-l01,ma-g4-ready-for-life,c5d8b1a330145a4d8aa5f534704bc59d6ccd3ca7e758c6b5106d1d736ce73e9c,c5d8b1a330145a4d8aa5f534704bc59d6ccd3ca7e758c6b5106d1d736ce73e9c,true,9ad3b493674b8d49d8419eaf6a840b3a04ea8a068041218c81a1081a71182ac0,9ad3b493674b8d49d8419eaf6a840b3a04ea8a068041218c81a1081a71182ac0,true,true
ma-g4-ready-for-life-u05-l02,ma-g4-ready-for-life,e4939d76a7e34acb7ab774e9ed72eb2be0ab3aa1f0c314a2e5764cd32f8cd24e,e4939d76a7e34acb7ab774e9ed72eb2be0ab3aa1f0c314a2e5764cd32f8cd24e,true,9ad3b493674b8d49d8419eaf6a840b3a04ea8a068041218c81a1081a71182ac0,9ad3b493674b8d49d8419eaf6a840b3a04ea8a068041218c81a1081a71182ac0,true,true
ma-g4-ready-for-life-u05-l03,ma-g4-ready-for-life,6932e72f807063beed0245a9bedf81803ae30dfbe15490ebc5552e0444b50401,6932e72f807063beed0245a9bedf81803ae30dfbe15490ebc5552e0444b50401,true,9ad3b493674b8d49d8419eaf6a840b3a04ea8a068041218c81a1081a71182ac0,9ad3b493674b8d49d8419eaf6a840b3a04ea8a068041218c81a1081a71182ac0,true,true
ma-g4-ready-for-life-u05-l04,ma-g4-ready-for-life,658398c6752365d4e2c05538dda41b104eb72b63d039563867b1f9de1b73e043,658398c6752365d4e2c05538dda41b104eb72b63d039563867b1f9de1b73e043,true,9ad3b493674b8d49d8419eaf6a840b3a04ea8a068041218c81a1081a71182ac0,9ad3b493674b8d49d8419eaf6a840b3a04ea8a068041218c81a1081a71182ac0,true,true
ma-g4-ready-for-life-u05-l05,ma-g4-ready-for-life,5682e2968eb65d797031fcda37d67897f17cc8d14075a14cd2d969f2b9e93258,5682e2968eb65d797031fcda37d67897f17cc8d14075a14cd2d969f2b9e93258,true,9ad3b493674b8d49d8419eaf6a840b3a04ea8a068041218c81a1081a71182ac0,9ad3b493674b8d49d8419eaf6a840b3a04ea8a068041218c81a1081a71182ac0,true,true
ma-g4-ready-for-life-u05-l06,ma-g4-ready-for-life,316a288d7faafe7f23d836253bd46547f56e546f7b86fa321dcbd6c5f9c3da06,316a288d7faafe7f23d836253bd46547f56e546f7b86fa321dcbd6c5f9c3da06,true,9ad3b493674b8d49d8419eaf6a840b3a04ea8a068041218c81a1081a71182ac0,9ad3b493674b8d49d8419eaf6a840b3a04ea8a068041218c81a1081a71182ac0,true,true
ma-g4-ready-for-life-u06-l01,ma-g4-ready-for-life,db197039d57c14ecd9c3881e50e6b5d9be443e8954f2dcdbc0bf2a5fce21c6a6,db197039d57c14ecd9c3881e50e6b5d9be443e8954f2dcdbc0bf2a5fce21c6a6,true,629c42cc674c50edf6deee756b55094b4750c08133ef03949c9f2860d7c3d284,629c42cc674c50edf6deee756b55094b4750c08133ef03949c9f2860d7c3d284,true,true
ma-g4-ready-for-life-u06-l02,ma-g4-ready-for-life,e1b1a756c61f3dde01b3f40d7456700a3e825ddcf3d0d68334532b406bf8fb9a,e1b1a756c61f3dde01b3f40d7456700a3e825ddcf3d0d68334532b406bf8fb9a,true,629c42cc674c50edf6deee756b55094b4750c08133ef03949c9f2860d7c3d284,629c42cc674c50edf6deee756b55094b4750c08133ef03949c9f2860d7c3d284,true,true
ma-g4-ready-for-life-u06-l03,ma-g4-ready-for-life,f0de061b615fbc4cb216c42738fbbeabbf7224443d1038aaae0f43d7d6b7c4e3,f0de061b615fbc4cb216c42738fbbeabbf7224443d1038aaae0f43d7d6b7c4e3,true,629c42cc674c50edf6deee756b55094b4750c08133ef03949c9f2860d7c3d284,629c42cc674c50edf6deee756b55094b4750c08133ef03949c9f2860d7c3d284,true,true
ma-g4-ready-for-life-u06-l04,ma-g4-ready-for-life,8744ce6e5f95648c5092b644265a2ff4d1f09226cf7f2c099d223bedcb041352,8744ce6e5f95648c5092b644265a2ff4d1f09226cf7f2c099d223bedcb041352,true,629c42cc674c50edf6deee756b55094b4750c08133ef03949c9f2860d7c3d284,629c42cc674c50edf6deee756b55094b4750c08133ef03949c9f2860d7c3d284,true,true
ma-g4-ready-for-life-u06-l05,ma-g4-ready-for-life,0754c0087182b8d342068cb6e3869e05f5f30b16b346f28de119393c481c6e37,0754c0087182b8d342068cb6e3869e05f5f30b16b346f28de119393c481c6e37,true,629c42cc674c50edf6deee756b55094b4750c08133ef03949c9f2860d7c3d284,629c42cc674c50edf6deee756b55094b4750c08133ef03949c9f2860d7c3d284,true,true
ma-g4-ready-for-life-u06-l06,ma-g4-ready-for-life,e9732a636933e234d86b38277371176ae7068830b33728025b06ff6db5a814a2,e9732a636933e234d86b38277371176ae7068830b33728025b06ff6db5a814a2,true,629c42cc674c50edf6deee756b55094b4750c08133ef03949c9f2860d7c3d284,629c42cc674c50edf6deee756b55094b4750c08133ef03949c9f2860d7c3d284,true,true
ma-g4-tech-cs-u01-l01,ma-g4-tech-cs,d7904243d0ddfcdac3fe510af0f0405d436f25264dc149597432d46feace60b9,d7904243d0ddfcdac3fe510af0f0405d436f25264dc149597432d46feace60b9,true,95c789c31e6688db524e8c3c7e7910ed7f128cc1261c86488e7f5651fe78ba3d,95c789c31e6688db524e8c3c7e7910ed7f128cc1261c86488e7f5651fe78ba3d,true,true
ma-g4-tech-cs-u01-l02,ma-g4-tech-cs,b4590a7c38b724eaac87e9fa596b152c0225d3babd4374d62a324afe2bfa9523,b4590a7c38b724eaac87e9fa596b152c0225d3babd4374d62a324afe2bfa9523,true,95c789c31e6688db524e8c3c7e7910ed7f128cc1261c86488e7f5651fe78ba3d,95c789c31e6688db524e8c3c7e7910ed7f128cc1261c86488e7f5651fe78ba3d,true,true
ma-g4-tech-cs-u01-l03,ma-g4-tech-cs,d26c1c7d17011a5eb7a6040ea166e0f7aab3a5bc97b022a75d4fab47d433ea92,d26c1c7d17011a5eb7a6040ea166e0f7aab3a5bc97b022a75d4fab47d433ea92,true,95c789c31e6688db524e8c3c7e7910ed7f128cc1261c86488e7f5651fe78ba3d,95c789c31e6688db524e8c3c7e7910ed7f128cc1261c86488e7f5651fe78ba3d,true,true
ma-g4-tech-cs-u01-l04,ma-g4-tech-cs,5d882d501b0bbbd8c91d7ff99506f039c3e7090e75fd3e696d63a81736b5f179,5d882d501b0bbbd8c91d7ff99506f039c3e7090e75fd3e696d63a81736b5f179,true,95c789c31e6688db524e8c3c7e7910ed7f128cc1261c86488e7f5651fe78ba3d,95c789c31e6688db524e8c3c7e7910ed7f128cc1261c86488e7f5651fe78ba3d,true,true
ma-g4-tech-cs-u01-l05,ma-g4-tech-cs,353f532e738ce612991407afce85030ef6ffd3f8ef221848f06c7ee5d6a1c7a7,353f532e738ce612991407afce85030ef6ffd3f8ef221848f06c7ee5d6a1c7a7,true,95c789c31e6688db524e8c3c7e7910ed7f128cc1261c86488e7f5651fe78ba3d,95c789c31e6688db524e8c3c7e7910ed7f128cc1261c86488e7f5651fe78ba3d,true,true
ma-g4-tech-cs-u01-l06,ma-g4-tech-cs,4e51b03898642f28cdd8a9f096f405aba995a82e3dfed2821fc1d93daf5b72c5,4e51b03898642f28cdd8a9f096f405aba995a82e3dfed2821fc1d93daf5b72c5,true,95c789c31e6688db524e8c3c7e7910ed7f128cc1261c86488e7f5651fe78ba3d,95c789c31e6688db524e8c3c7e7910ed7f128cc1261c86488e7f5651fe78ba3d,true,true
ma-g4-tech-cs-u02-l01,ma-g4-tech-cs,6f23a6db293bb8d7571cf9fe06f71594b4bb12ae0e2d09e128ede52dca5344e0,6f23a6db293bb8d7571cf9fe06f71594b4bb12ae0e2d09e128ede52dca5344e0,true,004028ca3b71abc78323780a8b76b44b1e90908a9b41a8ace1ae07124f895c43,004028ca3b71abc78323780a8b76b44b1e90908a9b41a8ace1ae07124f895c43,true,true
ma-g4-tech-cs-u02-l02,ma-g4-tech-cs,3f22c8c5292e30e020caa499418908f59dcb3c6de917b32d72296044a25d3af0,3f22c8c5292e30e020caa499418908f59dcb3c6de917b32d72296044a25d3af0,true,004028ca3b71abc78323780a8b76b44b1e90908a9b41a8ace1ae07124f895c43,004028ca3b71abc78323780a8b76b44b1e90908a9b41a8ace1ae07124f895c43,true,true
ma-g4-tech-cs-u02-l03,ma-g4-tech-cs,768a6ff449ae2b2ca9811ce255e8b65eeb2b7cec6ef304e4747ccc2321adf682,768a6ff449ae2b2ca9811ce255e8b65eeb2b7cec6ef304e4747ccc2321adf682,true,004028ca3b71abc78323780a8b76b44b1e90908a9b41a8ace1ae07124f895c43,004028ca3b71abc78323780a8b76b44b1e90908a9b41a8ace1ae07124f895c43,true,true
ma-g4-tech-cs-u02-l04,ma-g4-tech-cs,3c71f4be3b517faa98e97504ffb9a0ec0848a11d808640bb88a84d95db686187,3c71f4be3b517faa98e97504ffb9a0ec0848a11d808640bb88a84d95db686187,true,004028ca3b71abc78323780a8b76b44b1e90908a9b41a8ace1ae07124f895c43,004028ca3b71abc78323780a8b76b44b1e90908a9b41a8ace1ae07124f895c43,true,true
ma-g4-tech-cs-u02-l05,ma-g4-tech-cs,68c82af2832bef1678603f07ce9689b3be619e8098d089d8d7ecac5b5e67d777,68c82af2832bef1678603f07ce9689b3be619e8098d089d8d7ecac5b5e67d777,true,004028ca3b71abc78323780a8b76b44b1e90908a9b41a8ace1ae07124f895c43,004028ca3b71abc78323780a8b76b44b1e90908a9b41a8ace1ae07124f895c43,true,true
ma-g4-tech-cs-u02-l06,ma-g4-tech-cs,cb640eb708f37b6599a4b31693b7a9a0b8c8f5f984b4aa93fe8faab89a3b25de,cb640eb708f37b6599a4b31693b7a9a0b8c8f5f984b4aa93fe8faab89a3b25de,true,004028ca3b71abc78323780a8b76b44b1e90908a9b41a8ace1ae07124f895c43,004028ca3b71abc78323780a8b76b44b1e90908a9b41a8ace1ae07124f895c43,true,true
ma-g4-tech-cs-u03-l01,ma-g4-tech-cs,916f22a4c9cfb99d1f7306b6d486a2edeb197bca9f5cf65c6ea4c2a494b4e9e9,916f22a4c9cfb99d1f7306b6d486a2edeb197bca9f5cf65c6ea4c2a494b4e9e9,true,b442befd6300769cf0d410b39ffb017e824e5f0aa850ec8cbcebd76d96acbcad,b442befd6300769cf0d410b39ffb017e824e5f0aa850ec8cbcebd76d96acbcad,true,true
ma-g4-tech-cs-u03-l02,ma-g4-tech-cs,c19068b155eb93e80e9213bb9c96a0241a0acec8c103100fea52b39fc9980360,c19068b155eb93e80e9213bb9c96a0241a0acec8c103100fea52b39fc9980360,true,b442befd6300769cf0d410b39ffb017e824e5f0aa850ec8cbcebd76d96acbcad,b442befd6300769cf0d410b39ffb017e824e5f0aa850ec8cbcebd76d96acbcad,true,true
ma-g4-tech-cs-u03-l03,ma-g4-tech-cs,7c2663d9b2b6f017ac00fa599596094816a944c7a386d3df91eec372917ba0cd,7c2663d9b2b6f017ac00fa599596094816a944c7a386d3df91eec372917ba0cd,true,b442befd6300769cf0d410b39ffb017e824e5f0aa850ec8cbcebd76d96acbcad,b442befd6300769cf0d410b39ffb017e824e5f0aa850ec8cbcebd76d96acbcad,true,true
ma-g4-tech-cs-u03-l04,ma-g4-tech-cs,4e5e133ecb2ef047bf495405f7a5840756f0be1c38761ec13c4fdea0d54f0ce2,4e5e133ecb2ef047bf495405f7a5840756f0be1c38761ec13c4fdea0d54f0ce2,true,b442befd6300769cf0d410b39ffb017e824e5f0aa850ec8cbcebd76d96acbcad,b442befd6300769cf0d410b39ffb017e824e5f0aa850ec8cbcebd76d96acbcad,true,true
ma-g4-tech-cs-u03-l05,ma-g4-tech-cs,056100a13efb8193ba706ebfb6aadf00df41c9080d146587599a1cd4f36cb995,056100a13efb8193ba706ebfb6aadf00df41c9080d146587599a1cd4f36cb995,true,b442befd6300769cf0d410b39ffb017e824e5f0aa850ec8cbcebd76d96acbcad,b442befd6300769cf0d410b39ffb017e824e5f0aa850ec8cbcebd76d96acbcad,true,true
ma-g4-tech-cs-u03-l06,ma-g4-tech-cs,3682150f559a0be5b101f51bc2ebdea0cb337d3d095f79ec8441a832cf996bf0,3682150f559a0be5b101f51bc2ebdea0cb337d3d095f79ec8441a832cf996bf0,true,b442befd6300769cf0d410b39ffb017e824e5f0aa850ec8cbcebd76d96acbcad,b442befd6300769cf0d410b39ffb017e824e5f0aa850ec8cbcebd76d96acbcad,true,true
ma-g4-tech-cs-u04-l01,ma-g4-tech-cs,8e4d30708cb64cced23ae47cab7ee4bed1dee59a156503950a82569ddf4a8d60,8e4d30708cb64cced23ae47cab7ee4bed1dee59a156503950a82569ddf4a8d60,true,86824c142fa184e86b4c13447be6c410921b79ed692d4bad090d5fe9e373f514,86824c142fa184e86b4c13447be6c410921b79ed692d4bad090d5fe9e373f514,true,true
ma-g4-tech-cs-u04-l02,ma-g4-tech-cs,4626391969895b32bd87e92d1edfa65020b5019d1b5471f52fe91fe4b2cb281c,4626391969895b32bd87e92d1edfa65020b5019d1b5471f52fe91fe4b2cb281c,true,86824c142fa184e86b4c13447be6c410921b79ed692d4bad090d5fe9e373f514,86824c142fa184e86b4c13447be6c410921b79ed692d4bad090d5fe9e373f514,true,true
ma-g4-tech-cs-u04-l03,ma-g4-tech-cs,4e38e78f004bd37b51c8876955e757a00bec373a1066b6bf2b887d6e0721fea8,4e38e78f004bd37b51c8876955e757a00bec373a1066b6bf2b887d6e0721fea8,true,86824c142fa184e86b4c13447be6c410921b79ed692d4bad090d5fe9e373f514,86824c142fa184e86b4c13447be6c410921b79ed692d4bad090d5fe9e373f514,true,true
ma-g4-tech-cs-u04-l04,ma-g4-tech-cs,f7a4a02e341893ad88231dbdd6e4ea886c7698bd9ddafd6800a1f4406618391e,f7a4a02e341893ad88231dbdd6e4ea886c7698bd9ddafd6800a1f4406618391e,true,86824c142fa184e86b4c13447be6c410921b79ed692d4bad090d5fe9e373f514,86824c142fa184e86b4c13447be6c410921b79ed692d4bad090d5fe9e373f514,true,true
ma-g4-tech-cs-u04-l05,ma-g4-tech-cs,cdafd7ce7e3fb6572439326ef69e509b7415ae0daa534bc46a348d7d8b4c1493,cdafd7ce7e3fb6572439326ef69e509b7415ae0daa534bc46a348d7d8b4c1493,true,86824c142fa184e86b4c13447be6c410921b79ed692d4bad090d5fe9e373f514,86824c142fa184e86b4c13447be6c410921b79ed692d4bad090d5fe9e373f514,true,true
ma-g4-tech-cs-u04-l06,ma-g4-tech-cs,05a050b26abdc3d94860add4bdc0c94c98fad834ae9ba7a638842ad76882f9dd,05a050b26abdc3d94860add4bdc0c94c98fad834ae9ba7a638842ad76882f9dd,true,86824c142fa184e86b4c13447be6c410921b79ed692d4bad090d5fe9e373f514,86824c142fa184e86b4c13447be6c410921b79ed692d4bad090d5fe9e373f514,true,true
ma-g4-tech-cs-u05-l01,ma-g4-tech-cs,5841bf996a3dad6edb4c915119906fddbde1536ee4d006265b571aba907cd06a,5841bf996a3dad6edb4c915119906fddbde1536ee4d006265b571aba907cd06a,true,88f57879cae081998b5b430b11c1aafa702d480e14be8375857b6c4f15d7b1fe,88f57879cae081998b5b430b11c1aafa702d480e14be8375857b6c4f15d7b1fe,true,true
ma-g4-tech-cs-u05-l02,ma-g4-tech-cs,5258cf86ed75dadac9f879972225b2eaa7a762ec233696d60cd9cb34dd8c13bf,5258cf86ed75dadac9f879972225b2eaa7a762ec233696d60cd9cb34dd8c13bf,true,88f57879cae081998b5b430b11c1aafa702d480e14be8375857b6c4f15d7b1fe,88f57879cae081998b5b430b11c1aafa702d480e14be8375857b6c4f15d7b1fe,true,true
ma-g4-tech-cs-u05-l03,ma-g4-tech-cs,9c34a42ef825d3118705d615a8e0ceb6fcfc75a1678eedb41f013135c6e4dc3a,9c34a42ef825d3118705d615a8e0ceb6fcfc75a1678eedb41f013135c6e4dc3a,true,88f57879cae081998b5b430b11c1aafa702d480e14be8375857b6c4f15d7b1fe,88f57879cae081998b5b430b11c1aafa702d480e14be8375857b6c4f15d7b1fe,true,true
ma-g4-tech-cs-u05-l04,ma-g4-tech-cs,c885804295624bac7d4c5006440e5538a1b806280118c99708308b7cedafe74c,c885804295624bac7d4c5006440e5538a1b806280118c99708308b7cedafe74c,true,88f57879cae081998b5b430b11c1aafa702d480e14be8375857b6c4f15d7b1fe,88f57879cae081998b5b430b11c1aafa702d480e14be8375857b6c4f15d7b1fe,true,true
ma-g4-tech-cs-u05-l05,ma-g4-tech-cs,f76778ddeaf1a46edc07f2c9b5b796695fbb572d389976a6fa0214ebfa5ab8d8,f76778ddeaf1a46edc07f2c9b5b796695fbb572d389976a6fa0214ebfa5ab8d8,true,88f57879cae081998b5b430b11c1aafa702d480e14be8375857b6c4f15d7b1fe,88f57879cae081998b5b430b11c1aafa702d480e14be8375857b6c4f15d7b1fe,true,true
ma-g4-tech-cs-u05-l06,ma-g4-tech-cs,c6c16ef96b261df39221355f670bc3549024d83e1fba00236fb0235b0474673b,c6c16ef96b261df39221355f670bc3549024d83e1fba00236fb0235b0474673b,true,88f57879cae081998b5b430b11c1aafa702d480e14be8375857b6c4f15d7b1fe,88f57879cae081998b5b430b11c1aafa702d480e14be8375857b6c4f15d7b1fe,true,true
ma-g4-tech-cs-u06-l01,ma-g4-tech-cs,290533c60325a2023ea7276b22e685759fab8530ff05f3a55abe9ca68590998e,290533c60325a2023ea7276b22e685759fab8530ff05f3a55abe9ca68590998e,true,0ec758ab8b69ce289028b106bd97292ff780976b8a0078b04d3f1f1d6a5f6d18,0ec758ab8b69ce289028b106bd97292ff780976b8a0078b04d3f1f1d6a5f6d18,true,true
ma-g4-tech-cs-u06-l02,ma-g4-tech-cs,012d5f28a53905806c990ee8bf5c4e42cd6c0f100606cb11635147b5c4c95ec5,012d5f28a53905806c990ee8bf5c4e42cd6c0f100606cb11635147b5c4c95ec5,true,0ec758ab8b69ce289028b106bd97292ff780976b8a0078b04d3f1f1d6a5f6d18,0ec758ab8b69ce289028b106bd97292ff780976b8a0078b04d3f1f1d6a5f6d18,true,true
ma-g4-tech-cs-u06-l03,ma-g4-tech-cs,26525b7f457ff7a6810724cf5e8ba374d8fa0b3ea58c01b89c181ff94dc2044d,26525b7f457ff7a6810724cf5e8ba374d8fa0b3ea58c01b89c181ff94dc2044d,true,0ec758ab8b69ce289028b106bd97292ff780976b8a0078b04d3f1f1d6a5f6d18,0ec758ab8b69ce289028b106bd97292ff780976b8a0078b04d3f1f1d6a5f6d18,true,true
ma-g4-tech-cs-u06-l04,ma-g4-tech-cs,021a26524ce8e2b4c2ed2e486a38551e4ffc80565d384b3f6e384d1821dd66d8,021a26524ce8e2b4c2ed2e486a38551e4ffc80565d384b3f6e384d1821dd66d8,true,0ec758ab8b69ce289028b106bd97292ff780976b8a0078b04d3f1f1d6a5f6d18,0ec758ab8b69ce289028b106bd97292ff780976b8a0078b04d3f1f1d6a5f6d18,true,true
ma-g4-tech-cs-u06-l05,ma-g4-tech-cs,052d2a77d9ce96476a88784127520a6b1f67a6c92ece1eefcfd50269570c9201,052d2a77d9ce96476a88784127520a6b1f67a6c92ece1eefcfd50269570c9201,true,0ec758ab8b69ce289028b106bd97292ff780976b8a0078b04d3f1f1d6a5f6d18,0ec758ab8b69ce289028b106bd97292ff780976b8a0078b04d3f1f1d6a5f6d18,true,true
ma-g4-tech-cs-u06-l06,ma-g4-tech-cs,2efcab9e570b3bd0c561749f60c5cc54fb908b7a8f1f47b9632fefeaff25f1a9,2efcab9e570b3bd0c561749f60c5cc54fb908b7a8f1f47b9632fefeaff25f1a9,true,0ec758ab8b69ce289028b106bd97292ff780976b8a0078b04d3f1f1d6a5f6d18,0ec758ab8b69ce289028b106bd97292ff780976b8a0078b04d3f1f1d6a5f6d18,true,true
ma-g4-arts-music-u01-l01,ma-g4-arts-music,5c2379c7543b77035c8ed630ea4b20c699a65950bd5bd2171ea1c85e9247a9a9,5c2379c7543b77035c8ed630ea4b20c699a65950bd5bd2171ea1c85e9247a9a9,true,b23668c5ae60b9481b247e3c345057b2455f388b635c310f76a96285ccef4bee,b23668c5ae60b9481b247e3c345057b2455f388b635c310f76a96285ccef4bee,true,true
ma-g4-arts-music-u01-l02,ma-g4-arts-music,ed2fed9aa7f43cad2ee78aff87d3e013656097dd1c60c2c79ada3fb4c197f9eb,ed2fed9aa7f43cad2ee78aff87d3e013656097dd1c60c2c79ada3fb4c197f9eb,true,b23668c5ae60b9481b247e3c345057b2455f388b635c310f76a96285ccef4bee,b23668c5ae60b9481b247e3c345057b2455f388b635c310f76a96285ccef4bee,true,true
ma-g4-arts-music-u01-l03,ma-g4-arts-music,458055194efd12e41e71ae36c14ad0161bc5f3c0eebdef18b008fd5b855bce31,458055194efd12e41e71ae36c14ad0161bc5f3c0eebdef18b008fd5b855bce31,true,b23668c5ae60b9481b247e3c345057b2455f388b635c310f76a96285ccef4bee,b23668c5ae60b9481b247e3c345057b2455f388b635c310f76a96285ccef4bee,true,true
ma-g4-arts-music-u01-l04,ma-g4-arts-music,e7e8dfa56c76be8946be1a9d75655134e5dbf2cce4c06664b707040798dc1ea9,e7e8dfa56c76be8946be1a9d75655134e5dbf2cce4c06664b707040798dc1ea9,true,b23668c5ae60b9481b247e3c345057b2455f388b635c310f76a96285ccef4bee,b23668c5ae60b9481b247e3c345057b2455f388b635c310f76a96285ccef4bee,true,true
ma-g4-arts-music-u01-l05,ma-g4-arts-music,7f9e80f9bd60d295e7d0ed2762705ff9eb6fb7a24d397b2079f496ae46759778,7f9e80f9bd60d295e7d0ed2762705ff9eb6fb7a24d397b2079f496ae46759778,true,b23668c5ae60b9481b247e3c345057b2455f388b635c310f76a96285ccef4bee,b23668c5ae60b9481b247e3c345057b2455f388b635c310f76a96285ccef4bee,true,true
ma-g4-arts-music-u01-l06,ma-g4-arts-music,df72c052b1ef88171bc9974c4da6d873b408c8bf8ac776db7332d23bc92eb8d8,df72c052b1ef88171bc9974c4da6d873b408c8bf8ac776db7332d23bc92eb8d8,true,b23668c5ae60b9481b247e3c345057b2455f388b635c310f76a96285ccef4bee,b23668c5ae60b9481b247e3c345057b2455f388b635c310f76a96285ccef4bee,true,true
ma-g4-arts-music-u01-l07,ma-g4-arts-music,f63aac094b283dde307a8293fcf48177dfeed8c968e2262486014fc4174e1b68,f63aac094b283dde307a8293fcf48177dfeed8c968e2262486014fc4174e1b68,true,b23668c5ae60b9481b247e3c345057b2455f388b635c310f76a96285ccef4bee,b23668c5ae60b9481b247e3c345057b2455f388b635c310f76a96285ccef4bee,true,true
ma-g4-arts-music-u01-l08,ma-g4-arts-music,b6b5c41c48b62ad4e15423870c9458875d071bd8703e8a0a8061848275f55c77,b6b5c41c48b62ad4e15423870c9458875d071bd8703e8a0a8061848275f55c77,true,b23668c5ae60b9481b247e3c345057b2455f388b635c310f76a96285ccef4bee,b23668c5ae60b9481b247e3c345057b2455f388b635c310f76a96285ccef4bee,true,true
ma-g4-arts-music-u01-l09,ma-g4-arts-music,2bf96047dc4f9335d902e0265589ac6e8742039fd26a776a8aad54bd6b5da275,2bf96047dc4f9335d902e0265589ac6e8742039fd26a776a8aad54bd6b5da275,true,b23668c5ae60b9481b247e3c345057b2455f388b635c310f76a96285ccef4bee,b23668c5ae60b9481b247e3c345057b2455f388b635c310f76a96285ccef4bee,true,true
ma-g4-arts-music-u01-l10,ma-g4-arts-music,4b7f48d4f4374b20e046fc82b7b3a25e9a98790f12b343647bceb95cf3031dcf,4b7f48d4f4374b20e046fc82b7b3a25e9a98790f12b343647bceb95cf3031dcf,true,b23668c5ae60b9481b247e3c345057b2455f388b635c310f76a96285ccef4bee,b23668c5ae60b9481b247e3c345057b2455f388b635c310f76a96285ccef4bee,true,true
ma-g4-arts-music-u01-l11,ma-g4-arts-music,6c86e7a5cf61697a9bd4d9fe6e73de7d8bb701c759dcad98e33a0769396dc36d,6c86e7a5cf61697a9bd4d9fe6e73de7d8bb701c759dcad98e33a0769396dc36d,true,b23668c5ae60b9481b247e3c345057b2455f388b635c310f76a96285ccef4bee,b23668c5ae60b9481b247e3c345057b2455f388b635c310f76a96285ccef4bee,true,true
ma-g4-arts-music-u01-l12,ma-g4-arts-music,b1df6c969d9b09a235d9699cb05ea172070e6c2a55f2e2ef16cc136a5132a980,b1df6c969d9b09a235d9699cb05ea172070e6c2a55f2e2ef16cc136a5132a980,true,b23668c5ae60b9481b247e3c345057b2455f388b635c310f76a96285ccef4bee,b23668c5ae60b9481b247e3c345057b2455f388b635c310f76a96285ccef4bee,true,true
ma-g4-arts-music-u02-l01,ma-g4-arts-music,ee230abb615684dfb3ba3a2bf260e91ea21aa133b5c9cc55b025137c68fb10cd,ee230abb615684dfb3ba3a2bf260e91ea21aa133b5c9cc55b025137c68fb10cd,true,e1764bd36c09baa168c97aeeebf9596249ef299cdcf6b20f1a3cefbfa105b8df,e1764bd36c09baa168c97aeeebf9596249ef299cdcf6b20f1a3cefbfa105b8df,true,true
ma-g4-arts-music-u02-l02,ma-g4-arts-music,06be4841f81c1796294f6897b164becfaf35774e21266355c879dbf0630e40ba,06be4841f81c1796294f6897b164becfaf35774e21266355c879dbf0630e40ba,true,e1764bd36c09baa168c97aeeebf9596249ef299cdcf6b20f1a3cefbfa105b8df,e1764bd36c09baa168c97aeeebf9596249ef299cdcf6b20f1a3cefbfa105b8df,true,true
ma-g4-arts-music-u02-l03,ma-g4-arts-music,66670e49cdb08dae3c176405e54a93ed6381f755475a0b2f84a32421313c6d17,66670e49cdb08dae3c176405e54a93ed6381f755475a0b2f84a32421313c6d17,true,e1764bd36c09baa168c97aeeebf9596249ef299cdcf6b20f1a3cefbfa105b8df,e1764bd36c09baa168c97aeeebf9596249ef299cdcf6b20f1a3cefbfa105b8df,true,true
ma-g4-arts-music-u02-l04,ma-g4-arts-music,a67852274cec1a2071cd0d3c07dc031b9a8f0d48b41763c065da553e4608daab,a67852274cec1a2071cd0d3c07dc031b9a8f0d48b41763c065da553e4608daab,true,e1764bd36c09baa168c97aeeebf9596249ef299cdcf6b20f1a3cefbfa105b8df,e1764bd36c09baa168c97aeeebf9596249ef299cdcf6b20f1a3cefbfa105b8df,true,true
ma-g4-arts-music-u02-l05,ma-g4-arts-music,aab9bd2d1e519df13f69dfe7fe3fa78d5ecf062ab5fa86ec0c63aec88677d5ad,aab9bd2d1e519df13f69dfe7fe3fa78d5ecf062ab5fa86ec0c63aec88677d5ad,true,e1764bd36c09baa168c97aeeebf9596249ef299cdcf6b20f1a3cefbfa105b8df,e1764bd36c09baa168c97aeeebf9596249ef299cdcf6b20f1a3cefbfa105b8df,true,true
ma-g4-arts-music-u02-l06,ma-g4-arts-music,f4a26cfe7be0274bdb55addb075d1d53b55bf43e7062c15f71cea7cd20379129,f4a26cfe7be0274bdb55addb075d1d53b55bf43e7062c15f71cea7cd20379129,true,e1764bd36c09baa168c97aeeebf9596249ef299cdcf6b20f1a3cefbfa105b8df,e1764bd36c09baa168c97aeeebf9596249ef299cdcf6b20f1a3cefbfa105b8df,true,true
ma-g4-arts-music-u02-l07,ma-g4-arts-music,fbc0056e853a22773e810e59ca7bf0c17a8371626ae71238a1e1e2bfec776b11,fbc0056e853a22773e810e59ca7bf0c17a8371626ae71238a1e1e2bfec776b11,true,e1764bd36c09baa168c97aeeebf9596249ef299cdcf6b20f1a3cefbfa105b8df,e1764bd36c09baa168c97aeeebf9596249ef299cdcf6b20f1a3cefbfa105b8df,true,true
ma-g4-arts-music-u02-l08,ma-g4-arts-music,14931e15068a4f6a13013a116e4754051766e0f6cf69e78330900177093febb9,14931e15068a4f6a13013a116e4754051766e0f6cf69e78330900177093febb9,true,e1764bd36c09baa168c97aeeebf9596249ef299cdcf6b20f1a3cefbfa105b8df,e1764bd36c09baa168c97aeeebf9596249ef299cdcf6b20f1a3cefbfa105b8df,true,true
ma-g4-arts-music-u02-l09,ma-g4-arts-music,c7f9de5ee4a772746f03548448a8f3b56eb43f9c7f3005f0ca4a3ae8be53a12d,c7f9de5ee4a772746f03548448a8f3b56eb43f9c7f3005f0ca4a3ae8be53a12d,true,e1764bd36c09baa168c97aeeebf9596249ef299cdcf6b20f1a3cefbfa105b8df,e1764bd36c09baa168c97aeeebf9596249ef299cdcf6b20f1a3cefbfa105b8df,true,true
ma-g4-arts-music-u02-l10,ma-g4-arts-music,7bcd92bba608fc802d5e2868631bb660a0082b115b472c0d3088effc870f07b4,7bcd92bba608fc802d5e2868631bb660a0082b115b472c0d3088effc870f07b4,true,e1764bd36c09baa168c97aeeebf9596249ef299cdcf6b20f1a3cefbfa105b8df,e1764bd36c09baa168c97aeeebf9596249ef299cdcf6b20f1a3cefbfa105b8df,true,true
ma-g4-arts-music-u02-l11,ma-g4-arts-music,5b577d9c94758e46803304dfadf15af28176041e4b9a4dbc7d88f6ca217638a0,5b577d9c94758e46803304dfadf15af28176041e4b9a4dbc7d88f6ca217638a0,true,e1764bd36c09baa168c97aeeebf9596249ef299cdcf6b20f1a3cefbfa105b8df,e1764bd36c09baa168c97aeeebf9596249ef299cdcf6b20f1a3cefbfa105b8df,true,true
ma-g4-arts-music-u02-l12,ma-g4-arts-music,8fa79253c5b71e8ed37fd78cf3f824b24ccfa8cf8e100f108f13ca23047130d1,8fa79253c5b71e8ed37fd78cf3f824b24ccfa8cf8e100f108f13ca23047130d1,true,e1764bd36c09baa168c97aeeebf9596249ef299cdcf6b20f1a3cefbfa105b8df,e1764bd36c09baa168c97aeeebf9596249ef299cdcf6b20f1a3cefbfa105b8df,true,true
ma-g4-arts-music-u03-l01,ma-g4-arts-music,3642a51a177d640c3503f6f2f793c7652012d44fa159247dfea70897ec702a24,3642a51a177d640c3503f6f2f793c7652012d44fa159247dfea70897ec702a24,true,9cd99bab71de3cacb7605dd098304eff70fbf423a33bcf35d45bab11d2c223b5,9cd99bab71de3cacb7605dd098304eff70fbf423a33bcf35d45bab11d2c223b5,true,true
ma-g4-arts-music-u03-l02,ma-g4-arts-music,56f5817f32f831d8e955c8e2dd9ce268d369cd82c2bcd2deb7dd4f62ebba9d22,56f5817f32f831d8e955c8e2dd9ce268d369cd82c2bcd2deb7dd4f62ebba9d22,true,9cd99bab71de3cacb7605dd098304eff70fbf423a33bcf35d45bab11d2c223b5,9cd99bab71de3cacb7605dd098304eff70fbf423a33bcf35d45bab11d2c223b5,true,true
ma-g4-arts-music-u03-l03,ma-g4-arts-music,33ec3618307c682ac0e26ddc67fd53cdb07625d4723cbdef9e7fe4a7b402865f,33ec3618307c682ac0e26ddc67fd53cdb07625d4723cbdef9e7fe4a7b402865f,true,9cd99bab71de3cacb7605dd098304eff70fbf423a33bcf35d45bab11d2c223b5,9cd99bab71de3cacb7605dd098304eff70fbf423a33bcf35d45bab11d2c223b5,true,true
ma-g4-arts-music-u03-l04,ma-g4-arts-music,959ccd254b16683786338b9a235608aff38cf76de62811b88ac791e4b93ac418,959ccd254b16683786338b9a235608aff38cf76de62811b88ac791e4b93ac418,true,9cd99bab71de3cacb7605dd098304eff70fbf423a33bcf35d45bab11d2c223b5,9cd99bab71de3cacb7605dd098304eff70fbf423a33bcf35d45bab11d2c223b5,true,true
ma-g4-arts-music-u03-l05,ma-g4-arts-music,e0cb3e50f341a54af365fd16f5fa5c2eedc99bdfc24531bc67196d503f7b372d,e0cb3e50f341a54af365fd16f5fa5c2eedc99bdfc24531bc67196d503f7b372d,true,9cd99bab71de3cacb7605dd098304eff70fbf423a33bcf35d45bab11d2c223b5,9cd99bab71de3cacb7605dd098304eff70fbf423a33bcf35d45bab11d2c223b5,true,true
ma-g4-arts-music-u03-l06,ma-g4-arts-music,55089d29e80b2bc4cd5e56c962f8d2cdc24a9bcda81dc7fe94d9245182971f26,55089d29e80b2bc4cd5e56c962f8d2cdc24a9bcda81dc7fe94d9245182971f26,true,9cd99bab71de3cacb7605dd098304eff70fbf423a33bcf35d45bab11d2c223b5,9cd99bab71de3cacb7605dd098304eff70fbf423a33bcf35d45bab11d2c223b5,true,true
ma-g4-arts-music-u03-l07,ma-g4-arts-music,179a8dd76d4556e650fcdbcfdac4e322ef728942bc9c4e157b8aa95d142db083,179a8dd76d4556e650fcdbcfdac4e322ef728942bc9c4e157b8aa95d142db083,true,9cd99bab71de3cacb7605dd098304eff70fbf423a33bcf35d45bab11d2c223b5,9cd99bab71de3cacb7605dd098304eff70fbf423a33bcf35d45bab11d2c223b5,true,true
ma-g4-arts-music-u03-l08,ma-g4-arts-music,36fae29413f9a29106524ea7bcd069d4df98b380ecf4f7c44f27c41547520d40,36fae29413f9a29106524ea7bcd069d4df98b380ecf4f7c44f27c41547520d40,true,9cd99bab71de3cacb7605dd098304eff70fbf423a33bcf35d45bab11d2c223b5,9cd99bab71de3cacb7605dd098304eff70fbf423a33bcf35d45bab11d2c223b5,true,true
ma-g4-arts-music-u03-l09,ma-g4-arts-music,36cc5d131f1b368262aa440d2639ceab467b13d6deb60190337826b7732aa075,36cc5d131f1b368262aa440d2639ceab467b13d6deb60190337826b7732aa075,true,9cd99bab71de3cacb7605dd098304eff70fbf423a33bcf35d45bab11d2c223b5,9cd99bab71de3cacb7605dd098304eff70fbf423a33bcf35d45bab11d2c223b5,true,true
ma-g4-arts-music-u03-l10,ma-g4-arts-music,fb032f4872f4634e4330a86d1a7d458e5e8324c5e3638d9fc21e0eee08f22c69,fb032f4872f4634e4330a86d1a7d458e5e8324c5e3638d9fc21e0eee08f22c69,true,9cd99bab71de3cacb7605dd098304eff70fbf423a33bcf35d45bab11d2c223b5,9cd99bab71de3cacb7605dd098304eff70fbf423a33bcf35d45bab11d2c223b5,true,true
ma-g4-arts-music-u03-l11,ma-g4-arts-music,6f024e77ae6e1eb0fff88f8c53c3f835a9c3672305b78a4fd533bfa4240e61fb,6f024e77ae6e1eb0fff88f8c53c3f835a9c3672305b78a4fd533bfa4240e61fb,true,9cd99bab71de3cacb7605dd098304eff70fbf423a33bcf35d45bab11d2c223b5,9cd99bab71de3cacb7605dd098304eff70fbf423a33bcf35d45bab11d2c223b5,true,true
ma-g4-arts-music-u03-l12,ma-g4-arts-music,89e518b22432ccfa416d922f6f7d8784bf84261db8b4781aa91b1f3fe3a122b2,89e518b22432ccfa416d922f6f7d8784bf84261db8b4781aa91b1f3fe3a122b2,true,9cd99bab71de3cacb7605dd098304eff70fbf423a33bcf35d45bab11d2c223b5,9cd99bab71de3cacb7605dd098304eff70fbf423a33bcf35d45bab11d2c223b5,true,true
ma-g4-arts-music-u04-l01,ma-g4-arts-music,d60fbff50bcdf9b7ebac1f4004d114605d61bb5ec0369112a25930f797ec0e36,d60fbff50bcdf9b7ebac1f4004d114605d61bb5ec0369112a25930f797ec0e36,true,826b9727e4c12cf597d31768298237c0ddfdbcab6e6c40343ee52dbf74d8f63d,826b9727e4c12cf597d31768298237c0ddfdbcab6e6c40343ee52dbf74d8f63d,true,true
ma-g4-arts-music-u04-l02,ma-g4-arts-music,02b2cac3730256e225b8b80408d6948eace739f39b132c83bb1e16e964181d19,02b2cac3730256e225b8b80408d6948eace739f39b132c83bb1e16e964181d19,true,826b9727e4c12cf597d31768298237c0ddfdbcab6e6c40343ee52dbf74d8f63d,826b9727e4c12cf597d31768298237c0ddfdbcab6e6c40343ee52dbf74d8f63d,true,true
ma-g4-arts-music-u04-l03,ma-g4-arts-music,cbc9149390bd16de7e582fe62a22be68a1d760915ee62bc37696b28565683599,cbc9149390bd16de7e582fe62a22be68a1d760915ee62bc37696b28565683599,true,826b9727e4c12cf597d31768298237c0ddfdbcab6e6c40343ee52dbf74d8f63d,826b9727e4c12cf597d31768298237c0ddfdbcab6e6c40343ee52dbf74d8f63d,true,true
ma-g4-arts-music-u04-l04,ma-g4-arts-music,658052d387291e6ad4b3cc13a6b704d10b04924693a24f66719ef077fdfba9eb,658052d387291e6ad4b3cc13a6b704d10b04924693a24f66719ef077fdfba9eb,true,826b9727e4c12cf597d31768298237c0ddfdbcab6e6c40343ee52dbf74d8f63d,826b9727e4c12cf597d31768298237c0ddfdbcab6e6c40343ee52dbf74d8f63d,true,true
ma-g4-arts-music-u04-l05,ma-g4-arts-music,208c957ad5855691ded5d8553a07d6fe0dc7e99d9d0c242992b4b12030f7ddd4,208c957ad5855691ded5d8553a07d6fe0dc7e99d9d0c242992b4b12030f7ddd4,true,826b9727e4c12cf597d31768298237c0ddfdbcab6e6c40343ee52dbf74d8f63d,826b9727e4c12cf597d31768298237c0ddfdbcab6e6c40343ee52dbf74d8f63d,true,true
ma-g4-arts-music-u04-l06,ma-g4-arts-music,6c2864f23a041dbd23157ff028bafcdaa06c91b48792278cf843f7e0f06f7765,6c2864f23a041dbd23157ff028bafcdaa06c91b48792278cf843f7e0f06f7765,true,826b9727e4c12cf597d31768298237c0ddfdbcab6e6c40343ee52dbf74d8f63d,826b9727e4c12cf597d31768298237c0ddfdbcab6e6c40343ee52dbf74d8f63d,true,true
ma-g4-arts-music-u04-l07,ma-g4-arts-music,d0873e4b185b439fca87c44548fe65b811270cd150c8580d877e23679602eaf6,d0873e4b185b439fca87c44548fe65b811270cd150c8580d877e23679602eaf6,true,826b9727e4c12cf597d31768298237c0ddfdbcab6e6c40343ee52dbf74d8f63d,826b9727e4c12cf597d31768298237c0ddfdbcab6e6c40343ee52dbf74d8f63d,true,true
ma-g4-arts-music-u04-l08,ma-g4-arts-music,14bb91a7ad250ea469d1ab1308bfd38e90c7d429ecfe5e1e3b178f990a2ba5bb,14bb91a7ad250ea469d1ab1308bfd38e90c7d429ecfe5e1e3b178f990a2ba5bb,true,826b9727e4c12cf597d31768298237c0ddfdbcab6e6c40343ee52dbf74d8f63d,826b9727e4c12cf597d31768298237c0ddfdbcab6e6c40343ee52dbf74d8f63d,true,true
ma-g4-arts-music-u04-l09,ma-g4-arts-music,b9c4a153ed1ae1bd392b42c8cea385a79e527bc4288a50219a02a85e1e04d534,b9c4a153ed1ae1bd392b42c8cea385a79e527bc4288a50219a02a85e1e04d534,true,826b9727e4c12cf597d31768298237c0ddfdbcab6e6c40343ee52dbf74d8f63d,826b9727e4c12cf597d31768298237c0ddfdbcab6e6c40343ee52dbf74d8f63d,true,true
ma-g4-arts-music-u04-l10,ma-g4-arts-music,42782cc72957b70a3b36f07487981600833d7655de73574b33c4ccdf0e778e83,42782cc72957b70a3b36f07487981600833d7655de73574b33c4ccdf0e778e83,true,826b9727e4c12cf597d31768298237c0ddfdbcab6e6c40343ee52dbf74d8f63d,826b9727e4c12cf597d31768298237c0ddfdbcab6e6c40343ee52dbf74d8f63d,true,true
ma-g4-arts-music-u04-l11,ma-g4-arts-music,e64d897d91b12f502a6c17b6354f20f31fcdfa99edd7d795cd45f74b7729d66b,e64d897d91b12f502a6c17b6354f20f31fcdfa99edd7d795cd45f74b7729d66b,true,826b9727e4c12cf597d31768298237c0ddfdbcab6e6c40343ee52dbf74d8f63d,826b9727e4c12cf597d31768298237c0ddfdbcab6e6c40343ee52dbf74d8f63d,true,true
ma-g4-arts-music-u04-l12,ma-g4-arts-music,e71f76a6d11af8d426af2a7203b131e3d47029cd41dcd64dd95c9c3b0ec14e29,e71f76a6d11af8d426af2a7203b131e3d47029cd41dcd64dd95c9c3b0ec14e29,true,826b9727e4c12cf597d31768298237c0ddfdbcab6e6c40343ee52dbf74d8f63d,826b9727e4c12cf597d31768298237c0ddfdbcab6e6c40343ee52dbf74d8f63d,true,true
ma-g4-arts-music-u05-l01,ma-g4-arts-music,4a0c8bc370092f686908b11977d74b1a6d4812b821ac1c0ad8ed33258fe84fac,4a0c8bc370092f686908b11977d74b1a6d4812b821ac1c0ad8ed33258fe84fac,true,c5f96b8c5a5d92269413d62a9699af16d4e4ff6cd8fbc3f62047173acca363b3,c5f96b8c5a5d92269413d62a9699af16d4e4ff6cd8fbc3f62047173acca363b3,true,true
ma-g4-arts-music-u05-l02,ma-g4-arts-music,f8cdf96200cdc397bd3f7bdd261d4e9c8cbc8f060e81e26574e1b4ae721e7d69,f8cdf96200cdc397bd3f7bdd261d4e9c8cbc8f060e81e26574e1b4ae721e7d69,true,c5f96b8c5a5d92269413d62a9699af16d4e4ff6cd8fbc3f62047173acca363b3,c5f96b8c5a5d92269413d62a9699af16d4e4ff6cd8fbc3f62047173acca363b3,true,true
ma-g4-arts-music-u05-l03,ma-g4-arts-music,a0ef4d61b1e08194e75de51c78a6799ab837b206ebad65465b5057532cd9ccb7,a0ef4d61b1e08194e75de51c78a6799ab837b206ebad65465b5057532cd9ccb7,true,c5f96b8c5a5d92269413d62a9699af16d4e4ff6cd8fbc3f62047173acca363b3,c5f96b8c5a5d92269413d62a9699af16d4e4ff6cd8fbc3f62047173acca363b3,true,true
ma-g4-arts-music-u05-l04,ma-g4-arts-music,b6c2c3b51361639b267c7a142ca257e3653cf057e397007e6b2877de51fb9326,b6c2c3b51361639b267c7a142ca257e3653cf057e397007e6b2877de51fb9326,true,c5f96b8c5a5d92269413d62a9699af16d4e4ff6cd8fbc3f62047173acca363b3,c5f96b8c5a5d92269413d62a9699af16d4e4ff6cd8fbc3f62047173acca363b3,true,true
ma-g4-arts-music-u05-l05,ma-g4-arts-music,24c10aa1b2d95020487ffc53f2988f11f0b717d3ea2f2b10a25f9297abd64b01,24c10aa1b2d95020487ffc53f2988f11f0b717d3ea2f2b10a25f9297abd64b01,true,c5f96b8c5a5d92269413d62a9699af16d4e4ff6cd8fbc3f62047173acca363b3,c5f96b8c5a5d92269413d62a9699af16d4e4ff6cd8fbc3f62047173acca363b3,true,true
ma-g4-arts-music-u05-l06,ma-g4-arts-music,77bfbb14e3622e92c7e848f88fc2f7f65d6ef0f8a0e05424427094851aaaa635,77bfbb14e3622e92c7e848f88fc2f7f65d6ef0f8a0e05424427094851aaaa635,true,c5f96b8c5a5d92269413d62a9699af16d4e4ff6cd8fbc3f62047173acca363b3,c5f96b8c5a5d92269413d62a9699af16d4e4ff6cd8fbc3f62047173acca363b3,true,true
ma-g4-arts-music-u05-l07,ma-g4-arts-music,5ac22acbc1d77fe9dedf9a95767c92901fddc9cf8e68bb108d4483ae42a5260f,5ac22acbc1d77fe9dedf9a95767c92901fddc9cf8e68bb108d4483ae42a5260f,true,c5f96b8c5a5d92269413d62a9699af16d4e4ff6cd8fbc3f62047173acca363b3,c5f96b8c5a5d92269413d62a9699af16d4e4ff6cd8fbc3f62047173acca363b3,true,true
ma-g4-arts-music-u05-l08,ma-g4-arts-music,c205aaaeb36e2b505789b3a87529833ddfa22adec1e81b561586c0350d18e4b4,c205aaaeb36e2b505789b3a87529833ddfa22adec1e81b561586c0350d18e4b4,true,c5f96b8c5a5d92269413d62a9699af16d4e4ff6cd8fbc3f62047173acca363b3,c5f96b8c5a5d92269413d62a9699af16d4e4ff6cd8fbc3f62047173acca363b3,true,true
ma-g4-arts-music-u05-l09,ma-g4-arts-music,975b26ff37296158a8d8a1555f4e873cb3927065da528c46f8b7d7276e8801ce,975b26ff37296158a8d8a1555f4e873cb3927065da528c46f8b7d7276e8801ce,true,c5f96b8c5a5d92269413d62a9699af16d4e4ff6cd8fbc3f62047173acca363b3,c5f96b8c5a5d92269413d62a9699af16d4e4ff6cd8fbc3f62047173acca363b3,true,true
ma-g4-arts-music-u05-l10,ma-g4-arts-music,540fcdc9f5d8f53bb176ecc26da7e5a1b4f7c4fda0de811d7fbf3e66eaf16f4d,540fcdc9f5d8f53bb176ecc26da7e5a1b4f7c4fda0de811d7fbf3e66eaf16f4d,true,c5f96b8c5a5d92269413d62a9699af16d4e4ff6cd8fbc3f62047173acca363b3,c5f96b8c5a5d92269413d62a9699af16d4e4ff6cd8fbc3f62047173acca363b3,true,true
ma-g4-arts-music-u05-l11,ma-g4-arts-music,5ea0c46c23138a07a9baf3419b6d6042c7fc981945063bf3f86c4ca79b1fbfaa,5ea0c46c23138a07a9baf3419b6d6042c7fc981945063bf3f86c4ca79b1fbfaa,true,c5f96b8c5a5d92269413d62a9699af16d4e4ff6cd8fbc3f62047173acca363b3,c5f96b8c5a5d92269413d62a9699af16d4e4ff6cd8fbc3f62047173acca363b3,true,true
ma-g4-arts-music-u05-l12,ma-g4-arts-music,aaa7888747351b4cec969ba3bd4ccea5702d5aa2728114f0570db931ea823251,aaa7888747351b4cec969ba3bd4ccea5702d5aa2728114f0570db931ea823251,true,c5f96b8c5a5d92269413d62a9699af16d4e4ff6cd8fbc3f62047173acca363b3,c5f96b8c5a5d92269413d62a9699af16d4e4ff6cd8fbc3f62047173acca363b3,true,true
ma-g4-arts-music-u06-l01,ma-g4-arts-music,60e9543214aac1d4060e57138313975a492bfc8401f69513c995c0b67c448aec,60e9543214aac1d4060e57138313975a492bfc8401f69513c995c0b67c448aec,true,083faf759b610b5de9c0036185c57d3352327edb785a3a4a67a7012b9fc41689,083faf759b610b5de9c0036185c57d3352327edb785a3a4a67a7012b9fc41689,true,true
ma-g4-arts-music-u06-l02,ma-g4-arts-music,bb30787dc615aa12e6e9be88b6d2f86a30cdbb787cd65f980f42cde06846e677,bb30787dc615aa12e6e9be88b6d2f86a30cdbb787cd65f980f42cde06846e677,true,083faf759b610b5de9c0036185c57d3352327edb785a3a4a67a7012b9fc41689,083faf759b610b5de9c0036185c57d3352327edb785a3a4a67a7012b9fc41689,true,true
ma-g4-arts-music-u06-l03,ma-g4-arts-music,0f4681282b4d2cc5edddeb2c9dd9a09828c641a929cacafc69d57c80a00d93ba,0f4681282b4d2cc5edddeb2c9dd9a09828c641a929cacafc69d57c80a00d93ba,true,083faf759b610b5de9c0036185c57d3352327edb785a3a4a67a7012b9fc41689,083faf759b610b5de9c0036185c57d3352327edb785a3a4a67a7012b9fc41689,true,true
ma-g4-arts-music-u06-l04,ma-g4-arts-music,8b585736e4dddfdaa93155bf617b208146a0e4e315d8e78cdad59e6f8ae1dc02,8b585736e4dddfdaa93155bf617b208146a0e4e315d8e78cdad59e6f8ae1dc02,true,083faf759b610b5de9c0036185c57d3352327edb785a3a4a67a7012b9fc41689,083faf759b610b5de9c0036185c57d3352327edb785a3a4a67a7012b9fc41689,true,true
ma-g4-arts-music-u06-l05,ma-g4-arts-music,1e9957288cfaee1a7ef14d74ba7260549021580df07a8ddaa6745c6e14e40142,1e9957288cfaee1a7ef14d74ba7260549021580df07a8ddaa6745c6e14e40142,true,083faf759b610b5de9c0036185c57d3352327edb785a3a4a67a7012b9fc41689,083faf759b610b5de9c0036185c57d3352327edb785a3a4a67a7012b9fc41689,true,true
ma-g4-arts-music-u06-l06,ma-g4-arts-music,8cb456c2a71f60a0c4cc8e405009597cea240a4491eb1ce8ed810c76797e2e91,8cb456c2a71f60a0c4cc8e405009597cea240a4491eb1ce8ed810c76797e2e91,true,083faf759b610b5de9c0036185c57d3352327edb785a3a4a67a7012b9fc41689,083faf759b610b5de9c0036185c57d3352327edb785a3a4a67a7012b9fc41689,true,true
ma-g4-arts-music-u06-l07,ma-g4-arts-music,e215918d98ff050bdec6d5f15667e2cd5647619a60135d50de16b9367ca0e14a,e215918d98ff050bdec6d5f15667e2cd5647619a60135d50de16b9367ca0e14a,true,083faf759b610b5de9c0036185c57d3352327edb785a3a4a67a7012b9fc41689,083faf759b610b5de9c0036185c57d3352327edb785a3a4a67a7012b9fc41689,true,true
ma-g4-arts-music-u06-l08,ma-g4-arts-music,e88aaa99b5d412767fc7c561c197dd1a5224ae824e459710369090e5366a35cf,e88aaa99b5d412767fc7c561c197dd1a5224ae824e459710369090e5366a35cf,true,083faf759b610b5de9c0036185c57d3352327edb785a3a4a67a7012b9fc41689,083faf759b610b5de9c0036185c57d3352327edb785a3a4a67a7012b9fc41689,true,true
ma-g4-arts-music-u06-l09,ma-g4-arts-music,771658ebd671356edb9df405ac0e778a126fd23890ee6ad0a45ef981684e325e,771658ebd671356edb9df405ac0e778a126fd23890ee6ad0a45ef981684e325e,true,083faf759b610b5de9c0036185c57d3352327edb785a3a4a67a7012b9fc41689,083faf759b610b5de9c0036185c57d3352327edb785a3a4a67a7012b9fc41689,true,true
ma-g4-arts-music-u06-l10,ma-g4-arts-music,39d7a380e736409a0660427b9174f3660f312a2cff1729bee3c7b4b6757a0e59,39d7a380e736409a0660427b9174f3660f312a2cff1729bee3c7b4b6757a0e59,true,083faf759b610b5de9c0036185c57d3352327edb785a3a4a67a7012b9fc41689,083faf759b610b5de9c0036185c57d3352327edb785a3a4a67a7012b9fc41689,true,true
ma-g4-arts-music-u06-l11,ma-g4-arts-music,db1d53f10bbc80b8145a3e860be4d93b231fac598c46dabc408351b6fc8349c7,db1d53f10bbc80b8145a3e860be4d93b231fac598c46dabc408351b6fc8349c7,true,083faf759b610b5de9c0036185c57d3352327edb785a3a4a67a7012b9fc41689,083faf759b610b5de9c0036185c57d3352327edb785a3a4a67a7012b9fc41689,true,true
ma-g4-arts-music-u06-l12,ma-g4-arts-music,406d897516c0909dfa984ec1583ce7b098c86538b5f23dce56f693dd8a40fee6,406d897516c0909dfa984ec1583ce7b098c86538b5f23dce56f693dd8a40fee6,true,083faf759b610b5de9c0036185c57d3352327edb785a3a4a67a7012b9fc41689,083faf759b610b5de9c0036185c57d3352327edb785a3a4a67a7012b9fc41689,true,true
ma-g4-financial-literacy-u01-l01,ma-g4-financial-literacy,db0da5f9899a7ddf949e4813c0603451c8eb3af55950ed4a5b5ddfdb80dbb9aa,db0da5f9899a7ddf949e4813c0603451c8eb3af55950ed4a5b5ddfdb80dbb9aa,true,28c578103a7f6cb789792af593a2e9647df89771f796e64e97c707d028a3d386,28c578103a7f6cb789792af593a2e9647df89771f796e64e97c707d028a3d386,true,true
ma-g4-financial-literacy-u01-l02,ma-g4-financial-literacy,f73c2f98b625e94271a0aad27ad89ce7c31ac452d83799ae385045432d2b677f,f73c2f98b625e94271a0aad27ad89ce7c31ac452d83799ae385045432d2b677f,true,28c578103a7f6cb789792af593a2e9647df89771f796e64e97c707d028a3d386,28c578103a7f6cb789792af593a2e9647df89771f796e64e97c707d028a3d386,true,true
ma-g4-financial-literacy-u01-l03,ma-g4-financial-literacy,75e572e73034cdfcffac8f55017b8e53ec0779a3ef82204a02e087778d0c0c88,75e572e73034cdfcffac8f55017b8e53ec0779a3ef82204a02e087778d0c0c88,true,28c578103a7f6cb789792af593a2e9647df89771f796e64e97c707d028a3d386,28c578103a7f6cb789792af593a2e9647df89771f796e64e97c707d028a3d386,true,true
ma-g4-financial-literacy-u01-l04,ma-g4-financial-literacy,e8d7974e107f2f2be02f25057e3d4a9ee36588f2c4ad76547058394a596cf776,e8d7974e107f2f2be02f25057e3d4a9ee36588f2c4ad76547058394a596cf776,true,28c578103a7f6cb789792af593a2e9647df89771f796e64e97c707d028a3d386,28c578103a7f6cb789792af593a2e9647df89771f796e64e97c707d028a3d386,true,true
ma-g4-financial-literacy-u01-l05,ma-g4-financial-literacy,5a3931646d18763cf77804d828bb43fb6f86671b60939bd29277dc60652078f3,5a3931646d18763cf77804d828bb43fb6f86671b60939bd29277dc60652078f3,true,28c578103a7f6cb789792af593a2e9647df89771f796e64e97c707d028a3d386,28c578103a7f6cb789792af593a2e9647df89771f796e64e97c707d028a3d386,true,true
ma-g4-financial-literacy-u01-l06,ma-g4-financial-literacy,d2ef7b20f17262108b273485c3a0de27de1232413c9f10ae878a09db5997f76d,d2ef7b20f17262108b273485c3a0de27de1232413c9f10ae878a09db5997f76d,true,28c578103a7f6cb789792af593a2e9647df89771f796e64e97c707d028a3d386,28c578103a7f6cb789792af593a2e9647df89771f796e64e97c707d028a3d386,true,true
ma-g4-financial-literacy-u02-l01,ma-g4-financial-literacy,7c0216d73c42e6cea2a5c06e2df939184932a8c6a2fa3005d66afaa06e5d903f,7c0216d73c42e6cea2a5c06e2df939184932a8c6a2fa3005d66afaa06e5d903f,true,fa47e5aa238ec99b41b1a3a4bd1ecfb1757d97d3240455d0e0fc272405868072,fa47e5aa238ec99b41b1a3a4bd1ecfb1757d97d3240455d0e0fc272405868072,true,true
ma-g4-financial-literacy-u02-l02,ma-g4-financial-literacy,27979ba8ff178a4427ba02b328852dc99c48862207e19c3e3afb955fd7b060ef,27979ba8ff178a4427ba02b328852dc99c48862207e19c3e3afb955fd7b060ef,true,fa47e5aa238ec99b41b1a3a4bd1ecfb1757d97d3240455d0e0fc272405868072,fa47e5aa238ec99b41b1a3a4bd1ecfb1757d97d3240455d0e0fc272405868072,true,true
ma-g4-financial-literacy-u02-l03,ma-g4-financial-literacy,d87cdf8ff5990fb6a02f7960df972d568271299ff441c4f85003801b0157bbc7,d87cdf8ff5990fb6a02f7960df972d568271299ff441c4f85003801b0157bbc7,true,fa47e5aa238ec99b41b1a3a4bd1ecfb1757d97d3240455d0e0fc272405868072,fa47e5aa238ec99b41b1a3a4bd1ecfb1757d97d3240455d0e0fc272405868072,true,true
ma-g4-financial-literacy-u02-l04,ma-g4-financial-literacy,df601df65037f71b5255339a98cdbe9cfc846359739d990ce16a9228ef66f9b6,df601df65037f71b5255339a98cdbe9cfc846359739d990ce16a9228ef66f9b6,true,fa47e5aa238ec99b41b1a3a4bd1ecfb1757d97d3240455d0e0fc272405868072,fa47e5aa238ec99b41b1a3a4bd1ecfb1757d97d3240455d0e0fc272405868072,true,true
ma-g4-financial-literacy-u02-l05,ma-g4-financial-literacy,04d0cc319fd6c6fff158170f562fdab2c8c2a39cb17f0920a2508b64ac95271e,04d0cc319fd6c6fff158170f562fdab2c8c2a39cb17f0920a2508b64ac95271e,true,fa47e5aa238ec99b41b1a3a4bd1ecfb1757d97d3240455d0e0fc272405868072,fa47e5aa238ec99b41b1a3a4bd1ecfb1757d97d3240455d0e0fc272405868072,true,true
ma-g4-financial-literacy-u02-l06,ma-g4-financial-literacy,618a609eafebdd0ca1428a2f3799a38db882d245e99d948c596b77dc59c54caa,618a609eafebdd0ca1428a2f3799a38db882d245e99d948c596b77dc59c54caa,true,fa47e5aa238ec99b41b1a3a4bd1ecfb1757d97d3240455d0e0fc272405868072,fa47e5aa238ec99b41b1a3a4bd1ecfb1757d97d3240455d0e0fc272405868072,true,true
ma-g4-financial-literacy-u03-l01,ma-g4-financial-literacy,e2f0ea03c37a018e3d60b7402957cf024a594bda0751098c640bc6d159d0177a,e2f0ea03c37a018e3d60b7402957cf024a594bda0751098c640bc6d159d0177a,true,70fd46d1355ab7da5a57137916b5c6484b797500789d9dad6cd6274a57d9693a,70fd46d1355ab7da5a57137916b5c6484b797500789d9dad6cd6274a57d9693a,true,true
ma-g4-financial-literacy-u03-l02,ma-g4-financial-literacy,b055e5942e28f6ac83a161ab2b6d401d64219eb19fd8cd477833ca96dc847152,b055e5942e28f6ac83a161ab2b6d401d64219eb19fd8cd477833ca96dc847152,true,70fd46d1355ab7da5a57137916b5c6484b797500789d9dad6cd6274a57d9693a,70fd46d1355ab7da5a57137916b5c6484b797500789d9dad6cd6274a57d9693a,true,true
ma-g4-financial-literacy-u03-l03,ma-g4-financial-literacy,ea5e0decbb7c121bf559254cf2f0101a7420a174585a30db96f2894c852b6591,ea5e0decbb7c121bf559254cf2f0101a7420a174585a30db96f2894c852b6591,true,70fd46d1355ab7da5a57137916b5c6484b797500789d9dad6cd6274a57d9693a,70fd46d1355ab7da5a57137916b5c6484b797500789d9dad6cd6274a57d9693a,true,true
ma-g4-financial-literacy-u03-l04,ma-g4-financial-literacy,e02b81eda00e6925a710ef493581559abb57387c5ead2bdde98802c6d4804f37,e02b81eda00e6925a710ef493581559abb57387c5ead2bdde98802c6d4804f37,true,70fd46d1355ab7da5a57137916b5c6484b797500789d9dad6cd6274a57d9693a,70fd46d1355ab7da5a57137916b5c6484b797500789d9dad6cd6274a57d9693a,true,true
ma-g4-financial-literacy-u03-l05,ma-g4-financial-literacy,a99ef0fac570efccb236cdbdfe027afcb0d79112c71c0b8f81c1d8e5639c12fa,a99ef0fac570efccb236cdbdfe027afcb0d79112c71c0b8f81c1d8e5639c12fa,true,70fd46d1355ab7da5a57137916b5c6484b797500789d9dad6cd6274a57d9693a,70fd46d1355ab7da5a57137916b5c6484b797500789d9dad6cd6274a57d9693a,true,true
ma-g4-financial-literacy-u03-l06,ma-g4-financial-literacy,245857a5c37e41331975328d3540681cf6a09ca4b2d653bc1b752f268540444d,245857a5c37e41331975328d3540681cf6a09ca4b2d653bc1b752f268540444d,true,70fd46d1355ab7da5a57137916b5c6484b797500789d9dad6cd6274a57d9693a,70fd46d1355ab7da5a57137916b5c6484b797500789d9dad6cd6274a57d9693a,true,true
ma-g4-financial-literacy-u04-l01,ma-g4-financial-literacy,69bcf3a2eff5095601e5ffe983778a1c61b5d452b234d13721317b7a0f7bdc16,69bcf3a2eff5095601e5ffe983778a1c61b5d452b234d13721317b7a0f7bdc16,true,2e98fa6cc6f7a4f197878a6fa7534286c8177d3648f73cce5dc408278af027e3,2e98fa6cc6f7a4f197878a6fa7534286c8177d3648f73cce5dc408278af027e3,true,true
ma-g4-financial-literacy-u04-l02,ma-g4-financial-literacy,bb39cc5399184941c7c1c4d48122af8f771226cb241e29498cb1821978c29b0d,bb39cc5399184941c7c1c4d48122af8f771226cb241e29498cb1821978c29b0d,true,2e98fa6cc6f7a4f197878a6fa7534286c8177d3648f73cce5dc408278af027e3,2e98fa6cc6f7a4f197878a6fa7534286c8177d3648f73cce5dc408278af027e3,true,true
ma-g4-financial-literacy-u04-l03,ma-g4-financial-literacy,9735b6231f9f1a9b6374e2b41da80e6321bbcaa4ac387ef30a272bdd1d554973,9735b6231f9f1a9b6374e2b41da80e6321bbcaa4ac387ef30a272bdd1d554973,true,2e98fa6cc6f7a4f197878a6fa7534286c8177d3648f73cce5dc408278af027e3,2e98fa6cc6f7a4f197878a6fa7534286c8177d3648f73cce5dc408278af027e3,true,true
ma-g4-financial-literacy-u04-l04,ma-g4-financial-literacy,022b9c84bd25378f7fe6060ed9fe7668d1db226b47ce837a5aae58cf823953a3,022b9c84bd25378f7fe6060ed9fe7668d1db226b47ce837a5aae58cf823953a3,true,2e98fa6cc6f7a4f197878a6fa7534286c8177d3648f73cce5dc408278af027e3,2e98fa6cc6f7a4f197878a6fa7534286c8177d3648f73cce5dc408278af027e3,true,true
ma-g4-financial-literacy-u04-l05,ma-g4-financial-literacy,998c9b55474d6509afe4940ec97ac4735d07c81a2f1b81c9c82111206a45f64f,998c9b55474d6509afe4940ec97ac4735d07c81a2f1b81c9c82111206a45f64f,true,2e98fa6cc6f7a4f197878a6fa7534286c8177d3648f73cce5dc408278af027e3,2e98fa6cc6f7a4f197878a6fa7534286c8177d3648f73cce5dc408278af027e3,true,true
ma-g4-financial-literacy-u04-l06,ma-g4-financial-literacy,0d26cb22c7d6276eab7ba5591cbb8126f7d8fedee2a11ad7534befcdbf777455,0d26cb22c7d6276eab7ba5591cbb8126f7d8fedee2a11ad7534befcdbf777455,true,2e98fa6cc6f7a4f197878a6fa7534286c8177d3648f73cce5dc408278af027e3,2e98fa6cc6f7a4f197878a6fa7534286c8177d3648f73cce5dc408278af027e3,true,true
ma-g4-financial-literacy-u05-l01,ma-g4-financial-literacy,f9d954e6523951ab32e84c730eed374141fcb77c20d7f015ab289ddde0ab174e,f9d954e6523951ab32e84c730eed374141fcb77c20d7f015ab289ddde0ab174e,true,17636956c7241a99b8df1c40190a948ae4df513fd300cfbe1295b57275307e41,17636956c7241a99b8df1c40190a948ae4df513fd300cfbe1295b57275307e41,true,true
ma-g4-financial-literacy-u05-l02,ma-g4-financial-literacy,8a1f788c56cce29c557cf1a9f3ba901b95f266e755ed76b0dfc791e21454043e,8a1f788c56cce29c557cf1a9f3ba901b95f266e755ed76b0dfc791e21454043e,true,17636956c7241a99b8df1c40190a948ae4df513fd300cfbe1295b57275307e41,17636956c7241a99b8df1c40190a948ae4df513fd300cfbe1295b57275307e41,true,true
ma-g4-financial-literacy-u05-l03,ma-g4-financial-literacy,58cd939158019307a430bf964487d2d4f3a7e5eb1635bdeed8f6fe17535d7378,58cd939158019307a430bf964487d2d4f3a7e5eb1635bdeed8f6fe17535d7378,true,17636956c7241a99b8df1c40190a948ae4df513fd300cfbe1295b57275307e41,17636956c7241a99b8df1c40190a948ae4df513fd300cfbe1295b57275307e41,true,true
ma-g4-financial-literacy-u05-l04,ma-g4-financial-literacy,01d2ebc3f49b65e7dccf387cf007ced17c07ca940097fc64d107ac365458efac,01d2ebc3f49b65e7dccf387cf007ced17c07ca940097fc64d107ac365458efac,true,17636956c7241a99b8df1c40190a948ae4df513fd300cfbe1295b57275307e41,17636956c7241a99b8df1c40190a948ae4df513fd300cfbe1295b57275307e41,true,true
ma-g4-financial-literacy-u05-l05,ma-g4-financial-literacy,d602576119fc049fd5a9bd343154227ee85ed3b3b2c4851a865326fbc9e560d5,d602576119fc049fd5a9bd343154227ee85ed3b3b2c4851a865326fbc9e560d5,true,17636956c7241a99b8df1c40190a948ae4df513fd300cfbe1295b57275307e41,17636956c7241a99b8df1c40190a948ae4df513fd300cfbe1295b57275307e41,true,true
ma-g4-financial-literacy-u05-l06,ma-g4-financial-literacy,e64d11cc9e9f55c78a220216004326047e4f1aeec0c4fa4efdf7d125849aadb6,e64d11cc9e9f55c78a220216004326047e4f1aeec0c4fa4efdf7d125849aadb6,true,17636956c7241a99b8df1c40190a948ae4df513fd300cfbe1295b57275307e41,17636956c7241a99b8df1c40190a948ae4df513fd300cfbe1295b57275307e41,true,true
ma-g4-financial-literacy-u06-l01,ma-g4-financial-literacy,a6d1302818059c22a38072302084a390eab24a307a5b45cf5f3dbc2c070b9a6c,a6d1302818059c22a38072302084a390eab24a307a5b45cf5f3dbc2c070b9a6c,true,0ca1e04a577fca315856750e2bb62bb44065b33506d9fcd5216ccb3a6bc0eff7,0ca1e04a577fca315856750e2bb62bb44065b33506d9fcd5216ccb3a6bc0eff7,true,true
ma-g4-financial-literacy-u06-l02,ma-g4-financial-literacy,48bcfc8ebf0ed4f262095bccc6b17663172fe5f00ea933194073c40d09ace38f,48bcfc8ebf0ed4f262095bccc6b17663172fe5f00ea933194073c40d09ace38f,true,0ca1e04a577fca315856750e2bb62bb44065b33506d9fcd5216ccb3a6bc0eff7,0ca1e04a577fca315856750e2bb62bb44065b33506d9fcd5216ccb3a6bc0eff7,true,true
ma-g4-financial-literacy-u06-l03,ma-g4-financial-literacy,3af772e298afbc739359ba469fd8bc4c17e8700d4c43a42aabc40d1f53c2c673,3af772e298afbc739359ba469fd8bc4c17e8700d4c43a42aabc40d1f53c2c673,true,0ca1e04a577fca315856750e2bb62bb44065b33506d9fcd5216ccb3a6bc0eff7,0ca1e04a577fca315856750e2bb62bb44065b33506d9fcd5216ccb3a6bc0eff7,true,true
ma-g4-financial-literacy-u06-l04,ma-g4-financial-literacy,637f4dc85b284ab1543308266692054019a5f79f961fb05300f3821e96e89ab9,637f4dc85b284ab1543308266692054019a5f79f961fb05300f3821e96e89ab9,true,0ca1e04a577fca315856750e2bb62bb44065b33506d9fcd5216ccb3a6bc0eff7,0ca1e04a577fca315856750e2bb62bb44065b33506d9fcd5216ccb3a6bc0eff7,true,true
ma-g4-financial-literacy-u06-l05,ma-g4-financial-literacy,05b370bd19298ed2783e01fceab2e66e32a2ec1745d12975191b2771916a9fb5,05b370bd19298ed2783e01fceab2e66e32a2ec1745d12975191b2771916a9fb5,true,0ca1e04a577fca315856750e2bb62bb44065b33506d9fcd5216ccb3a6bc0eff7,0ca1e04a577fca315856750e2bb62bb44065b33506d9fcd5216ccb3a6bc0eff7,true,true
ma-g4-financial-literacy-u06-l06,ma-g4-financial-literacy,859689c7806a65cd2921656ba5ab5478002315a6396254a8a3459dd5ec955e42,859689c7806a65cd2921656ba5ab5478002315a6396254a8a3459dd5ec955e42,true,0ca1e04a577fca315856750e2bb62bb44065b33506d9fcd5216ccb3a6bc0eff7,0ca1e04a577fca315856750e2bb62bb44065b33506d9fcd5216ccb3a6bc0eff7,true,true
