lesson_id,course_id,grade,subject,unit_number,course_day,day_in_unit,phase,title
ma-g3-mathematics-u01-l01,ma-g3-mathematics,3,mathematics,1,1,1,Launch and diagnostic,Launch and diagnostic: making sense of unfamiliar problems
ma-g3-mathematics-u01-l02,ma-g3-mathematics,3,mathematics,1,2,2,Concept build A,Concept build A: the place-value structure of three-digit numbers
ma-g3-mathematics-u01-l03,ma-g3-mathematics,3,mathematics,1,3,3,Concept build B,Concept build B: locating three-digit numbers on an open number line
ma-g3-mathematics-u01-l04,ma-g3-mathematics,3,mathematics,1,4,4,Guided practice A,Guided practice A: rounding to the nearest ten
ma-g3-mathematics-u01-l05,ma-g3-mathematics,3,mathematics,1,5,5,Independent evidence A,Independent evidence A: rounding to the nearest hundred
ma-g3-mathematics-u01-l06,ma-g3-mathematics,3,mathematics,1,6,6,Concept build C,"Concept build C: addition within 1,000 by decomposing place values"
ma-g3-mathematics-u01-l07,ma-g3-mathematics,3,mathematics,1,7,7,Guided practice B,Guided practice B: addition with regrouping across place values
ma-g3-mathematics-u01-l08,ma-g3-mathematics,3,mathematics,1,8,8,Error analysis and repair,Error analysis and repair: regrouping errors in written addition
ma-g3-mathematics-u01-l09,ma-g3-mathematics,3,mathematics,1,9,9,Retrieval and fluency,"Retrieval and fluency: addition within 1,000"
ma-g3-mathematics-u01-l10,ma-g3-mathematics,3,mathematics,1,10,10,Independent evidence B,"Independent evidence B: subtraction within 1,000 by decomposing place values"
ma-g3-mathematics-u01-l11,ma-g3-mathematics,3,mathematics,1,11,11,Concept extension,Concept extension: subtraction with regrouping across zeros
ma-g3-mathematics-u01-l12,ma-g3-mathematics,3,mathematics,1,12,12,Applied problem solving,Applied problem solving: choosing between an exact answer and an estimate
ma-g3-mathematics-u01-l13,ma-g3-mathematics,3,mathematics,1,13,13,Performance task: plan,Performance task: plan: the Number Sense Toolkit
ma-g3-mathematics-u01-l14,ma-g3-mathematics,3,mathematics,1,14,14,Performance task: build,Performance task: build: worked examples with reasonableness checks
ma-g3-mathematics-u01-l15,ma-g3-mathematics,3,mathematics,1,15,15,Synthesis and review,"Synthesis and review: place value, rounding, addition, and subtraction"
ma-g3-mathematics-u01-l16,ma-g3-mathematics,3,mathematics,1,16,16,Unit assessment,"Unit assessment: rounding and computation within 1,000"
ma-g3-mathematics-u01-l17,ma-g3-mathematics,3,mathematics,1,17,17,Targeted correction and reassessment,Targeted correction and reassessment: rounding and regrouping
ma-g3-mathematics-u01-l18,ma-g3-mathematics,3,mathematics,1,18,18,"Transfer, reflection, and publication","Transfer, reflection, and publication: estimating and checking in everyday situations"
ma-g3-mathematics-u02-l01,ma-g3-mathematics,3,mathematics,2,19,1,Launch and diagnostic,Launch and diagnostic: noticing equal groups in everyday situations
ma-g3-mathematics-u02-l02,ma-g3-mathematics,3,mathematics,2,20,2,Concept build A,Concept build A: multiplication as a count of equal groups
ma-g3-mathematics-u02-l03,ma-g3-mathematics,3,mathematics,2,21,3,Concept build B,"Concept build B: arrays, rows, and columns as multiplication models"
ma-g3-mathematics-u02-l04,ma-g3-mathematics,3,mathematics,2,22,4,Guided practice A,Guided practice A: writing multiplication equations from models
ma-g3-mathematics-u02-l05,ma-g3-mathematics,3,mathematics,2,23,5,Independent evidence A,Independent evidence A: interpreting products in context
ma-g3-mathematics-u02-l06,ma-g3-mathematics,3,mathematics,2,24,6,Concept build C,Concept build C: division as sharing a total into equal groups
ma-g3-mathematics-u02-l07,ma-g3-mathematics,3,mathematics,2,25,7,Guided practice B,Guided practice B: division as measuring out groups of a known size
ma-g3-mathematics-u02-l08,ma-g3-mathematics,3,mathematics,2,26,8,Error analysis and repair,Error analysis and repair: group-size versus group-count errors
ma-g3-mathematics-u02-l09,ma-g3-mathematics,3,mathematics,2,27,9,Retrieval and fluency,Retrieval and fluency: equal-group models
ma-g3-mathematics-u02-l10,ma-g3-mathematics,3,mathematics,2,28,10,Independent evidence B,Independent evidence B: solving multiplication and division word problems within 100
ma-g3-mathematics-u02-l11,ma-g3-mathematics,3,mathematics,2,29,11,Concept extension,Concept extension: unknown-factor problems and fact families
ma-g3-mathematics-u02-l12,ma-g3-mathematics,3,mathematics,2,30,12,Applied problem solving,Applied problem solving: multiplication and division as inverse operations
ma-g3-mathematics-u02-l13,ma-g3-mathematics,3,mathematics,2,31,13,Performance task: plan,Performance task: plan: the Equal Groups Museum
ma-g3-mathematics-u02-l14,ma-g3-mathematics,3,mathematics,2,32,14,Performance task: build,Performance task: build: exhibits with matched models and equations
ma-g3-mathematics-u02-l15,ma-g3-mathematics,3,mathematics,2,33,15,Synthesis and review,Synthesis and review: operation meanings and relationships
ma-g3-mathematics-u02-l16,ma-g3-mathematics,3,mathematics,2,34,16,Unit assessment,Unit assessment: meanings of multiplication and division
ma-g3-mathematics-u02-l17,ma-g3-mathematics,3,mathematics,2,35,17,Targeted correction and reassessment,Targeted correction and reassessment: operation meaning
ma-g3-mathematics-u02-l18,ma-g3-mathematics,3,mathematics,2,36,18,"Transfer, reflection, and publication","Transfer, reflection, and publication: choosing an operation for a new situation"
ma-g3-mathematics-u03-l01,ma-g3-mathematics,3,mathematics,3,37,1,Launch and diagnostic,Launch and diagnostic: what it means for a fact to be known rather than counted
ma-g3-mathematics-u03-l02,ma-g3-mathematics,3,mathematics,3,38,2,Concept build A,"Concept build A: doubling and the twos, fours, and eights chain"
ma-g3-mathematics-u03-l03,ma-g3-mathematics,3,mathematics,3,39,3,Concept build B,Concept build B: fives and tens from place-value patterns
ma-g3-mathematics-u03-l04,ma-g3-mathematics,3,mathematics,3,40,4,Guided practice A,Guided practice A: using the commutative property to halve the fact load
ma-g3-mathematics-u03-l05,ma-g3-mathematics,3,mathematics,3,41,5,Independent evidence A,Independent evidence A: deriving threes and sixes from known facts
ma-g3-mathematics-u03-l06,ma-g3-mathematics,3,mathematics,3,42,6,Concept build C,Concept build C: the distributive property: breaking a factor apart
ma-g3-mathematics-u03-l07,ma-g3-mathematics,3,mathematics,3,43,7,Guided practice B,Guided practice B: sevens and nines using break-apart strategies
ma-g3-mathematics-u03-l08,ma-g3-mathematics,3,mathematics,3,44,8,Error analysis and repair,Error analysis and repair: near-miss and skip-counting errors
ma-g3-mathematics-u03-l09,ma-g3-mathematics,3,mathematics,3,45,9,Retrieval and fluency,Retrieval and fluency: mixed products within 100
ma-g3-mathematics-u03-l10,ma-g3-mathematics,3,mathematics,3,46,10,Independent evidence B,Independent evidence B: solving unknown-factor equations
ma-g3-mathematics-u03-l11,ma-g3-mathematics,3,mathematics,3,47,11,Concept extension,Concept extension: multiplying one-digit numbers by multiples of ten
ma-g3-mathematics-u03-l12,ma-g3-mathematics,3,mathematics,3,48,12,Applied problem solving,Applied problem solving: division facts derived from related multiplication
ma-g3-mathematics-u03-l13,ma-g3-mathematics,3,mathematics,3,49,13,Performance task: plan,Performance task: plan: the fact-strategy deck
ma-g3-mathematics-u03-l14,ma-g3-mathematics,3,mathematics,3,50,14,Performance task: build,Performance task: build: strategy cards with models and checks
ma-g3-mathematics-u03-l15,ma-g3-mathematics,3,mathematics,3,51,15,Synthesis and review,Synthesis and review: choosing an efficient strategy
ma-g3-mathematics-u03-l16,ma-g3-mathematics,3,mathematics,3,52,16,Unit assessment,"Unit assessment: fluency, strategy, and explanation"
ma-g3-mathematics-u03-l17,ma-g3-mathematics,3,mathematics,3,53,17,Targeted correction and reassessment,Targeted correction and reassessment: unsecured facts
ma-g3-mathematics-u03-l18,ma-g3-mathematics,3,mathematics,3,54,18,"Transfer, reflection, and publication","Transfer, reflection, and publication: accuracy and flexibility without speed pressure"
ma-g3-mathematics-u04-l01,ma-g3-mathematics,3,mathematics,4,55,1,Launch and diagnostic,Launch and diagnostic: recognizing problems that hide a second step
ma-g3-mathematics-u04-l02,ma-g3-mathematics,3,mathematics,4,56,2,Concept build A,Concept build A: representing two-step problems with bar models
ma-g3-mathematics-u04-l03,ma-g3-mathematics,3,mathematics,4,57,3,Concept build B,Concept build B: writing equations with a letter for the unknown quantity
ma-g3-mathematics-u04-l04,ma-g3-mathematics,3,mathematics,4,58,4,Guided practice A,Guided practice A: order of operations inside two-step situations
ma-g3-mathematics-u04-l05,ma-g3-mathematics,3,mathematics,4,59,5,Independent evidence A,Independent evidence A: two-step problems combining addition and multiplication
ma-g3-mathematics-u04-l06,ma-g3-mathematics,3,mathematics,4,60,6,Concept build C,Concept build C: estimation and mental strategies to test reasonableness
ma-g3-mathematics-u04-l07,ma-g3-mathematics,3,mathematics,4,61,7,Guided practice B,Guided practice B: two-step problems combining subtraction and division
ma-g3-mathematics-u04-l08,ma-g3-mathematics,3,mathematics,4,62,8,Error analysis and repair,Error analysis and repair: stopped-at-step-one errors
ma-g3-mathematics-u04-l09,ma-g3-mathematics,3,mathematics,4,63,9,Retrieval and fluency,Retrieval and fluency: facts embedded in multi-step work
ma-g3-mathematics-u04-l10,ma-g3-mathematics,3,mathematics,4,64,10,Independent evidence B,Independent evidence B: two-step problems across all four operations
ma-g3-mathematics-u04-l11,ma-g3-mathematics,3,mathematics,4,65,11,Concept extension,Concept extension: patterns in the addition and multiplication tables
ma-g3-mathematics-u04-l12,ma-g3-mathematics,3,mathematics,4,66,12,Applied problem solving,Applied problem solving: explaining patterns using properties and multiples of ten
ma-g3-mathematics-u04-l13,ma-g3-mathematics,3,mathematics,4,67,13,Performance task: plan,Performance task: plan: the two-step event problem set
ma-g3-mathematics-u04-l14,ma-g3-mathematics,3,mathematics,4,68,14,Performance task: build,"Performance task: build: problems with models, equations, and checks"
ma-g3-mathematics-u04-l15,ma-g3-mathematics,3,mathematics,4,69,15,Synthesis and review,Synthesis and review: multi-step reasoning and pattern explanation
ma-g3-mathematics-u04-l16,ma-g3-mathematics,3,mathematics,4,70,16,Unit assessment,Unit assessment: two-step problems and pattern reasoning
ma-g3-mathematics-u04-l17,ma-g3-mathematics,3,mathematics,4,71,17,Targeted correction and reassessment,Targeted correction and reassessment: multi-step reasoning
ma-g3-mathematics-u04-l18,ma-g3-mathematics,3,mathematics,4,72,18,"Transfer, reflection, and publication","Transfer, reflection, and publication: two-step reasoning in daily planning"
ma-g3-mathematics-u05-l01,ma-g3-mathematics,3,mathematics,5,73,1,Launch and diagnostic,Launch and diagnostic: fair shares and what makes parts equal
ma-g3-mathematics-u05-l02,ma-g3-mathematics,3,mathematics,5,74,2,Concept build A,Concept build A: partitioning shapes into equal parts
ma-g3-mathematics-u05-l03,ma-g3-mathematics,3,mathematics,5,75,3,Concept build B,Concept build B: unit fractions as one part of an equally partitioned whole
ma-g3-mathematics-u05-l04,ma-g3-mathematics,3,mathematics,5,76,4,Guided practice A,Guided practice A: non-unit fractions from unit fractions
ma-g3-mathematics-u05-l05,ma-g3-mathematics,3,mathematics,5,77,5,Independent evidence A,Independent evidence A: naming fractions from area models
ma-g3-mathematics-u05-l06,ma-g3-mathematics,3,mathematics,5,78,6,Concept build C,Concept build C: the number line as a length model for fractions
ma-g3-mathematics-u05-l07,ma-g3-mathematics,3,mathematics,5,79,7,Guided practice B,Guided practice B: locating unit fractions on the number line
ma-g3-mathematics-u05-l08,ma-g3-mathematics,3,mathematics,5,80,8,Error analysis and repair,Error analysis and repair: tick-mark counting errors
ma-g3-mathematics-u05-l09,ma-g3-mathematics,3,mathematics,5,81,9,Retrieval and fluency,Retrieval and fluency: naming and drawing unit fractions
ma-g3-mathematics-u05-l10,ma-g3-mathematics,3,mathematics,5,82,10,Independent evidence B,Independent evidence B: locating non-unit fractions on the number line
ma-g3-mathematics-u05-l11,ma-g3-mathematics,3,mathematics,5,83,11,Concept extension,Concept extension: fractions of a whole in measurement and sharing contexts
ma-g3-mathematics-u05-l12,ma-g3-mathematics,3,mathematics,5,84,12,Applied problem solving,Applied problem solving: why the whole must always be identified
ma-g3-mathematics-u05-l13,ma-g3-mathematics,3,mathematics,5,85,13,Performance task: plan,Performance task: plan: the fraction number-line gallery
ma-g3-mathematics-u05-l14,ma-g3-mathematics,3,mathematics,5,86,14,Performance task: build,Performance task: build: gallery entries with equal-partition evidence
ma-g3-mathematics-u05-l15,ma-g3-mathematics,3,mathematics,5,87,15,Synthesis and review,Synthesis and review: a fraction is a number
ma-g3-mathematics-u05-l16,ma-g3-mathematics,3,mathematics,5,88,16,Unit assessment,Unit assessment: fractions as numbers
ma-g3-mathematics-u05-l17,ma-g3-mathematics,3,mathematics,5,89,17,Targeted correction and reassessment,Targeted correction and reassessment: partitioning and placement
ma-g3-mathematics-u05-l18,ma-g3-mathematics,3,mathematics,5,90,18,"Transfer, reflection, and publication","Transfer, reflection, and publication: fractions in measurement and sharing"
ma-g3-mathematics-u06-l01,ma-g3-mathematics,3,mathematics,6,91,1,Launch and diagnostic,Launch and diagnostic: two names for the same amount
ma-g3-mathematics-u06-l02,ma-g3-mathematics,3,mathematics,6,92,2,Concept build A,Concept build A: equivalence seen on the number line
ma-g3-mathematics-u06-l03,ma-g3-mathematics,3,mathematics,6,93,3,Concept build B,Concept build B: equivalence seen with area models
ma-g3-mathematics-u06-l04,ma-g3-mathematics,3,mathematics,6,94,4,Guided practice A,Guided practice A: generating simple equivalent fractions
ma-g3-mathematics-u06-l05,ma-g3-mathematics,3,mathematics,6,95,5,Independent evidence A,Independent evidence A: recognizing equivalent fractions in models and notation
ma-g3-mathematics-u06-l06,ma-g3-mathematics,3,mathematics,6,96,6,Concept build C,Concept build C: whole numbers written as fractions
ma-g3-mathematics-u06-l07,ma-g3-mathematics,3,mathematics,6,97,7,Guided practice B,Guided practice B: fractions equal to whole numbers
ma-g3-mathematics-u06-l08,ma-g3-mathematics,3,mathematics,6,98,8,Error analysis and repair,Error analysis and repair: different-whole comparison errors
ma-g3-mathematics-u06-l09,ma-g3-mathematics,3,mathematics,6,99,9,Retrieval and fluency,Retrieval and fluency: unit fractions and equivalence
ma-g3-mathematics-u06-l10,ma-g3-mathematics,3,mathematics,6,100,10,Independent evidence B,Independent evidence B: comparing fractions with the same numerator
ma-g3-mathematics-u06-l11,ma-g3-mathematics,3,mathematics,6,101,11,Concept extension,Concept extension: comparing fractions with the same denominator
ma-g3-mathematics-u06-l12,ma-g3-mathematics,3,mathematics,6,102,12,Applied problem solving,Applied problem solving: justifying a comparison with a model and a symbol
ma-g3-mathematics-u06-l13,ma-g3-mathematics,3,mathematics,6,103,13,Performance task: plan,"Performance task: plan: the Same Size, Different Name proof set"
ma-g3-mathematics-u06-l14,ma-g3-mathematics,3,mathematics,6,104,14,Performance task: build,Performance task: build: proofs with models and written justifications
ma-g3-mathematics-u06-l15,ma-g3-mathematics,3,mathematics,6,105,15,Synthesis and review,Synthesis and review: equivalence and comparison
ma-g3-mathematics-u06-l16,ma-g3-mathematics,3,mathematics,6,106,16,Unit assessment,Unit assessment: equivalence and comparison
ma-g3-mathematics-u06-l17,ma-g3-mathematics,3,mathematics,6,107,17,Targeted correction and reassessment,Targeted correction and reassessment: comparison reasoning
ma-g3-mathematics-u06-l18,ma-g3-mathematics,3,mathematics,6,108,18,"Transfer, reflection, and publication","Transfer, reflection, and publication: recognizing the same amount written different ways"
ma-g3-mathematics-u07-l01,ma-g3-mathematics,3,mathematics,7,109,1,Launch and diagnostic,Launch and diagnostic: what we measure and why the unit matters
ma-g3-mathematics-u07-l02,ma-g3-mathematics,3,mathematics,7,110,2,Concept build A,Concept build A: telling and writing time to the nearest minute
ma-g3-mathematics-u07-l03,ma-g3-mathematics,3,mathematics,7,111,3,Concept build B,Concept build B: elapsed time on a number line
ma-g3-mathematics-u07-l04,ma-g3-mathematics,3,mathematics,7,112,4,Guided practice A,Guided practice A: adding and subtracting time intervals
ma-g3-mathematics-u07-l05,ma-g3-mathematics,3,mathematics,7,113,5,Independent evidence A,Independent evidence A: elapsed-time problems in real contexts
ma-g3-mathematics-u07-l06,ma-g3-mathematics,3,mathematics,7,114,6,Concept build C,Concept build C: measuring and estimating liquid volume in liters
ma-g3-mathematics-u07-l07,ma-g3-mathematics,3,mathematics,7,115,7,Guided practice B,Guided practice B: measuring and estimating mass in grams and kilograms
ma-g3-mathematics-u07-l08,ma-g3-mathematics,3,mathematics,7,116,8,Error analysis and repair,Error analysis and repair: unit-confusion and unreasonable-estimate errors
ma-g3-mathematics-u07-l09,ma-g3-mathematics,3,mathematics,7,117,9,Retrieval and fluency,Retrieval and fluency: time and unit benchmarks
ma-g3-mathematics-u07-l10,ma-g3-mathematics,3,mathematics,7,118,10,Independent evidence B,Independent evidence B: one-step problems involving liquid volume and mass
ma-g3-mathematics-u07-l11,ma-g3-mathematics,3,mathematics,7,119,11,Concept extension,Concept extension: choosing a unit and estimating before measuring
ma-g3-mathematics-u07-l12,ma-g3-mathematics,3,mathematics,7,120,12,Applied problem solving,Applied problem solving: measurement problems solved by multiplication and division
ma-g3-mathematics-u07-l13,ma-g3-mathematics,3,mathematics,7,121,13,Performance task: plan,Performance task: plan: the day plan and Measure It station guide
ma-g3-mathematics-u07-l14,ma-g3-mathematics,3,mathematics,7,122,14,Performance task: build,"Performance task: build: the guide with estimates, units, and elapsed-time reasoning"
ma-g3-mathematics-u07-l15,ma-g3-mathematics,3,mathematics,7,123,15,Synthesis and review,Synthesis and review: measurement reasoning
ma-g3-mathematics-u07-l16,ma-g3-mathematics,3,mathematics,7,124,16,Unit assessment,"Unit assessment: time, liquid volume, and mass"
ma-g3-mathematics-u07-l17,ma-g3-mathematics,3,mathematics,7,125,17,Targeted correction and reassessment,Targeted correction and reassessment: elapsed time and units
ma-g3-mathematics-u07-l18,ma-g3-mathematics,3,mathematics,7,126,18,"Transfer, reflection, and publication","Transfer, reflection, and publication: measuring safely with an adult at home"
ma-g3-mathematics-u08-l01,ma-g3-mathematics,3,mathematics,8,127,1,Launch and diagnostic,Launch and diagnostic: questions a graph can and cannot answer
ma-g3-mathematics-u08-l02,ma-g3-mathematics,3,mathematics,8,128,2,Concept build A,Concept build A: picture graphs with a scaled key
ma-g3-mathematics-u08-l03,ma-g3-mathematics,3,mathematics,8,129,3,Concept build B,Concept build B: drawing and reading scaled bar graphs
ma-g3-mathematics-u08-l04,ma-g3-mathematics,3,mathematics,8,130,4,Guided practice A,Guided practice A: one- and two-step questions from a graph
ma-g3-mathematics-u08-l05,ma-g3-mathematics,3,mathematics,8,131,5,Independent evidence A,Independent evidence A: a scaled bar graph from a data set
ma-g3-mathematics-u08-l06,ma-g3-mathematics,3,mathematics,8,132,6,Concept build C,Concept build C: measuring lengths to the nearest half and quarter inch
ma-g3-mathematics-u08-l07,ma-g3-mathematics,3,mathematics,8,133,7,Guided practice B,Guided practice B: a line plot from measurement data
ma-g3-mathematics-u08-l08,ma-g3-mathematics,3,mathematics,8,134,8,Error analysis and repair,Error analysis and repair: misleading-scale and axis errors
ma-g3-mathematics-u08-l09,ma-g3-mathematics,3,mathematics,8,135,9,Retrieval and fluency,Retrieval and fluency: reading scaled graphs
ma-g3-mathematics-u08-l10,ma-g3-mathematics,3,mathematics,8,136,10,Independent evidence B,Independent evidence B: interpreting a line plot
ma-g3-mathematics-u08-l11,ma-g3-mathematics,3,mathematics,8,137,11,Concept extension,Concept extension: comparing categories with two-step questions
ma-g3-mathematics-u08-l12,ma-g3-mathematics,3,mathematics,8,138,12,Applied problem solving,Applied problem solving: choosing a representation that fits the question
ma-g3-mathematics-u08-l13,ma-g3-mathematics,3,mathematics,8,139,13,Performance task: plan,Performance task: plan: a de-identified survey or measurement study
ma-g3-mathematics-u08-l14,ma-g3-mathematics,3,mathematics,8,140,14,Performance task: build,"Performance task: build: the graph, line plot, and interpretation"
ma-g3-mathematics-u08-l15,ma-g3-mathematics,3,mathematics,8,141,15,Synthesis and review,Synthesis and review: representing and interpreting data
ma-g3-mathematics-u08-l16,ma-g3-mathematics,3,mathematics,8,142,16,Unit assessment,Unit assessment: scaled graphs and line plots
ma-g3-mathematics-u08-l17,ma-g3-mathematics,3,mathematics,8,143,17,Targeted correction and reassessment,Targeted correction and reassessment: scale and interpretation
ma-g3-mathematics-u08-l18,ma-g3-mathematics,3,mathematics,8,144,18,"Transfer, reflection, and publication","Transfer, reflection, and publication: judging whether a real graph is honest"
ma-g3-mathematics-u09-l01,ma-g3-mathematics,3,mathematics,9,145,1,Launch and diagnostic,Launch and diagnostic: covering a surface without gaps or overlaps
ma-g3-mathematics-u09-l02,ma-g3-mathematics,3,mathematics,9,146,2,Concept build A,Concept build A: unit squares and area as a count of squares
ma-g3-mathematics-u09-l03,ma-g3-mathematics,3,mathematics,9,147,3,Concept build B,Concept build B: measuring area by tiling
ma-g3-mathematics-u09-l04,ma-g3-mathematics,3,mathematics,9,148,4,Guided practice A,Guided practice A: counting unit squares in standard square units
ma-g3-mathematics-u09-l05,ma-g3-mathematics,3,mathematics,9,149,5,Independent evidence A,Independent evidence A: finding area from a tiled figure
ma-g3-mathematics-u09-l06,ma-g3-mathematics,3,mathematics,9,150,6,Concept build C,Concept build C: area as the product of side lengths
ma-g3-mathematics-u09-l07,ma-g3-mathematics,3,mathematics,9,151,7,Guided practice B,Guided practice B: connecting tiling to the area formula
ma-g3-mathematics-u09-l08,ma-g3-mathematics,3,mathematics,9,152,8,Error analysis and repair,Error analysis and repair: area-versus-perimeter confusion
ma-g3-mathematics-u09-l09,ma-g3-mathematics,3,mathematics,9,153,9,Retrieval and fluency,Retrieval and fluency: products read as areas
ma-g3-mathematics-u09-l10,ma-g3-mathematics,3,mathematics,9,154,10,Independent evidence B,Independent evidence B: area of rectangles in real contexts
ma-g3-mathematics-u09-l11,ma-g3-mathematics,3,mathematics,9,155,11,Concept extension,Concept extension: breaking a rectangle apart to show the distributive property
ma-g3-mathematics-u09-l12,ma-g3-mathematics,3,mathematics,9,156,12,Applied problem solving,Applied problem solving: area of combined rectilinear figures
ma-g3-mathematics-u09-l13,ma-g3-mathematics,3,mathematics,9,157,13,Performance task: plan,Performance task: plan: the floor plan design
ma-g3-mathematics-u09-l14,ma-g3-mathematics,3,mathematics,9,158,14,Performance task: build,Performance task: build: the plan with every area justified two ways
ma-g3-mathematics-u09-l15,ma-g3-mathematics,3,mathematics,9,159,15,Synthesis and review,"Synthesis and review: area concepts, tiling, and formulas"
ma-g3-mathematics-u09-l16,ma-g3-mathematics,3,mathematics,9,160,16,Unit assessment,Unit assessment: area and the distributive property
ma-g3-mathematics-u09-l17,ma-g3-mathematics,3,mathematics,9,161,17,Targeted correction and reassessment,Targeted correction and reassessment: area reasoning
ma-g3-mathematics-u09-l18,ma-g3-mathematics,3,mathematics,9,162,18,"Transfer, reflection, and publication","Transfer, reflection, and publication: area in the spaces around us"
ma-g3-mathematics-u10-l01,ma-g3-mathematics,3,mathematics,10,163,1,Launch and diagnostic,Launch and diagnostic: distance around compared with space inside
ma-g3-mathematics-u10-l02,ma-g3-mathematics,3,mathematics,10,164,2,Concept build A,Concept build A: finding the perimeter of polygons
ma-g3-mathematics-u10-l03,ma-g3-mathematics,3,mathematics,10,165,3,Concept build B,Concept build B: finding an unknown side length from a known perimeter
ma-g3-mathematics-u10-l04,ma-g3-mathematics,3,mathematics,10,166,4,Guided practice A,"Guided practice A: same perimeter, different area"
ma-g3-mathematics-u10-l05,ma-g3-mathematics,3,mathematics,10,167,5,Independent evidence A,"Independent evidence A: same area, different perimeter"
ma-g3-mathematics-u10-l06,ma-g3-mathematics,3,mathematics,10,168,6,Concept build C,Concept build C: categories of quadrilaterals and their attributes
ma-g3-mathematics-u10-l07,ma-g3-mathematics,3,mathematics,10,169,7,Guided practice B,Guided practice B: attributes shared across shape categories
ma-g3-mathematics-u10-l08,ma-g3-mathematics,3,mathematics,10,170,8,Error analysis and repair,Error analysis and repair: classification-by-appearance errors
ma-g3-mathematics-u10-l09,ma-g3-mathematics,3,mathematics,10,171,9,Retrieval and fluency,"Retrieval and fluency: perimeter, area, and shape names"
ma-g3-mathematics-u10-l10,ma-g3-mathematics,3,mathematics,10,172,10,Independent evidence B,Independent evidence B: partitioning shapes into parts with equal areas
ma-g3-mathematics-u10-l11,ma-g3-mathematics,3,mathematics,10,173,11,Concept extension,Concept extension: design constraints that involve both perimeter and area
ma-g3-mathematics-u10-l12,ma-g3-mathematics,3,mathematics,10,174,12,Applied problem solving,"Applied problem solving: connecting geometry, fractions, and measurement"
ma-g3-mathematics-u10-l13,ma-g3-mathematics,3,mathematics,10,175,13,Performance task: plan,Performance task: plan: the capstone design
ma-g3-mathematics-u10-l14,ma-g3-mathematics,3,mathematics,10,176,14,Performance task: build,Performance task: build: the capstone design
ma-g3-mathematics-u10-l15,ma-g3-mathematics,3,mathematics,10,177,15,Synthesis and review,Synthesis and review: the mathematical justifications in the capstone design
ma-g3-mathematics-u10-l16,ma-g3-mathematics,3,mathematics,10,178,16,Unit assessment,"Unit assessment: perimeter, geometry, and partitioning"
ma-g3-mathematics-u10-l17,ma-g3-mathematics,3,mathematics,10,179,17,Targeted correction and reassessment,Targeted correction and reassessment: perimeter and classification
ma-g3-mathematics-u10-l18,ma-g3-mathematics,3,mathematics,10,180,18,"Transfer, reflection, and publication","Transfer, reflection, and publication: perimeter, area, and shape classification in the completed design"
ma-g3-english-language-arts-u01-l01,ma-g3-english-language-arts,3,english-language-arts,1,1,1,Launch and baseline,"Launch and baseline: what strong readers and writers do, and a no-penalty baseline"
ma-g3-english-language-arts-u01-l02,ma-g3-english-language-arts,3,english-language-arts,1,2,2,Word work and decoding focus,Word work and decoding focus: hearing syllables and finding known parts inside longer words
ma-g3-english-language-arts-u01-l03,ma-g3-english-language-arts,3,english-language-arts,1,3,3,Explicit model A,Explicit model A: asking questions the words on the page can answer
ma-g3-english-language-arts-u01-l04,ma-g3-english-language-arts,3,english-language-arts,1,4,4,Guided practice A,Guided practice A: answering by pointing to the exact sentence that proves it
ma-g3-english-language-arts-u01-l05,ma-g3-english-language-arts,3,english-language-arts,1,5,5,Fluency and rereading practice,Fluency and rereading practice: reading a short passage smoothly and rereading the line that slowed you down
ma-g3-english-language-arts-u01-l06,ma-g3-english-language-arts,3,english-language-arts,1,6,6,Independent application A,Independent application A: reading a new short passage and recording one question and one proved answer
ma-g3-english-language-arts-u01-l07,ma-g3-english-language-arts,3,english-language-arts,1,7,7,Explicit model B,Explicit model B: what a complete sentence needs: a naming part and an action part
ma-g3-english-language-arts-u01-l08,ma-g3-english-language-arts,3,english-language-arts,1,8,8,Guided practice B,Guided practice B: turning a two-word answer into a full sentence that stands alone
ma-g3-english-language-arts-u01-l09,ma-g3-english-language-arts,3,english-language-arts,1,9,9,Shared close reading,"Shared close reading: reading one original passage together for who, what, where, and when"
ma-g3-english-language-arts-u01-l10,ma-g3-english-language-arts,3,english-language-arts,1,10,10,Reteach and varied practice,Reteach and varied practice: fixing answers that sound right but do not point to the text
ma-g3-english-language-arts-u01-l11,ma-g3-english-language-arts,3,english-language-arts,1,11,11,Vocabulary and language study,"Vocabulary and language study: capital letters, end marks, and reading a sentence aloud to check it"
ma-g3-english-language-arts-u01-l12,ma-g3-english-language-arts,3,english-language-arts,1,12,12,Writing plan and draft,Writing plan and draft: planning three sentences about one reading habit that helps you
ma-g3-english-language-arts-u01-l13,ma-g3-english-language-arts,3,english-language-arts,1,13,13,Writing revise and edit,Writing revise and edit: revising for one clear idea and editing every end mark
ma-g3-english-language-arts-u01-l14,ma-g3-english-language-arts,3,english-language-arts,1,14,14,Talk and listening practice,"Talk and listening practice: discussion norms: listen, wait, build on, and disagree kindly"
ma-g3-english-language-arts-u01-l15,ma-g3-english-language-arts,3,english-language-arts,1,15,15,Skill consolidation and retrieval,Skill consolidation and retrieval: retrieving the unit's reading moves and sentence moves together
ma-g3-english-language-arts-u01-l16,ma-g3-english-language-arts,3,english-language-arts,1,16,16,Transfer to a new text,Transfer to a new text: using the same moves on an unfamiliar informational passage
ma-g3-english-language-arts-u01-l17,ma-g3-english-language-arts,3,english-language-arts,1,17,17,Unit assessment,Unit assessment: unit evidence: text-based answers written in complete sentences
ma-g3-english-language-arts-u01-l18,ma-g3-english-language-arts,3,english-language-arts,1,18,18,"Correction, publication, and reflection","Correction, publication, and reflection: correcting one item and publishing the Reader-and-Writer Plan card"
ma-g3-english-language-arts-u02-l01,ma-g3-english-language-arts,3,english-language-arts,2,19,1,Launch and baseline,Launch and baseline: reading longer words aloud and noticing exactly where you slow down
ma-g3-english-language-arts-u02-l02,ma-g3-english-language-arts,3,english-language-arts,2,20,2,Word work and decoding focus,Word work and decoding focus: syllable patterns and where a longer word can be split
ma-g3-english-language-arts-u02-l03,ma-g3-english-language-arts,3,english-language-arts,2,21,3,Explicit model A,"Explicit model A: prefixes un-, re-, pre-, and dis- and what each does to meaning"
ma-g3-english-language-arts-u02-l04,ma-g3-english-language-arts,3,english-language-arts,2,22,4,Guided practice A,Guided practice A: reading and explaining prefixed words inside real sentences
ma-g3-english-language-arts-u02-l05,ma-g3-english-language-arts,3,english-language-arts,2,23,5,Fluency and rereading practice,Fluency and rereading practice: rereading a passage until its longer words no longer interrupt you
ma-g3-english-language-arts-u02-l06,ma-g3-english-language-arts,3,english-language-arts,2,24,6,Independent application A,Independent application A: decoding six new multisyllabic words and checking each meaning
ma-g3-english-language-arts-u02-l07,ma-g3-english-language-arts,3,english-language-arts,2,25,7,Explicit model B,"Explicit model B: suffixes -ful, -less, -ly, -ness, and the Latin -ment, -tion, and -able"
ma-g3-english-language-arts-u02-l08,ma-g3-english-language-arts,3,english-language-arts,2,26,8,Guided practice B,Guided practice B: adding and removing endings without breaking the base word
ma-g3-english-language-arts-u02-l09,ma-g3-english-language-arts,3,english-language-arts,2,27,9,Shared close reading,Shared close reading: finding word parts at work inside an informational passage
ma-g3-english-language-arts-u02-l10,ma-g3-english-language-arts,3,english-language-arts,2,28,10,Reteach and varied practice,Reteach and varied practice: words that break the pattern and have to be known on sight
ma-g3-english-language-arts-u02-l11,ma-g3-english-language-arts,3,english-language-arts,2,29,11,Vocabulary and language study,"Vocabulary and language study: using a known root to predict a meaning, then checking a glossary"
ma-g3-english-language-arts-u02-l12,ma-g3-english-language-arts,3,english-language-arts,2,30,12,Writing plan and draft,Writing plan and draft: drafting a toolkit entry that teaches one word to another reader
ma-g3-english-language-arts-u02-l13,ma-g3-english-language-arts,3,english-language-arts,2,31,13,Writing revise and edit,Writing revise and edit: editing spelling when an ending is added to a base word
ma-g3-english-language-arts-u02-l14,ma-g3-english-language-arts,3,english-language-arts,2,32,14,Talk and listening practice,Talk and listening practice: explaining a word's meaning aloud so a listener can use it correctly
ma-g3-english-language-arts-u02-l15,ma-g3-english-language-arts,3,english-language-arts,2,33,15,Skill consolidation and retrieval,"Skill consolidation and retrieval: retrieving prefixes, suffixes, roots, and syllable moves together"
ma-g3-english-language-arts-u02-l16,ma-g3-english-language-arts,3,english-language-arts,2,34,16,Transfer to a new text,Transfer to a new text: decoding unfamiliar words in a new science-style passage
ma-g3-english-language-arts-u02-l17,ma-g3-english-language-arts,3,english-language-arts,2,35,17,Unit assessment,"Unit assessment: unit evidence: decoding, word-part reasoning, and correct use"
ma-g3-english-language-arts-u02-l18,ma-g3-english-language-arts,3,english-language-arts,2,36,18,"Correction, publication, and reflection","Correction, publication, and reflection: correcting one entry and publishing the Word-Parts toolkit"
ma-g3-english-language-arts-u03-l01,ma-g3-english-language-arts,3,english-language-arts,3,37,1,Launch and baseline,Launch and baseline: retelling a short story in order without adding anything new
ma-g3-english-language-arts-u03-l02,ma-g3-english-language-arts,3,english-language-arts,3,38,2,Word work and decoding focus,"Word work and decoding focus: reading character words such as stubborn, uneasy, and determined"
ma-g3-english-language-arts-u03-l03,ma-g3-english-language-arts,3,english-language-arts,3,39,3,Explicit model A,"Explicit model A: traits, feelings, and motivations are shown through actions"
ma-g3-english-language-arts-u03-l04,ma-g3-english-language-arts,3,english-language-arts,3,40,4,Guided practice A,Guided practice A: naming a trait and proving it with one action from the text
ma-g3-english-language-arts-u03-l05,ma-g3-english-language-arts,3,english-language-arts,3,41,5,Fluency and rereading practice,Fluency and rereading practice: reading dialogue with expression that matches the character
ma-g3-english-language-arts-u03-l06,ma-g3-english-language-arts,3,english-language-arts,3,42,6,Independent application A,Independent application A: charting one character's actions from the beginning to the end
ma-g3-english-language-arts-u03-l07,ma-g3-english-language-arts,3,english-language-arts,3,43,7,Explicit model B,Explicit model B: how one action causes the events that follow it
ma-g3-english-language-arts-u03-l08,ma-g3-english-language-arts,3,english-language-arts,3,44,8,Guided practice B,Guided practice B: putting cause and effect in order inside a story
ma-g3-english-language-arts-u03-l09,ma-g3-english-language-arts,3,english-language-arts,3,45,9,Shared close reading,Shared close reading: what an illustration or described figure adds at the moment a character changes
ma-g3-english-language-arts-u03-l10,ma-g3-english-language-arts,3,english-language-arts,3,46,10,Reteach and varied practice,Reteach and varied practice: repairing retellings that include events the story never told
ma-g3-english-language-arts-u03-l11,ma-g3-english-language-arts,3,english-language-arts,3,47,11,Vocabulary and language study,Vocabulary and language study: words an author uses to show a feeling without naming it
ma-g3-english-language-arts-u03-l12,ma-g3-english-language-arts,3,english-language-arts,3,48,12,Writing plan and draft,Writing plan and draft: planning a retelling that keeps order and leaves out extras
ma-g3-english-language-arts-u03-l13,ma-g3-english-language-arts,3,english-language-arts,3,49,13,Writing revise and edit,Writing revise and edit: revising a lesson statement so the text supports it
ma-g3-english-language-arts-u03-l14,ma-g3-english-language-arts,3,english-language-arts,3,50,14,Talk and listening practice,Talk and listening practice: stating a lesson claim aloud and listening for a different claim
ma-g3-english-language-arts-u03-l15,ma-g3-english-language-arts,3,english-language-arts,3,51,15,Skill consolidation and retrieval,"Skill consolidation and retrieval: retrieving trait, motivation, sequence, and lesson together"
ma-g3-english-language-arts-u03-l16,ma-g3-english-language-arts,3,english-language-arts,3,52,16,Transfer to a new text,Transfer to a new text: comparing two stories about the same character by the same author
ma-g3-english-language-arts-u03-l17,ma-g3-english-language-arts,3,english-language-arts,3,53,17,Unit assessment,"Unit assessment: unit evidence: retelling, lesson statement, and text support"
ma-g3-english-language-arts-u03-l18,ma-g3-english-language-arts,3,english-language-arts,3,54,18,"Correction, publication, and reflection","Correction, publication, and reflection: correcting one claim and publishing the story study"
ma-g3-english-language-arts-u04-l01,ma-g3-english-language-arts,3,english-language-arts,4,55,1,Launch and baseline,"Launch and baseline: what an informational text is for, and a no-penalty baseline"
ma-g3-english-language-arts-u04-l02,ma-g3-english-language-arts,3,english-language-arts,4,56,2,Word work and decoding focus,Word work and decoding focus: reading topic words with three or more syllables
ma-g3-english-language-arts-u04-l03,ma-g3-english-language-arts,3,english-language-arts,4,57,3,Explicit model A,Explicit model A: a paragraph's main idea is what all its sentences share
ma-g3-english-language-arts-u04-l04,ma-g3-english-language-arts,3,english-language-arts,4,58,4,Guided practice A,Guided practice A: naming a paragraph's main idea and underlining two details
ma-g3-english-language-arts-u04-l05,ma-g3-english-language-arts,3,english-language-arts,4,59,5,Fluency and rereading practice,Fluency and rereading practice: reading an informational paragraph at a pace that keeps meaning
ma-g3-english-language-arts-u04-l06,ma-g3-english-language-arts,3,english-language-arts,4,60,6,Independent application A,Independent application A: finding the main idea of a new paragraph independently
ma-g3-english-language-arts-u04-l07,ma-g3-english-language-arts,3,english-language-arts,4,61,7,Explicit model B,Explicit model B: a whole text's main idea holds all its paragraphs together
ma-g3-english-language-arts-u04-l08,ma-g3-english-language-arts,3,english-language-arts,4,62,8,Guided practice B,Guided practice B: choosing the detail that best supports a stated main idea
ma-g3-english-language-arts-u04-l09,ma-g3-english-language-arts,3,english-language-arts,4,63,9,Shared close reading,Shared close reading: close reading a passage for topic words and what they mean here
ma-g3-english-language-arts-u04-l10,ma-g3-english-language-arts,3,english-language-arts,4,64,10,Reteach and varied practice,Reteach and varied practice: sorting out details that are interesting but not supporting
ma-g3-english-language-arts-u04-l11,ma-g3-english-language-arts,3,english-language-arts,4,65,11,Vocabulary and language study,"Vocabulary and language study: reading a diagram, map, or photograph together with the words that explain it"
ma-g3-english-language-arts-u04-l12,ma-g3-english-language-arts,3,english-language-arts,4,66,12,Writing plan and draft,Writing plan and draft: planning a main-idea card with three ordered details
ma-g3-english-language-arts-u04-l13,ma-g3-english-language-arts,3,english-language-arts,4,67,13,Writing revise and edit,Writing revise and edit: revising so every detail on the card actually supports the idea
ma-g3-english-language-arts-u04-l14,ma-g3-english-language-arts,3,english-language-arts,4,68,14,Talk and listening practice,"Talk and listening practice: main ideas and supporting details of a text read aloud, with transcript"
ma-g3-english-language-arts-u04-l15,ma-g3-english-language-arts,3,english-language-arts,4,69,15,Skill consolidation and retrieval,"Skill consolidation and retrieval: retrieving main idea, detail, and vocabulary moves together"
ma-g3-english-language-arts-u04-l16,ma-g3-english-language-arts,3,english-language-arts,4,70,16,Transfer to a new text,Transfer to a new text: finding the main idea of an unfamiliar passage on a new topic
ma-g3-english-language-arts-u04-l17,ma-g3-english-language-arts,3,english-language-arts,4,71,17,Unit assessment,"Unit assessment: unit evidence: main idea, supporting details, and word meaning"
ma-g3-english-language-arts-u04-l18,ma-g3-english-language-arts,3,english-language-arts,4,72,18,"Correction, publication, and reflection","Correction, publication, and reflection: correcting one detail and publishing the main-idea card"
ma-g3-english-language-arts-u05-l01,ma-g3-english-language-arts,3,english-language-arts,5,73,1,Launch and baseline,Launch and baseline: noticing how a text moves a reader through its ideas
ma-g3-english-language-arts-u05-l02,ma-g3-english-language-arts,3,english-language-arts,5,74,2,Word work and decoding focus,"Word work and decoding focus: reading signal words such as because, after, and however"
ma-g3-english-language-arts-u05-l03,ma-g3-english-language-arts,3,english-language-arts,5,75,3,Explicit model A,Explicit model A: sequence: how a text carries a reader through steps or time
ma-g3-english-language-arts-u05-l04,ma-g3-english-language-arts,3,english-language-arts,5,76,4,Guided practice A,Guided practice A: mapping a sequence passage and naming its signal words
ma-g3-english-language-arts-u05-l05,ma-g3-english-language-arts,3,english-language-arts,5,77,5,Fluency and rereading practice,Fluency and rereading practice: reading a procedure aloud accurately enough to follow it
ma-g3-english-language-arts-u05-l06,ma-g3-english-language-arts,3,english-language-arts,5,78,6,Independent application A,Independent application A: mapping a new sequence passage without prompts
ma-g3-english-language-arts-u05-l07,ma-g3-english-language-arts,3,english-language-arts,5,79,7,Explicit model B,Explicit model B: cause and effect: what happened and what it led to
ma-g3-english-language-arts-u05-l08,ma-g3-english-language-arts,3,english-language-arts,5,80,8,Guided practice B,Guided practice B: separating a cause from an effect that looks like one
ma-g3-english-language-arts-u05-l09,ma-g3-english-language-arts,3,english-language-arts,5,81,9,Shared close reading,Shared close reading: close reading how one paragraph connects to the next
ma-g3-english-language-arts-u05-l10,ma-g3-english-language-arts,3,english-language-arts,5,82,10,Reteach and varied practice,Reteach and varied practice: repairing structure maps that mix up order and cause
ma-g3-english-language-arts-u05-l11,ma-g3-english-language-arts,3,english-language-arts,5,83,11,Vocabulary and language study,Vocabulary and language study: the words and text features that help you find and name a connection
ma-g3-english-language-arts-u05-l12,ma-g3-english-language-arts,3,english-language-arts,5,84,12,Writing plan and draft,Writing plan and draft: planning a compare-and-contrast map of two passages
ma-g3-english-language-arts-u05-l13,ma-g3-english-language-arts,3,english-language-arts,5,85,13,Writing revise and edit,Writing revise and edit: revising the map so each column names its evidence
ma-g3-english-language-arts-u05-l14,ma-g3-english-language-arts,3,english-language-arts,5,86,14,Talk and listening practice,Talk and listening practice: explaining a structure to a listener who has not read the text
ma-g3-english-language-arts-u05-l15,ma-g3-english-language-arts,3,english-language-arts,5,87,15,Skill consolidation and retrieval,"Skill consolidation and retrieval: retrieving sequence, cause, comparison, and features together"
ma-g3-english-language-arts-u05-l16,ma-g3-english-language-arts,3,english-language-arts,5,88,16,Transfer to a new text,"Transfer to a new text: naming how an unfamiliar text connects its ideas, and proving it"
ma-g3-english-language-arts-u05-l17,ma-g3-english-language-arts,3,english-language-arts,5,89,17,Unit assessment,"Unit assessment: unit evidence: idea connections, text features, signal words, and comparison"
ma-g3-english-language-arts-u05-l18,ma-g3-english-language-arts,3,english-language-arts,5,90,18,"Correction, publication, and reflection","Correction, publication, and reflection: correcting one column and publishing the text-structure map"
ma-g3-english-language-arts-u06-l01,ma-g3-english-language-arts,3,english-language-arts,6,91,1,Launch and baseline,Launch and baseline: what a teaching paragraph does that a list of facts does not
ma-g3-english-language-arts-u06-l02,ma-g3-english-language-arts,3,english-language-arts,6,92,2,Word work and decoding focus,Word work and decoding focus: spelling patterns for the words this unit needs most
ma-g3-english-language-arts-u06-l03,ma-g3-english-language-arts,3,english-language-arts,6,93,3,Explicit model A,Explicit model A: a topic sentence names the one idea the paragraph will teach
ma-g3-english-language-arts-u06-l04,ma-g3-english-language-arts,3,english-language-arts,6,94,4,Guided practice A,Guided practice A: writing a topic sentence for three given fact sets
ma-g3-english-language-arts-u06-l05,ma-g3-english-language-arts,3,english-language-arts,6,95,5,Fluency and rereading practice,Fluency and rereading practice: reading your own paragraph aloud to hear where it breaks
ma-g3-english-language-arts-u06-l06,ma-g3-english-language-arts,3,english-language-arts,6,96,6,Independent application A,Independent application A: drafting one full paragraph on a familiar topic
ma-g3-english-language-arts-u06-l07,ma-g3-english-language-arts,3,english-language-arts,6,97,7,Explicit model B,"Explicit model B: facts, definitions, and details that develop the topic sentence"
ma-g3-english-language-arts-u06-l08,ma-g3-english-language-arts,3,english-language-arts,6,98,8,Guided practice B,Guided practice B: choosing which two facts belong and which one wanders off
ma-g3-english-language-arts-u06-l09,ma-g3-english-language-arts,3,english-language-arts,6,99,9,Shared close reading,Shared close reading: reading a model explainer to see how it is put together
ma-g3-english-language-arts-u06-l10,ma-g3-english-language-arts,3,english-language-arts,6,100,10,Reteach and varied practice,Reteach and varied practice: repairing paragraphs with two ideas mixed into one
ma-g3-english-language-arts-u06-l11,ma-g3-english-language-arts,3,english-language-arts,6,101,11,Vocabulary and language study,"Vocabulary and language study: linking words: also, another, for example, because, finally"
ma-g3-english-language-arts-u06-l12,ma-g3-english-language-arts,3,english-language-arts,6,102,12,Writing plan and draft,Writing plan and draft: planning a two-paragraph explainer with grouped facts
ma-g3-english-language-arts-u06-l13,ma-g3-english-language-arts,3,english-language-arts,6,103,13,Writing revise and edit,"Writing revise and edit: revising for clarity, then editing subject-verb agreement and spelling"
ma-g3-english-language-arts-u06-l14,ma-g3-english-language-arts,3,english-language-arts,6,104,14,Talk and listening practice,Talk and listening practice: reading a paragraph aloud and taking one listener question
ma-g3-english-language-arts-u06-l15,ma-g3-english-language-arts,3,english-language-arts,6,105,15,Skill consolidation and retrieval,"Skill consolidation and retrieval: retrieving topic sentence, development, linking, and closing"
ma-g3-english-language-arts-u06-l16,ma-g3-english-language-arts,3,english-language-arts,6,106,16,Transfer to a new text,Transfer to a new text: writing a short explainer on an unfamiliar topic from given facts
ma-g3-english-language-arts-u06-l17,ma-g3-english-language-arts,3,english-language-arts,6,107,17,Unit assessment,Unit assessment: unit evidence: an independently written explanatory paragraph pair
ma-g3-english-language-arts-u06-l18,ma-g3-english-language-arts,3,english-language-arts,6,108,18,"Correction, publication, and reflection","Correction, publication, and reflection: correcting one paragraph and publishing the explainer"
ma-g3-english-language-arts-u07-l01,ma-g3-english-language-arts,3,english-language-arts,7,109,1,Launch and baseline,"Launch and baseline: the difference between a fact, a feeling, and an opinion"
ma-g3-english-language-arts-u07-l02,ma-g3-english-language-arts,3,english-language-arts,7,110,2,Word work and decoding focus,Word work and decoding focus: reading opinion words and the endings that change them
ma-g3-english-language-arts-u07-l03,ma-g3-english-language-arts,3,english-language-arts,7,111,3,Explicit model A,Explicit model A: an opinion statement says what you think in one sentence
ma-g3-english-language-arts-u07-l04,ma-g3-english-language-arts,3,english-language-arts,7,112,4,Guided practice A,Guided practice A: writing an opinion statement three different ways and picking one
ma-g3-english-language-arts-u07-l05,ma-g3-english-language-arts,3,english-language-arts,7,113,5,Fluency and rereading practice,Fluency and rereading practice: reading an opinion paragraph aloud so the position is clear
ma-g3-english-language-arts-u07-l06,ma-g3-english-language-arts,3,english-language-arts,7,114,6,Independent application A,Independent application A: drafting an opinion statement plus one supporting reason
ma-g3-english-language-arts-u07-l07,ma-g3-english-language-arts,3,english-language-arts,7,115,7,Explicit model B,Explicit model B: a reason answers the question 'why should anyone agree?'
ma-g3-english-language-arts-u07-l08,ma-g3-english-language-arts,3,english-language-arts,7,116,8,Guided practice B,Guided practice B: sorting strong reasons from restatements of the opinion
ma-g3-english-language-arts-u07-l09,ma-g3-english-language-arts,3,english-language-arts,7,117,9,Shared close reading,Shared close reading: close reading to name the author's point of view and say how yours differs
ma-g3-english-language-arts-u07-l10,ma-g3-english-language-arts,3,english-language-arts,7,118,10,Reteach and varied practice,Reteach and varied practice: repairing reasons that do not connect to the opinion
ma-g3-english-language-arts-u07-l11,ma-g3-english-language-arts,3,english-language-arts,7,119,11,Vocabulary and language study,"Vocabulary and language study: linking words for opinion: because, therefore, since, for example"
ma-g3-english-language-arts-u07-l12,ma-g3-english-language-arts,3,english-language-arts,7,120,12,Writing plan and draft,Writing plan and draft: planning three reasons in the order that convinces best
ma-g3-english-language-arts-u07-l13,ma-g3-english-language-arts,3,english-language-arts,7,121,13,Writing revise and edit,Writing revise and edit: revising the conclusion so it does more than repeat the opening
ma-g3-english-language-arts-u07-l14,ma-g3-english-language-arts,3,english-language-arts,7,122,14,Talk and listening practice,"Talk and listening practice: presenting an opinion at an understandable pace, or in print"
ma-g3-english-language-arts-u07-l15,ma-g3-english-language-arts,3,english-language-arts,7,123,15,Skill consolidation and retrieval,"Skill consolidation and retrieval: retrieving opinion, reason, order, linking, and conclusion"
ma-g3-english-language-arts-u07-l16,ma-g3-english-language-arts,3,english-language-arts,7,124,16,Transfer to a new text,Transfer to a new text: writing an opinion on a new question about a familiar topic
ma-g3-english-language-arts-u07-l17,ma-g3-english-language-arts,3,english-language-arts,7,125,17,Unit assessment,Unit assessment: unit evidence: an independently written opinion piece
ma-g3-english-language-arts-u07-l18,ma-g3-english-language-arts,3,english-language-arts,7,126,18,"Correction, publication, and reflection","Correction, publication, and reflection: correcting one reason and publishing or privately filing the piece"
ma-g3-english-language-arts-u08-l01,ma-g3-english-language-arts,3,english-language-arts,8,127,1,Launch and baseline,Launch and baseline: how a poem and a play look different from a story on the page
ma-g3-english-language-arts-u08-l02,ma-g3-english-language-arts,3,english-language-arts,8,128,2,Word work and decoding focus,"Word work and decoding focus: hearing rhyme, rhythm, and repeated sounds in words"
ma-g3-english-language-arts-u08-l03,ma-g3-english-language-arts,3,english-language-arts,8,129,3,Explicit model A,Explicit model A: stanzas and lines in poems; scenes and casts in plays
ma-g3-english-language-arts-u08-l04,ma-g3-english-language-arts,3,english-language-arts,8,130,4,Guided practice A,Guided practice A: labeling the parts of a poem and the parts of a scene
ma-g3-english-language-arts-u08-l05,ma-g3-english-language-arts,3,english-language-arts,8,131,5,Fluency and rereading practice,"Fluency and rereading practice: reading a poem aloud, or silently with a marked rhythm, twice"
ma-g3-english-language-arts-u08-l06,ma-g3-english-language-arts,3,english-language-arts,8,132,6,Independent application A,Independent application A: marking the structure of a new poem independently
ma-g3-english-language-arts-u08-l07,ma-g3-english-language-arts,3,english-language-arts,8,133,7,Explicit model B,Explicit model B: literal and nonliteral meaning: when words mean something else
ma-g3-english-language-arts-u08-l08,ma-g3-english-language-arts,3,english-language-arts,8,134,8,Guided practice B,Guided practice B: explaining what a phrase means here and how you can tell
ma-g3-english-language-arts-u08-l09,ma-g3-english-language-arts,3,english-language-arts,8,135,9,Shared close reading,Shared close reading: close reading an original poem for imagery and word choice
ma-g3-english-language-arts-u08-l10,ma-g3-english-language-arts,3,english-language-arts,8,136,10,Reteach and varied practice,Reteach and varied practice: repairing readings that take a figure of speech literally
ma-g3-english-language-arts-u08-l11,ma-g3-english-language-arts,3,english-language-arts,8,137,11,Vocabulary and language study,Vocabulary and language study: shades of meaning between words that seem to be the same
ma-g3-english-language-arts-u08-l12,ma-g3-english-language-arts,3,english-language-arts,8,138,12,Writing plan and draft,Writing plan and draft: planning an original poem or short scene with one craft choice
ma-g3-english-language-arts-u08-l13,ma-g3-english-language-arts,3,english-language-arts,8,139,13,Writing revise and edit,"Writing revise and edit: revising for sound and image, then editing the layout"
ma-g3-english-language-arts-u08-l14,ma-g3-english-language-arts,3,english-language-arts,8,140,14,Talk and listening practice,"Talk and listening practice: presenting a reading aloud, in print, or through a caption track"
ma-g3-english-language-arts-u08-l15,ma-g3-english-language-arts,3,english-language-arts,8,141,15,Skill consolidation and retrieval,"Skill consolidation and retrieval: retrieving structure, figurative language, and point of view"
ma-g3-english-language-arts-u08-l16,ma-g3-english-language-arts,3,english-language-arts,8,142,16,Transfer to a new text,Transfer to a new text: comparing your point of view with the narrator's in a new poem
ma-g3-english-language-arts-u08-l17,ma-g3-english-language-arts,3,english-language-arts,8,143,17,Unit assessment,"Unit assessment: unit evidence: structure, nonliteral meaning, and craft explanation"
ma-g3-english-language-arts-u08-l18,ma-g3-english-language-arts,3,english-language-arts,8,144,18,"Correction, publication, and reflection","Correction, publication, and reflection: correcting one note and publishing or privately filing the set"
ma-g3-english-language-arts-u09-l01,ma-g3-english-language-arts,3,english-language-arts,9,145,1,Launch and baseline,Launch and baseline: what makes a question researchable instead of unanswerable
ma-g3-english-language-arts-u09-l02,ma-g3-english-language-arts,3,english-language-arts,9,146,2,Word work and decoding focus,Word work and decoding focus: reading topic vocabulary you will need for this question
ma-g3-english-language-arts-u09-l03,ma-g3-english-language-arts,3,english-language-arts,9,147,3,Explicit model A,Explicit model A: gathering what you already know before you look anything up
ma-g3-english-language-arts-u09-l04,ma-g3-english-language-arts,3,english-language-arts,9,148,4,Guided practice A,Guided practice A: turning a broad wondering into one answerable question
ma-g3-english-language-arts-u09-l05,ma-g3-english-language-arts,3,english-language-arts,9,149,5,Fluency and rereading practice,Fluency and rereading practice: reading a source passage carefully enough to take notes
ma-g3-english-language-arts-u09-l06,ma-g3-english-language-arts,3,english-language-arts,9,150,6,Independent application A,Independent application A: locating the part of a source that answers your question
ma-g3-english-language-arts-u09-l07,ma-g3-english-language-arts,3,english-language-arts,9,151,7,Explicit model B,Explicit model B: notes in your own words: why copying is not note-taking
ma-g3-english-language-arts-u09-l08,ma-g3-english-language-arts,3,english-language-arts,9,152,8,Guided practice B,Guided practice B: shortening a sentence into a note without changing its meaning
ma-g3-english-language-arts-u09-l09,ma-g3-english-language-arts,3,english-language-arts,9,153,9,Shared close reading,Shared close reading: close reading a second source on the same topic
ma-g3-english-language-arts-u09-l10,ma-g3-english-language-arts,3,english-language-arts,9,154,10,Reteach and varied practice,Reteach and varied practice: repairing notes that copied wording or lost the meaning
ma-g3-english-language-arts-u09-l11,ma-g3-english-language-arts,3,english-language-arts,9,155,11,Vocabulary and language study,"Vocabulary and language study: the words a source record needs: who made it, what it is, and where you found it"
ma-g3-english-language-arts-u09-l12,ma-g3-english-language-arts,3,english-language-arts,9,156,12,Writing plan and draft,"Writing plan and draft: sorting notes into the categories you were given, then planning the answer"
ma-g3-english-language-arts-u09-l13,ma-g3-english-language-arts,3,english-language-arts,9,157,13,Writing revise and edit,Writing revise and edit: revising the answer so each part traces to a note
ma-g3-english-language-arts-u09-l14,ma-g3-english-language-arts,3,english-language-arts,9,158,14,Talk and listening practice,Talk and listening practice: asking a speaker a question and answering one about your notes
ma-g3-english-language-arts-u09-l15,ma-g3-english-language-arts,3,english-language-arts,9,159,15,Skill consolidation and retrieval,"Skill consolidation and retrieval: retrieving question, gather, note, categorize, and cite"
ma-g3-english-language-arts-u09-l16,ma-g3-english-language-arts,3,english-language-arts,9,160,16,Transfer to a new text,Transfer to a new text: running the whole routine on a new question in one session
ma-g3-english-language-arts-u09-l17,ma-g3-english-language-arts,3,english-language-arts,9,161,17,Unit assessment,Unit assessment: unit evidence: a research card with sources and own-words notes
ma-g3-english-language-arts-u09-l18,ma-g3-english-language-arts,3,english-language-arts,9,162,18,"Correction, publication, and reflection","Correction, publication, and reflection: correcting one note and publishing the research card"
ma-g3-english-language-arts-u10-l01,ma-g3-english-language-arts,3,english-language-arts,10,163,1,Launch and baseline,"Launch and baseline: what makes a story easy to follow, and choosing a portfolio piece"
ma-g3-english-language-arts-u10-l02,ma-g3-english-language-arts,3,english-language-arts,10,164,2,Word work and decoding focus,Word work and decoding focus: reading and spelling the words your own story needs
ma-g3-english-language-arts-u10-l03,ma-g3-english-language-arts,3,english-language-arts,10,165,3,Explicit model A,"Explicit model A: establishing a situation, a narrator, and characters"
ma-g3-english-language-arts-u10-l04,ma-g3-english-language-arts,3,english-language-arts,10,166,4,Guided practice A,Guided practice A: writing an opening that sets up a real problem
ma-g3-english-language-arts-u10-l05,ma-g3-english-language-arts,3,english-language-arts,10,167,5,Fluency and rereading practice,Fluency and rereading practice: reading a draft aloud to hear where a reader would get lost
ma-g3-english-language-arts-u10-l06,ma-g3-english-language-arts,3,english-language-arts,10,168,6,Independent application A,Independent application A: drafting the middle events in an order that unfolds naturally
ma-g3-english-language-arts-u10-l07,ma-g3-english-language-arts,3,english-language-arts,10,169,7,Explicit model B,"Explicit model B: dialogue that shows feeling, punctuated with quotation marks and commas"
ma-g3-english-language-arts-u10-l08,ma-g3-english-language-arts,3,english-language-arts,10,170,8,Guided practice B,Guided practice B: replacing told feelings with shown actions and words
ma-g3-english-language-arts-u10-l09,ma-g3-english-language-arts,3,english-language-arts,10,171,9,Shared close reading,Shared close reading: reading a published narrative for closure and last lines
ma-g3-english-language-arts-u10-l10,ma-g3-english-language-arts,3,english-language-arts,10,172,10,Reteach and varied practice,"Reteach and varied practice: repairing sequences that jump, repeat, or stop without closure"
ma-g3-english-language-arts-u10-l11,ma-g3-english-language-arts,3,english-language-arts,10,173,11,Vocabulary and language study,Vocabulary and language study: temporal words and phrases that keep a reader oriented
ma-g3-english-language-arts-u10-l12,ma-g3-english-language-arts,3,english-language-arts,10,174,12,Writing plan and draft,"Writing plan and draft: planning the portfolio: selection, order, and reflection prompts"
ma-g3-english-language-arts-u10-l13,ma-g3-english-language-arts,3,english-language-arts,10,175,13,Writing revise and edit,"Writing revise and edit: revising the narrative, then editing grammar and end punctuation"
ma-g3-english-language-arts-u10-l14,ma-g3-english-language-arts,3,english-language-arts,10,176,14,Talk and listening practice,"Talk and listening practice: presenting one portfolio piece aloud, in print, or privately"
ma-g3-english-language-arts-u10-l15,ma-g3-english-language-arts,3,english-language-arts,10,177,15,Skill consolidation and retrieval,Skill consolidation and retrieval: retrieving the year's reading and writing moves in one sitting
ma-g3-english-language-arts-u10-l16,ma-g3-english-language-arts,3,english-language-arts,10,178,16,Transfer to a new text,Transfer to a new text: reading an unfamiliar grade-level text and responding in writing
ma-g3-english-language-arts-u10-l17,ma-g3-english-language-arts,3,english-language-arts,10,179,17,Unit assessment,Unit assessment: unit evidence: an independently written narrative and reflection
ma-g3-english-language-arts-u10-l18,ma-g3-english-language-arts,3,english-language-arts,10,180,18,"Correction, publication, and reflection","Correction, publication, and reflection: correcting one section and publishing the year-end portfolio"
ma-g3-science-u01-l01,ma-g3-science,3,science,1,1,1,Launch and diagnostic,Launch and diagnostic: careful observations
ma-g3-science-u01-l02,ma-g3-science,3,science,1,2,2,Concept model A,Concept model A: testable questions
ma-g3-science-u01-l03,ma-g3-science,3,science,1,3,3,Guided practice A,Guided practice A: models and drawings
ma-g3-science-u01-l04,ma-g3-science,3,science,1,4,4,Independent application A,Independent application A: fair tests
ma-g3-science-u01-l05,ma-g3-science,3,science,1,5,5,Concept model B,Concept model B: measuring and recording data
ma-g3-science-u01-l06,ma-g3-science,3,science,1,6,6,Guided practice B,Guided practice B: criteria and constraints
ma-g3-science-u01-l07,ma-g3-science,3,science,1,7,7,Investigation or close reading,Investigation or close reading: careful observations
ma-g3-science-u01-l08,ma-g3-science,3,science,1,8,8,Reteach and varied practice,Reteach and varied practice: testable questions
ma-g3-science-u01-l09,ma-g3-science,3,science,1,9,9,Performance task build,Performance task build: models and drawings
ma-g3-science-u01-l10,ma-g3-science,3,science,1,10,10,Synthesis and review,Synthesis and review: fair tests
ma-g3-science-u01-l11,ma-g3-science,3,science,1,11,11,Unit assessment,Unit assessment: measuring and recording data
ma-g3-science-u01-l12,ma-g3-science,3,science,1,12,12,Correction and reflection,Correction and reflection: criteria and constraints
ma-g3-science-u02-l01,ma-g3-science,3,science,2,13,1,Launch and diagnostic,Launch and diagnostic: pushes and pulls
ma-g3-science-u02-l02,ma-g3-science,3,science,2,14,2,Concept model A,Concept model A: balanced and unbalanced forces
ma-g3-science-u02-l03,ma-g3-science,3,science,2,15,3,Guided practice A,Guided practice A: patterns in motion
ma-g3-science-u02-l04,ma-g3-science,3,science,2,16,4,Independent application A,Independent application A: predicting motion
ma-g3-science-u02-l05,ma-g3-science,3,science,2,17,5,Concept model B,Concept model B: measuring distance and time
ma-g3-science-u02-l06,ma-g3-science,3,science,2,18,6,Guided practice B,Guided practice B: friction and surfaces
ma-g3-science-u02-l07,ma-g3-science,3,science,2,19,7,Investigation or close reading,Investigation or close reading: pushes and pulls
ma-g3-science-u02-l08,ma-g3-science,3,science,2,20,8,Reteach and varied practice,Reteach and varied practice: balanced and unbalanced forces
ma-g3-science-u02-l09,ma-g3-science,3,science,2,21,9,Performance task build,Performance task build: patterns in motion
ma-g3-science-u02-l10,ma-g3-science,3,science,2,22,10,Synthesis and review,Synthesis and review: predicting motion
ma-g3-science-u02-l11,ma-g3-science,3,science,2,23,11,Unit assessment,Unit assessment: measuring distance and time
ma-g3-science-u02-l12,ma-g3-science,3,science,2,24,12,Correction and reflection,Correction and reflection: friction and surfaces
ma-g3-science-u03-l01,ma-g3-science,3,science,3,25,1,Launch and diagnostic,Launch and diagnostic: magnetic attraction and repulsion
ma-g3-science-u03-l02,ma-g3-science,3,science,3,26,2,Concept model A,Concept model A: magnet poles
ma-g3-science-u03-l03,ma-g3-science,3,science,3,27,3,Guided practice A,Guided practice A: forces without contact
ma-g3-science-u03-l04,ma-g3-science,3,science,3,28,4,Independent application A,Independent application A: static electric interactions
ma-g3-science-u03-l05,ma-g3-science,3,science,3,29,5,Concept model B,Concept model B: cause and effect
ma-g3-science-u03-l06,ma-g3-science,3,science,3,30,6,Guided practice B,Guided practice B: solving a problem with magnets
ma-g3-science-u03-l07,ma-g3-science,3,science,3,31,7,Investigation or close reading,Investigation or close reading: magnetic attraction and repulsion
ma-g3-science-u03-l08,ma-g3-science,3,science,3,32,8,Reteach and varied practice,Reteach and varied practice: magnet poles
ma-g3-science-u03-l09,ma-g3-science,3,science,3,33,9,Performance task build,Performance task build: forces without contact
ma-g3-science-u03-l10,ma-g3-science,3,science,3,34,10,Synthesis and review,Synthesis and review: static electric interactions
ma-g3-science-u03-l11,ma-g3-science,3,science,3,35,11,Unit assessment,Unit assessment: cause and effect
ma-g3-science-u03-l12,ma-g3-science,3,science,3,36,12,Correction and reflection,Correction and reflection: solving a problem with magnets
ma-g3-science-u04-l01,ma-g3-science,3,science,4,37,1,Launch and diagnostic,"Launch and diagnostic: birth, growth, reproduction, and death"
ma-g3-science-u04-l02,ma-g3-science,3,science,4,38,2,Concept model A,Concept model A: plant life cycles
ma-g3-science-u04-l03,ma-g3-science,3,science,4,39,3,Guided practice A,Guided practice A: insect life cycles
ma-g3-science-u04-l04,ma-g3-science,3,science,4,40,4,Independent application A,Independent application A: comparing life cycles
ma-g3-science-u04-l05,ma-g3-science,3,science,4,41,5,Concept model B,Concept model B: modeling a life cycle
ma-g3-science-u04-l06,ma-g3-science,3,science,4,42,6,Guided practice B,Guided practice B: diverse but shared patterns
ma-g3-science-u04-l07,ma-g3-science,3,science,4,43,7,Investigation or close reading,"Investigation or close reading: birth, growth, reproduction, and death"
ma-g3-science-u04-l08,ma-g3-science,3,science,4,44,8,Reteach and varied practice,Reteach and varied practice: plant life cycles
ma-g3-science-u04-l09,ma-g3-science,3,science,4,45,9,Performance task build,Performance task build: insect life cycles
ma-g3-science-u04-l10,ma-g3-science,3,science,4,46,10,Synthesis and review,Synthesis and review: comparing life cycles
ma-g3-science-u04-l11,ma-g3-science,3,science,4,47,11,Unit assessment,Unit assessment: modeling a life cycle
ma-g3-science-u04-l12,ma-g3-science,3,science,4,48,12,Correction and reflection,Correction and reflection: diverse but shared patterns
ma-g3-science-u05-l01,ma-g3-science,3,science,5,49,1,Launch and diagnostic,Launch and diagnostic: inherited traits
ma-g3-science-u05-l02,ma-g3-science,3,science,5,50,2,Concept model A,Concept model A: variation within a group
ma-g3-science-u05-l03,ma-g3-science,3,science,5,51,3,Guided practice A,Guided practice A: comparing parents and offspring
ma-g3-science-u05-l04,ma-g3-science,3,science,5,52,4,Independent application A,Independent application A: traits influenced by environment
ma-g3-science-u05-l05,ma-g3-science,3,science,5,53,5,Concept model B,Concept model B: reading trait data
ma-g3-science-u05-l06,ma-g3-science,3,science,5,54,6,Guided practice B,Guided practice B: evidence from observation
ma-g3-science-u05-l07,ma-g3-science,3,science,5,55,7,Investigation or close reading,Investigation or close reading: inherited traits
ma-g3-science-u05-l08,ma-g3-science,3,science,5,56,8,Reteach and varied practice,Reteach and varied practice: variation within a group
ma-g3-science-u05-l09,ma-g3-science,3,science,5,57,9,Performance task build,Performance task build: comparing parents and offspring
ma-g3-science-u05-l10,ma-g3-science,3,science,5,58,10,Synthesis and review,Synthesis and review: traits influenced by environment
ma-g3-science-u05-l11,ma-g3-science,3,science,5,59,11,Unit assessment,Unit assessment: reading trait data
ma-g3-science-u05-l12,ma-g3-science,3,science,5,60,12,Correction and reflection,Correction and reflection: evidence from observation
ma-g3-science-u06-l01,ma-g3-science,3,science,6,61,1,Launch and diagnostic,Launch and diagnostic: animal groups
ma-g3-science-u06-l02,ma-g3-science,3,science,6,62,2,Concept model A,Concept model A: benefits of living in groups
ma-g3-science-u06-l03,ma-g3-science,3,science,6,63,3,Guided practice A,Guided practice A: habitat needs
ma-g3-science-u06-l04,ma-g3-science,3,science,6,64,4,Independent application A,Independent application A: surviving well or less well
ma-g3-science-u06-l05,ma-g3-science,3,science,6,65,5,Concept model B,Concept model B: constructing an argument
ma-g3-science-u06-l06,ma-g3-science,3,science,6,66,6,Guided practice B,Guided practice B: evidence for a survival claim
ma-g3-science-u06-l07,ma-g3-science,3,science,6,67,7,Investigation or close reading,Investigation or close reading: animal groups
ma-g3-science-u06-l08,ma-g3-science,3,science,6,68,8,Reteach and varied practice,Reteach and varied practice: benefits of living in groups
ma-g3-science-u06-l09,ma-g3-science,3,science,6,69,9,Performance task build,Performance task build: habitat needs
ma-g3-science-u06-l10,ma-g3-science,3,science,6,70,10,Synthesis and review,Synthesis and review: surviving well or less well
ma-g3-science-u06-l11,ma-g3-science,3,science,6,71,11,Unit assessment,Unit assessment: constructing an argument
ma-g3-science-u06-l12,ma-g3-science,3,science,6,72,12,Correction and reflection,Correction and reflection: evidence for a survival claim
ma-g3-science-u07-l01,ma-g3-science,3,science,7,73,1,Launch and diagnostic,Launch and diagnostic: what fossils are
ma-g3-science-u07-l02,ma-g3-science,3,science,7,74,2,Concept model A,Concept model A: reading rock layers
ma-g3-science-u07-l03,ma-g3-science,3,science,7,75,3,Guided practice A,Guided practice A: fossil evidence
ma-g3-science-u07-l04,ma-g3-science,3,science,7,76,4,Independent application A,Independent application A: environments long ago
ma-g3-science-u07-l05,ma-g3-science,3,science,7,77,5,Concept model B,Concept model B: comparing past and present
ma-g3-science-u07-l06,ma-g3-science,3,science,7,78,6,Guided practice B,Guided practice B: variation and advantage
ma-g3-science-u07-l07,ma-g3-science,3,science,7,79,7,Investigation or close reading,Investigation or close reading: what fossils are
ma-g3-science-u07-l08,ma-g3-science,3,science,7,80,8,Reteach and varied practice,Reteach and varied practice: reading rock layers
ma-g3-science-u07-l09,ma-g3-science,3,science,7,81,9,Performance task build,Performance task build: fossil evidence
ma-g3-science-u07-l10,ma-g3-science,3,science,7,82,10,Synthesis and review,Synthesis and review: environments long ago
ma-g3-science-u07-l11,ma-g3-science,3,science,7,83,11,Unit assessment,Unit assessment: comparing past and present
ma-g3-science-u07-l12,ma-g3-science,3,science,7,84,12,Correction and reflection,Correction and reflection: variation and advantage
ma-g3-science-u08-l01,ma-g3-science,3,science,8,85,1,Launch and diagnostic,Launch and diagnostic: daily weather data
ma-g3-science-u08-l02,ma-g3-science,3,science,8,86,2,Concept model A,Concept model A: tables and graphs
ma-g3-science-u08-l03,ma-g3-science,3,science,8,87,3,Guided practice A,Guided practice A: seasonal patterns
ma-g3-science-u08-l04,ma-g3-science,3,science,8,88,4,Independent application A,Independent application A: weather compared with climate
ma-g3-science-u08-l05,ma-g3-science,3,science,8,89,5,Concept model B,Concept model B: climates in different regions
ma-g3-science-u08-l06,ma-g3-science,3,science,8,90,6,Guided practice B,Guided practice B: combining information sources
ma-g3-science-u08-l07,ma-g3-science,3,science,8,91,7,Investigation or close reading,Investigation or close reading: daily weather data
ma-g3-science-u08-l08,ma-g3-science,3,science,8,92,8,Reteach and varied practice,Reteach and varied practice: tables and graphs
ma-g3-science-u08-l09,ma-g3-science,3,science,8,93,9,Performance task build,Performance task build: seasonal patterns
ma-g3-science-u08-l10,ma-g3-science,3,science,8,94,10,Synthesis and review,Synthesis and review: weather compared with climate
ma-g3-science-u08-l11,ma-g3-science,3,science,8,95,11,Unit assessment,Unit assessment: climates in different regions
ma-g3-science-u08-l12,ma-g3-science,3,science,8,96,12,Correction and reflection,Correction and reflection: combining information sources
ma-g3-science-u09-l01,ma-g3-science,3,science,9,97,1,Launch and diagnostic,Launch and diagnostic: weather-related hazards
ma-g3-science-u09-l02,ma-g3-science,3,science,9,98,2,Concept model A,Concept model A: habitat change
ma-g3-science-u09-l03,ma-g3-science,3,science,9,99,3,Guided practice A,Guided practice A: design criteria and constraints
ma-g3-science-u09-l04,ma-g3-science,3,science,9,100,4,Independent application A,Independent application A: comparing solutions
ma-g3-science-u09-l05,ma-g3-science,3,science,9,101,5,Concept model B,Concept model B: fair-testing a design
ma-g3-science-u09-l06,ma-g3-science,3,science,9,102,6,Guided practice B,Guided practice B: evidence-based claims
ma-g3-science-u09-l07,ma-g3-science,3,science,9,103,7,Investigation or close reading,Investigation or close reading: weather-related hazards
ma-g3-science-u09-l08,ma-g3-science,3,science,9,104,8,Reteach and varied practice,Reteach and varied practice: habitat change
ma-g3-science-u09-l09,ma-g3-science,3,science,9,105,9,Performance task build,Performance task build: design criteria and constraints
ma-g3-science-u09-l10,ma-g3-science,3,science,9,106,10,Synthesis and review,Synthesis and review: comparing solutions
ma-g3-science-u09-l11,ma-g3-science,3,science,9,107,11,Unit assessment,Unit assessment: fair-testing a design
ma-g3-science-u09-l12,ma-g3-science,3,science,9,108,12,Correction and reflection,Correction and reflection: evidence-based claims
ma-g3-social-studies-u01-l01,ma-g3-social-studies,3,social-studies,1,1,1,Launch and diagnostic,Launch and diagnostic: questions historians ask
ma-g3-social-studies-u01-l02,ma-g3-social-studies,3,social-studies,1,2,2,Concept model A,Concept model A: primary sources
ma-g3-social-studies-u01-l03,ma-g3-social-studies,3,social-studies,1,3,3,Guided practice A,Guided practice A: secondary sources
ma-g3-social-studies-u01-l04,ma-g3-social-studies,3,social-studies,1,4,4,Independent application A,Independent application A: evidence and inference
ma-g3-social-studies-u01-l05,ma-g3-social-studies,3,social-studies,1,5,5,Concept model B,Concept model B: cardinal directions
ma-g3-social-studies-u01-l06,ma-g3-social-studies,3,social-studies,1,6,6,Guided practice B,Guided practice B: describing relative location
ma-g3-social-studies-u01-l07,ma-g3-social-studies,3,social-studies,1,7,7,Investigation or close reading,Investigation or close reading: questions historians ask
ma-g3-social-studies-u01-l08,ma-g3-social-studies,3,social-studies,1,8,8,Reteach and varied practice,Reteach and varied practice: primary sources
ma-g3-social-studies-u01-l09,ma-g3-social-studies,3,social-studies,1,9,9,Performance task build,Performance task build: secondary sources
ma-g3-social-studies-u01-l10,ma-g3-social-studies,3,social-studies,1,10,10,Synthesis and review,Synthesis and review: evidence and inference
ma-g3-social-studies-u01-l11,ma-g3-social-studies,3,social-studies,1,11,11,Unit assessment,Unit assessment: cardinal directions
ma-g3-social-studies-u01-l12,ma-g3-social-studies,3,social-studies,1,12,12,Correction and reflection,Correction and reflection: describing relative location
ma-g3-social-studies-u02-l01,ma-g3-social-studies,3,social-studies,2,13,1,Launch and diagnostic,Launch and diagnostic: thematic maps
ma-g3-social-studies-u02-l02,ma-g3-social-studies,3,social-studies,2,14,2,Concept model A,Concept model A: physical characteristics
ma-g3-social-studies-u02-l03,ma-g3-social-studies,3,social-studies,2,15,3,Guided practice A,Guided practice A: human characteristics
ma-g3-social-studies-u02-l04,ma-g3-social-studies,3,social-studies,2,16,4,Independent application A,Independent application A: Michigan within North America
ma-g3-social-studies-u02-l05,ma-g3-social-studies,3,social-studies,2,17,5,Concept model B,Concept model B: continents and oceans
ma-g3-social-studies-u02-l06,ma-g3-social-studies,3,social-studies,2,18,6,Guided practice B,Guided practice B: dividing Michigan into regions
ma-g3-social-studies-u02-l07,ma-g3-social-studies,3,social-studies,2,19,7,Investigation or close reading,Investigation or close reading: thematic maps
ma-g3-social-studies-u02-l08,ma-g3-social-studies,3,social-studies,2,20,8,Reteach and varied practice,Reteach and varied practice: physical characteristics
ma-g3-social-studies-u02-l09,ma-g3-social-studies,3,social-studies,2,21,9,Performance task build,Performance task build: human characteristics
ma-g3-social-studies-u02-l10,ma-g3-social-studies,3,social-studies,2,22,10,Synthesis and review,Synthesis and review: Michigan within North America
ma-g3-social-studies-u02-l11,ma-g3-social-studies,3,social-studies,2,23,11,Unit assessment,Unit assessment: continents and oceans
ma-g3-social-studies-u02-l12,ma-g3-social-studies,3,social-studies,2,24,12,Correction and reflection,Correction and reflection: dividing Michigan into regions
ma-g3-social-studies-u03-l01,ma-g3-social-studies,3,social-studies,3,25,1,Launch and diagnostic,Launch and diagnostic: Michigan's natural resources
ma-g3-social-studies-u03-l02,ma-g3-social-studies,3,social-studies,3,26,2,Concept model A,Concept model A: consequences of resource use
ma-g3-social-studies-u03-l03,ma-g3-social-studies,3,social-studies,3,27,3,Guided practice A,Guided practice A: adapting to the environment
ma-g3-social-studies-u03-l04,ma-g3-social-studies,3,social-studies,3,28,4,Independent application A,Independent application A: modifying the environment
ma-g3-social-studies-u03-l05,ma-g3-social-studies,3,social-studies,3,29,5,Concept model B,Concept model B: push and pull factors
ma-g3-social-studies-u03-l06,ma-g3-social-studies,3,social-studies,3,30,6,Guided practice B,"Guided practice B: movement of goods, people, and jobs"
ma-g3-social-studies-u03-l07,ma-g3-social-studies,3,social-studies,3,31,7,Investigation or close reading,Investigation or close reading: Michigan's natural resources
ma-g3-social-studies-u03-l08,ma-g3-social-studies,3,social-studies,3,32,8,Reteach and varied practice,Reteach and varied practice: consequences of resource use
ma-g3-social-studies-u03-l09,ma-g3-social-studies,3,social-studies,3,33,9,Performance task build,Performance task build: adapting to the environment
ma-g3-social-studies-u03-l10,ma-g3-social-studies,3,social-studies,3,34,10,Synthesis and review,Synthesis and review: modifying the environment
ma-g3-social-studies-u03-l11,ma-g3-social-studies,3,social-studies,3,35,11,Unit assessment,Unit assessment: push and pull factors
ma-g3-social-studies-u03-l12,ma-g3-social-studies,3,social-studies,3,36,12,Correction and reflection,"Correction and reflection: movement of goods, people, and jobs"
ma-g3-social-studies-u04-l01,ma-g3-social-studies,3,social-studies,4,37,1,Launch and diagnostic,Launch and diagnostic: Anishinaabek homelands
ma-g3-social-studies-u04-l02,ma-g3-social-studies,3,social-studies,4,38,2,Concept model A,Concept model A: traditional stories and teachings
ma-g3-social-studies-u04-l03,ma-g3-social-studies,3,social-studies,4,39,3,Guided practice A,Guided practice A: ways of life and environment
ma-g3-social-studies-u04-l04,ma-g3-social-studies,3,social-studies,4,40,4,Independent application A,Independent application A: comparing interactions with the environment
ma-g3-social-studies-u04-l05,ma-g3-social-studies,3,social-studies,4,41,5,Concept model B,Concept model B: Indigenous Peoples in Michigan today
ma-g3-social-studies-u04-l06,ma-g3-social-studies,3,social-studies,4,42,6,Guided practice B,Guided practice B: tribal citizenship and treaty rights
ma-g3-social-studies-u04-l07,ma-g3-social-studies,3,social-studies,4,43,7,Investigation or close reading,Investigation or close reading: Anishinaabek homelands
ma-g3-social-studies-u04-l08,ma-g3-social-studies,3,social-studies,4,44,8,Reteach and varied practice,Reteach and varied practice: traditional stories and teachings
ma-g3-social-studies-u04-l09,ma-g3-social-studies,3,social-studies,4,45,9,Performance task build,Performance task build: ways of life and environment
ma-g3-social-studies-u04-l10,ma-g3-social-studies,3,social-studies,4,46,10,Synthesis and review,Synthesis and review: comparing interactions with the environment
ma-g3-social-studies-u04-l11,ma-g3-social-studies,3,social-studies,4,47,11,Unit assessment,Unit assessment: Indigenous Peoples in Michigan today
ma-g3-social-studies-u04-l12,ma-g3-social-studies,3,social-studies,4,48,12,Correction and reflection,Correction and reflection: tribal citizenship and treaty rights
ma-g3-social-studies-u05-l01,ma-g3-social-studies,3,social-studies,5,49,1,Launch and diagnostic,Launch and diagnostic: first European explorers
ma-g3-social-studies-u05-l02,ma-g3-social-studies,3,social-studies,5,50,2,Concept model A,Concept model A: interactions and exchange
ma-g3-social-studies-u05-l03,ma-g3-social-studies,3,social-studies,5,51,3,Guided practice A,Guided practice A: early settlements
ma-g3-social-studies-u05-l04,ma-g3-social-studies,3,social-studies,5,52,4,Independent application A,Independent application A: daily life before statehood
ma-g3-social-studies-u05-l05,ma-g3-social-studies,3,social-studies,5,53,5,Concept model B,Concept model B: actions of individuals
ma-g3-social-studies-u05-l06,ma-g3-social-studies,3,social-studies,5,54,6,Guided practice B,Guided practice B: constructing a narrative from sources
ma-g3-social-studies-u05-l07,ma-g3-social-studies,3,social-studies,5,55,7,Investigation or close reading,Investigation or close reading: first European explorers
ma-g3-social-studies-u05-l08,ma-g3-social-studies,3,social-studies,5,56,8,Reteach and varied practice,Reteach and varied practice: interactions and exchange
ma-g3-social-studies-u05-l09,ma-g3-social-studies,3,social-studies,5,57,9,Performance task build,Performance task build: early settlements
ma-g3-social-studies-u05-l10,ma-g3-social-studies,3,social-studies,5,58,10,Synthesis and review,Synthesis and review: daily life before statehood
ma-g3-social-studies-u05-l11,ma-g3-social-studies,3,social-studies,5,59,11,Unit assessment,Unit assessment: actions of individuals
ma-g3-social-studies-u05-l12,ma-g3-social-studies,3,social-studies,5,60,12,Correction and reflection,Correction and reflection: constructing a narrative from sources
ma-g3-social-studies-u06-l01,ma-g3-social-studies,3,social-studies,6,61,1,Launch and diagnostic,Launch and diagnostic: causal relationships
ma-g3-social-studies-u06-l02,ma-g3-social-studies,3,social-studies,6,62,2,Concept model A,Concept model A: the path to statehood
ma-g3-social-studies-u06-l03,ma-g3-social-studies,3,social-studies,6,63,3,Guided practice A,Guided practice A: major eras in early Michigan
ma-g3-social-studies-u06-l04,ma-g3-social-studies,3,social-studies,6,64,4,Independent application A,Independent application A: sequencing a timeline
ma-g3-social-studies-u06-l05,ma-g3-social-studies,3,social-studies,6,65,5,Concept model B,Concept model B: change over time
ma-g3-social-studies-u06-l06,ma-g3-social-studies,3,social-studies,6,66,6,Guided practice B,Guided practice B: weighing evidence
ma-g3-social-studies-u06-l07,ma-g3-social-studies,3,social-studies,6,67,7,Investigation or close reading,Investigation or close reading: causal relationships
ma-g3-social-studies-u06-l08,ma-g3-social-studies,3,social-studies,6,68,8,Reteach and varied practice,Reteach and varied practice: the path to statehood
ma-g3-social-studies-u06-l09,ma-g3-social-studies,3,social-studies,6,69,9,Performance task build,Performance task build: major eras in early Michigan
ma-g3-social-studies-u06-l10,ma-g3-social-studies,3,social-studies,6,70,10,Synthesis and review,Synthesis and review: sequencing a timeline
ma-g3-social-studies-u06-l11,ma-g3-social-studies,3,social-studies,6,71,11,Unit assessment,Unit assessment: change over time
ma-g3-social-studies-u06-l12,ma-g3-social-studies,3,social-studies,6,72,12,Correction and reflection,Correction and reflection: weighing evidence
ma-g3-social-studies-u07-l01,ma-g3-social-studies,3,social-studies,7,73,1,Launch and diagnostic,Launch and diagnostic: scarcity and choice
ma-g3-social-studies-u07-l02,ma-g3-social-studies,3,social-studies,7,74,2,Concept model A,Concept model A: opportunity cost
ma-g3-social-studies-u07-l03,ma-g3-social-studies,3,social-studies,7,75,3,Guided practice A,Guided practice A: incentives
ma-g3-social-studies-u07-l04,ma-g3-social-studies,3,social-studies,7,76,4,Independent application A,Independent application A: location and natural resources
ma-g3-social-studies-u07-l05,ma-g3-social-studies,3,social-studies,7,77,5,Concept model B,Concept model B: entrepreneurs and resources
ma-g3-social-studies-u07-l06,ma-g3-social-studies,3,social-studies,7,78,6,Guided practice B,Guided practice B: major economic activities in Michigan
ma-g3-social-studies-u07-l07,ma-g3-social-studies,3,social-studies,7,79,7,Investigation or close reading,Investigation or close reading: scarcity and choice
ma-g3-social-studies-u07-l08,ma-g3-social-studies,3,social-studies,7,80,8,Reteach and varied practice,Reteach and varied practice: opportunity cost
ma-g3-social-studies-u07-l09,ma-g3-social-studies,3,social-studies,7,81,9,Performance task build,Performance task build: incentives
ma-g3-social-studies-u07-l10,ma-g3-social-studies,3,social-studies,7,82,10,Synthesis and review,Synthesis and review: location and natural resources
ma-g3-social-studies-u07-l11,ma-g3-social-studies,3,social-studies,7,83,11,Unit assessment,Unit assessment: entrepreneurs and resources
ma-g3-social-studies-u07-l12,ma-g3-social-studies,3,social-studies,7,84,12,Correction and reflection,Correction and reflection: major economic activities in Michigan
ma-g3-social-studies-u08-l01,ma-g3-social-studies,3,social-studies,8,85,1,Launch and diagnostic,Launch and diagnostic: purposes of government
ma-g3-social-studies-u08-l02,ma-g3-social-studies,3,social-studies,8,86,2,Concept model A,Concept model A: representative government
ma-g3-social-studies-u08-l03,ma-g3-social-studies,3,social-studies,8,87,3,Guided practice A,"Guided practice A: tribal, state, and local roles"
ma-g3-social-studies-u08-l04,ma-g3-social-studies,3,social-studies,8,88,4,Independent application A,Independent application A: state goods and services and how they are funded
ma-g3-social-studies-u08-l05,ma-g3-social-studies,3,social-studies,8,89,5,Concept model B,Concept model B: three branches of state government
ma-g3-social-studies-u08-l06,ma-g3-social-studies,3,social-studies,8,90,6,Guided practice B,Guided practice B: how state courts resolve conflict
ma-g3-social-studies-u08-l07,ma-g3-social-studies,3,social-studies,8,91,7,Investigation or close reading,Investigation or close reading: the purpose of the Michigan Constitution
ma-g3-social-studies-u08-l08,ma-g3-social-studies,3,social-studies,8,92,8,Reteach and varied practice,Reteach and varied practice: rights and responsibilities of citizenship
ma-g3-social-studies-u08-l09,ma-g3-social-studies,3,social-studies,8,93,9,Performance task build,Performance task build: purposes of government
ma-g3-social-studies-u08-l10,ma-g3-social-studies,3,social-studies,8,94,10,Synthesis and review,Synthesis and review: representative government
ma-g3-social-studies-u08-l11,ma-g3-social-studies,3,social-studies,8,95,11,Unit assessment,"Unit assessment: tribal, state, and local roles"
ma-g3-social-studies-u08-l12,ma-g3-social-studies,3,social-studies,8,96,12,Correction and reflection,Correction and reflection: state goods and services and how they are funded
ma-g3-social-studies-u09-l01,ma-g3-social-studies,3,social-studies,9,97,1,Launch and diagnostic,Launch and diagnostic: specialization and interdependence
ma-g3-social-studies-u09-l02,ma-g3-social-studies,3,social-studies,9,98,2,Concept model A,Concept model A: products from other countries
ma-g3-social-studies-u09-l03,ma-g3-social-studies,3,social-studies,9,99,3,Guided practice A,Guided practice A: identifying a public issue
ma-g3-social-studies-u09-l04,ma-g3-social-studies,3,social-studies,9,100,4,Independent application A,Independent application A: analyzing data about an issue
ma-g3-social-studies-u09-l05,ma-g3-social-studies,3,social-studies,9,101,5,Concept model B,Concept model B: conflicts over democratic values
ma-g3-social-studies-u09-l06,ma-g3-social-studies,3,social-studies,9,102,6,Guided practice B,Guided practice B: stating and justifying a position
ma-g3-social-studies-u09-l07,ma-g3-social-studies,3,social-studies,9,103,7,Investigation or close reading,Investigation or close reading: planning an action
ma-g3-social-studies-u09-l08,ma-g3-social-studies,3,social-studies,9,104,8,Reteach and varied practice,Reteach and varied practice: informing others
ma-g3-social-studies-u09-l09,ma-g3-social-studies,3,social-studies,9,105,9,Performance task build,Performance task build: specialization and interdependence
ma-g3-social-studies-u09-l10,ma-g3-social-studies,3,social-studies,9,106,10,Synthesis and review,Synthesis and review: products from other countries
ma-g3-social-studies-u09-l11,ma-g3-social-studies,3,social-studies,9,107,11,Unit assessment,Unit assessment: identifying a public issue
ma-g3-social-studies-u09-l12,ma-g3-social-studies,3,social-studies,9,108,12,Correction and reflection,Correction and reflection: analyzing data about an issue
ma-g3-health-u01-l01,ma-g3-health,3,health,1,1,1,Launch and diagnostic,Launch and diagnostic: daily hygiene routines
ma-g3-health-u01-l02,ma-g3-health,3,health,1,2,2,Explicit model,Explicit model: handwashing and how germs spread
ma-g3-health-u01-l03,ma-g3-health,3,health,1,3,3,Guided practice,Guided practice: dental care
ma-g3-health-u01-l04,ma-g3-health,3,health,1,4,4,Application or project,Application or project: sleep and rest
ma-g3-health-u01-l05,ma-g3-health,3,health,1,5,5,Mastery check,Mastery check: sun and skin care
ma-g3-health-u01-l06,ma-g3-health,3,health,1,6,6,Correction and reflection,Correction and reflection: resting and recovering when sick
ma-g3-health-u02-l01,ma-g3-health,3,health,2,7,1,Launch and diagnostic,Launch and diagnostic: variety across food groups
ma-g3-health-u02-l02,ma-g3-health,3,health,2,8,2,Explicit model,Explicit model: food allergies and safe sharing
ma-g3-health-u02-l03,ma-g3-health,3,health,2,9,3,Guided practice,Guided practice: hunger and fullness signals
ma-g3-health-u02-l04,ma-g3-health,3,health,2,10,4,Application or project,Application or project: drinking water through the day
ma-g3-health-u02-l05,ma-g3-health,3,health,2,11,5,Mastery check,Mastery check: everyday movement and active play
ma-g3-health-u02-l06,ma-g3-health,3,health,2,12,6,Correction and reflection,Correction and reflection: kitchen and food safety basics
ma-g3-health-u03-l01,ma-g3-health,3,health,3,13,1,Launch and diagnostic,Launch and diagnostic: naming feelings
ma-g3-health-u03-l02,ma-g3-health,3,health,3,14,2,Explicit model,Explicit model: telling a trusted adult
ma-g3-health-u03-l03,ma-g3-health,3,health,3,15,3,Guided practice,Guided practice: where feelings show up in the body
ma-g3-health-u03-l04,ma-g3-health,3,health,3,16,4,Application or project,Application or project: calming and coping tools
ma-g3-health-u03-l05,ma-g3-health,3,health,3,17,5,Mastery check,Mastery check: kindness and empathy
ma-g3-health-u03-l06,ma-g3-health,3,health,3,18,6,Correction and reflection,Correction and reflection: big problems and small problems
ma-g3-health-u04-l01,ma-g3-health,3,health,4,19,1,Launch and diagnostic,Launch and diagnostic: listening and taking turns
ma-g3-health-u04-l02,ma-g3-health,3,health,4,20,2,Explicit model,Explicit model: personal body boundaries and unsafe touch
ma-g3-health-u04-l03,ma-g3-health,3,health,4,21,3,Guided practice,Guided practice: asking for and giving permission
ma-g3-health-u04-l04,ma-g3-health,3,health,4,22,4,Application or project,"Application or project: secrets, surprises, and telling"
ma-g3-health-u04-l05,ma-g3-health,3,health,4,23,5,Mastery check,Mastery check: making and repairing friendships
ma-g3-health-u04-l06,ma-g3-health,3,health,4,24,6,Correction and reflection,"Correction and reflection: teasing, bullying, and reporting"
ma-g3-health-u05-l01,ma-g3-health,3,health,5,25,1,Launch and diagnostic,Launch and diagnostic: home and kitchen safety
ma-g3-health-u05-l02,ma-g3-health,3,health,5,26,2,Explicit model,Explicit model: emergency help and calling 911
ma-g3-health-u05-l03,ma-g3-health,3,health,5,27,3,Guided practice,"Guided practice: wheels, helmets, and street safety"
ma-g3-health-u05-l04,ma-g3-health,3,health,5,28,4,Application or project,Application or project: water safety
ma-g3-health-u05-l05,ma-g3-health,3,health,5,29,5,Mastery check,Mastery check: fire safety
ma-g3-health-u05-l06,ma-g3-health,3,health,5,30,6,Correction and reflection,Correction and reflection: device and online safety basics
ma-g3-health-u06-l01,ma-g3-health,3,health,6,31,1,Launch and diagnostic,Launch and diagnostic: trusted adults and health helpers
ma-g3-health-u06-l02,ma-g3-health,3,health,6,32,2,Explicit model,Explicit model: medicine and household product safety
ma-g3-health-u06-l03,ma-g3-health,3,health,6,33,3,Guided practice,Guided practice: reliable information and advertising
ma-g3-health-u06-l04,ma-g3-health,3,health,6,34,4,Application or project,Application or project: saying no and getting away
ma-g3-health-u06-l05,ma-g3-health,3,health,6,35,5,Mastery check,Mastery check: simple decision steps
ma-g3-health-u06-l06,ma-g3-health,3,health,6,36,6,Correction and reflection,Correction and reflection: caring for our shared community
ma-g3-physical-education-u01-l01,ma-g3-physical-education,3,physical-education,1,1,1,Launch and diagnostic,Launch and diagnostic: self-space and general space
ma-g3-physical-education-u01-l02,ma-g3-physical-education,3,physical-education,1,2,2,Concept model A,"Concept model A: starting, stopping, and dodging"
ma-g3-physical-education-u01-l03,ma-g3-physical-education,3,physical-education,1,3,3,Guided practice A,Guided practice A: directions and pathways
ma-g3-physical-education-u01-l04,ma-g3-physical-education,3,physical-education,1,4,4,Independent application A,Independent application A: levels and speed
ma-g3-physical-education-u01-l05,ma-g3-physical-education,3,physical-education,1,5,5,Concept model B,Concept model B: warm-up and cool-down routines
ma-g3-physical-education-u01-l06,ma-g3-physical-education,3,physical-education,1,6,6,Guided practice B,Guided practice B: safe equipment and activity-area checks
ma-g3-physical-education-u01-l07,ma-g3-physical-education,3,physical-education,1,7,7,Investigation or close reading,Investigation or close reading: self-space and general space
ma-g3-physical-education-u01-l08,ma-g3-physical-education,3,physical-education,1,8,8,Reteach and varied practice,"Reteach and varied practice: starting, stopping, and dodging"
ma-g3-physical-education-u01-l09,ma-g3-physical-education,3,physical-education,1,9,9,Performance task build,Performance task build: directions and pathways
ma-g3-physical-education-u01-l10,ma-g3-physical-education,3,physical-education,1,10,10,Synthesis and review,Synthesis and review: levels and speed
ma-g3-physical-education-u01-l11,ma-g3-physical-education,3,physical-education,1,11,11,Unit assessment,Unit assessment: warm-up and cool-down routines
ma-g3-physical-education-u01-l12,ma-g3-physical-education,3,physical-education,1,12,12,Correction and reflection,Correction and reflection: safe equipment and activity-area checks
ma-g3-physical-education-u02-l01,ma-g3-physical-education,3,physical-education,2,13,1,Launch and diagnostic,Launch and diagnostic: walking and running form
ma-g3-physical-education-u02-l02,ma-g3-physical-education,3,physical-education,2,14,2,Concept model A,"Concept model A: hopping, jumping, and safe landings"
ma-g3-physical-education-u02-l03,ma-g3-physical-education,3,physical-education,2,15,3,Guided practice A,"Guided practice A: skipping, galloping, and sliding"
ma-g3-physical-education-u02-l04,ma-g3-physical-education,3,physical-education,2,16,4,Independent application A,"Independent application A: leaping and chasing, fleeing, dodging"
ma-g3-physical-education-u02-l05,ma-g3-physical-education,3,physical-education,2,17,5,Concept model B,"Concept model B: twisting, bending, and stretching shapes"
ma-g3-physical-education-u02-l06,ma-g3-physical-education,3,physical-education,2,18,6,Guided practice B,Guided practice B: combining locomotor patterns
ma-g3-physical-education-u02-l07,ma-g3-physical-education,3,physical-education,2,19,7,Investigation or close reading,Investigation or close reading: walking and running form
ma-g3-physical-education-u02-l08,ma-g3-physical-education,3,physical-education,2,20,8,Reteach and varied practice,"Reteach and varied practice: hopping, jumping, and safe landings"
ma-g3-physical-education-u02-l09,ma-g3-physical-education,3,physical-education,2,21,9,Performance task build,"Performance task build: skipping, galloping, and sliding"
ma-g3-physical-education-u02-l10,ma-g3-physical-education,3,physical-education,2,22,10,Synthesis and review,"Synthesis and review: leaping and chasing, fleeing, dodging"
ma-g3-physical-education-u02-l11,ma-g3-physical-education,3,physical-education,2,23,11,Unit assessment,"Unit assessment: twisting, bending, and stretching shapes"
ma-g3-physical-education-u02-l12,ma-g3-physical-education,3,physical-education,2,24,12,Correction and reflection,Correction and reflection: combining locomotor patterns
ma-g3-physical-education-u03-l01,ma-g3-physical-education,3,physical-education,3,25,1,Launch and diagnostic,Launch and diagnostic: static balance and bases of support
ma-g3-physical-education-u03-l02,ma-g3-physical-education,3,physical-education,3,26,2,Concept model A,Concept model A: body tension and control
ma-g3-physical-education-u03-l03,ma-g3-physical-education,3,physical-education,3,27,3,Guided practice A,Guided practice A: dynamic balance while travelling
ma-g3-physical-education-u03-l04,ma-g3-physical-education,3,physical-education,3,28,4,Independent application A,Independent application A: safe rolling and body positions
ma-g3-physical-education-u03-l05,ma-g3-physical-education,3,physical-education,3,29,5,Concept model B,Concept model B: transferring weight from feet to hands
ma-g3-physical-education-u03-l06,ma-g3-physical-education,3,physical-education,3,30,6,Guided practice B,Guided practice B: linking balances into a sequence
ma-g3-physical-education-u03-l07,ma-g3-physical-education,3,physical-education,3,31,7,Investigation or close reading,Investigation or close reading: static balance and bases of support
ma-g3-physical-education-u03-l08,ma-g3-physical-education,3,physical-education,3,32,8,Reteach and varied practice,Reteach and varied practice: body tension and control
ma-g3-physical-education-u03-l09,ma-g3-physical-education,3,physical-education,3,33,9,Performance task build,Performance task build: dynamic balance while travelling
ma-g3-physical-education-u03-l10,ma-g3-physical-education,3,physical-education,3,34,10,Synthesis and review,Synthesis and review: safe rolling and body positions
ma-g3-physical-education-u03-l11,ma-g3-physical-education,3,physical-education,3,35,11,Unit assessment,Unit assessment: transferring weight from feet to hands
ma-g3-physical-education-u03-l12,ma-g3-physical-education,3,physical-education,3,36,12,Correction and reflection,Correction and reflection: linking balances into a sequence
ma-g3-physical-education-u04-l01,ma-g3-physical-education,3,physical-education,4,37,1,Launch and diagnostic,Launch and diagnostic: underhand throw for accuracy
ma-g3-physical-education-u04-l02,ma-g3-physical-education,3,physical-education,4,38,2,Concept model A,Concept model A: overhand throw mechanics
ma-g3-physical-education-u04-l03,ma-g3-physical-education,3,physical-education,4,39,3,Guided practice A,Guided practice A: catching above and below the waist
ma-g3-physical-education-u04-l04,ma-g3-physical-education,3,physical-education,4,40,4,Independent application A,Independent application A: tracking a moving object
ma-g3-physical-education-u04-l05,ma-g3-physical-education,3,physical-education,4,41,5,Concept model B,Concept model B: throwing to a partner or target
ma-g3-physical-education-u04-l06,ma-g3-physical-education,3,physical-education,4,42,6,Guided practice B,Guided practice B: combining throwing and catching
ma-g3-physical-education-u04-l07,ma-g3-physical-education,3,physical-education,4,43,7,Investigation or close reading,Investigation or close reading: underhand throw for accuracy
ma-g3-physical-education-u04-l08,ma-g3-physical-education,3,physical-education,4,44,8,Reteach and varied practice,Reteach and varied practice: overhand throw mechanics
ma-g3-physical-education-u04-l09,ma-g3-physical-education,3,physical-education,4,45,9,Performance task build,Performance task build: catching above and below the waist
ma-g3-physical-education-u04-l10,ma-g3-physical-education,3,physical-education,4,46,10,Synthesis and review,Synthesis and review: tracking a moving object
ma-g3-physical-education-u04-l11,ma-g3-physical-education,3,physical-education,4,47,11,Unit assessment,Unit assessment: throwing to a partner or target
ma-g3-physical-education-u04-l12,ma-g3-physical-education,3,physical-education,4,48,12,Correction and reflection,Correction and reflection: combining throwing and catching
ma-g3-physical-education-u05-l01,ma-g3-physical-education,3,physical-education,5,49,1,Launch and diagnostic,Launch and diagnostic: stationary kick for accuracy
ma-g3-physical-education-u05-l02,ma-g3-physical-education,3,physical-education,5,50,2,Concept model A,Concept model A: trapping and controlling a rolling ball
ma-g3-physical-education-u05-l03,ma-g3-physical-education,3,physical-education,5,51,3,Guided practice A,Guided practice A: approach kick and follow-through
ma-g3-physical-education-u05-l04,ma-g3-physical-education,3,physical-education,5,52,4,Independent application A,Independent application A: dribbling with the inside of the foot
ma-g3-physical-education-u05-l05,ma-g3-physical-education,3,physical-education,5,53,5,Concept model B,Concept model B: changing direction while dribbling
ma-g3-physical-education-u05-l06,ma-g3-physical-education,3,physical-education,5,54,6,Guided practice B,Guided practice B: cooperative foot-skill tasks
ma-g3-physical-education-u05-l07,ma-g3-physical-education,3,physical-education,5,55,7,Investigation or close reading,Investigation or close reading: stationary kick for accuracy
ma-g3-physical-education-u05-l08,ma-g3-physical-education,3,physical-education,5,56,8,Reteach and varied practice,Reteach and varied practice: trapping and controlling a rolling ball
ma-g3-physical-education-u05-l09,ma-g3-physical-education,3,physical-education,5,57,9,Performance task build,Performance task build: approach kick and follow-through
ma-g3-physical-education-u05-l10,ma-g3-physical-education,3,physical-education,5,58,10,Synthesis and review,Synthesis and review: dribbling with the inside of the foot
ma-g3-physical-education-u05-l11,ma-g3-physical-education,3,physical-education,5,59,11,Unit assessment,Unit assessment: changing direction while dribbling
ma-g3-physical-education-u05-l12,ma-g3-physical-education,3,physical-education,5,60,12,Correction and reflection,Correction and reflection: cooperative foot-skill tasks
ma-g3-physical-education-u06-l01,ma-g3-physical-education,3,physical-education,6,61,1,Launch and diagnostic,Launch and diagnostic: striking a balloon or light ball with the hands
ma-g3-physical-education-u06-l02,ma-g3-physical-education,3,physical-education,6,62,2,Concept model A,Concept model A: underhand striking upward for control
ma-g3-physical-education-u06-l03,ma-g3-physical-education,3,physical-education,6,63,3,Guided practice A,Guided practice A: striking with a short-handled paddle
ma-g3-physical-education-u06-l04,ma-g3-physical-education,3,physical-education,6,64,4,Independent application A,Independent application A: forehand contact and follow-through
ma-g3-physical-education-u06-l05,ma-g3-physical-education,3,physical-education,6,65,5,Concept model B,Concept model B: striking to a wall or target
ma-g3-physical-education-u06-l06,ma-g3-physical-education,3,physical-education,6,66,6,Guided practice B,Guided practice B: cooperative rallying
ma-g3-physical-education-u06-l07,ma-g3-physical-education,3,physical-education,6,67,7,Investigation or close reading,Investigation or close reading: striking a balloon or light ball with the hands
ma-g3-physical-education-u06-l08,ma-g3-physical-education,3,physical-education,6,68,8,Reteach and varied practice,Reteach and varied practice: underhand striking upward for control
ma-g3-physical-education-u06-l09,ma-g3-physical-education,3,physical-education,6,69,9,Performance task build,Performance task build: striking with a short-handled paddle
ma-g3-physical-education-u06-l10,ma-g3-physical-education,3,physical-education,6,70,10,Synthesis and review,Synthesis and review: forehand contact and follow-through
ma-g3-physical-education-u06-l11,ma-g3-physical-education,3,physical-education,6,71,11,Unit assessment,Unit assessment: striking to a wall or target
ma-g3-physical-education-u06-l12,ma-g3-physical-education,3,physical-education,6,72,12,Correction and reflection,Correction and reflection: cooperative rallying
ma-g3-physical-education-u07-l01,ma-g3-physical-education,3,physical-education,7,73,1,Launch and diagnostic,Launch and diagnostic: moving to a steady beat
ma-g3-physical-education-u07-l02,ma-g3-physical-education,3,physical-education,7,74,2,Concept model A,Concept model A: simple movement patterns and repetition
ma-g3-physical-education-u07-l03,ma-g3-physical-education,3,physical-education,7,75,3,Guided practice A,"Guided practice A: tempo changes, fast and slow"
ma-g3-physical-education-u07-l04,ma-g3-physical-education,3,physical-education,7,76,4,Independent application A,Independent application A: jump rope and rhythmic skills
ma-g3-physical-education-u07-l05,ma-g3-physical-education,3,physical-education,7,77,5,Concept model B,Concept model B: creative and expressive movement
ma-g3-physical-education-u07-l06,ma-g3-physical-education,3,physical-education,7,78,6,Guided practice B,Guided practice B: sharing a short sequence by choice
ma-g3-physical-education-u07-l07,ma-g3-physical-education,3,physical-education,7,79,7,Investigation or close reading,Investigation or close reading: moving to a steady beat
ma-g3-physical-education-u07-l08,ma-g3-physical-education,3,physical-education,7,80,8,Reteach and varied practice,Reteach and varied practice: simple movement patterns and repetition
ma-g3-physical-education-u07-l09,ma-g3-physical-education,3,physical-education,7,81,9,Performance task build,"Performance task build: tempo changes, fast and slow"
ma-g3-physical-education-u07-l10,ma-g3-physical-education,3,physical-education,7,82,10,Synthesis and review,Synthesis and review: jump rope and rhythmic skills
ma-g3-physical-education-u07-l11,ma-g3-physical-education,3,physical-education,7,83,11,Unit assessment,Unit assessment: creative and expressive movement
ma-g3-physical-education-u07-l12,ma-g3-physical-education,3,physical-education,7,84,12,Correction and reflection,Correction and reflection: sharing a short sequence by choice
ma-g3-physical-education-u08-l01,ma-g3-physical-education,3,physical-education,8,85,1,Launch and diagnostic,Launch and diagnostic: what the heart and lungs do during activity
ma-g3-physical-education-u08-l02,ma-g3-physical-education,3,physical-education,8,86,2,Concept model A,Concept model A: noticing my own effort level
ma-g3-physical-education-u08-l03,ma-g3-physical-education,3,physical-education,8,87,3,Guided practice A,Guided practice A: muscular strength and endurance activities
ma-g3-physical-education-u08-l04,ma-g3-physical-education,3,physical-education,8,88,4,Independent application A,Independent application A: flexibility and mobility
ma-g3-physical-education-u08-l05,ma-g3-physical-education,3,physical-education,8,89,5,Concept model B,"Concept model B: hydration, rest, and recovery"
ma-g3-physical-education-u08-l06,ma-g3-physical-education,3,physical-education,8,90,6,Guided practice B,Guided practice B: enjoying activity every day
ma-g3-physical-education-u08-l07,ma-g3-physical-education,3,physical-education,8,91,7,Investigation or close reading,Investigation or close reading: what the heart and lungs do during activity
ma-g3-physical-education-u08-l08,ma-g3-physical-education,3,physical-education,8,92,8,Reteach and varied practice,Reteach and varied practice: noticing my own effort level
ma-g3-physical-education-u08-l09,ma-g3-physical-education,3,physical-education,8,93,9,Performance task build,Performance task build: muscular strength and endurance activities
ma-g3-physical-education-u08-l10,ma-g3-physical-education,3,physical-education,8,94,10,Synthesis and review,Synthesis and review: flexibility and mobility
ma-g3-physical-education-u08-l11,ma-g3-physical-education,3,physical-education,8,95,11,Unit assessment,"Unit assessment: hydration, rest, and recovery"
ma-g3-physical-education-u08-l12,ma-g3-physical-education,3,physical-education,8,96,12,Correction and reflection,Correction and reflection: enjoying activity every day
ma-g3-physical-education-u09-l01,ma-g3-physical-education,3,physical-education,9,97,1,Launch and diagnostic,Launch and diagnostic: following rules and playing fairly
ma-g3-physical-education-u09-l02,ma-g3-physical-education,3,physical-education,9,98,2,Concept model A,Concept model A: adapting a game so everyone can play
ma-g3-physical-education-u09-l03,ma-g3-physical-education,3,physical-education,9,99,3,Guided practice A,Guided practice A: cooperation and communication
ma-g3-physical-education-u09-l04,ma-g3-physical-education,3,physical-education,9,100,4,Independent application A,Independent application A: roles and turn-taking
ma-g3-physical-education-u09-l05,ma-g3-physical-education,3,physical-education,9,101,5,Concept model B,Concept model B: resolving disagreements kindly
ma-g3-physical-education-u09-l06,ma-g3-physical-education,3,physical-education,9,102,6,Guided practice B,Guided practice B: activities to enjoy outside class
ma-g3-physical-education-u09-l07,ma-g3-physical-education,3,physical-education,9,103,7,Investigation or close reading,Investigation or close reading: following rules and playing fairly
ma-g3-physical-education-u09-l08,ma-g3-physical-education,3,physical-education,9,104,8,Reteach and varied practice,Reteach and varied practice: adapting a game so everyone can play
ma-g3-physical-education-u09-l09,ma-g3-physical-education,3,physical-education,9,105,9,Performance task build,Performance task build: cooperation and communication
ma-g3-physical-education-u09-l10,ma-g3-physical-education,3,physical-education,9,106,10,Synthesis and review,Synthesis and review: roles and turn-taking
ma-g3-physical-education-u09-l11,ma-g3-physical-education,3,physical-education,9,107,11,Unit assessment,Unit assessment: resolving disagreements kindly
ma-g3-physical-education-u09-l12,ma-g3-physical-education,3,physical-education,9,108,12,Correction and reflection,Correction and reflection: activities to enjoy outside class
ma-g3-ready-for-life-u01-l01,ma-g3-ready-for-life,3,ready-for-life,1,1,1,Launch and diagnostic,Launch and diagnostic: why our spaces matter
ma-g3-ready-for-life-u01-l02,ma-g3-ready-for-life,3,ready-for-life,1,2,2,Explicit model,Explicit model: the five-minute tidy
ma-g3-ready-for-life-u01-l03,ma-g3-ready-for-life,3,ready-for-life,1,3,3,Guided practice,Guided practice: everything has a home
ma-g3-ready-for-life-u01-l04,ma-g3-ready-for-life,3,ready-for-life,1,4,4,Application or project,Application or project: spotting unsafe items
ma-g3-ready-for-life-u01-l05,ma-g3-ready-for-life,3,ready-for-life,1,5,5,Mastery check,Mastery check: right-size jobs
ma-g3-ready-for-life-u01-l06,ma-g3-ready-for-life,3,ready-for-life,1,6,6,Correction and reflection,Correction and reflection: finishing the whole job
ma-g3-ready-for-life-u02-l01,ma-g3-ready-for-life,3,ready-for-life,2,7,1,Launch and diagnostic,Launch and diagnostic: sorting clean from dirty
ma-g3-ready-for-life-u02-l02,ma-g3-ready-for-life,3,ready-for-life,2,8,2,Explicit model,Explicit model: sorting lights and darks
ma-g3-ready-for-life-u02-l03,ma-g3-ready-for-life,3,ready-for-life,2,9,3,Guided practice,Guided practice: reading a care tag
ma-g3-ready-for-life-u02-l04,ma-g3-ready-for-life,3,ready-for-life,2,10,4,Application or project,Application or project: folding and hanging
ma-g3-ready-for-life-u02-l05,ma-g3-ready-for-life,3,ready-for-life,2,11,5,Mastery check,Mastery check: getting ready the night before
ma-g3-ready-for-life-u02-l06,ma-g3-ready-for-life,3,ready-for-life,2,12,6,Correction and reflection,Correction and reflection: putting clothes away
ma-g3-ready-for-life-u03-l01,ma-g3-ready-for-life,3,ready-for-life,3,13,1,Launch and diagnostic,Launch and diagnostic: washing hands all the way
ma-g3-ready-for-life-u03-l02,ma-g3-ready-for-life,3,ready-for-life,3,14,2,Explicit model,Explicit model: the kitchen reset
ma-g3-ready-for-life-u03-l03,ma-g3-ready-for-life,3,ready-for-life,3,15,3,Guided practice,Guided practice: keeping raw food separate
ma-g3-ready-for-life-u03-l04,ma-g3-ready-for-life,3,ready-for-life,3,16,4,Application or project,Application or project: helper tools and adult-only tools
ma-g3-ready-for-life-u03-l05,ma-g3-ready-for-life,3,ready-for-life,3,17,5,Mastery check,Mastery check: a simple no-heat snack
ma-g3-ready-for-life-u03-l06,ma-g3-ready-for-life,3,ready-for-life,3,18,6,Correction and reflection,Correction and reflection: wiping up and putting away
ma-g3-ready-for-life-u04-l01,ma-g3-ready-for-life,3,ready-for-life,4,19,1,Launch and diagnostic,Launch and diagnostic: noticing body signals
ma-g3-ready-for-life-u04-l02,ma-g3-ready-for-life,3,ready-for-life,4,20,2,Explicit model,Explicit model: naming a signal kindly
ma-g3-ready-for-life-u04-l03,ma-g3-ready-for-life,3,ready-for-life,4,21,3,Guided practice,Guided practice: drinking water across the day
ma-g3-ready-for-life-u04-l04,ma-g3-ready-for-life,3,ready-for-life,4,22,4,Application or project,Application or project: eating a variety of foods
ma-g3-ready-for-life-u04-l05,ma-g3-ready-for-life,3,ready-for-life,4,23,5,Mastery check,Mastery check: sleep and rest as fuel
ma-g3-ready-for-life-u04-l06,ma-g3-ready-for-life,3,ready-for-life,4,24,6,Correction and reflection,Correction and reflection: asking an adult about a signal
ma-g3-ready-for-life-u05-l01,ma-g3-ready-for-life,3,ready-for-life,5,25,1,Launch and diagnostic,Launch and diagnostic: reading a daily schedule
ma-g3-ready-for-life-u05-l02,ma-g3-ready-for-life,3,ready-for-life,5,26,2,Explicit model,Explicit model: packing a bag ahead
ma-g3-ready-for-life-u05-l03,ma-g3-ready-for-life,3,ready-for-life,5,27,3,Guided practice,Guided practice: tracking borrowed things
ma-g3-ready-for-life-u05-l04,ma-g3-ready-for-life,3,ready-for-life,5,28,4,Application or project,Application or project: putting things back
ma-g3-ready-for-life-u05-l05,ma-g3-ready-for-life,3,ready-for-life,5,29,5,Mastery check,Mastery check: asking for help clearly
ma-g3-ready-for-life-u05-l06,ma-g3-ready-for-life,3,ready-for-life,5,30,6,Correction and reflection,Correction and reflection: repairing a forgotten job
ma-g3-ready-for-life-u06-l01,ma-g3-ready-for-life,3,ready-for-life,6,31,1,Launch and diagnostic,Launch and diagnostic: choosing a helper job
ma-g3-ready-for-life-u06-l02,ma-g3-ready-for-life,3,ready-for-life,6,32,2,Explicit model,Explicit model: listing steps and materials
ma-g3-ready-for-life-u06-l03,ma-g3-ready-for-life,3,ready-for-life,6,33,3,Guided practice,Guided practice: checking safety and supervision
ma-g3-ready-for-life-u06-l04,ma-g3-ready-for-life,3,ready-for-life,6,34,4,Application or project,Application or project: doing the helper job
ma-g3-ready-for-life-u06-l05,ma-g3-ready-for-life,3,ready-for-life,6,35,5,Mastery check,Mastery check: checking the result
ma-g3-ready-for-life-u06-l06,ma-g3-ready-for-life,3,ready-for-life,6,36,6,Correction and reflection,Correction and reflection: reflecting without shame
ma-g3-tech-cs-u01-l01,ma-g3-tech-cs,3,technology,1,1,1,Launch and diagnostic,Launch and diagnostic: being kind online
ma-g3-tech-cs-u01-l02,ma-g3-tech-cs,3,technology,1,2,2,Explicit model,Explicit model: keeping personal information private
ma-g3-tech-cs-u01-l03,ma-g3-tech-cs,3,technology,1,3,3,Guided practice,Guided practice: trusted adults for help
ma-g3-tech-cs-u01-l04,ma-g3-tech-cs,3,technology,1,4,4,Application or project,Application or project: safe websites and apps
ma-g3-tech-cs-u01-l05,ma-g3-tech-cs,3,technology,1,5,5,Mastery check,Mastery check: strong practice passphrases
ma-g3-tech-cs-u01-l06,ma-g3-tech-cs,3,technology,1,6,6,Correction and reflection,Correction and reflection: taking breaks and balance
ma-g3-tech-cs-u02-l01,ma-g3-tech-cs,3,technology,2,7,1,Launch and diagnostic,Launch and diagnostic: parts of a computer
ma-g3-tech-cs-u02-l02,ma-g3-tech-cs,3,technology,2,8,2,Explicit model,Explicit model: input and output devices
ma-g3-tech-cs-u02-l03,ma-g3-tech-cs,3,technology,2,9,3,Guided practice,Guided practice: caring for devices
ma-g3-tech-cs-u02-l04,ma-g3-tech-cs,3,technology,2,10,4,Application or project,Application or project: software versus hardware
ma-g3-tech-cs-u02-l05,ma-g3-tech-cs,3,technology,2,11,5,Mastery check,Mastery check: using a mouse and trackpad
ma-g3-tech-cs-u02-l06,ma-g3-tech-cs,3,technology,2,12,6,Correction and reflection,Correction and reflection: following multi-step directions
ma-g3-tech-cs-u03-l01,ma-g3-tech-cs,3,technology,3,13,1,Launch and diagnostic,Launch and diagnostic: home row typing basics
ma-g3-tech-cs-u03-l02,ma-g3-tech-cs,3,technology,3,14,2,Explicit model,Explicit model: saving a file
ma-g3-tech-cs-u03-l03,ma-g3-tech-cs,3,technology,3,15,3,Guided practice,Guided practice: naming files clearly
ma-g3-tech-cs-u03-l04,ma-g3-tech-cs,3,technology,3,16,4,Application or project,Application or project: finding a saved file
ma-g3-tech-cs-u03-l05,ma-g3-tech-cs,3,technology,3,17,5,Mastery check,Mastery check: organizing a simple folder
ma-g3-tech-cs-u03-l06,ma-g3-tech-cs,3,technology,3,18,6,Correction and reflection,Correction and reflection: basic word processing
ma-g3-tech-cs-u04-l01,ma-g3-tech-cs,3,technology,4,19,1,Launch and diagnostic,Launch and diagnostic: what is an algorithm
ma-g3-tech-cs-u04-l02,ma-g3-tech-cs,3,technology,4,20,2,Explicit model,Explicit model: everyday sequences
ma-g3-tech-cs-u04-l03,ma-g3-tech-cs,3,technology,4,21,3,Guided practice,Guided practice: giving step-by-step directions
ma-g3-tech-cs-u04-l04,ma-g3-tech-cs,3,technology,4,22,4,Application or project,Application or project: following a partner's directions
ma-g3-tech-cs-u04-l05,ma-g3-tech-cs,3,technology,4,23,5,Mastery check,Mastery check: finding and fixing a mistake in steps
ma-g3-tech-cs-u04-l06,ma-g3-tech-cs,3,technology,4,24,6,Correction and reflection,Correction and reflection: simple repeat patterns
ma-g3-tech-cs-u05-l01,ma-g3-tech-cs,3,technology,5,25,1,Launch and diagnostic,Launch and diagnostic: sorting and counting objects
ma-g3-tech-cs-u05-l02,ma-g3-tech-cs,3,technology,5,26,2,Explicit model,Explicit model: simple picture graphs
ma-g3-tech-cs-u05-l03,ma-g3-tech-cs,3,technology,5,27,3,Guided practice,Guided practice: choosing a picture that fits
ma-g3-tech-cs-u05-l04,ma-g3-tech-cs,3,technology,5,28,4,Application or project,Application or project: comparing two data sets
ma-g3-tech-cs-u05-l05,ma-g3-tech-cs,3,technology,5,29,5,Mastery check,Mastery check: who made this: source basics
ma-g3-tech-cs-u05-l06,ma-g3-tech-cs,3,technology,5,30,6,Correction and reflection,Correction and reflection: checking if a fact seems true
ma-g3-tech-cs-u06-l01,ma-g3-tech-cs,3,technology,6,31,1,Launch and diagnostic,Launch and diagnostic: who will use this
ma-g3-tech-cs-u06-l02,ma-g3-tech-cs,3,technology,6,32,2,Explicit model,Explicit model: gathering ideas
ma-g3-tech-cs-u06-l03,ma-g3-tech-cs,3,technology,6,33,3,Guided practice,Guided practice: sketching a plan
ma-g3-tech-cs-u06-l04,ma-g3-tech-cs,3,technology,6,34,4,Application or project,Application or project: building a simple prototype
ma-g3-tech-cs-u06-l05,ma-g3-tech-cs,3,technology,6,35,5,Mastery check,Mastery check: asking for feedback
ma-g3-tech-cs-u06-l06,ma-g3-tech-cs,3,technology,6,36,6,Correction and reflection,Correction and reflection: making it easier for everyone to use
ma-g3-arts-music-u01-l01,ma-g3-arts-music,3,arts-and-music,1,1,1,Launch and diagnostic,Launch and diagnostic: line and shape
ma-g3-arts-music-u01-l02,ma-g3-arts-music,3,arts-and-music,1,2,2,Concept model A,Concept model A: color
ma-g3-arts-music-u01-l03,ma-g3-arts-music,3,arts-and-music,1,3,3,Guided practice A,Guided practice A: texture
ma-g3-arts-music-u01-l04,ma-g3-arts-music,3,arts-and-music,1,4,4,Independent application A,Independent application A: steady beat
ma-g3-arts-music-u01-l05,ma-g3-arts-music,3,arts-and-music,1,5,5,Concept model B,Concept model B: loud and soft
ma-g3-arts-music-u01-l06,ma-g3-arts-music,3,arts-and-music,1,6,6,Guided practice B,Guided practice B: high and low
ma-g3-arts-music-u01-l07,ma-g3-arts-music,3,arts-and-music,1,7,7,Investigation or close reading,Investigation or close reading: line and shape
ma-g3-arts-music-u01-l08,ma-g3-arts-music,3,arts-and-music,1,8,8,Reteach and varied practice,Reteach and varied practice: color
ma-g3-arts-music-u01-l09,ma-g3-arts-music,3,arts-and-music,1,9,9,Performance task build,Performance task build: texture
ma-g3-arts-music-u01-l10,ma-g3-arts-music,3,arts-and-music,1,10,10,Synthesis and review,Synthesis and review: steady beat
ma-g3-arts-music-u01-l11,ma-g3-arts-music,3,arts-and-music,1,11,11,Unit assessment,Unit assessment: loud and soft
ma-g3-arts-music-u01-l12,ma-g3-arts-music,3,arts-and-music,1,12,12,Correction and reflection,Correction and reflection: high and low
ma-g3-arts-music-u02-l01,ma-g3-arts-music,3,arts-and-music,2,13,1,Launch and diagnostic,Launch and diagnostic: drawing tools
ma-g3-arts-music-u02-l02,ma-g3-arts-music,3,arts-and-music,2,14,2,Concept model A,Concept model A: painting or color media
ma-g3-arts-music-u02-l03,ma-g3-arts-music,3,arts-and-music,2,15,3,Guided practice A,Guided practice A: collage basics
ma-g3-arts-music-u02-l04,ma-g3-arts-music,3,arts-and-music,2,16,4,Independent application A,Independent application A: careful tool and material use
ma-g3-arts-music-u02-l05,ma-g3-arts-music,3,arts-and-music,2,17,5,Concept model B,Concept model B: simple printmaking
ma-g3-arts-music-u02-l06,ma-g3-arts-music,3,arts-and-music,2,18,6,Guided practice B,Guided practice B: sharing and caring for work
ma-g3-arts-music-u02-l07,ma-g3-arts-music,3,arts-and-music,2,19,7,Investigation or close reading,Investigation or close reading: drawing tools
ma-g3-arts-music-u02-l08,ma-g3-arts-music,3,arts-and-music,2,20,8,Reteach and varied practice,Reteach and varied practice: painting or color media
ma-g3-arts-music-u02-l09,ma-g3-arts-music,3,arts-and-music,2,21,9,Performance task build,Performance task build: collage basics
ma-g3-arts-music-u02-l10,ma-g3-arts-music,3,arts-and-music,2,22,10,Synthesis and review,Synthesis and review: careful tool and material use
ma-g3-arts-music-u02-l11,ma-g3-arts-music,3,arts-and-music,2,23,11,Unit assessment,Unit assessment: simple printmaking
ma-g3-arts-music-u02-l12,ma-g3-arts-music,3,arts-and-music,2,24,12,Correction and reflection,Correction and reflection: sharing and caring for work
ma-g3-arts-music-u03-l01,ma-g3-arts-music,3,arts-and-music,3,25,1,Launch and diagnostic,Launch and diagnostic: steady beat
ma-g3-arts-music-u03-l02,ma-g3-arts-music,3,arts-and-music,3,26,2,Concept model A,Concept model A: simple rhythm patterns
ma-g3-arts-music-u03-l03,ma-g3-arts-music,3,arts-and-music,3,27,3,Guided practice A,Guided practice A: instrument families
ma-g3-arts-music-u03-l04,ma-g3-arts-music,3,arts-and-music,3,28,4,Independent application A,Independent application A: voice or instrument choice
ma-g3-arts-music-u03-l05,ma-g3-arts-music,3,arts-and-music,3,29,5,Concept model B,Concept model B: active listening
ma-g3-arts-music-u03-l06,ma-g3-arts-music,3,arts-and-music,3,30,6,Guided practice B,Guided practice B: following a simple pattern
ma-g3-arts-music-u03-l07,ma-g3-arts-music,3,arts-and-music,3,31,7,Investigation or close reading,Investigation or close reading: steady beat
ma-g3-arts-music-u03-l08,ma-g3-arts-music,3,arts-and-music,3,32,8,Reteach and varied practice,Reteach and varied practice: simple rhythm patterns
ma-g3-arts-music-u03-l09,ma-g3-arts-music,3,arts-and-music,3,33,9,Performance task build,Performance task build: instrument families
ma-g3-arts-music-u03-l10,ma-g3-arts-music,3,arts-and-music,3,34,10,Synthesis and review,Synthesis and review: voice or instrument choice
ma-g3-arts-music-u03-l11,ma-g3-arts-music,3,arts-and-music,3,35,11,Unit assessment,Unit assessment: active listening
ma-g3-arts-music-u03-l12,ma-g3-arts-music,3,arts-and-music,3,36,12,Correction and reflection,Correction and reflection: following a simple pattern
ma-g3-arts-music-u04-l01,ma-g3-arts-music,3,arts-and-music,4,37,1,Launch and diagnostic,Launch and diagnostic: character and imagination
ma-g3-arts-music-u04-l02,ma-g3-arts-music,3,arts-and-music,4,38,2,Concept model A,Concept model A: simple movement vocabulary
ma-g3-arts-music-u04-l03,ma-g3-arts-music,3,arts-and-music,4,39,3,Guided practice A,Guided practice A: telling a story with expression
ma-g3-arts-music-u04-l04,ma-g3-arts-music,3,arts-and-music,4,40,4,Independent application A,Independent application A: space and levels in movement
ma-g3-arts-music-u04-l05,ma-g3-arts-music,3,arts-and-music,4,41,5,Concept model B,Concept model B: working with a partner or alone
ma-g3-arts-music-u04-l06,ma-g3-arts-music,3,arts-and-music,4,42,6,Guided practice B,Guided practice B: sharing safely
ma-g3-arts-music-u04-l07,ma-g3-arts-music,3,arts-and-music,4,43,7,Investigation or close reading,Investigation or close reading: character and imagination
ma-g3-arts-music-u04-l08,ma-g3-arts-music,3,arts-and-music,4,44,8,Reteach and varied practice,Reteach and varied practice: simple movement vocabulary
ma-g3-arts-music-u04-l09,ma-g3-arts-music,3,arts-and-music,4,45,9,Performance task build,Performance task build: telling a story with expression
ma-g3-arts-music-u04-l10,ma-g3-arts-music,3,arts-and-music,4,46,10,Synthesis and review,Synthesis and review: space and levels in movement
ma-g3-arts-music-u04-l11,ma-g3-arts-music,3,arts-and-music,4,47,11,Unit assessment,Unit assessment: working with a partner or alone
ma-g3-arts-music-u04-l12,ma-g3-arts-music,3,arts-and-music,4,48,12,Correction and reflection,Correction and reflection: sharing safely
ma-g3-arts-music-u05-l01,ma-g3-arts-music,3,arts-and-music,5,49,1,Launch and diagnostic,Launch and diagnostic: art and music in daily life
ma-g3-arts-music-u05-l02,ma-g3-arts-music,3,arts-and-music,5,50,2,Concept model A,Concept model A: community traditions
ma-g3-arts-music-u05-l03,ma-g3-arts-music,3,arts-and-music,5,51,3,Guided practice A,Guided practice A: respectful listening to new music
ma-g3-arts-music-u05-l04,ma-g3-arts-music,3,arts-and-music,5,52,4,Independent application A,Independent application A: respectful looking at new art
ma-g3-arts-music-u05-l05,ma-g3-arts-music,3,arts-and-music,5,53,5,Concept model B,Concept model B: comparing two works
ma-g3-arts-music-u05-l06,ma-g3-arts-music,3,arts-and-music,5,54,6,Guided practice B,Guided practice B: giving kind and specific feedback
ma-g3-arts-music-u05-l07,ma-g3-arts-music,3,arts-and-music,5,55,7,Investigation or close reading,Investigation or close reading: art and music in daily life
ma-g3-arts-music-u05-l08,ma-g3-arts-music,3,arts-and-music,5,56,8,Reteach and varied practice,Reteach and varied practice: community traditions
ma-g3-arts-music-u05-l09,ma-g3-arts-music,3,arts-and-music,5,57,9,Performance task build,Performance task build: respectful listening to new music
ma-g3-arts-music-u05-l10,ma-g3-arts-music,3,arts-and-music,5,58,10,Synthesis and review,Synthesis and review: respectful looking at new art
ma-g3-arts-music-u05-l11,ma-g3-arts-music,3,arts-and-music,5,59,11,Unit assessment,Unit assessment: comparing two works
ma-g3-arts-music-u05-l12,ma-g3-arts-music,3,arts-and-music,5,60,12,Correction and reflection,Correction and reflection: giving kind and specific feedback
ma-g3-arts-music-u06-l01,ma-g3-arts-music,3,arts-and-music,6,61,1,Launch and diagnostic,Launch and diagnostic: choosing favorite work
ma-g3-arts-music-u06-l02,ma-g3-arts-music,3,arts-and-music,6,62,2,Concept model A,Concept model A: writing about my work
ma-g3-arts-music-u06-l03,ma-g3-arts-music,3,arts-and-music,6,63,3,Guided practice A,Guided practice A: practicing a presentation
ma-g3-arts-music-u06-l04,ma-g3-arts-music,3,arts-and-music,6,64,4,Independent application A,Independent application A: giving and receiving feedback
ma-g3-arts-music-u06-l05,ma-g3-arts-music,3,arts-and-music,6,65,5,Concept model B,Concept model B: making one improvement
ma-g3-arts-music-u06-l06,ma-g3-arts-music,3,arts-and-music,6,66,6,Guided practice B,Guided practice B: sharing my portfolio
ma-g3-arts-music-u06-l07,ma-g3-arts-music,3,arts-and-music,6,67,7,Investigation or close reading,Investigation or close reading: choosing favorite work
ma-g3-arts-music-u06-l08,ma-g3-arts-music,3,arts-and-music,6,68,8,Reteach and varied practice,Reteach and varied practice: writing about my work
ma-g3-arts-music-u06-l09,ma-g3-arts-music,3,arts-and-music,6,69,9,Performance task build,Performance task build: practicing a presentation
ma-g3-arts-music-u06-l10,ma-g3-arts-music,3,arts-and-music,6,70,10,Synthesis and review,Synthesis and review: giving and receiving feedback
ma-g3-arts-music-u06-l11,ma-g3-arts-music,3,arts-and-music,6,71,11,Unit assessment,Unit assessment: making one improvement
ma-g3-arts-music-u06-l12,ma-g3-arts-music,3,arts-and-music,6,72,12,Correction and reflection,Correction and reflection: sharing my portfolio
ma-g3-financial-literacy-u01-l01,ma-g3-financial-literacy,3,financial-literacy,1,1,1,Launch and diagnostic,Launch and diagnostic: what a need is
ma-g3-financial-literacy-u01-l02,ma-g3-financial-literacy,3,financial-literacy,1,2,2,Explicit model,Explicit model: what a want is
ma-g3-financial-literacy-u01-l03,ma-g3-financial-literacy,3,financial-literacy,1,3,3,Guided practice,Guided practice: why we cannot have everything
ma-g3-financial-literacy-u01-l04,ma-g3-financial-literacy,3,financial-literacy,1,4,4,Application or project,Application or project: naming what we gave up
ma-g3-financial-literacy-u01-l05,ma-g3-financial-literacy,3,financial-literacy,1,5,5,Mastery check,Mastery check: private choices and different families
ma-g3-financial-literacy-u01-l06,ma-g3-financial-literacy,3,financial-literacy,1,6,6,Correction and reflection,Correction and reflection: steps of a careful choice
ma-g3-financial-literacy-u02-l01,ma-g3-financial-literacy,3,financial-literacy,2,7,1,Launch and diagnostic,Launch and diagnostic: earning money through work
ma-g3-financial-literacy-u02-l02,ma-g3-financial-literacy,3,financial-literacy,2,8,2,Explicit model,Explicit model: jobs in a community
ma-g3-financial-literacy-u02-l03,ma-g3-financial-literacy,3,financial-literacy,2,9,3,Guided practice,Guided practice: skills grow with practice
ma-g3-financial-literacy-u02-l04,ma-g3-financial-literacy,3,financial-literacy,2,10,4,Application or project,Application or project: unpaid work at home
ma-g3-financial-literacy-u02-l05,ma-g3-financial-literacy,3,financial-literacy,2,11,5,Mastery check,"Mastery check: gifts, allowance, and earning"
ma-g3-financial-literacy-u02-l06,ma-g3-financial-literacy,3,financial-literacy,2,12,6,Correction and reflection,Correction and reflection: fairness and thank-you
ma-g3-financial-literacy-u03-l01,ma-g3-financial-literacy,3,financial-literacy,3,13,1,Launch and diagnostic,Launch and diagnostic: counting pretend money
ma-g3-financial-literacy-u03-l02,ma-g3-financial-literacy,3,financial-literacy,3,14,2,Explicit model,Explicit model: comparing two pretend prices
ma-g3-financial-literacy-u03-l03,ma-g3-financial-literacy,3,financial-literacy,3,15,3,Guided practice,Guided practice: bigger is not always better
ma-g3-financial-literacy-u03-l04,ma-g3-financial-literacy,3,financial-literacy,3,16,4,Application or project,Application or project: making a pretend shopping list
ma-g3-financial-literacy-u03-l05,ma-g3-financial-literacy,3,financial-literacy,3,17,5,Mastery check,Mastery check: checking the pretend total
ma-g3-financial-literacy-u03-l06,ma-g3-financial-literacy,3,financial-literacy,3,18,6,Correction and reflection,Correction and reflection: changing a plan when money runs short
ma-g3-financial-literacy-u04-l01,ma-g3-financial-literacy,3,financial-literacy,4,19,1,Launch and diagnostic,Launch and diagnostic: what saving means
ma-g3-financial-literacy-u04-l02,ma-g3-financial-literacy,3,financial-literacy,4,20,2,Explicit model,Explicit model: short goals and longer goals
ma-g3-financial-literacy-u04-l03,ma-g3-financial-literacy,3,financial-literacy,4,21,3,Guided practice,Guided practice: a pretend savings chart
ma-g3-financial-literacy-u04-l04,ma-g3-financial-literacy,3,financial-literacy,4,22,4,Application or project,Application or project: adding a little each week
ma-g3-financial-literacy-u04-l05,ma-g3-financial-literacy,3,financial-literacy,4,23,5,Mastery check,Mastery check: waiting is hard and normal
ma-g3-financial-literacy-u04-l06,ma-g3-financial-literacy,3,financial-literacy,4,24,6,Correction and reflection,Correction and reflection: reaching a goal and choosing next
ma-g3-financial-literacy-u05-l01,ma-g3-financial-literacy,3,financial-literacy,5,25,1,Launch and diagnostic,"Launch and diagnostic: pretend cash, coins, and cards"
ma-g3-financial-literacy-u05-l02,ma-g3-financial-literacy,3,financial-literacy,5,26,2,Explicit model,Explicit model: keeping money information private
ma-g3-financial-literacy-u05-l03,ma-g3-financial-literacy,3,financial-literacy,5,27,3,Guided practice,Guided practice: why ads want us to want
ma-g3-financial-literacy-u05-l04,ma-g3-financial-literacy,3,financial-literacy,5,28,4,Application or project,Application or project: spotting an ad
ma-g3-financial-literacy-u05-l05,ma-g3-financial-literacy,3,financial-literacy,5,29,5,Mastery check,Mastery check: asking a question before believing
ma-g3-financial-literacy-u05-l06,ma-g3-financial-literacy,3,financial-literacy,5,30,6,Correction and reflection,Correction and reflection: who to tell about tricks
ma-g3-financial-literacy-u06-l01,ma-g3-financial-literacy,3,financial-literacy,6,31,1,Launch and diagnostic,Launch and diagnostic: choosing a pretend product
ma-g3-financial-literacy-u06-l02,ma-g3-financial-literacy,3,financial-literacy,6,32,2,Explicit model,Explicit model: figuring out pretend costs
ma-g3-financial-literacy-u06-l03,ma-g3-financial-literacy,3,financial-literacy,6,33,3,Guided practice,Guided practice: setting a pretend price
ma-g3-financial-literacy-u06-l04,ma-g3-financial-literacy,3,financial-literacy,6,34,4,Application or project,Application or project: making an honest sign
ma-g3-financial-literacy-u06-l05,ma-g3-financial-literacy,3,financial-literacy,6,35,5,Mastery check,Mastery check: keeping a pretend sales record
ma-g3-financial-literacy-u06-l06,ma-g3-financial-literacy,3,financial-literacy,6,36,6,Correction and reflection,"Correction and reflection: sharing, giving, and reflecting"
ma-g4-mathematics-u01-l01,ma-g4-mathematics,4,mathematics,1,1,1,Launch and diagnostic,Launch and diagnostic: making sense of large numbers and unfamiliar problems
ma-g4-mathematics-u01-l02,ma-g4-mathematics,4,mathematics,1,2,2,Concept build A,Concept build A: a digit represents ten times what it represents to its right
ma-g4-mathematics-u01-l03,ma-g4-mathematics,4,mathematics,1,3,3,Concept build B,Concept build B: place value through the hundred thousands and beyond
ma-g4-mathematics-u01-l04,ma-g4-mathematics,4,mathematics,1,4,4,Guided practice A,Guided practice A: reading and writing multi-digit numbers in three forms
ma-g4-mathematics-u01-l05,ma-g4-mathematics,4,mathematics,1,5,5,Independent evidence A,Independent evidence A: expanded form and number names
ma-g4-mathematics-u01-l06,ma-g4-mathematics,4,mathematics,1,6,6,Concept build C,Concept build C: comparing multi-digit numbers using place value
ma-g4-mathematics-u01-l07,ma-g4-mathematics,4,mathematics,1,7,7,Guided practice B,"Guided practice B: recording comparisons with greater than, equal to, and less than"
ma-g4-mathematics-u01-l08,ma-g4-mathematics,4,mathematics,1,8,8,Error analysis and repair,Error analysis and repair: digit-count comparison errors
ma-g4-mathematics-u01-l09,ma-g4-mathematics,4,mathematics,1,9,9,Retrieval and fluency,Retrieval and fluency: place value and comparison
ma-g4-mathematics-u01-l10,ma-g4-mathematics,4,mathematics,1,10,10,Independent evidence B,Independent evidence B: comparing and ordering multi-digit numbers in context
ma-g4-mathematics-u01-l11,ma-g4-mathematics,4,mathematics,1,11,11,Concept extension,Concept extension: rounding multi-digit whole numbers to any place
ma-g4-mathematics-u01-l12,ma-g4-mathematics,4,mathematics,1,12,12,Applied problem solving,Applied problem solving: choosing a rounding place and estimating to judge reasonableness
ma-g4-mathematics-u01-l13,ma-g4-mathematics,4,mathematics,1,13,13,Performance task: plan,Performance task: plan: the Ten Times Bigger explainer
ma-g4-mathematics-u01-l14,ma-g4-mathematics,4,mathematics,1,14,14,Performance task: build,Performance task: build: the explainer with models and comparisons
ma-g4-mathematics-u01-l15,ma-g4-mathematics,4,mathematics,1,15,15,Synthesis and review,"Synthesis and review: place value, comparison, and rounding"
ma-g4-mathematics-u01-l16,ma-g4-mathematics,4,mathematics,1,16,16,Unit assessment,Unit assessment: multi-digit place value and rounding
ma-g4-mathematics-u01-l17,ma-g4-mathematics,4,mathematics,1,17,17,Targeted correction and reassessment,Targeted correction and reassessment: comparison and rounding
ma-g4-mathematics-u01-l18,ma-g4-mathematics,4,mathematics,1,18,18,"Transfer, reflection, and publication","Transfer, reflection, and publication: reading large numbers encountered in the world"
ma-g4-mathematics-u02-l01,ma-g4-mathematics,4,mathematics,2,19,1,Launch and diagnostic,Launch and diagnostic: what the standard algorithm records about place value
ma-g4-mathematics-u02-l02,ma-g4-mathematics,4,mathematics,2,20,2,Concept build A,Concept build A: multi-digit addition with regrouping across places
ma-g4-mathematics-u02-l03,ma-g4-mathematics,4,mathematics,2,21,3,Concept build B,Concept build B: why regrouping preserves the value of a number
ma-g4-mathematics-u02-l04,ma-g4-mathematics,4,mathematics,2,22,4,Guided practice A,Guided practice A: fluent multi-digit addition
ma-g4-mathematics-u02-l05,ma-g4-mathematics,4,mathematics,2,23,5,Independent evidence A,Independent evidence A: addition inside multistep contexts
ma-g4-mathematics-u02-l06,ma-g4-mathematics,4,mathematics,2,24,6,Concept build C,Concept build C: multi-digit subtraction with regrouping
ma-g4-mathematics-u02-l07,ma-g4-mathematics,4,mathematics,2,25,7,Guided practice B,Guided practice B: subtraction across zeros
ma-g4-mathematics-u02-l08,ma-g4-mathematics,4,mathematics,2,26,8,Error analysis and repair,Error analysis and repair: alignment and regrouping errors
ma-g4-mathematics-u02-l09,ma-g4-mathematics,4,mathematics,2,27,9,Retrieval and fluency,Retrieval and fluency: mixed addition and subtraction
ma-g4-mathematics-u02-l10,ma-g4-mathematics,4,mathematics,2,28,10,Independent evidence B,Independent evidence B: comparison and difference situations in context
ma-g4-mathematics-u02-l11,ma-g4-mathematics,4,mathematics,2,29,11,Concept extension,Concept extension: multistep problems using a letter for the unknown quantity
ma-g4-mathematics-u02-l12,ma-g4-mathematics,4,mathematics,2,30,12,Applied problem solving,Applied problem solving: multistep problems checked against a rounded estimate
ma-g4-mathematics-u02-l13,ma-g4-mathematics,4,mathematics,2,31,13,Performance task: plan,Performance task: plan: the error-audit correction guide
ma-g4-mathematics-u02-l14,ma-g4-mathematics,4,mathematics,2,32,14,Performance task: build,Performance task: build: corrections with place-value explanations
ma-g4-mathematics-u02-l15,ma-g4-mathematics,4,mathematics,2,33,15,Synthesis and review,"Synthesis and review: algorithm, reasoning, and reasonableness"
ma-g4-mathematics-u02-l16,ma-g4-mathematics,4,mathematics,2,34,16,Unit assessment,Unit assessment: multi-digit addition and subtraction
ma-g4-mathematics-u02-l17,ma-g4-mathematics,4,mathematics,2,35,17,Targeted correction and reassessment,Targeted correction and reassessment: regrouping
ma-g4-mathematics-u02-l18,ma-g4-mathematics,4,mathematics,2,36,18,"Transfer, reflection, and publication","Transfer, reflection, and publication: checking a total before trusting it"
ma-g4-mathematics-u03-l01,ma-g4-mathematics,4,mathematics,3,37,1,Launch and diagnostic,Launch and diagnostic: more than compared with times as many
ma-g4-mathematics-u03-l02,ma-g4-mathematics,4,mathematics,3,38,2,Concept build A,Concept build A: interpreting a multiplication equation as a comparison
ma-g4-mathematics-u03-l03,ma-g4-mathematics,4,mathematics,3,39,3,Concept build B,Concept build B: writing equations for multiplicative comparisons
ma-g4-mathematics-u03-l04,ma-g4-mathematics,4,mathematics,3,40,4,Guided practice A,Guided practice A: comparison word problems solved with models
ma-g4-mathematics-u03-l05,ma-g4-mathematics,4,mathematics,3,41,5,Independent evidence A,Independent evidence A: distinguishing additive from multiplicative comparison
ma-g4-mathematics-u03-l06,ma-g4-mathematics,4,mathematics,3,42,6,Concept build C,Concept build C: finding factor pairs for whole numbers within 100
ma-g4-mathematics-u03-l07,ma-g4-mathematics,4,mathematics,3,43,7,Guided practice B,Guided practice B: finding all factor pairs systematically
ma-g4-mathematics-u03-l08,ma-g4-mathematics,4,mathematics,3,44,8,Error analysis and repair,Error analysis and repair: missed-factor and misread-comparison errors
ma-g4-mathematics-u03-l09,ma-g4-mathematics,4,mathematics,3,45,9,Retrieval and fluency,Retrieval and fluency: facts and factor pairs
ma-g4-mathematics-u03-l10,ma-g4-mathematics,4,mathematics,3,46,10,Independent evidence B,Independent evidence B: recognizing multiples and reasoning about divisibility
ma-g4-mathematics-u03-l11,ma-g4-mathematics,4,mathematics,3,47,11,Concept extension,Concept extension: generating a number pattern from a rule and describing a feature the rule does not state
ma-g4-mathematics-u03-l12,ma-g4-mathematics,4,mathematics,3,48,12,Applied problem solving,"Applied problem solving: prime and composite numbers, and extending a rule-based pattern"
ma-g4-mathematics-u03-l13,ma-g4-mathematics,4,mathematics,3,49,13,Performance task: plan,Performance task: plan: the Number Portrait set
ma-g4-mathematics-u03-l14,ma-g4-mathematics,4,mathematics,3,50,14,Performance task: build,"Performance task: build: portraits with factor pairs, multiples, and stories"
ma-g4-mathematics-u03-l15,ma-g4-mathematics,4,mathematics,3,51,15,Synthesis and review,"Synthesis and review: comparison, factors, and multiples"
ma-g4-mathematics-u03-l16,ma-g4-mathematics,4,mathematics,3,52,16,Unit assessment,"Unit assessment: comparison, factors, and multiples"
ma-g4-mathematics-u03-l17,ma-g4-mathematics,4,mathematics,3,53,17,Targeted correction and reassessment,Targeted correction and reassessment: comparison and factoring
ma-g4-mathematics-u03-l18,ma-g4-mathematics,4,mathematics,3,54,18,"Transfer, reflection, and publication","Transfer, reflection, and publication: describing real relationships as times as many"
ma-g4-mathematics-u04-l01,ma-g4-mathematics,4,mathematics,4,55,1,Launch and diagnostic,Launch and diagnostic: multiplying beyond the basic facts
ma-g4-mathematics-u04-l02,ma-g4-mathematics,4,mathematics,4,56,2,Concept build A,Concept build A: multiplying by multiples of ten
ma-g4-mathematics-u04-l03,ma-g4-mathematics,4,mathematics,4,57,3,Concept build B,Concept build B: area models for two digits by one digit
ma-g4-mathematics-u04-l04,ma-g4-mathematics,4,mathematics,4,58,4,Guided practice A,Guided practice A: recording partial products
ma-g4-mathematics-u04-l05,ma-g4-mathematics,4,mathematics,4,59,5,Independent evidence A,Independent evidence A: multiplying up to four digits by one digit
ma-g4-mathematics-u04-l06,ma-g4-mathematics,4,mathematics,4,60,6,Concept build C,Concept build C: area models for two digits by two digits
ma-g4-mathematics-u04-l07,ma-g4-mathematics,4,mathematics,4,61,7,Guided practice B,Guided practice B: partial products with two two-digit factors
ma-g4-mathematics-u04-l08,ma-g4-mathematics,4,mathematics,4,62,8,Error analysis and repair,Error analysis and repair: place-value slips in partial products
ma-g4-mathematics-u04-l09,ma-g4-mathematics,4,mathematics,4,63,9,Retrieval and fluency,Retrieval and fluency: facts and multiples of ten
ma-g4-mathematics-u04-l10,ma-g4-mathematics,4,mathematics,4,64,10,Independent evidence B,Independent evidence B: multiplication inside multistep problems
ma-g4-mathematics-u04-l11,ma-g4-mathematics,4,mathematics,4,65,11,Concept extension,Concept extension: multiplicative comparison with larger numbers
ma-g4-mathematics-u04-l12,ma-g4-mathematics,4,mathematics,4,66,12,Applied problem solving,Applied problem solving: estimating products to check reasonableness
ma-g4-mathematics-u04-l13,ma-g4-mathematics,4,mathematics,4,67,13,Performance task: plan,Performance task: plan: the supply order
ma-g4-mathematics-u04-l14,ma-g4-mathematics,4,mathematics,4,68,14,Performance task: build,Performance task: build: the order with models and estimates
ma-g4-mathematics-u04-l15,ma-g4-mathematics,4,mathematics,4,69,15,Synthesis and review,"Synthesis and review: models, partial products, and estimation"
ma-g4-mathematics-u04-l16,ma-g4-mathematics,4,mathematics,4,70,16,Unit assessment,Unit assessment: multi-digit multiplication
ma-g4-mathematics-u04-l17,ma-g4-mathematics,4,mathematics,4,71,17,Targeted correction and reassessment,Targeted correction and reassessment: partial products and place-value alignment
ma-g4-mathematics-u04-l18,ma-g4-mathematics,4,mathematics,4,72,18,"Transfer, reflection, and publication","Transfer, reflection, and publication: scaling a plan up with multiplication"
ma-g4-mathematics-u05-l01,ma-g4-mathematics,4,mathematics,5,73,1,Launch and diagnostic,Launch and diagnostic: sharing that does not come out even
ma-g4-mathematics-u05-l02,ma-g4-mathematics,4,mathematics,5,74,2,Concept build A,Concept build A: division as an unknown-factor problem with place value
ma-g4-mathematics-u05-l03,ma-g4-mathematics,4,mathematics,5,75,3,Concept build B,Concept build B: area and array models for division
ma-g4-mathematics-u05-l04,ma-g4-mathematics,4,mathematics,5,76,4,Guided practice A,Guided practice A: recording partial quotients
ma-g4-mathematics-u05-l05,ma-g4-mathematics,4,mathematics,5,77,5,Independent evidence A,Independent evidence A: dividing up to four digits by a one-digit divisor
ma-g4-mathematics-u05-l06,ma-g4-mathematics,4,mathematics,5,78,6,Concept build C,Concept build C: interpreting remainders in context
ma-g4-mathematics-u05-l07,ma-g4-mathematics,4,mathematics,5,79,7,Guided practice B,"Guided practice B: remainder decisions: drop it, round up, or report what is left over"
ma-g4-mathematics-u05-l08,ma-g4-mathematics,4,mathematics,5,80,8,Error analysis and repair,Error analysis and repair: ignored-remainder and missing-zero errors
ma-g4-mathematics-u05-l09,ma-g4-mathematics,4,mathematics,5,81,9,Retrieval and fluency,Retrieval and fluency: division facts and multiples
ma-g4-mathematics-u05-l10,ma-g4-mathematics,4,mathematics,5,82,10,Independent evidence B,Independent evidence B: multistep problems that involve division
ma-g4-mathematics-u05-l11,ma-g4-mathematics,4,mathematics,5,83,11,Concept extension,Concept extension: checking a quotient by multiplying
ma-g4-mathematics-u05-l12,ma-g4-mathematics,4,mathematics,5,84,12,Applied problem solving,Applied problem solving: estimating to predict the size of a quotient
ma-g4-mathematics-u05-l13,ma-g4-mathematics,4,mathematics,5,85,13,Performance task: plan,Performance task: plan: the fair-distribution plan
ma-g4-mathematics-u05-l14,ma-g4-mathematics,4,mathematics,5,86,14,Performance task: build,Performance task: build: the plan with a written remainder justification
ma-g4-mathematics-u05-l15,ma-g4-mathematics,4,mathematics,5,87,15,Synthesis and review,Synthesis and review: division strategy and remainder interpretation
ma-g4-mathematics-u05-l16,ma-g4-mathematics,4,mathematics,5,88,16,Unit assessment,Unit assessment: division and remainders
ma-g4-mathematics-u05-l17,ma-g4-mathematics,4,mathematics,5,89,17,Targeted correction and reassessment,Targeted correction and reassessment: quotients and remainders
ma-g4-mathematics-u05-l18,ma-g4-mathematics,4,mathematics,5,90,18,"Transfer, reflection, and publication","Transfer, reflection, and publication: fair sharing decisions in real situations"
ma-g4-mathematics-u06-l01,ma-g4-mathematics,4,mathematics,6,91,1,Launch and diagnostic,Launch and diagnostic: the same amount written with a different name
ma-g4-mathematics-u06-l02,ma-g4-mathematics,4,mathematics,6,92,2,Concept build A,Concept build A: equivalence produced by partitioning a model further
ma-g4-mathematics-u06-l03,ma-g4-mathematics,4,mathematics,6,93,3,Concept build B,Concept build B: why a/b equals n times a over n times b
ma-g4-mathematics-u06-l04,ma-g4-mathematics,4,mathematics,6,94,4,Guided practice A,Guided practice A: generating equivalent fractions
ma-g4-mathematics-u06-l05,ma-g4-mathematics,4,mathematics,6,95,5,Independent evidence A,Independent evidence A: recognizing equivalence across models and notation
ma-g4-mathematics-u06-l06,ma-g4-mathematics,4,mathematics,6,96,6,Concept build C,Concept build C: rewriting fractions with a common denominator
ma-g4-mathematics-u06-l07,ma-g4-mathematics,4,mathematics,6,97,7,Guided practice B,Guided practice B: comparing fractions using a common denominator
ma-g4-mathematics-u06-l08,ma-g4-mathematics,4,mathematics,6,98,8,Error analysis and repair,Error analysis and repair: numerator-only comparison errors
ma-g4-mathematics-u06-l09,ma-g4-mathematics,4,mathematics,6,99,9,Retrieval and fluency,Retrieval and fluency: equivalence and benchmarks
ma-g4-mathematics-u06-l10,ma-g4-mathematics,4,mathematics,6,100,10,Independent evidence B,Independent evidence B: comparing fractions using benchmark values
ma-g4-mathematics-u06-l11,ma-g4-mathematics,4,mathematics,6,101,11,Concept extension,Concept extension: comparing only when fractions refer to the same whole
ma-g4-mathematics-u06-l12,ma-g4-mathematics,4,mathematics,6,102,12,Applied problem solving,Applied problem solving: justifying comparisons visually and symbolically
ma-g4-mathematics-u06-l13,ma-g4-mathematics,4,mathematics,6,103,13,Performance task: plan,Performance task: plan: the equivalence proof wall
ma-g4-mathematics-u06-l14,ma-g4-mathematics,4,mathematics,6,104,14,Performance task: build,Performance task: build: claims with models and written arguments
ma-g4-mathematics-u06-l15,ma-g4-mathematics,4,mathematics,6,105,15,Synthesis and review,Synthesis and review: equivalence and comparison
ma-g4-mathematics-u06-l16,ma-g4-mathematics,4,mathematics,6,106,16,Unit assessment,Unit assessment: fraction equivalence and comparison
ma-g4-mathematics-u06-l17,ma-g4-mathematics,4,mathematics,6,107,17,Targeted correction and reassessment,Targeted correction and reassessment: comparison strategy
ma-g4-mathematics-u06-l18,ma-g4-mathematics,4,mathematics,6,108,18,"Transfer, reflection, and publication","Transfer, reflection, and publication: recognizing equivalent amounts in real settings"
ma-g4-mathematics-u07-l01,ma-g4-mathematics,4,mathematics,7,109,1,Launch and diagnostic,Launch and diagnostic: a fraction as a count of unit fractions
ma-g4-mathematics-u07-l02,ma-g4-mathematics,4,mathematics,7,110,2,Concept build A,Concept build A: decomposing a fraction into a sum of unit fractions
ma-g4-mathematics-u07-l03,ma-g4-mathematics,4,mathematics,7,111,3,Concept build B,Concept build B: adding and subtracting fractions with like denominators
ma-g4-mathematics-u07-l04,ma-g4-mathematics,4,mathematics,7,112,4,Guided practice A,Guided practice A: mixed numbers and fractions greater than one
ma-g4-mathematics-u07-l05,ma-g4-mathematics,4,mathematics,7,113,5,Independent evidence A,Independent evidence A: adding and subtracting mixed numbers with like denominators
ma-g4-mathematics-u07-l06,ma-g4-mathematics,4,mathematics,7,114,6,Concept build C,Concept build C: word problems adding and subtracting like-denominator fractions
ma-g4-mathematics-u07-l07,ma-g4-mathematics,4,mathematics,7,115,7,Guided practice B,Guided practice B: multiplying a fraction by a whole number as repeated addition
ma-g4-mathematics-u07-l08,ma-g4-mathematics,4,mathematics,7,116,8,Error analysis and repair,Error analysis and repair: added-denominator errors
ma-g4-mathematics-u07-l09,ma-g4-mathematics,4,mathematics,7,117,9,Retrieval and fluency,Retrieval and fluency: unit-fraction decomposition
ma-g4-mathematics-u07-l10,ma-g4-mathematics,4,mathematics,7,118,10,Independent evidence B,Independent evidence B: solving word problems that multiply a fraction by a whole number
ma-g4-mathematics-u07-l11,ma-g4-mathematics,4,mathematics,7,119,11,Concept extension,Concept extension: fraction operations inside measurement contexts
ma-g4-mathematics-u07-l12,ma-g4-mathematics,4,mathematics,7,120,12,Applied problem solving,Applied problem solving: connecting repeated addition to n times a over b
ma-g4-mathematics-u07-l13,ma-g4-mathematics,4,mathematics,7,121,13,Performance task: plan,Performance task: plan: the recipe or measurement plan
ma-g4-mathematics-u07-l14,ma-g4-mathematics,4,mathematics,7,122,14,Performance task: build,Performance task: build: the plan with combined and scaled amounts
ma-g4-mathematics-u07-l15,ma-g4-mathematics,4,mathematics,7,123,15,Synthesis and review,Synthesis and review: fraction operations
ma-g4-mathematics-u07-l16,ma-g4-mathematics,4,mathematics,7,124,16,Unit assessment,"Unit assessment: fraction addition, subtraction, and multiplication"
ma-g4-mathematics-u07-l17,ma-g4-mathematics,4,mathematics,7,125,17,Targeted correction and reassessment,Targeted correction and reassessment: fraction operations
ma-g4-mathematics-u07-l18,ma-g4-mathematics,4,mathematics,7,126,18,"Transfer, reflection, and publication","Transfer, reflection, and publication: scaling a fractional plan for more people"
ma-g4-mathematics-u08-l01,ma-g4-mathematics,4,mathematics,8,127,1,Launch and diagnostic,Launch and diagnostic: two ways to write the same amount
ma-g4-mathematics-u08-l02,ma-g4-mathematics,4,mathematics,8,128,2,Concept build A,Concept build A: tenths and hundredths written as fractions
ma-g4-mathematics-u08-l03,ma-g4-mathematics,4,mathematics,8,129,3,Concept build B,Concept build B: adding tenths and hundredths by rewriting to a common unit
ma-g4-mathematics-u08-l04,ma-g4-mathematics,4,mathematics,8,130,4,Guided practice A,Guided practice A: writing fractions with denominator 10 or 100 in decimal notation
ma-g4-mathematics-u08-l05,ma-g4-mathematics,4,mathematics,8,131,5,Independent evidence A,Independent evidence A: locating decimals on a number line
ma-g4-mathematics-u08-l06,ma-g4-mathematics,4,mathematics,8,132,6,Concept build C,Concept build C: decimals in money and measurement contexts
ma-g4-mathematics-u08-l07,ma-g4-mathematics,4,mathematics,8,133,7,Guided practice B,Guided practice B: comparing decimals to hundredths
ma-g4-mathematics-u08-l08,ma-g4-mathematics,4,mathematics,8,134,8,Error analysis and repair,Error analysis and repair: digit-count decimal comparison errors
ma-g4-mathematics-u08-l09,ma-g4-mathematics,4,mathematics,8,135,9,Retrieval and fluency,Retrieval and fluency: fraction and decimal equivalents
ma-g4-mathematics-u08-l10,ma-g4-mathematics,4,mathematics,8,136,10,Independent evidence B,Independent evidence B: comparing and ordering decimals
ma-g4-mathematics-u08-l11,ma-g4-mathematics,4,mathematics,8,137,11,Concept extension,Concept extension: why a comparison requires the same whole
ma-g4-mathematics-u08-l12,ma-g4-mathematics,4,mathematics,8,138,12,Applied problem solving,Applied problem solving: money problems involving decimals
ma-g4-mathematics-u08-l13,ma-g4-mathematics,4,mathematics,8,139,13,Performance task: plan,Performance task: plan: the conversion board
ma-g4-mathematics-u08-l14,ma-g4-mathematics,4,mathematics,8,140,14,Performance task: build,"Performance task: build: the board with fractions, decimals, models, and comparisons"
ma-g4-mathematics-u08-l15,ma-g4-mathematics,4,mathematics,8,141,15,Synthesis and review,Synthesis and review: fraction and decimal connections
ma-g4-mathematics-u08-l16,ma-g4-mathematics,4,mathematics,8,142,16,Unit assessment,Unit assessment: decimal notation and comparison
ma-g4-mathematics-u08-l17,ma-g4-mathematics,4,mathematics,8,143,17,Targeted correction and reassessment,Targeted correction and reassessment: decimal comparison
ma-g4-mathematics-u08-l18,ma-g4-mathematics,4,mathematics,8,144,18,"Transfer, reflection, and publication","Transfer, reflection, and publication: reading decimals on price tags and measuring tools"
ma-g4-mathematics-u09-l01,ma-g4-mathematics,4,mathematics,9,145,1,Launch and diagnostic,Launch and diagnostic: why the size of a unit changes the number
ma-g4-mathematics-u09-l02,ma-g4-mathematics,4,mathematics,9,146,2,Concept build A,Concept build A: relative sizes of metric units
ma-g4-mathematics-u09-l03,ma-g4-mathematics,4,mathematics,9,147,3,Concept build B,Concept build B: relative sizes of customary units
ma-g4-mathematics-u09-l04,ma-g4-mathematics,4,mathematics,9,148,4,Guided practice A,Guided practice A: two-column conversion tables
ma-g4-mathematics-u09-l05,ma-g4-mathematics,4,mathematics,9,149,5,Independent evidence A,Independent evidence A: converting from a larger unit to a smaller unit
ma-g4-mathematics-u09-l06,ma-g4-mathematics,4,mathematics,9,150,6,Concept build C,Concept build C: measurement word problems including money and time
ma-g4-mathematics-u09-l07,ma-g4-mathematics,4,mathematics,9,151,7,Guided practice B,Guided practice B: applying area and perimeter formulas for rectangles
ma-g4-mathematics-u09-l08,ma-g4-mathematics,4,mathematics,9,152,8,Error analysis and repair,Error analysis and repair: wrong-direction conversion errors
ma-g4-mathematics-u09-l09,ma-g4-mathematics,4,mathematics,9,153,9,Retrieval and fluency,"Retrieval and fluency: unit benchmarks, conversions, and formulas"
ma-g4-mathematics-u09-l10,ma-g4-mathematics,4,mathematics,9,154,10,Independent evidence B,Independent evidence B: measurement problems involving fractions and decimals
ma-g4-mathematics-u09-l11,ma-g4-mathematics,4,mathematics,9,155,11,Concept extension,"Concept extension: line plots with halves, quarters, and eighths of an inch"
ma-g4-mathematics-u09-l12,ma-g4-mathematics,4,mathematics,9,156,12,Applied problem solving,"Applied problem solving: finding an unknown side length from area or perimeter, and interpreting a line plot"
ma-g4-mathematics-u09-l13,ma-g4-mathematics,4,mathematics,9,157,13,Performance task: plan,Performance task: plan: the measurement study
ma-g4-mathematics-u09-l14,ma-g4-mathematics,4,mathematics,9,158,14,Performance task: build,"Performance task: build: the conversion table, area analysis, and line plot"
ma-g4-mathematics-u09-l15,ma-g4-mathematics,4,mathematics,9,159,15,Synthesis and review,"Synthesis and review: conversion, formulas, and measurement data"
ma-g4-mathematics-u09-l16,ma-g4-mathematics,4,mathematics,9,160,16,Unit assessment,"Unit assessment: measurement, conversion, and data"
ma-g4-mathematics-u09-l17,ma-g4-mathematics,4,mathematics,9,161,17,Targeted correction and reassessment,Targeted correction and reassessment: conversion and formulas
ma-g4-mathematics-u09-l18,ma-g4-mathematics,4,mathematics,9,162,18,"Transfer, reflection, and publication","Transfer, reflection, and publication: measuring and converting for a real task"
ma-g4-mathematics-u10-l01,ma-g4-mathematics,4,mathematics,10,163,1,Launch and diagnostic,Launch and diagnostic: what an angle actually measures
ma-g4-mathematics-u10-l02,ma-g4-mathematics,4,mathematics,10,164,2,Concept build A,Concept build A: angles as fractions of a circular turn
ma-g4-mathematics-u10-l03,ma-g4-mathematics,4,mathematics,10,165,3,Concept build B,Concept build B: measuring angles with a protractor
ma-g4-mathematics-u10-l04,ma-g4-mathematics,4,mathematics,10,166,4,Guided practice A,Guided practice A: sketching angles of a specified measure
ma-g4-mathematics-u10-l05,ma-g4-mathematics,4,mathematics,10,167,5,Independent evidence A,Independent evidence A: measuring and drawing angles accurately
ma-g4-mathematics-u10-l06,ma-g4-mathematics,4,mathematics,10,168,6,Concept build C,Concept build C: angle measure as additive and unknown-angle problems
ma-g4-mathematics-u10-l07,ma-g4-mathematics,4,mathematics,10,169,7,Guided practice B,Guided practice B: solving for an unknown angle in a diagram
ma-g4-mathematics-u10-l08,ma-g4-mathematics,4,mathematics,10,170,8,Error analysis and repair,Error analysis and repair: protractor scale-reading errors
ma-g4-mathematics-u10-l09,ma-g4-mathematics,4,mathematics,10,171,9,Retrieval and fluency,Retrieval and fluency: angle types and measures
ma-g4-mathematics-u10-l10,ma-g4-mathematics,4,mathematics,10,172,10,Independent evidence B,Independent evidence B: unknown-angle problems in diagrams
ma-g4-mathematics-u10-l11,ma-g4-mathematics,4,mathematics,10,173,11,Concept extension,"Concept extension: points, lines, rays, classifying two-dimensional figures, and lines of symmetry"
ma-g4-mathematics-u10-l12,ma-g4-mathematics,4,mathematics,10,174,12,Applied problem solving,Applied problem solving: classifying two-dimensional figures and identifying lines of symmetry
ma-g4-mathematics-u10-l13,ma-g4-mathematics,4,mathematics,10,175,13,Performance task: plan,Performance task: plan: the capstone design
ma-g4-mathematics-u10-l14,ma-g4-mathematics,4,mathematics,10,176,14,Performance task: build,Performance task: build: the capstone design
ma-g4-mathematics-u10-l15,ma-g4-mathematics,4,mathematics,10,177,15,Synthesis and review,Synthesis and review: the mathematical justifications in the capstone design
ma-g4-mathematics-u10-l16,ma-g4-mathematics,4,mathematics,10,178,16,Unit assessment,"Unit assessment: angles, geometry, and symmetry"
ma-g4-mathematics-u10-l17,ma-g4-mathematics,4,mathematics,10,179,17,Targeted correction and reassessment,Targeted correction and reassessment: angle and classification work
ma-g4-mathematics-u10-l18,ma-g4-mathematics,4,mathematics,10,180,18,"Transfer, reflection, and publication","Transfer, reflection, and publication: symmetry and rule-based patterns in the completed design"
ma-g4-english-language-arts-u01-l01,ma-g4-english-language-arts,4,english-language-arts,1,1,1,Launch and diagnostic,"Launch and diagnostic: what evidence is, and a no-penalty diagnostic across both text types"
ma-g4-english-language-arts-u01-l02,ma-g4-english-language-arts,4,english-language-arts,1,2,2,Word study and morphology,"Word study and morphology: attacking an unfamiliar multisyllabic word with sound, syllables, and parts"
ma-g4-english-language-arts-u01-l03,ma-g4-english-language-arts,4,english-language-arts,1,3,3,Concept model A,Concept model A: explicit meaning: what the text states outright
ma-g4-english-language-arts-u01-l04,ma-g4-english-language-arts,4,english-language-arts,1,4,4,Guided practice A,Guided practice A: locating the detail or example that answers a question exactly
ma-g4-english-language-arts-u01-l05,ma-g4-english-language-arts,4,english-language-arts,1,5,5,Close reading with evidence,Close reading with evidence: close reading one passage for stated facts and unstated implications
ma-g4-english-language-arts-u01-l06,ma-g4-english-language-arts,4,english-language-arts,1,6,6,Independent application A,Independent application A: answering two questions on a new passage with cited support
ma-g4-english-language-arts-u01-l07,ma-g4-english-language-arts,4,english-language-arts,1,7,7,Concept model B,Concept model B: inference: what the text makes true without saying it
ma-g4-english-language-arts-u01-l08,ma-g4-english-language-arts,4,english-language-arts,1,8,8,Guided practice B,Guided practice B: separating a supported inference from a guess the text does not carry
ma-g4-english-language-arts-u01-l09,ma-g4-english-language-arts,4,english-language-arts,1,9,9,Reteach and varied practice,Reteach and varied practice: repairing responses whose evidence does not match the claim
ma-g4-english-language-arts-u01-l10,ma-g4-english-language-arts,4,english-language-arts,1,10,10,Craft or structure analysis,"Craft or structure analysis: how quoting and paraphrasing differ, and when each is honest"
ma-g4-english-language-arts-u01-l11,ma-g4-english-language-arts,4,english-language-arts,1,11,11,Source or research work,Source or research work: recording where a piece of evidence came from inside a passage
ma-g4-english-language-arts-u01-l12,ma-g4-english-language-arts,4,english-language-arts,1,12,12,Writing plan and draft,Writing plan and draft: planning a written response for a named audience
ma-g4-english-language-arts-u01-l13,ma-g4-english-language-arts,4,english-language-arts,1,13,13,Writing revision workshop,"Writing revision workshop: revising a response so every claim carries its evidence, then editing for complete sentences"
ma-g4-english-language-arts-u01-l14,ma-g4-english-language-arts,4,english-language-arts,1,14,14,Discussion or presentation practice,"Discussion or presentation practice: discussion roles, preparation, and drawing on what you read"
ma-g4-english-language-arts-u01-l15,ma-g4-english-language-arts,4,english-language-arts,1,15,15,Transfer challenge,Transfer challenge: using the evidence habit on an unfamiliar pair of passages
ma-g4-english-language-arts-u01-l16,ma-g4-english-language-arts,4,english-language-arts,1,16,16,Retrieval and assessment preparation,"Retrieval and assessment preparation: retrieving explicit meaning, inference, quotation, and paraphrase"
ma-g4-english-language-arts-u01-l17,ma-g4-english-language-arts,4,english-language-arts,1,17,17,Unit assessment,Unit assessment: unit evidence: cited literary and informational responses
ma-g4-english-language-arts-u01-l18,ma-g4-english-language-arts,4,english-language-arts,1,18,18,"Targeted correction, publication, and reflection","Targeted correction, publication, and reflection: correcting one response and publishing the evidence-habits page"
ma-g4-english-language-arts-u02-l01,ma-g4-english-language-arts,4,english-language-arts,2,19,1,Launch and diagnostic,"Launch and diagnostic: summary, retelling, and opinion are three different things"
ma-g4-english-language-arts-u02-l02,ma-g4-english-language-arts,4,english-language-arts,2,20,2,Word study and morphology,Word study and morphology: Greek and Latin roots inside this unit's vocabulary
ma-g4-english-language-arts-u02-l03,ma-g4-english-language-arts,4,english-language-arts,2,21,3,Concept model A,Concept model A: an objective summary keeps events and leaves out judgment
ma-g4-english-language-arts-u02-l04,ma-g4-english-language-arts,4,english-language-arts,2,22,4,Guided practice A,Guided practice A: cutting a retelling down to a summary without losing the spine
ma-g4-english-language-arts-u02-l05,ma-g4-english-language-arts,4,english-language-arts,2,23,5,Close reading with evidence,Close reading with evidence: close reading a story for the details a summary must keep
ma-g4-english-language-arts-u02-l06,ma-g4-english-language-arts,4,english-language-arts,2,24,6,Independent application A,Independent application A: summarizing an unfamiliar story independently
ma-g4-english-language-arts-u02-l07,ma-g4-english-language-arts,4,english-language-arts,2,25,7,Concept model B,"Concept model B: a theme is what the whole text says about something, not its topic"
ma-g4-english-language-arts-u02-l08,ma-g4-english-language-arts,4,english-language-arts,2,26,8,Guided practice B,Guided practice B: testing a proposed theme against the events of the text
ma-g4-english-language-arts-u02-l09,ma-g4-english-language-arts,4,english-language-arts,2,27,9,Reteach and varied practice,"Reteach and varied practice: repairing themes that are really topics, morals, or opinions"
ma-g4-english-language-arts-u02-l10,ma-g4-english-language-arts,4,english-language-arts,2,28,10,Craft or structure analysis,Craft or structure analysis: how theme works differently in a poem and in a drama
ma-g4-english-language-arts-u02-l11,ma-g4-english-language-arts,4,english-language-arts,2,29,11,Source or research work,Source or research work: gathering the two strongest details that support a theme
ma-g4-english-language-arts-u02-l12,ma-g4-english-language-arts,4,english-language-arts,2,30,12,Writing plan and draft,Writing plan and draft: planning a summary-and-theme response for a reader who has not read it
ma-g4-english-language-arts-u02-l13,ma-g4-english-language-arts,4,english-language-arts,2,31,13,Writing revision workshop,Writing revision workshop: revising so the theme statement is a full sentence the text can carry
ma-g4-english-language-arts-u02-l14,ma-g4-english-language-arts,4,english-language-arts,2,32,14,Discussion or presentation practice,Discussion or presentation practice: presenting a theme claim and reviewing the key ideas others raised
ma-g4-english-language-arts-u02-l15,ma-g4-english-language-arts,4,english-language-arts,2,33,15,Transfer challenge,"Transfer challenge: summarizing and theming a text in the grades 4-5 band, with scaffolding at the hard parts"
ma-g4-english-language-arts-u02-l16,ma-g4-english-language-arts,4,english-language-arts,2,34,16,Retrieval and assessment preparation,"Retrieval and assessment preparation: retrieving summary, theme, and literary evidence together"
ma-g4-english-language-arts-u02-l17,ma-g4-english-language-arts,4,english-language-arts,2,35,17,Unit assessment,Unit assessment: unit evidence: objective summary plus supported theme statement
ma-g4-english-language-arts-u02-l18,ma-g4-english-language-arts,4,english-language-arts,2,36,18,"Targeted correction, publication, and reflection","Targeted correction, publication, and reflection: correcting one statement and publishing the summary-and-theme study"
ma-g4-english-language-arts-u03-l01,ma-g4-english-language-arts,4,english-language-arts,3,37,1,Launch and diagnostic,Launch and diagnostic: the difference between mentioning a character and describing one in depth
ma-g4-english-language-arts-u03-l02,ma-g4-english-language-arts,4,english-language-arts,3,38,2,Word study and morphology,Word study and morphology: words that name precise emotions and states of being
ma-g4-english-language-arts-u03-l03,ma-g4-english-language-arts,4,english-language-arts,3,39,3,Concept model A,Concept model A: in-depth description is built from a stack of specific details
ma-g4-english-language-arts-u03-l04,ma-g4-english-language-arts,4,english-language-arts,3,40,4,Guided practice A,Guided practice A: collecting four details that describe one character
ma-g4-english-language-arts-u03-l05,ma-g4-english-language-arts,4,english-language-arts,3,41,5,Close reading with evidence,Close reading with evidence: close reading a setting for the details that make it matter
ma-g4-english-language-arts-u03-l06,ma-g4-english-language-arts,4,english-language-arts,3,42,6,Independent application A,Independent application A: writing an in-depth description of an event independently
ma-g4-english-language-arts-u03-l07,ma-g4-english-language-arts,4,english-language-arts,3,43,7,Concept model B,Concept model B: first-person and third-person narration and how each limits what we know
ma-g4-english-language-arts-u03-l08,ma-g4-english-language-arts,4,english-language-arts,3,44,8,Guided practice B,Guided practice B: comparing what two narrators can and cannot tell us
ma-g4-english-language-arts-u03-l09,ma-g4-english-language-arts,4,english-language-arts,3,45,9,Reteach and varied practice,Reteach and varied practice: repairing descriptions built on impression instead of detail
ma-g4-english-language-arts-u03-l10,ma-g4-english-language-arts,4,english-language-arts,3,46,10,Craft or structure analysis,Craft or structure analysis: similes and metaphors an author uses to build a character
ma-g4-english-language-arts-u03-l11,ma-g4-english-language-arts,4,english-language-arts,3,47,11,Source or research work,Source or research work: connecting a text to a visual or oral presentation of the same story
ma-g4-english-language-arts-u03-l12,ma-g4-english-language-arts,4,english-language-arts,3,48,12,Writing plan and draft,Writing plan and draft: planning an in-depth study with a claim and four details
ma-g4-english-language-arts-u03-l13,ma-g4-english-language-arts,4,english-language-arts,3,49,13,Writing revision workshop,Writing revision workshop: revising to replace general adjectives with cited detail
ma-g4-english-language-arts-u03-l14,ma-g4-english-language-arts,4,english-language-arts,3,50,14,Discussion or presentation practice,Discussion or presentation practice: posing and responding to specific questions about another study
ma-g4-english-language-arts-u03-l15,ma-g4-english-language-arts,4,english-language-arts,3,51,15,Transfer challenge,Transfer challenge: comparing similar themes and patterns of events across cultures
ma-g4-english-language-arts-u03-l16,ma-g4-english-language-arts,4,english-language-arts,3,52,16,Retrieval and assessment preparation,"Retrieval and assessment preparation: retrieving depth, narration, figurative language, and comparison"
ma-g4-english-language-arts-u03-l17,ma-g4-english-language-arts,4,english-language-arts,3,53,17,Unit assessment,Unit assessment: unit evidence: an in-depth study with cited detail and point of view
ma-g4-english-language-arts-u03-l18,ma-g4-english-language-arts,4,english-language-arts,3,54,18,"Targeted correction, publication, and reflection","Targeted correction, publication, and reflection: correcting one paragraph and publishing the in-depth study"
ma-g4-english-language-arts-u04-l01,ma-g4-english-language-arts,4,english-language-arts,4,55,1,Launch and diagnostic,"Launch and diagnostic: what a main idea has to account for, and a no-penalty diagnostic"
ma-g4-english-language-arts-u04-l02,ma-g4-english-language-arts,4,english-language-arts,4,56,2,Word study and morphology,Word study and morphology: domain vocabulary and the roots that unlock it
ma-g4-english-language-arts-u04-l03,ma-g4-english-language-arts,4,english-language-arts,4,57,3,Concept model A,"Concept model A: a main idea is supported by key details, not merely near them"
ma-g4-english-language-arts-u04-l04,ma-g4-english-language-arts,4,english-language-arts,4,58,4,Guided practice A,Guided practice A: stating a main idea and naming the three details that carry it
ma-g4-english-language-arts-u04-l05,ma-g4-english-language-arts,4,english-language-arts,4,59,5,Close reading with evidence,Close reading with evidence: close reading for the details a summary of this text must keep
ma-g4-english-language-arts-u04-l06,ma-g4-english-language-arts,4,english-language-arts,4,60,6,Independent application A,Independent application A: summarizing an unfamiliar informational passage independently
ma-g4-english-language-arts-u04-l07,ma-g4-english-language-arts,4,english-language-arts,4,61,7,Concept model B,Concept model B: explaining a process: the steps and why they run in that order
ma-g4-english-language-arts-u04-l08,ma-g4-english-language-arts,4,english-language-arts,4,62,8,Guided practice B,Guided practice B: explaining a historical or scientific event: what happened and why
ma-g4-english-language-arts-u04-l09,ma-g4-english-language-arts,4,english-language-arts,4,63,9,Reteach and varied practice,Reteach and varied practice: repairing summaries that smuggle in opinion or drop the main idea
ma-g4-english-language-arts-u04-l10,ma-g4-english-language-arts,4,english-language-arts,4,64,10,Craft or structure analysis,Craft or structure analysis: how a writer's word choice signals precision in a technical passage
ma-g4-english-language-arts-u04-l11,ma-g4-english-language-arts,4,english-language-arts,4,65,11,Source or research work,Source or research work: gathering informational evidence to support an explanation
ma-g4-english-language-arts-u04-l12,ma-g4-english-language-arts,4,english-language-arts,4,66,12,Writing plan and draft,Writing plan and draft: planning a main-idea and summary brief for a stated audience
ma-g4-english-language-arts-u04-l13,ma-g4-english-language-arts,4,english-language-arts,4,67,13,Writing revision workshop,"Writing revision workshop: revising the explanation so causes and effects are not reversed, and placing prepositional phrases where they belong"
ma-g4-english-language-arts-u04-l14,ma-g4-english-language-arts,4,english-language-arts,4,68,14,Discussion or presentation practice,"Discussion or presentation practice: explaining a process aloud, in writing, or through a labeled sequence"
ma-g4-english-language-arts-u04-l15,ma-g4-english-language-arts,4,english-language-arts,4,69,15,Transfer challenge,Transfer challenge: summarizing and explaining an unfamiliar technical passage
ma-g4-english-language-arts-u04-l16,ma-g4-english-language-arts,4,english-language-arts,4,70,16,Retrieval and assessment preparation,"Retrieval and assessment preparation: retrieving main idea, support, summary, and explanation"
ma-g4-english-language-arts-u04-l17,ma-g4-english-language-arts,4,english-language-arts,4,71,17,Unit assessment,"Unit assessment: unit evidence: main idea, objective summary, and causal explanation"
ma-g4-english-language-arts-u04-l18,ma-g4-english-language-arts,4,english-language-arts,4,72,18,"Targeted correction, publication, and reflection","Targeted correction, publication, and reflection: correcting one explanation and publishing the brief"
ma-g4-english-language-arts-u05-l01,ma-g4-english-language-arts,4,english-language-arts,5,73,1,Launch and diagnostic,Launch and diagnostic: naming the shape of a text instead of only finding facts in it
ma-g4-english-language-arts-u05-l02,ma-g4-english-language-arts,4,english-language-arts,5,74,2,Word study and morphology,Word study and morphology: signal vocabulary that marks each structure
ma-g4-english-language-arts-u05-l03,ma-g4-english-language-arts,4,english-language-arts,5,75,3,Concept model A,Concept model A: chronology and problem-and-solution as whole-text structures
ma-g4-english-language-arts-u05-l04,ma-g4-english-language-arts,4,english-language-arts,5,76,4,Guided practice A,Guided practice A: naming a passage's overall structure and proving it with signals
ma-g4-english-language-arts-u05-l05,ma-g4-english-language-arts,4,english-language-arts,5,77,5,Close reading with evidence,Close reading with evidence: close reading a passage whose parts use different structures
ma-g4-english-language-arts-u05-l06,ma-g4-english-language-arts,4,english-language-arts,5,78,6,Independent application A,Independent application A: describing the structure of an unfamiliar passage independently
ma-g4-english-language-arts-u05-l07,ma-g4-english-language-arts,4,english-language-arts,5,79,7,Concept model B,Concept model B: comparison and cause-and-effect as whole-text structures
ma-g4-english-language-arts-u05-l08,ma-g4-english-language-arts,4,english-language-arts,5,80,8,Guided practice B,Guided practice B: choosing between two plausible structure labels using evidence
ma-g4-english-language-arts-u05-l09,ma-g4-english-language-arts,4,english-language-arts,5,81,9,Reteach and varied practice,Reteach and varied practice: repairing analyses that name a structure the text does not use
ma-g4-english-language-arts-u05-l10,ma-g4-english-language-arts,4,english-language-arts,5,82,10,Craft or structure analysis,"Craft or structure analysis: how a chart, timeline, or diagram carries information the prose does not"
ma-g4-english-language-arts-u05-l11,ma-g4-english-language-arts,4,english-language-arts,5,83,11,Source or research work,Source or research work: writing the text-only description that replaces a visual
ma-g4-english-language-arts-u05-l12,ma-g4-english-language-arts,4,english-language-arts,5,84,12,Writing plan and draft,Writing plan and draft: planning a structure-and-features analysis of one passage
ma-g4-english-language-arts-u05-l13,ma-g4-english-language-arts,4,english-language-arts,5,85,13,Writing revision workshop,"Writing revision workshop: revising so each structural claim names its evidence, joining ideas with relative pronouns and adverbs"
ma-g4-english-language-arts-u05-l14,ma-g4-english-language-arts,4,english-language-arts,5,86,14,Discussion or presentation practice,Discussion or presentation practice: paraphrasing a portion of a text read aloud or presented in media
ma-g4-english-language-arts-u05-l15,ma-g4-english-language-arts,4,english-language-arts,5,87,15,Transfer challenge,Transfer challenge: analyzing structure and visuals in an unfamiliar technical text
ma-g4-english-language-arts-u05-l16,ma-g4-english-language-arts,4,english-language-arts,5,88,16,Retrieval and assessment preparation,"Retrieval and assessment preparation: retrieving structure names, signals, and visual interpretation"
ma-g4-english-language-arts-u05-l17,ma-g4-english-language-arts,4,english-language-arts,5,89,17,Unit assessment,"Unit assessment: unit evidence: overall structure, signals, and visual interpretation"
ma-g4-english-language-arts-u05-l18,ma-g4-english-language-arts,4,english-language-arts,5,90,18,"Targeted correction, publication, and reflection","Targeted correction, publication, and reflection: correcting one label and publishing the structure analysis"
ma-g4-english-language-arts-u06-l01,ma-g4-english-language-arts,4,english-language-arts,6,91,1,Launch and diagnostic,Launch and diagnostic: what separates an explanatory piece from a pile of related facts
ma-g4-english-language-arts-u06-l02,ma-g4-english-language-arts,4,english-language-arts,6,92,2,Word study and morphology,Word study and morphology: precise verbs and domain nouns this piece will need
ma-g4-english-language-arts-u06-l03,ma-g4-english-language-arts,4,english-language-arts,6,93,3,Concept model A,Concept model A: grouping related information into paragraphs and sections
ma-g4-english-language-arts-u06-l04,ma-g4-english-language-arts,4,english-language-arts,6,94,4,Guided practice A,Guided practice A: sorting a mixed fact set into three defensible groups
ma-g4-english-language-arts-u06-l05,ma-g4-english-language-arts,4,english-language-arts,6,95,5,Close reading with evidence,Close reading with evidence: close reading a model explanatory text for how it is built
ma-g4-english-language-arts-u06-l06,ma-g4-english-language-arts,4,english-language-arts,6,96,6,Independent application A,Independent application A: drafting two grouped paragraphs with an introduction
ma-g4-english-language-arts-u06-l07,ma-g4-english-language-arts,4,english-language-arts,6,97,7,Concept model B,"Concept model B: developing a group with facts, definitions, details, and a quotation"
ma-g4-english-language-arts-u06-l08,ma-g4-english-language-arts,4,english-language-arts,6,98,8,Guided practice B,Guided practice B: choosing the concrete detail that develops rather than decorates
ma-g4-english-language-arts-u06-l09,ma-g4-english-language-arts,4,english-language-arts,6,99,9,Reteach and varied practice,"Reteach and varied practice: repairing sections that repeat, wander, or state without developing"
ma-g4-english-language-arts-u06-l10,ma-g4-english-language-arts,4,english-language-arts,6,100,10,Craft or structure analysis,Craft or structure analysis: precise language: replacing a vague word with the exact one
ma-g4-english-language-arts-u06-l11,ma-g4-english-language-arts,4,english-language-arts,6,101,11,Source or research work,"Source or research work: using headings, a caption, or a list where it genuinely helps"
ma-g4-english-language-arts-u06-l12,ma-g4-english-language-arts,4,english-language-arts,6,102,12,Writing plan and draft,"Writing plan and draft: planning the full piece: introduction, sections, and conclusion"
ma-g4-english-language-arts-u06-l13,ma-g4-english-language-arts,4,english-language-arts,6,103,13,Writing revision workshop,"Writing revision workshop: revising for development, then editing fragments, run-ons, and confusables"
ma-g4-english-language-arts-u06-l14,ma-g4-english-language-arts,4,english-language-arts,6,104,14,Discussion or presentation practice,Discussion or presentation practice: choosing formal or informal English for this audience
ma-g4-english-language-arts-u06-l15,ma-g4-english-language-arts,4,english-language-arts,6,105,15,Transfer challenge,Transfer challenge: writing a short explanatory piece on an unfamiliar topic from given sources
ma-g4-english-language-arts-u06-l16,ma-g4-english-language-arts,4,english-language-arts,6,106,16,Retrieval and assessment preparation,"Retrieval and assessment preparation: retrieving grouping, development, precision, linking, and conclusion"
ma-g4-english-language-arts-u06-l17,ma-g4-english-language-arts,4,english-language-arts,6,107,17,Unit assessment,Unit assessment: unit evidence: an independently written multi-paragraph explanatory piece
ma-g4-english-language-arts-u06-l18,ma-g4-english-language-arts,4,english-language-arts,6,108,18,"Targeted correction, publication, and reflection","Targeted correction, publication, and reflection: correcting one section and publishing with a typed page"
ma-g4-english-language-arts-u07-l01,ma-g4-english-language-arts,4,english-language-arts,7,109,1,Launch and diagnostic,Launch and diagnostic: an opinion that can be supported versus one that cannot
ma-g4-english-language-arts-u07-l02,ma-g4-english-language-arts,4,english-language-arts,7,110,2,Word study and morphology,Word study and morphology: vocabulary that states a position precisely
ma-g4-english-language-arts-u07-l03,ma-g4-english-language-arts,4,english-language-arts,7,111,3,Concept model A,Concept model A: a reason at Grade 4 must be supported by facts and details
ma-g4-english-language-arts-u07-l04,ma-g4-english-language-arts,4,english-language-arts,7,112,4,Guided practice A,Guided practice A: attaching two facts to a reason that previously stood alone
ma-g4-english-language-arts-u07-l05,ma-g4-english-language-arts,4,english-language-arts,7,113,5,Close reading with evidence,Close reading with evidence: close reading how an author uses reasons and evidence for a point
ma-g4-english-language-arts-u07-l06,ma-g4-english-language-arts,4,english-language-arts,7,114,6,Independent application A,Independent application A: evaluating whether one author's evidence actually supports the point
ma-g4-english-language-arts-u07-l07,ma-g4-english-language-arts,4,english-language-arts,7,115,7,Concept model B,Concept model B: grouping related reasons so the structure supports the purpose
ma-g4-english-language-arts-u07-l08,ma-g4-english-language-arts,4,english-language-arts,7,116,8,Guided practice B,Guided practice B: ordering grouped reasons and linking them to the opinion
ma-g4-english-language-arts-u07-l09,ma-g4-english-language-arts,4,english-language-arts,7,117,9,Reteach and varied practice,Reteach and varied practice: repairing reasons that restate the opinion or cite nothing
ma-g4-english-language-arts-u07-l10,ma-g4-english-language-arts,4,english-language-arts,7,118,10,Craft or structure analysis,Craft or structure analysis: firsthand and secondhand accounts of the same event
ma-g4-english-language-arts-u07-l11,ma-g4-english-language-arts,4,english-language-arts,7,119,11,Source or research work,"Source or research work: drawing evidence from a firsthand and a secondhand source, and recording both"
ma-g4-english-language-arts-u07-l12,ma-g4-english-language-arts,4,english-language-arts,7,120,12,Writing plan and draft,"Writing plan and draft: planning the piece: position, grouped reasons, and the evidence behind each"
ma-g4-english-language-arts-u07-l13,ma-g4-english-language-arts,4,english-language-arts,7,121,13,Writing revision workshop,"Writing revision workshop: revising the conclusion so it follows from the reasons, using modal auxiliaries precisely"
ma-g4-english-language-arts-u07-l14,ma-g4-english-language-arts,4,english-language-arts,7,122,14,Discussion or presentation practice,Discussion or presentation practice: identifying the reasons and evidence a speaker provides
ma-g4-english-language-arts-u07-l15,ma-g4-english-language-arts,4,english-language-arts,7,123,15,Transfer challenge,Transfer challenge: writing an evidence-based opinion on a new question and source pair
ma-g4-english-language-arts-u07-l16,ma-g4-english-language-arts,4,english-language-arts,7,124,16,Retrieval and assessment preparation,"Retrieval and assessment preparation: retrieving position, grouped reasons, evidence, and conclusion"
ma-g4-english-language-arts-u07-l17,ma-g4-english-language-arts,4,english-language-arts,7,125,17,Unit assessment,Unit assessment: unit evidence: an independently written evidence-based opinion piece
ma-g4-english-language-arts-u07-l18,ma-g4-english-language-arts,4,english-language-arts,7,126,18,"Targeted correction, publication, and reflection","Targeted correction, publication, and reflection: correcting one reason's evidence and publishing or privately filing the piece"
ma-g4-english-language-arts-u08-l01,ma-g4-english-language-arts,4,english-language-arts,8,127,1,Launch and diagnostic,"Launch and diagnostic: the major differences among poetry, drama, and prose on the page"
ma-g4-english-language-arts-u08-l02,ma-g4-english-language-arts,4,english-language-arts,8,128,2,Word study and morphology,"Word study and morphology: words built from myth and story, and what they carry with them"
ma-g4-english-language-arts-u08-l03,ma-g4-english-language-arts,4,english-language-arts,8,129,3,Concept model A,"Concept model A: structural elements of poetry: verse, rhythm, meter, stanza"
ma-g4-english-language-arts-u08-l04,ma-g4-english-language-arts,4,english-language-arts,8,130,4,Guided practice A,Guided practice A: labeling the structural elements of a poem and a scene
ma-g4-english-language-arts-u08-l05,ma-g4-english-language-arts,4,english-language-arts,8,131,5,Close reading with evidence,Close reading with evidence: close reading a poem for how its structure shapes its meaning
ma-g4-english-language-arts-u08-l06,ma-g4-english-language-arts,4,english-language-arts,8,132,6,Independent application A,Independent application A: analyzing the structure of an unfamiliar poem or scene independently
ma-g4-english-language-arts-u08-l07,ma-g4-english-language-arts,4,english-language-arts,8,133,7,Concept model B,Concept model B: allusions: when a word points to a story outside this text
ma-g4-english-language-arts-u08-l08,ma-g4-english-language-arts,4,english-language-arts,8,134,8,Guided practice B,Guided practice B: explaining what an allusion adds that a plain word would not
ma-g4-english-language-arts-u08-l09,ma-g4-english-language-arts,4,english-language-arts,8,135,9,Reteach and varied practice,Reteach and varied practice: repairing readings that treat an idiom or metaphor literally
ma-g4-english-language-arts-u08-l10,ma-g4-english-language-arts,4,english-language-arts,8,136,10,Craft or structure analysis,"Craft or structure analysis: similes, metaphors, idioms, adages, and proverbs side by side"
ma-g4-english-language-arts-u08-l11,ma-g4-english-language-arts,4,english-language-arts,8,137,11,Source or research work,"Source or research work: synonyms and antonyms as tools for precision, not decoration"
ma-g4-english-language-arts-u08-l12,ma-g4-english-language-arts,4,english-language-arts,8,138,12,Writing plan and draft,Writing plan and draft: planning an original poem or scene with one deliberate craft choice
ma-g4-english-language-arts-u08-l13,ma-g4-english-language-arts,4,english-language-arts,8,139,13,Writing revision workshop,"Writing revision workshop: revising for sound and image, ordering adjectives and punctuating for effect"
ma-g4-english-language-arts-u08-l14,ma-g4-english-language-arts,4,english-language-arts,8,140,14,Discussion or presentation practice,"Discussion or presentation practice: presenting a reading aloud, in print, or with a caption track"
ma-g4-english-language-arts-u08-l15,ma-g4-english-language-arts,4,english-language-arts,8,141,15,Transfer challenge,Transfer challenge: connecting a written scene to a visual or oral presentation of it
ma-g4-english-language-arts-u08-l16,ma-g4-english-language-arts,4,english-language-arts,8,142,16,Retrieval and assessment preparation,"Retrieval and assessment preparation: retrieving form, structure, allusion, and figurative language"
ma-g4-english-language-arts-u08-l17,ma-g4-english-language-arts,4,english-language-arts,8,143,17,Unit assessment,Unit assessment: unit evidence: structural analysis and figurative-language explanation
ma-g4-english-language-arts-u08-l18,ma-g4-english-language-arts,4,english-language-arts,8,144,18,"Targeted correction, publication, and reflection","Targeted correction, publication, and reflection: correcting one note and publishing or privately filing the craft study"
ma-g4-english-language-arts-u09-l01,ma-g4-english-language-arts,4,english-language-arts,9,145,1,Launch and diagnostic,Launch and diagnostic: turning a topic into a question with investigable aspects
ma-g4-english-language-arts-u09-l02,ma-g4-english-language-arts,4,english-language-arts,9,146,2,Word study and morphology,"Word study and morphology: reference tools: dictionary, glossary, and thesaurus for precise meaning"
ma-g4-english-language-arts-u09-l03,ma-g4-english-language-arts,4,english-language-arts,9,147,3,Concept model A,Concept model A: choosing which aspects of a topic your project will actually cover
ma-g4-english-language-arts-u09-l04,ma-g4-english-language-arts,4,english-language-arts,9,148,4,Guided practice A,Guided practice A: splitting one question into three aspects and assigning a source to each
ma-g4-english-language-arts-u09-l05,ma-g4-english-language-arts,4,english-language-arts,9,149,5,Close reading with evidence,Close reading with evidence: close reading a source for information relevant to one aspect
ma-g4-english-language-arts-u09-l06,ma-g4-english-language-arts,4,english-language-arts,9,150,6,Independent application A,Independent application A: gathering relevant notes from a new source independently
ma-g4-english-language-arts-u09-l07,ma-g4-english-language-arts,4,english-language-arts,9,151,7,Concept model B,Concept model B: paraphrase: rewriting a source idea without borrowing its wording
ma-g4-english-language-arts-u09-l08,ma-g4-english-language-arts,4,english-language-arts,9,152,8,Guided practice B,Guided practice B: checking a paraphrase against the original for accuracy and independence
ma-g4-english-language-arts-u09-l09,ma-g4-english-language-arts,4,english-language-arts,9,153,9,Reteach and varied practice,Reteach and varied practice: repairing notes that copied phrasing or drifted from the source
ma-g4-english-language-arts-u09-l10,ma-g4-english-language-arts,4,english-language-arts,9,154,10,Craft or structure analysis,Craft or structure analysis: interpreting a chart or table inside a source and noting what it shows
ma-g4-english-language-arts-u09-l11,ma-g4-english-language-arts,4,english-language-arts,9,155,11,Source or research work,"Source or research work: building the source list: who, what, when, and where you found it"
ma-g4-english-language-arts-u09-l12,ma-g4-english-language-arts,4,english-language-arts,9,156,12,Writing plan and draft,Writing plan and draft: planning an answer that integrates two texts rather than stacking them
ma-g4-english-language-arts-u09-l13,ma-g4-english-language-arts,4,english-language-arts,9,157,13,Writing revision workshop,"Writing revision workshop: revising so every integrated claim traces to a note, punctuating quotations from a text"
ma-g4-english-language-arts-u09-l14,ma-g4-english-language-arts,4,english-language-arts,9,158,14,Discussion or presentation practice,Discussion or presentation practice: paraphrasing a source read aloud and identifying a speaker's evidence
ma-g4-english-language-arts-u09-l15,ma-g4-english-language-arts,4,english-language-arts,9,159,15,Transfer challenge,Transfer challenge: running the full research routine on a new question in one session
ma-g4-english-language-arts-u09-l16,ma-g4-english-language-arts,4,english-language-arts,9,160,16,Retrieval and assessment preparation,"Retrieval and assessment preparation: retrieving question, aspects, notes, paraphrase, sources, integration"
ma-g4-english-language-arts-u09-l17,ma-g4-english-language-arts,4,english-language-arts,9,161,17,Unit assessment,Unit assessment: unit evidence: a research brief with source list and paraphrased notes
ma-g4-english-language-arts-u09-l18,ma-g4-english-language-arts,4,english-language-arts,9,162,18,"Targeted correction, publication, and reflection","Targeted correction, publication, and reflection: correcting one note and publishing the research brief"
ma-g4-english-language-arts-u10-l01,ma-g4-english-language-arts,4,english-language-arts,10,163,1,Launch and diagnostic,"Launch and diagnostic: what orients a reader in the first paragraph, and portfolio selection"
ma-g4-english-language-arts-u10-l02,ma-g4-english-language-arts,4,english-language-arts,10,164,2,Word study and morphology,Word study and morphology: precise verbs and sensory nouns your own narrative will need
ma-g4-english-language-arts-u10-l03,ma-g4-english-language-arts,4,english-language-arts,10,165,3,Concept model A,"Concept model A: orienting the reader: situation, narrator, and characters"
ma-g4-english-language-arts-u10-l04,ma-g4-english-language-arts,4,english-language-arts,10,166,4,Guided practice A,Guided practice A: drafting an opening that establishes a situation worth following
ma-g4-english-language-arts-u10-l05,ma-g4-english-language-arts,4,english-language-arts,10,167,5,Close reading with evidence,Close reading with evidence: close reading a published narrative for how its ending is earned
ma-g4-english-language-arts-u10-l06,ma-g4-english-language-arts,4,english-language-arts,10,168,6,Independent application A,Independent application A: drafting the middle events with a managed sequence
ma-g4-english-language-arts-u10-l07,ma-g4-english-language-arts,4,english-language-arts,10,169,7,Concept model B,Concept model B: dialogue and description that develop a character's response
ma-g4-english-language-arts-u10-l08,ma-g4-english-language-arts,4,english-language-arts,10,170,8,Guided practice B,Guided practice B: replacing summary of feeling with shown action and speech
ma-g4-english-language-arts-u10-l09,ma-g4-english-language-arts,4,english-language-arts,10,171,9,Reteach and varied practice,"Reteach and varied practice: repairing narratives that stall, skip, or end without following through"
ma-g4-english-language-arts-u10-l10,ma-g4-english-language-arts,4,english-language-arts,10,172,10,Craft or structure analysis,Craft or structure analysis: concrete words and sensory details that convey experience precisely
ma-g4-english-language-arts-u10-l11,ma-g4-english-language-arts,4,english-language-arts,10,173,11,Source or research work,Source or research work: comparing similar themes and patterns of events in texts from different cultures
ma-g4-english-language-arts-u10-l12,ma-g4-english-language-arts,4,english-language-arts,10,174,12,Writing plan and draft,"Writing plan and draft: planning the portfolio: selection, order, comparison, and reflection"
ma-g4-english-language-arts-u10-l13,ma-g4-english-language-arts,4,english-language-arts,10,175,13,Writing revision workshop,"Writing revision workshop: revising the narrative, then correcting fragments, run-ons, and frequently confused words"
ma-g4-english-language-arts-u10-l14,ma-g4-english-language-arts,4,english-language-arts,10,176,14,Discussion or presentation practice,"Discussion or presentation practice: presenting one portfolio piece in an organized way, or privately"
ma-g4-english-language-arts-u10-l15,ma-g4-english-language-arts,4,english-language-arts,10,177,15,Transfer challenge,Transfer challenge: reading an unfamiliar grades 4-5 band text and responding in writing
ma-g4-english-language-arts-u10-l16,ma-g4-english-language-arts,4,english-language-arts,10,178,16,Retrieval and assessment preparation,"Retrieval and assessment preparation: retrieving the year's reading, writing, research, and language moves"
ma-g4-english-language-arts-u10-l17,ma-g4-english-language-arts,4,english-language-arts,10,179,17,Unit assessment,Unit assessment: unit evidence: an independently written narrative and growth reflection
ma-g4-english-language-arts-u10-l18,ma-g4-english-language-arts,4,english-language-arts,10,180,18,"Targeted correction, publication, and reflection","Targeted correction, publication, and reflection: correcting one section and publishing the portfolio with its two-text comparison"
ma-g4-science-u01-l01,ma-g4-science,4,science,1,1,1,Launch and diagnostic,Launch and diagnostic: careful observations
ma-g4-science-u01-l02,ma-g4-science,4,science,1,2,2,Concept model A,Concept model A: testable questions
ma-g4-science-u01-l03,ma-g4-science,4,science,1,3,3,Guided practice A,Guided practice A: models and diagrams
ma-g4-science-u01-l04,ma-g4-science,4,science,1,4,4,Independent application A,Independent application A: fair tests
ma-g4-science-u01-l05,ma-g4-science,4,science,1,5,5,Concept model B,Concept model B: measuring and recording data
ma-g4-science-u01-l06,ma-g4-science,4,science,1,6,6,Guided practice B,Guided practice B: criteria and constraints
ma-g4-science-u01-l07,ma-g4-science,4,science,1,7,7,Investigation or close reading,Investigation or close reading: careful observations
ma-g4-science-u01-l08,ma-g4-science,4,science,1,8,8,Reteach and varied practice,Reteach and varied practice: testable questions
ma-g4-science-u01-l09,ma-g4-science,4,science,1,9,9,Performance task build,Performance task build: models and diagrams
ma-g4-science-u01-l10,ma-g4-science,4,science,1,10,10,Synthesis and review,Synthesis and review: fair tests
ma-g4-science-u01-l11,ma-g4-science,4,science,1,11,11,Unit assessment,Unit assessment: measuring and recording data
ma-g4-science-u01-l12,ma-g4-science,4,science,1,12,12,Correction and reflection,Correction and reflection: criteria and constraints
ma-g4-science-u02-l01,ma-g4-science,4,science,2,13,1,Launch and diagnostic,Launch and diagnostic: energy of motion
ma-g4-science-u02-l02,ma-g4-science,4,science,2,14,2,Concept model A,Concept model A: speed and energy
ma-g4-science-u02-l03,ma-g4-science,4,science,2,15,3,Guided practice A,Guided practice A: evidence and explanation
ma-g4-science-u02-l04,ma-g4-science,4,science,2,16,4,Independent application A,Independent application A: collisions
ma-g4-science-u02-l05,ma-g4-science,4,science,2,17,5,Concept model B,Concept model B: predicting outcomes
ma-g4-science-u02-l06,ma-g4-science,4,science,2,18,6,Guided practice B,Guided practice B: asking scientific questions
ma-g4-science-u02-l07,ma-g4-science,4,science,2,19,7,Investigation or close reading,Investigation or close reading: energy of motion
ma-g4-science-u02-l08,ma-g4-science,4,science,2,20,8,Reteach and varied practice,Reteach and varied practice: speed and energy
ma-g4-science-u02-l09,ma-g4-science,4,science,2,21,9,Performance task build,Performance task build: evidence and explanation
ma-g4-science-u02-l10,ma-g4-science,4,science,2,22,10,Synthesis and review,Synthesis and review: collisions
ma-g4-science-u02-l11,ma-g4-science,4,science,2,23,11,Unit assessment,Unit assessment: predicting outcomes
ma-g4-science-u02-l12,ma-g4-science,4,science,2,24,12,Correction and reflection,Correction and reflection: asking scientific questions
ma-g4-science-u03-l01,ma-g4-science,4,science,3,25,1,Launch and diagnostic,Launch and diagnostic: sound energy
ma-g4-science-u03-l02,ma-g4-science,4,science,3,26,2,Concept model A,Concept model A: light energy
ma-g4-science-u03-l03,ma-g4-science,4,science,3,27,3,Guided practice A,Guided practice A: heat transfer
ma-g4-science-u03-l04,ma-g4-science,4,science,3,28,4,Independent application A,Independent application A: electric currents
ma-g4-science-u03-l05,ma-g4-science,4,science,3,29,5,Concept model B,Concept model B: observing transfer
ma-g4-science-u03-l06,ma-g4-science,4,science,3,30,6,Guided practice B,Guided practice B: tracing energy paths
ma-g4-science-u03-l07,ma-g4-science,4,science,3,31,7,Investigation or close reading,Investigation or close reading: sound energy
ma-g4-science-u03-l08,ma-g4-science,4,science,3,32,8,Reteach and varied practice,Reteach and varied practice: light energy
ma-g4-science-u03-l09,ma-g4-science,4,science,3,33,9,Performance task build,Performance task build: heat transfer
ma-g4-science-u03-l10,ma-g4-science,4,science,3,34,10,Synthesis and review,Synthesis and review: electric currents
ma-g4-science-u03-l11,ma-g4-science,4,science,3,35,11,Unit assessment,Unit assessment: observing transfer
ma-g4-science-u03-l12,ma-g4-science,4,science,3,36,12,Correction and reflection,Correction and reflection: tracing energy paths
ma-g4-science-u04-l01,ma-g4-science,4,science,4,37,1,Launch and diagnostic,Launch and diagnostic: energy conversion
ma-g4-science-u04-l02,ma-g4-science,4,science,4,38,2,Concept model A,Concept model A: design criteria
ma-g4-science-u04-l03,ma-g4-science,4,science,4,39,3,Guided practice A,Guided practice A: generating solutions
ma-g4-science-u04-l04,ma-g4-science,4,science,4,40,4,Independent application A,Independent application A: building a device
ma-g4-science-u04-l05,ma-g4-science,4,science,4,41,5,Concept model B,Concept model B: testing and refining
ma-g4-science-u04-l06,ma-g4-science,4,science,4,42,6,Guided practice B,Guided practice B: comparing designs
ma-g4-science-u04-l07,ma-g4-science,4,science,4,43,7,Investigation or close reading,Investigation or close reading: energy conversion
ma-g4-science-u04-l08,ma-g4-science,4,science,4,44,8,Reteach and varied practice,Reteach and varied practice: design criteria
ma-g4-science-u04-l09,ma-g4-science,4,science,4,45,9,Performance task build,Performance task build: generating solutions
ma-g4-science-u04-l10,ma-g4-science,4,science,4,46,10,Synthesis and review,Synthesis and review: building a device
ma-g4-science-u04-l11,ma-g4-science,4,science,4,47,11,Unit assessment,Unit assessment: testing and refining
ma-g4-science-u04-l12,ma-g4-science,4,science,4,48,12,Correction and reflection,Correction and reflection: comparing designs
ma-g4-science-u05-l01,ma-g4-science,4,science,5,49,1,Launch and diagnostic,Launch and diagnostic: wave patterns
ma-g4-science-u05-l02,ma-g4-science,4,science,5,50,2,Concept model A,Concept model A: amplitude
ma-g4-science-u05-l03,ma-g4-science,4,science,5,51,3,Guided practice A,Guided practice A: wavelength
ma-g4-science-u05-l04,ma-g4-science,4,science,5,52,4,Independent application A,Independent application A: waves and motion
ma-g4-science-u05-l05,ma-g4-science,4,science,5,53,5,Concept model B,Concept model B: patterns that carry information
ma-g4-science-u05-l06,ma-g4-science,4,science,5,54,6,Guided practice B,Guided practice B: comparing communication solutions
ma-g4-science-u05-l07,ma-g4-science,4,science,5,55,7,Investigation or close reading,Investigation or close reading: wave patterns
ma-g4-science-u05-l08,ma-g4-science,4,science,5,56,8,Reteach and varied practice,Reteach and varied practice: amplitude
ma-g4-science-u05-l09,ma-g4-science,4,science,5,57,9,Performance task build,Performance task build: wavelength
ma-g4-science-u05-l10,ma-g4-science,4,science,5,58,10,Synthesis and review,Synthesis and review: waves and motion
ma-g4-science-u05-l11,ma-g4-science,4,science,5,59,11,Unit assessment,Unit assessment: patterns that carry information
ma-g4-science-u05-l12,ma-g4-science,4,science,5,60,12,Correction and reflection,Correction and reflection: comparing communication solutions
ma-g4-science-u06-l01,ma-g4-science,4,science,6,61,1,Launch and diagnostic,Launch and diagnostic: light reflection
ma-g4-science-u06-l02,ma-g4-science,4,science,6,62,2,Concept model A,Concept model A: how we see
ma-g4-science-u06-l03,ma-g4-science,4,science,6,63,3,Guided practice A,Guided practice A: modeling light paths
ma-g4-science-u06-l04,ma-g4-science,4,science,6,64,4,Independent application A,Independent application A: senses and information
ma-g4-science-u06-l05,ma-g4-science,4,science,6,65,5,Concept model B,Concept model B: the brain and response
ma-g4-science-u06-l06,ma-g4-science,4,science,6,66,6,Guided practice B,Guided practice B: modeling information processing
ma-g4-science-u06-l07,ma-g4-science,4,science,6,67,7,Investigation or close reading,Investigation or close reading: light reflection
ma-g4-science-u06-l08,ma-g4-science,4,science,6,68,8,Reteach and varied practice,Reteach and varied practice: how we see
ma-g4-science-u06-l09,ma-g4-science,4,science,6,69,9,Performance task build,Performance task build: modeling light paths
ma-g4-science-u06-l10,ma-g4-science,4,science,6,70,10,Synthesis and review,Synthesis and review: senses and information
ma-g4-science-u06-l11,ma-g4-science,4,science,6,71,11,Unit assessment,Unit assessment: the brain and response
ma-g4-science-u06-l12,ma-g4-science,4,science,6,72,12,Correction and reflection,Correction and reflection: modeling information processing
ma-g4-science-u07-l01,ma-g4-science,4,science,7,73,1,Launch and diagnostic,Launch and diagnostic: external structures
ma-g4-science-u07-l02,ma-g4-science,4,science,7,74,2,Concept model A,Concept model A: internal structures
ma-g4-science-u07-l03,ma-g4-science,4,science,7,75,3,Guided practice A,Guided practice A: structure and function
ma-g4-science-u07-l04,ma-g4-science,4,science,7,76,4,Independent application A,Independent application A: plant structures
ma-g4-science-u07-l05,ma-g4-science,4,science,7,77,5,Concept model B,Concept model B: animal structures
ma-g4-science-u07-l06,ma-g4-science,4,science,7,78,6,Guided practice B,Guided practice B: evidence-based arguments
ma-g4-science-u07-l07,ma-g4-science,4,science,7,79,7,Investigation or close reading,Investigation or close reading: external structures
ma-g4-science-u07-l08,ma-g4-science,4,science,7,80,8,Reteach and varied practice,Reteach and varied practice: internal structures
ma-g4-science-u07-l09,ma-g4-science,4,science,7,81,9,Performance task build,Performance task build: structure and function
ma-g4-science-u07-l10,ma-g4-science,4,science,7,82,10,Synthesis and review,Synthesis and review: plant structures
ma-g4-science-u07-l11,ma-g4-science,4,science,7,83,11,Unit assessment,Unit assessment: animal structures
ma-g4-science-u07-l12,ma-g4-science,4,science,7,84,12,Correction and reflection,Correction and reflection: evidence-based arguments
ma-g4-science-u08-l01,ma-g4-science,4,science,8,85,1,Launch and diagnostic,Launch and diagnostic: rock layers
ma-g4-science-u08-l02,ma-g4-science,4,science,8,86,2,Concept model A,Concept model A: fossils in rock layers
ma-g4-science-u08-l03,ma-g4-science,4,science,8,87,3,Guided practice A,Guided practice A: weathering
ma-g4-science-u08-l04,ma-g4-science,4,science,8,88,4,Independent application A,Independent application A: rate of erosion
ma-g4-science-u08-l05,ma-g4-science,4,science,8,89,5,Concept model B,Concept model B: maps of Earth's features
ma-g4-science-u08-l06,ma-g4-science,4,science,8,90,6,Guided practice B,Guided practice B: Michigan's geological change
ma-g4-science-u08-l07,ma-g4-science,4,science,8,91,7,Investigation or close reading,Investigation or close reading: rock layers
ma-g4-science-u08-l08,ma-g4-science,4,science,8,92,8,Reteach and varied practice,Reteach and varied practice: fossils in rock layers
ma-g4-science-u08-l09,ma-g4-science,4,science,8,93,9,Performance task build,Performance task build: weathering
ma-g4-science-u08-l10,ma-g4-science,4,science,8,94,10,Synthesis and review,Synthesis and review: rate of erosion
ma-g4-science-u08-l11,ma-g4-science,4,science,8,95,11,Unit assessment,Unit assessment: maps of Earth's features
ma-g4-science-u08-l12,ma-g4-science,4,science,8,96,12,Correction and reflection,Correction and reflection: Michigan's geological change
ma-g4-science-u09-l01,ma-g4-science,4,science,9,97,1,Launch and diagnostic,Launch and diagnostic: energy from natural resources
ma-g4-science-u09-l02,ma-g4-science,4,science,9,98,2,Concept model A,Concept model A: fuels and the environment
ma-g4-science-u09-l03,ma-g4-science,4,science,9,99,3,Guided practice A,Guided practice A: natural Earth processes
ma-g4-science-u09-l04,ma-g4-science,4,science,9,100,4,Independent application A,Independent application A: reducing hazard impacts
ma-g4-science-u09-l05,ma-g4-science,4,science,9,101,5,Concept model B,Concept model B: comparing solutions
ma-g4-science-u09-l06,ma-g4-science,4,science,9,102,6,Guided practice B,Guided practice B: Michigan's people and places
ma-g4-science-u09-l07,ma-g4-science,4,science,9,103,7,Investigation or close reading,Investigation or close reading: energy from natural resources
ma-g4-science-u09-l08,ma-g4-science,4,science,9,104,8,Reteach and varied practice,Reteach and varied practice: fuels and the environment
ma-g4-science-u09-l09,ma-g4-science,4,science,9,105,9,Performance task build,Performance task build: natural Earth processes
ma-g4-science-u09-l10,ma-g4-science,4,science,9,106,10,Synthesis and review,Synthesis and review: reducing hazard impacts
ma-g4-science-u09-l11,ma-g4-science,4,science,9,107,11,Unit assessment,Unit assessment: comparing solutions
ma-g4-science-u09-l12,ma-g4-science,4,science,9,108,12,Correction and reflection,Correction and reflection: Michigan's people and places
ma-g4-social-studies-u01-l01,ma-g4-social-studies,4,social-studies,1,1,1,Launch and diagnostic,Launch and diagnostic: questions geographers ask
ma-g4-social-studies-u01-l02,ma-g4-social-studies,4,social-studies,1,2,2,Concept model A,Concept model A: geographic tools
ma-g4-social-studies-u01-l03,ma-g4-social-studies,4,social-studies,1,3,3,Guided practice A,Guided practice A: purposes of each tool
ma-g4-social-studies-u01-l04,ma-g4-social-studies,4,social-studies,1,4,4,Independent application A,"Independent application A: stories, songs, and pictures as sources"
ma-g4-social-studies-u01-l05,ma-g4-social-studies,4,social-studies,1,5,5,Concept model B,Concept model B: answering geographic questions
ma-g4-social-studies-u01-l06,ma-g4-social-studies,4,social-studies,1,6,6,Guided practice B,Guided practice B: describing patterns
ma-g4-social-studies-u01-l07,ma-g4-social-studies,4,social-studies,1,7,7,Investigation or close reading,Investigation or close reading: questions geographers ask
ma-g4-social-studies-u01-l08,ma-g4-social-studies,4,social-studies,1,8,8,Reteach and varied practice,Reteach and varied practice: geographic tools
ma-g4-social-studies-u01-l09,ma-g4-social-studies,4,social-studies,1,9,9,Performance task build,Performance task build: purposes of each tool
ma-g4-social-studies-u01-l10,ma-g4-social-studies,4,social-studies,1,10,10,Synthesis and review,"Synthesis and review: stories, songs, and pictures as sources"
ma-g4-social-studies-u01-l11,ma-g4-social-studies,4,social-studies,1,11,11,Unit assessment,Unit assessment: answering geographic questions
ma-g4-social-studies-u01-l12,ma-g4-social-studies,4,social-studies,1,12,12,Correction and reflection,Correction and reflection: describing patterns
ma-g4-social-studies-u02-l01,ma-g4-social-studies,4,social-studies,2,13,1,Launch and diagnostic,Launch and diagnostic: elevation maps
ma-g4-social-studies-u02-l02,ma-g4-social-studies,4,social-studies,2,14,2,Concept model A,Concept model A: climate maps
ma-g4-social-studies-u02-l03,ma-g4-social-studies,4,social-studies,2,15,3,Guided practice A,Guided practice A: population density
ma-g4-social-studies-u02-l04,ma-g4-social-studies,4,social-studies,2,16,4,Independent application A,Independent application A: hemispheres and latitude
ma-g4-social-studies-u02-l05,ma-g4-social-studies,4,social-studies,2,17,5,Concept model B,Concept model B: dividing the U.S. into regions
ma-g4-social-studies-u02-l06,ma-g4-social-studies,4,social-studies,2,18,6,Guided practice B,Guided practice B: comparing regions to the Great Lakes region
ma-g4-social-studies-u02-l07,ma-g4-social-studies,4,social-studies,2,19,7,Investigation or close reading,Investigation or close reading: elevation maps
ma-g4-social-studies-u02-l08,ma-g4-social-studies,4,social-studies,2,20,8,Reteach and varied practice,Reteach and varied practice: climate maps
ma-g4-social-studies-u02-l09,ma-g4-social-studies,4,social-studies,2,21,9,Performance task build,Performance task build: population density
ma-g4-social-studies-u02-l10,ma-g4-social-studies,4,social-studies,2,22,10,Synthesis and review,Synthesis and review: hemispheres and latitude
ma-g4-social-studies-u02-l11,ma-g4-social-studies,4,social-studies,2,23,11,Unit assessment,Unit assessment: dividing the U.S. into regions
ma-g4-social-studies-u02-l12,ma-g4-social-studies,4,social-studies,2,24,12,Correction and reflection,Correction and reflection: comparing regions to the Great Lakes region
ma-g4-social-studies-u03-l01,ma-g4-social-studies,4,social-studies,3,25,1,Launch and diagnostic,Launch and diagnostic: push and pull factors
ma-g4-social-studies-u03-l02,ma-g4-social-studies,4,social-studies,3,26,2,Concept model A,Concept model A: a migration case study
ma-g4-social-studies-u03-l03,ma-g4-social-studies,4,social-studies,3,27,3,Guided practice A,Guided practice A: immigration and culture
ma-g4-social-studies-u03-l04,ma-g4-social-studies,4,social-studies,3,28,4,Independent application A,Independent application A: movement of resources and information
ma-g4-social-studies-u03-l05,ma-g4-social-studies,4,social-studies,3,29,5,Concept model B,Concept model B: human activity and the environment
ma-g4-social-studies-u03-l06,ma-g4-social-studies,4,social-studies,3,30,6,Guided practice B,Guided practice B: positive and negative consequences
ma-g4-social-studies-u03-l07,ma-g4-social-studies,4,social-studies,3,31,7,Investigation or close reading,Investigation or close reading: push and pull factors
ma-g4-social-studies-u03-l08,ma-g4-social-studies,4,social-studies,3,32,8,Reteach and varied practice,Reteach and varied practice: a migration case study
ma-g4-social-studies-u03-l09,ma-g4-social-studies,4,social-studies,3,33,9,Performance task build,Performance task build: immigration and culture
ma-g4-social-studies-u03-l10,ma-g4-social-studies,4,social-studies,3,34,10,Synthesis and review,Synthesis and review: movement of resources and information
ma-g4-social-studies-u03-l11,ma-g4-social-studies,4,social-studies,3,35,11,Unit assessment,Unit assessment: human activity and the environment
ma-g4-social-studies-u03-l12,ma-g4-social-studies,4,social-studies,3,36,12,Correction and reflection,Correction and reflection: positive and negative consequences
ma-g4-social-studies-u04-l01,ma-g4-social-studies,4,social-studies,4,37,1,Launch and diagnostic,Launch and diagnostic: historical inquiry questions
ma-g4-social-studies-u04-l02,ma-g4-social-studies,4,social-studies,4,38,2,Concept model A,Concept model A: Michigan's economic activities
ma-g4-social-studies-u04-l03,ma-g4-social-studies,4,social-studies,4,39,3,Guided practice A,Guided practice A: migration and immigration
ma-g4-social-studies-u04-l04,ma-g4-social-studies,4,social-studies,4,40,4,Independent application A,Independent application A: natural resources and industry
ma-g4-social-studies-u04-l05,ma-g4-social-studies,4,social-studies,4,41,5,Concept model B,Concept model B: the growth of cities
ma-g4-social-studies-u04-l06,ma-g4-social-studies,4,social-studies,4,42,6,Guided practice B,Guided practice B: using primary and secondary sources
ma-g4-social-studies-u04-l07,ma-g4-social-studies,4,social-studies,4,43,7,Investigation or close reading,Investigation or close reading: historical inquiry questions
ma-g4-social-studies-u04-l08,ma-g4-social-studies,4,social-studies,4,44,8,Reteach and varied practice,Reteach and varied practice: Michigan's economic activities
ma-g4-social-studies-u04-l09,ma-g4-social-studies,4,social-studies,4,45,9,Performance task build,Performance task build: migration and immigration
ma-g4-social-studies-u04-l10,ma-g4-social-studies,4,social-studies,4,46,10,Synthesis and review,Synthesis and review: natural resources and industry
ma-g4-social-studies-u04-l11,ma-g4-social-studies,4,social-studies,4,47,11,Unit assessment,Unit assessment: the growth of cities
ma-g4-social-studies-u04-l12,ma-g4-social-studies,4,social-studies,4,48,12,Correction and reflection,Correction and reflection: using primary and secondary sources
ma-g4-social-studies-u05-l01,ma-g4-social-studies,4,social-studies,5,49,1,Launch and diagnostic,Launch and diagnostic: the Underground Railroad in Michigan
ma-g4-social-studies-u05-l02,ma-g4-social-studies,4,social-studies,5,50,2,Concept model A,Concept model A: ideas and actions of individuals
ma-g4-social-studies-u05-l03,ma-g4-social-studies,4,social-studies,5,51,3,Guided practice A,Guided practice A: an economic activity then and now
ma-g4-social-studies-u05-l04,ma-g4-social-studies,4,social-studies,5,52,4,Independent application A,Independent application A: the beginnings of the automobile industry
ma-g4-social-studies-u05-l05,ma-g4-social-studies,4,social-studies,5,53,5,Concept model B,Concept model B: the labor movement
ma-g4-social-studies-u05-l06,ma-g4-social-studies,4,social-studies,5,54,6,Guided practice B,Guided practice B: threats to natural resources
ma-g4-social-studies-u05-l07,ma-g4-social-studies,4,social-studies,5,55,7,Investigation or close reading,Investigation or close reading: the Underground Railroad in Michigan
ma-g4-social-studies-u05-l08,ma-g4-social-studies,4,social-studies,5,56,8,Reteach and varied practice,Reteach and varied practice: ideas and actions of individuals
ma-g4-social-studies-u05-l09,ma-g4-social-studies,4,social-studies,5,57,9,Performance task build,Performance task build: an economic activity then and now
ma-g4-social-studies-u05-l10,ma-g4-social-studies,4,social-studies,5,58,10,Synthesis and review,Synthesis and review: the beginnings of the automobile industry
ma-g4-social-studies-u05-l11,ma-g4-social-studies,4,social-studies,5,59,11,Unit assessment,Unit assessment: the labor movement
ma-g4-social-studies-u05-l12,ma-g4-social-studies,4,social-studies,5,60,12,Correction and reflection,Correction and reflection: threats to natural resources
ma-g4-social-studies-u06-l01,ma-g4-social-studies,4,social-studies,6,61,1,Launch and diagnostic,Launch and diagnostic: questions political scientists ask
ma-g4-social-studies-u06-l02,ma-g4-social-studies,4,social-studies,6,62,2,Concept model A,Concept model A: purposes in the Preamble
ma-g4-social-studies-u06-l03,ma-g4-social-studies,4,social-studies,6,63,3,Guided practice A,Guided practice A: popular sovereignty and rule of law
ma-g4-social-studies-u06-l04,ma-g4-social-studies,4,social-studies,6,64,4,Independent application A,Independent application A: checks and balances and separation of powers
ma-g4-social-studies-u06-l05,ma-g4-social-studies,4,social-studies,6,65,5,Concept model B,Concept model B: individual rights
ma-g4-social-studies-u06-l06,ma-g4-social-studies,4,social-studies,6,66,6,Guided practice B,Guided practice B: rights in everyday situations
ma-g4-social-studies-u06-l07,ma-g4-social-studies,4,social-studies,6,67,7,Investigation or close reading,Investigation or close reading: questions political scientists ask
ma-g4-social-studies-u06-l08,ma-g4-social-studies,4,social-studies,6,68,8,Reteach and varied practice,Reteach and varied practice: purposes in the Preamble
ma-g4-social-studies-u06-l09,ma-g4-social-studies,4,social-studies,6,69,9,Performance task build,Performance task build: popular sovereignty and rule of law
ma-g4-social-studies-u06-l10,ma-g4-social-studies,4,social-studies,6,70,10,Synthesis and review,Synthesis and review: checks and balances and separation of powers
ma-g4-social-studies-u06-l11,ma-g4-social-studies,4,social-studies,6,71,11,Unit assessment,Unit assessment: individual rights
ma-g4-social-studies-u06-l12,ma-g4-social-studies,4,social-studies,6,72,12,Correction and reflection,Correction and reflection: rights in everyday situations
ma-g4-social-studies-u07-l01,ma-g4-social-studies,4,social-studies,7,73,1,Launch and diagnostic,Launch and diagnostic: limits on federal power
ma-g4-social-studies-u07-l02,ma-g4-social-studies,4,social-studies,7,74,2,Concept model A,"Concept model A: federal, tribal, and state powers"
ma-g4-social-studies-u07-l03,ma-g4-social-studies,4,social-studies,7,75,3,Guided practice A,Guided practice A: the three branches
ma-g4-social-studies-u07-l04,ma-g4-social-studies,4,social-studies,7,76,4,Independent application A,Independent application A: separation of powers
ma-g4-social-studies-u07-l05,ma-g4-social-studies,4,social-studies,7,77,5,Concept model B,Concept model B: checks and balances
ma-g4-social-studies-u07-l06,ma-g4-social-studies,4,social-studies,7,78,6,Guided practice B,Guided practice B: how officials are elected or appointed
ma-g4-social-studies-u07-l07,ma-g4-social-studies,4,social-studies,7,79,7,Investigation or close reading,Investigation or close reading: taxes and spending
ma-g4-social-studies-u07-l08,ma-g4-social-studies,4,social-studies,7,80,8,Reteach and varied practice,Reteach and varied practice: limits on federal power
ma-g4-social-studies-u07-l09,ma-g4-social-studies,4,social-studies,7,81,9,Performance task build,"Performance task build: federal, tribal, and state powers"
ma-g4-social-studies-u07-l10,ma-g4-social-studies,4,social-studies,7,82,10,Synthesis and review,Synthesis and review: the three branches
ma-g4-social-studies-u07-l11,ma-g4-social-studies,4,social-studies,7,83,11,Unit assessment,Unit assessment: separation of powers
ma-g4-social-studies-u07-l12,ma-g4-social-studies,4,social-studies,7,84,12,Correction and reflection,Correction and reflection: checks and balances
ma-g4-social-studies-u08-l01,ma-g4-social-studies,4,social-studies,8,85,1,Launch and diagnostic,Launch and diagnostic: the three economic questions
ma-g4-social-studies-u08-l02,ma-g4-social-studies,4,social-studies,8,86,2,Concept model A,Concept model A: characteristics of a market economy
ma-g4-social-studies-u08-l03,ma-g4-social-studies,4,social-studies,8,87,3,Guided practice A,Guided practice A: positive and negative incentives
ma-g4-social-studies-u08-l04,ma-g4-social-studies,4,social-studies,8,88,4,Independent application A,Independent application A: price and purchasing decisions
ma-g4-social-studies-u08-l05,ma-g4-social-studies,4,social-studies,8,89,5,Concept model B,Concept model B: specialization and productivity
ma-g4-social-studies-u08-l06,ma-g4-social-studies,4,social-studies,8,90,6,Guided practice B,Guided practice B: competition among buyers and sellers
ma-g4-social-studies-u08-l07,ma-g4-social-studies,4,social-studies,8,91,7,Investigation or close reading,Investigation or close reading: the role of money in exchange
ma-g4-social-studies-u08-l08,ma-g4-social-studies,4,social-studies,8,92,8,Reteach and varied practice,Reteach and varied practice: government-provided goods and services
ma-g4-social-studies-u08-l09,ma-g4-social-studies,4,social-studies,8,93,9,Performance task build,Performance task build: the three economic questions
ma-g4-social-studies-u08-l10,ma-g4-social-studies,4,social-studies,8,94,10,Synthesis and review,Synthesis and review: characteristics of a market economy
ma-g4-social-studies-u08-l11,ma-g4-social-studies,4,social-studies,8,95,11,Unit assessment,Unit assessment: positive and negative incentives
ma-g4-social-studies-u08-l12,ma-g4-social-studies,4,social-studies,8,96,12,Correction and reflection,Correction and reflection: price and purchasing decisions
ma-g4-social-studies-u09-l01,ma-g4-social-studies,4,social-studies,9,97,1,Launch and diagnostic,Launch and diagnostic: responsibilities of members of society
ma-g4-social-studies-u09-l02,ma-g4-social-studies,4,social-studies,9,98,2,Concept model A,Concept model A: rights and their limits
ma-g4-social-studies-u09-l03,ma-g4-social-studies,4,social-studies,9,99,3,Guided practice A,Guided practice A: working together for shared values
ma-g4-social-studies-u09-l04,ma-g4-social-studies,4,social-studies,9,100,4,Independent application A,Independent application A: employment and unemployment
ma-g4-social-studies-u09-l05,ma-g4-social-studies,4,social-studies,9,101,5,Concept model B,Concept model B: global competition
ma-g4-social-studies-u09-l06,ma-g4-social-studies,4,social-studies,9,102,6,Guided practice B,Guided practice B: identifying a public issue
ma-g4-social-studies-u09-l07,ma-g4-social-studies,4,social-studies,9,103,7,Investigation or close reading,Investigation or close reading: analyzing data about an issue
ma-g4-social-studies-u09-l08,ma-g4-social-studies,4,social-studies,9,104,8,Reteach and varied practice,Reteach and varied practice: conflicts over democratic values
ma-g4-social-studies-u09-l09,ma-g4-social-studies,4,social-studies,9,105,9,Performance task build,Performance task build: stating and justifying a position
ma-g4-social-studies-u09-l10,ma-g4-social-studies,4,social-studies,9,106,10,Synthesis and review,Synthesis and review: planning an action
ma-g4-social-studies-u09-l11,ma-g4-social-studies,4,social-studies,9,107,11,Unit assessment,Unit assessment: informing others
ma-g4-social-studies-u09-l12,ma-g4-social-studies,4,social-studies,9,108,12,Correction and reflection,Correction and reflection: responsibilities of members of society
ma-g4-health-u01-l01,ma-g4-health,4,health,1,1,1,Launch and diagnostic,Launch and diagnostic: body systems working together
ma-g4-health-u01-l02,ma-g4-health,4,health,1,2,2,Explicit model,Explicit model: germs and how illness spreads
ma-g4-health-u01-l03,ma-g4-health,4,health,1,3,3,Guided practice,Guided practice: handwashing and respiratory etiquette
ma-g4-health-u01-l04,ma-g4-health,4,health,1,4,4,Application or project,Application or project: dental and skin care
ma-g4-health-u01-l05,ma-g4-health,4,health,1,5,5,Mastery check,Mastery check: sleep quality and routines
ma-g4-health-u01-l06,ma-g4-health,4,health,1,6,6,Correction and reflection,Correction and reflection: checkups and staying well
ma-g4-health-u02-l01,ma-g4-health,4,health,2,7,1,Launch and diagnostic,Launch and diagnostic: what different foods do for the body
ma-g4-health-u02-l02,ma-g4-health,4,health,2,8,2,Explicit model,Explicit model: food allergies and cross-contact safety
ma-g4-health-u02-l03,ma-g4-health,4,health,2,9,3,Guided practice,Guided practice: media messages about food and bodies
ma-g4-health-u02-l04,ma-g4-health,4,health,2,10,4,Application or project,Application or project: building balanced meals and snacks
ma-g4-health-u02-l05,ma-g4-health,4,health,2,11,5,Mastery check,Mastery check: hydration through the day
ma-g4-health-u02-l06,ma-g4-health,4,health,2,12,6,Correction and reflection,Correction and reflection: reading a simple food label
ma-g4-health-u03-l01,ma-g4-health,4,health,3,13,1,Launch and diagnostic,Launch and diagnostic: emotion vocabulary and intensity
ma-g4-health-u03-l02,ma-g4-health,4,health,3,14,2,Explicit model,Explicit model: help-seeking and trusted supports
ma-g4-health-u03-l03,ma-g4-health,4,health,3,15,3,Guided practice,Guided practice: stress signals and triggers
ma-g4-health-u03-l04,ma-g4-health,4,health,3,16,4,Application or project,"Application or project: change, loss, and difficult feelings"
ma-g4-health-u03-l05,ma-g4-health,4,health,3,17,5,Mastery check,Mastery check: coping and regulation strategies
ma-g4-health-u03-l06,ma-g4-health,4,health,3,18,6,Correction and reflection,Correction and reflection: self-talk and mindset
ma-g4-health-u04-l01,ma-g4-health,4,health,4,19,1,Launch and diagnostic,"Launch and diagnostic: assertive, respectful communication"
ma-g4-health-u04-l02,ma-g4-health,4,health,4,20,2,Explicit model,"Explicit model: body autonomy, consent, and unsafe requests"
ma-g4-health-u04-l03,ma-g4-health,4,health,4,21,3,Guided practice,Guided practice: listening and perspective-taking
ma-g4-health-u04-l04,ma-g4-health,4,health,4,22,4,Application or project,Application or project: conflict resolution and repair
ma-g4-health-u04-l05,ma-g4-health,4,health,4,23,5,Mastery check,Mastery check: bullying and cyberbullying response
ma-g4-health-u04-l06,ma-g4-health,4,health,4,24,6,Correction and reflection,Correction and reflection: inclusion and respect for differences
ma-g4-health-u05-l01,ma-g4-health,4,health,5,25,1,Launch and diagnostic,Launch and diagnostic: injury prevention and protective gear
ma-g4-health-u05-l02,ma-g4-health,4,health,5,26,2,Explicit model,Explicit model: emergency response and calling for help
ma-g4-health-u05-l03,ma-g4-health,4,health,5,27,3,Guided practice,"Guided practice: medicines, household chemicals, and substance safety"
ma-g4-health-u05-l04,ma-g4-health,4,health,5,28,4,Application or project,Application or project: basic first aid and when to get an adult
ma-g4-health-u05-l05,ma-g4-health,4,health,5,29,5,Mastery check,Mastery check: online privacy and personal information
ma-g4-health-u05-l06,ma-g4-health,4,health,5,30,6,Correction and reflection,Correction and reflection: recognising unsafe requests and refusing
ma-g4-health-u06-l01,ma-g4-health,4,health,6,31,1,Launch and diagnostic,Launch and diagnostic: a step-by-step decision process
ma-g4-health-u06-l02,ma-g4-health,4,health,6,32,2,Explicit model,Explicit model: checking sources and spotting misinformation
ma-g4-health-u06-l03,ma-g4-health,4,health,6,33,3,Guided practice,"Guided practice: influences from peers, family, and media"
ma-g4-health-u06-l04,ma-g4-health,4,health,6,34,4,Application or project,Application or project: setting and tracking a personal health goal
ma-g4-health-u06-l05,ma-g4-health,4,health,6,35,5,Mastery check,Mastery check: community health helpers and access
ma-g4-health-u06-l06,ma-g4-health,4,health,6,36,6,Correction and reflection,Correction and reflection: advocating for a healthier community
ma-g4-physical-education-u01-l01,ma-g4-physical-education,4,physical-education,1,1,1,Launch and diagnostic,Launch and diagnostic: self-space and general space under pressure
ma-g4-physical-education-u01-l02,ma-g4-physical-education,4,physical-education,1,2,2,Concept model A,"Concept model A: speed, force, and controlled stopping"
ma-g4-physical-education-u01-l03,ma-g4-physical-education,4,physical-education,1,3,3,Guided practice A,"Guided practice A: pathways, directions, and levels in combination"
ma-g4-physical-education-u01-l04,ma-g4-physical-education,4,physical-education,1,4,4,Independent application A,Independent application A: purposeful warm-up and cool-down design
ma-g4-physical-education-u01-l05,ma-g4-physical-education,4,physical-education,1,5,5,Concept model B,Concept model B: equipment checks and safe setup
ma-g4-physical-education-u01-l06,ma-g4-physical-education,4,physical-education,1,6,6,Guided practice B,Guided practice B: personal responsibility for the shared space
ma-g4-physical-education-u01-l07,ma-g4-physical-education,4,physical-education,1,7,7,Investigation or close reading,Investigation or close reading: self-space and general space under pressure
ma-g4-physical-education-u01-l08,ma-g4-physical-education,4,physical-education,1,8,8,Reteach and varied practice,"Reteach and varied practice: speed, force, and controlled stopping"
ma-g4-physical-education-u01-l09,ma-g4-physical-education,4,physical-education,1,9,9,Performance task build,"Performance task build: pathways, directions, and levels in combination"
ma-g4-physical-education-u01-l10,ma-g4-physical-education,4,physical-education,1,10,10,Synthesis and review,Synthesis and review: purposeful warm-up and cool-down design
ma-g4-physical-education-u01-l11,ma-g4-physical-education,4,physical-education,1,11,11,Unit assessment,Unit assessment: equipment checks and safe setup
ma-g4-physical-education-u01-l12,ma-g4-physical-education,4,physical-education,1,12,12,Correction and reflection,Correction and reflection: personal responsibility for the shared space
ma-g4-physical-education-u02-l01,ma-g4-physical-education,4,physical-education,2,13,1,Launch and diagnostic,Launch and diagnostic: combining locomotor patterns in sequence
ma-g4-physical-education-u02-l02,ma-g4-physical-education,4,physical-education,2,14,2,Concept model A,Concept model A: travelling to open space
ma-g4-physical-education-u02-l03,ma-g4-physical-education,4,physical-education,2,15,3,Guided practice A,Guided practice A: changing direction and pathway at speed
ma-g4-physical-education-u02-l04,ma-g4-physical-education,4,physical-education,2,16,4,Independent application A,"Independent application A: chasing, fleeing, and dodging in shared space"
ma-g4-physical-education-u02-l05,ma-g4-physical-education,4,physical-education,2,17,5,Concept model B,Concept model B: jumping and landing with control
ma-g4-physical-education-u02-l06,ma-g4-physical-education,4,physical-education,2,18,6,Guided practice B,Guided practice B: reading and reacting to a moving partner
ma-g4-physical-education-u02-l07,ma-g4-physical-education,4,physical-education,2,19,7,Investigation or close reading,Investigation or close reading: combining locomotor patterns in sequence
ma-g4-physical-education-u02-l08,ma-g4-physical-education,4,physical-education,2,20,8,Reteach and varied practice,Reteach and varied practice: travelling to open space
ma-g4-physical-education-u02-l09,ma-g4-physical-education,4,physical-education,2,21,9,Performance task build,Performance task build: changing direction and pathway at speed
ma-g4-physical-education-u02-l10,ma-g4-physical-education,4,physical-education,2,22,10,Synthesis and review,"Synthesis and review: chasing, fleeing, and dodging in shared space"
ma-g4-physical-education-u02-l11,ma-g4-physical-education,4,physical-education,2,23,11,Unit assessment,Unit assessment: jumping and landing with control
ma-g4-physical-education-u02-l12,ma-g4-physical-education,4,physical-education,2,24,12,Correction and reflection,Correction and reflection: reading and reacting to a moving partner
ma-g4-physical-education-u03-l01,ma-g4-physical-education,4,physical-education,3,25,1,Launch and diagnostic,Launch and diagnostic: balances on different bases of support
ma-g4-physical-education-u03-l02,ma-g4-physical-education,4,physical-education,3,26,2,Concept model A,"Concept model A: spotting, safety, and knowing my limits"
ma-g4-physical-education-u03-l03,ma-g4-physical-education,4,physical-education,3,27,3,Guided practice A,Guided practice A: dynamic balance and controlled travel
ma-g4-physical-education-u03-l04,ma-g4-physical-education,4,physical-education,3,28,4,Independent application A,Independent application A: safe rolling and landing technique
ma-g4-physical-education-u03-l05,ma-g4-physical-education,4,physical-education,3,29,5,Concept model B,"Concept model B: weight transfer, feet to hands to feet"
ma-g4-physical-education-u03-l06,ma-g4-physical-education,4,physical-education,3,30,6,Guided practice B,"Guided practice B: linking balance, travel, and shape into a sequence"
ma-g4-physical-education-u03-l07,ma-g4-physical-education,4,physical-education,3,31,7,Investigation or close reading,Investigation or close reading: balances on different bases of support
ma-g4-physical-education-u03-l08,ma-g4-physical-education,4,physical-education,3,32,8,Reteach and varied practice,"Reteach and varied practice: spotting, safety, and knowing my limits"
ma-g4-physical-education-u03-l09,ma-g4-physical-education,4,physical-education,3,33,9,Performance task build,Performance task build: dynamic balance and controlled travel
ma-g4-physical-education-u03-l10,ma-g4-physical-education,4,physical-education,3,34,10,Synthesis and review,Synthesis and review: safe rolling and landing technique
ma-g4-physical-education-u03-l11,ma-g4-physical-education,4,physical-education,3,35,11,Unit assessment,"Unit assessment: weight transfer, feet to hands to feet"
ma-g4-physical-education-u03-l12,ma-g4-physical-education,4,physical-education,3,36,12,Correction and reflection,"Correction and reflection: linking balance, travel, and shape into a sequence"
ma-g4-physical-education-u04-l01,ma-g4-physical-education,4,physical-education,4,37,1,Launch and diagnostic,Launch and diagnostic: overhand throw for distance and accuracy
ma-g4-physical-education-u04-l02,ma-g4-physical-education,4,physical-education,4,38,2,Concept model A,Concept model A: choosing the right pass for the situation
ma-g4-physical-education-u04-l03,ma-g4-physical-education,4,physical-education,4,39,3,Guided practice A,Guided practice A: catching at different heights and speeds
ma-g4-physical-education-u04-l04,ma-g4-physical-education,4,physical-education,4,40,4,Independent application A,Independent application A: leading a moving receiver
ma-g4-physical-education-u04-l05,ma-g4-physical-education,4,physical-education,4,41,5,Concept model B,Concept model B: catching and sending in one motion
ma-g4-physical-education-u04-l06,ma-g4-physical-education,4,physical-education,4,42,6,Guided practice B,Guided practice B: throwing under light pressure
ma-g4-physical-education-u04-l07,ma-g4-physical-education,4,physical-education,4,43,7,Investigation or close reading,Investigation or close reading: overhand throw for distance and accuracy
ma-g4-physical-education-u04-l08,ma-g4-physical-education,4,physical-education,4,44,8,Reteach and varied practice,Reteach and varied practice: choosing the right pass for the situation
ma-g4-physical-education-u04-l09,ma-g4-physical-education,4,physical-education,4,45,9,Performance task build,Performance task build: catching at different heights and speeds
ma-g4-physical-education-u04-l10,ma-g4-physical-education,4,physical-education,4,46,10,Synthesis and review,Synthesis and review: leading a moving receiver
ma-g4-physical-education-u04-l11,ma-g4-physical-education,4,physical-education,4,47,11,Unit assessment,Unit assessment: catching and sending in one motion
ma-g4-physical-education-u04-l12,ma-g4-physical-education,4,physical-education,4,48,12,Correction and reflection,Correction and reflection: throwing under light pressure
ma-g4-physical-education-u05-l01,ma-g4-physical-education,4,physical-education,5,49,1,Launch and diagnostic,Launch and diagnostic: dribbling with control while travelling
ma-g4-physical-education-u05-l02,ma-g4-physical-education,4,physical-education,5,50,2,Concept model A,Concept model A: passing to space rather than to a person
ma-g4-physical-education-u05-l03,ma-g4-physical-education,4,physical-education,5,51,3,Guided practice A,Guided practice A: passing and receiving with the feet
ma-g4-physical-education-u05-l04,ma-g4-physical-education,4,physical-education,5,52,4,Independent application A,Independent application A: shielding and changing direction
ma-g4-physical-education-u05-l05,ma-g4-physical-education,4,physical-education,5,53,5,Concept model B,Concept model B: supporting a teammate off the ball
ma-g4-physical-education-u05-l06,ma-g4-physical-education,4,physical-education,5,54,6,Guided practice B,Guided practice B: small-sided cooperative play
ma-g4-physical-education-u05-l07,ma-g4-physical-education,4,physical-education,5,55,7,Investigation or close reading,Investigation or close reading: dribbling with control while travelling
ma-g4-physical-education-u05-l08,ma-g4-physical-education,4,physical-education,5,56,8,Reteach and varied practice,Reteach and varied practice: passing to space rather than to a person
ma-g4-physical-education-u05-l09,ma-g4-physical-education,4,physical-education,5,57,9,Performance task build,Performance task build: passing and receiving with the feet
ma-g4-physical-education-u05-l10,ma-g4-physical-education,4,physical-education,5,58,10,Synthesis and review,Synthesis and review: shielding and changing direction
ma-g4-physical-education-u05-l11,ma-g4-physical-education,4,physical-education,5,59,11,Unit assessment,Unit assessment: supporting a teammate off the ball
ma-g4-physical-education-u05-l12,ma-g4-physical-education,4,physical-education,5,60,12,Correction and reflection,Correction and reflection: small-sided cooperative play
ma-g4-physical-education-u06-l01,ma-g4-physical-education,4,physical-education,6,61,1,Launch and diagnostic,Launch and diagnostic: striking with a short-handled implement
ma-g4-physical-education-u06-l02,ma-g4-physical-education,4,physical-education,6,62,2,Concept model A,Concept model A: safe swing space with a long implement
ma-g4-physical-education-u06-l03,ma-g4-physical-education,4,physical-education,6,63,3,Guided practice A,Guided practice A: forehand and backhand contact
ma-g4-physical-education-u06-l04,ma-g4-physical-education,4,physical-education,6,64,4,Independent application A,Independent application A: striking a stationary and a tossed object
ma-g4-physical-education-u06-l05,ma-g4-physical-education,4,physical-education,6,65,5,Concept model B,Concept model B: directing a strike to a target area
ma-g4-physical-education-u06-l06,ma-g4-physical-education,4,physical-education,6,66,6,Guided practice B,Guided practice B: cooperative and modified rallying
ma-g4-physical-education-u06-l07,ma-g4-physical-education,4,physical-education,6,67,7,Investigation or close reading,Investigation or close reading: striking with a short-handled implement
ma-g4-physical-education-u06-l08,ma-g4-physical-education,4,physical-education,6,68,8,Reteach and varied practice,Reteach and varied practice: safe swing space with a long implement
ma-g4-physical-education-u06-l09,ma-g4-physical-education,4,physical-education,6,69,9,Performance task build,Performance task build: forehand and backhand contact
ma-g4-physical-education-u06-l10,ma-g4-physical-education,4,physical-education,6,70,10,Synthesis and review,Synthesis and review: striking a stationary and a tossed object
ma-g4-physical-education-u06-l11,ma-g4-physical-education,4,physical-education,6,71,11,Unit assessment,Unit assessment: directing a strike to a target area
ma-g4-physical-education-u06-l12,ma-g4-physical-education,4,physical-education,6,72,12,Correction and reflection,Correction and reflection: cooperative and modified rallying
ma-g4-physical-education-u07-l01,ma-g4-physical-education,4,physical-education,7,73,1,Launch and diagnostic,"Launch and diagnostic: beat, tempo, and phrasing"
ma-g4-physical-education-u07-l02,ma-g4-physical-education,4,physical-education,7,74,2,Concept model A,Concept model A: composing an original sequence
ma-g4-physical-education-u07-l03,ma-g4-physical-education,4,physical-education,7,75,3,Guided practice A,Guided practice A: learning a set movement pattern or folk dance
ma-g4-physical-education-u07-l04,ma-g4-physical-education,4,physical-education,7,76,4,Independent application A,"Independent application A: repetition, contrast, and variation"
ma-g4-physical-education-u07-l05,ma-g4-physical-education,4,physical-education,7,77,5,Concept model B,Concept model B: moving in time with a partner or group
ma-g4-physical-education-u07-l06,ma-g4-physical-education,4,physical-education,7,78,6,Guided practice B,Guided practice B: movement as expression and cultural practice
ma-g4-physical-education-u07-l07,ma-g4-physical-education,4,physical-education,7,79,7,Investigation or close reading,"Investigation or close reading: beat, tempo, and phrasing"
ma-g4-physical-education-u07-l08,ma-g4-physical-education,4,physical-education,7,80,8,Reteach and varied practice,Reteach and varied practice: composing an original sequence
ma-g4-physical-education-u07-l09,ma-g4-physical-education,4,physical-education,7,81,9,Performance task build,Performance task build: learning a set movement pattern or folk dance
ma-g4-physical-education-u07-l10,ma-g4-physical-education,4,physical-education,7,82,10,Synthesis and review,"Synthesis and review: repetition, contrast, and variation"
ma-g4-physical-education-u07-l11,ma-g4-physical-education,4,physical-education,7,83,11,Unit assessment,Unit assessment: moving in time with a partner or group
ma-g4-physical-education-u07-l12,ma-g4-physical-education,4,physical-education,7,84,12,Correction and reflection,Correction and reflection: movement as expression and cultural practice
ma-g4-physical-education-u08-l01,ma-g4-physical-education,4,physical-education,8,85,1,Launch and diagnostic,Launch and diagnostic: components of health-related fitness
ma-g4-physical-education-u08-l02,ma-g4-physical-education,4,physical-education,8,86,2,Concept model A,Concept model A: judging effort without measurement
ma-g4-physical-education-u08-l03,ma-g4-physical-education,4,physical-education,8,87,3,Guided practice A,Guided practice A: building cardiorespiratory endurance enjoyably
ma-g4-physical-education-u08-l04,ma-g4-physical-education,4,physical-education,8,88,4,Independent application A,"Independent application A: muscular strength, endurance, and flexibility"
ma-g4-physical-education-u08-l05,ma-g4-physical-education,4,physical-education,8,89,5,Concept model B,"Concept model B: warm-up, recovery, hydration, and sleep"
ma-g4-physical-education-u08-l06,ma-g4-physical-education,4,physical-education,8,90,6,Guided practice B,Guided practice B: planning activity I will actually keep doing
ma-g4-physical-education-u08-l07,ma-g4-physical-education,4,physical-education,8,91,7,Investigation or close reading,Investigation or close reading: components of health-related fitness
ma-g4-physical-education-u08-l08,ma-g4-physical-education,4,physical-education,8,92,8,Reteach and varied practice,Reteach and varied practice: judging effort without measurement
ma-g4-physical-education-u08-l09,ma-g4-physical-education,4,physical-education,8,93,9,Performance task build,Performance task build: building cardiorespiratory endurance enjoyably
ma-g4-physical-education-u08-l10,ma-g4-physical-education,4,physical-education,8,94,10,Synthesis and review,"Synthesis and review: muscular strength, endurance, and flexibility"
ma-g4-physical-education-u08-l11,ma-g4-physical-education,4,physical-education,8,95,11,Unit assessment,"Unit assessment: warm-up, recovery, hydration, and sleep"
ma-g4-physical-education-u08-l12,ma-g4-physical-education,4,physical-education,8,96,12,Correction and reflection,Correction and reflection: planning activity I will actually keep doing
ma-g4-physical-education-u09-l01,ma-g4-physical-education,4,physical-education,9,97,1,Launch and diagnostic,Launch and diagnostic: offensive and defensive space
ma-g4-physical-education-u09-l02,ma-g4-physical-education,4,physical-education,9,98,2,Concept model A,Concept model A: inclusive design and lifetime activity options
ma-g4-physical-education-u09-l03,ma-g4-physical-education,4,physical-education,9,99,3,Guided practice A,Guided practice A: simple tactics and adjusting a plan
ma-g4-physical-education-u09-l04,ma-g4-physical-education,4,physical-education,9,100,4,Independent application A,"Independent application A: roles, rotation, and officiating"
ma-g4-physical-education-u09-l05,ma-g4-physical-education,4,physical-education,9,101,5,Concept model B,Concept model B: leadership and encouraging feedback
ma-g4-physical-education-u09-l06,ma-g4-physical-education,4,physical-education,9,102,6,Guided practice B,Guided practice B: conflict resolution and repair
ma-g4-physical-education-u09-l07,ma-g4-physical-education,4,physical-education,9,103,7,Investigation or close reading,Investigation or close reading: offensive and defensive space
ma-g4-physical-education-u09-l08,ma-g4-physical-education,4,physical-education,9,104,8,Reteach and varied practice,Reteach and varied practice: inclusive design and lifetime activity options
ma-g4-physical-education-u09-l09,ma-g4-physical-education,4,physical-education,9,105,9,Performance task build,Performance task build: simple tactics and adjusting a plan
ma-g4-physical-education-u09-l10,ma-g4-physical-education,4,physical-education,9,106,10,Synthesis and review,"Synthesis and review: roles, rotation, and officiating"
ma-g4-physical-education-u09-l11,ma-g4-physical-education,4,physical-education,9,107,11,Unit assessment,Unit assessment: leadership and encouraging feedback
ma-g4-physical-education-u09-l12,ma-g4-physical-education,4,physical-education,9,108,12,Correction and reflection,Correction and reflection: conflict resolution and repair
ma-g4-ready-for-life-u01-l01,ma-g4-ready-for-life,4,ready-for-life,1,1,1,Launch and diagnostic,Launch and diagnostic: why shared spaces need care
ma-g4-ready-for-life-u01-l02,ma-g4-ready-for-life,4,ready-for-life,1,2,2,Explicit model,Explicit model: building a ten-minute reset
ma-g4-ready-for-life-u01-l03,ma-g4-ready-for-life,4,ready-for-life,1,3,3,Guided practice,Guided practice: storage that works
ma-g4-ready-for-life-u01-l04,ma-g4-ready-for-life,4,ready-for-life,1,4,4,Application or project,Application or project: noticing hazards early
ma-g4-ready-for-life-u01-l05,ma-g4-ready-for-life,4,ready-for-life,1,5,5,Mastery check,Mastery check: matching task size to time
ma-g4-ready-for-life-u01-l06,ma-g4-ready-for-life,4,ready-for-life,1,6,6,Correction and reflection,Correction and reflection: finishing the loop
ma-g4-ready-for-life-u02-l01,ma-g4-ready-for-life,4,ready-for-life,2,7,1,Launch and diagnostic,Launch and diagnostic: sorting by color and fabric
ma-g4-ready-for-life-u02-l02,ma-g4-ready-for-life,4,ready-for-life,2,8,2,Explicit model,Explicit model: care symbols and labels
ma-g4-ready-for-life-u02-l03,ma-g4-ready-for-life,4,ready-for-life,2,9,3,Guided practice,Guided practice: supervised machine loading
ma-g4-ready-for-life-u02-l04,ma-g4-ready-for-life,4,ready-for-life,2,10,4,Application or project,Application or project: handwashing a small item
ma-g4-ready-for-life-u02-l05,ma-g4-ready-for-life,4,ready-for-life,2,11,5,Mastery check,"Mastery check: folding, hanging, and matching"
ma-g4-ready-for-life-u02-l06,ma-g4-ready-for-life,4,ready-for-life,2,12,6,Correction and reflection,Correction and reflection: a put-away system
ma-g4-ready-for-life-u03-l01,ma-g4-ready-for-life,4,ready-for-life,3,13,1,Launch and diagnostic,Launch and diagnostic: the kitchen reset in order
ma-g4-ready-for-life-u03-l02,ma-g4-ready-for-life,4,ready-for-life,3,14,2,Explicit model,Explicit model: handwashing and surface cleaning
ma-g4-ready-for-life-u03-l03,ma-g4-ready-for-life,4,ready-for-life,3,15,3,Guided practice,Guided practice: cross-contamination basics
ma-g4-ready-for-life-u03-l04,ma-g4-ready-for-life,4,ready-for-life,3,16,4,Application or project,Application or project: steps that require an adult
ma-g4-ready-for-life-u03-l05,ma-g4-ready-for-life,4,ready-for-life,3,17,5,Mastery check,Mastery check: a simple no-heat preparation
ma-g4-ready-for-life-u03-l06,ma-g4-ready-for-life,4,ready-for-life,3,18,6,Correction and reflection,Correction and reflection: storage and final cleanup
ma-g4-ready-for-life-u04-l01,ma-g4-ready-for-life,4,ready-for-life,4,19,1,Launch and diagnostic,"Launch and diagnostic: hunger, thirst, and stress signals"
ma-g4-ready-for-life-u04-l02,ma-g4-ready-for-life,4,ready-for-life,4,20,2,Explicit model,Explicit model: noticing without judging
ma-g4-ready-for-life-u04-l03,ma-g4-ready-for-life,4,ready-for-life,4,21,3,Guided practice,Guided practice: hydration across the day
ma-g4-ready-for-life-u04-l04,ma-g4-ready-for-life,4,ready-for-life,4,22,4,Application or project,Application or project: building a plate with variety
ma-g4-ready-for-life-u04-l05,ma-g4-ready-for-life,4,ready-for-life,4,23,5,Mastery check,Mastery check: sleep and recovery routines
ma-g4-ready-for-life-u04-l06,ma-g4-ready-for-life,4,ready-for-life,4,24,6,Correction and reflection,Correction and reflection: asking a trusted adult for help
ma-g4-ready-for-life-u05-l01,ma-g4-ready-for-life,4,ready-for-life,5,25,1,Launch and diagnostic,Launch and diagnostic: using a weekly calendar
ma-g4-ready-for-life-u05-l02,ma-g4-ready-for-life,4,ready-for-life,5,26,2,Explicit model,Explicit model: preparing the night before
ma-g4-ready-for-life-u05-l03,ma-g4-ready-for-life,4,ready-for-life,5,27,3,Guided practice,Guided practice: packing and unpacking systems
ma-g4-ready-for-life-u05-l04,ma-g4-ready-for-life,4,ready-for-life,5,28,4,Application or project,Application or project: borrowing and returning responsibly
ma-g4-ready-for-life-u05-l05,ma-g4-ready-for-life,4,ready-for-life,5,29,5,Mastery check,Mastery check: asking for help early
ma-g4-ready-for-life-u05-l06,ma-g4-ready-for-life,4,ready-for-life,5,30,6,Correction and reflection,Correction and reflection: repairing a missed responsibility
ma-g4-ready-for-life-u06-l01,ma-g4-ready-for-life,4,ready-for-life,6,31,1,Launch and diagnostic,Launch and diagnostic: choosing a contribution
ma-g4-ready-for-life-u06-l02,ma-g4-ready-for-life,4,ready-for-life,6,32,2,Explicit model,Explicit model: planning steps and materials
ma-g4-ready-for-life-u06-l03,ma-g4-ready-for-life,4,ready-for-life,6,33,3,Guided practice,Guided practice: safety and supervision planning
ma-g4-ready-for-life-u06-l04,ma-g4-ready-for-life,4,ready-for-life,6,34,4,Application or project,Application or project: carrying out the contribution
ma-g4-ready-for-life-u06-l05,ma-g4-ready-for-life,4,ready-for-life,6,35,5,Mastery check,Mastery check: checking the result
ma-g4-ready-for-life-u06-l06,ma-g4-ready-for-life,4,ready-for-life,6,36,6,Correction and reflection,Correction and reflection: reflecting and setting a next step
ma-g4-tech-cs-u01-l01,ma-g4-tech-cs,4,technology,1,1,1,Launch and diagnostic,Launch and diagnostic: digital footprints
ma-g4-tech-cs-u01-l02,ma-g4-tech-cs,4,technology,1,2,2,Explicit model,Explicit model: evaluating a website for trust
ma-g4-tech-cs-u01-l03,ma-g4-tech-cs,4,technology,1,3,3,Guided practice,Guided practice: strong practice passphrases
ma-g4-tech-cs-u01-l04,ma-g4-tech-cs,4,technology,1,4,4,Application or project,Application or project: reporting unsafe or unkind content
ma-g4-tech-cs-u01-l05,ma-g4-tech-cs,4,technology,1,5,5,Mastery check,Mastery check: balancing screen time
ma-g4-tech-cs-u01-l06,ma-g4-tech-cs,4,technology,1,6,6,Correction and reflection,Correction and reflection: respecting others' privacy online
ma-g4-tech-cs-u02-l01,ma-g4-tech-cs,4,technology,2,7,1,Launch and diagnostic,Launch and diagnostic: hardware and software review
ma-g4-tech-cs-u02-l02,ma-g4-tech-cs,4,technology,2,8,2,Explicit model,Explicit model: input process output
ma-g4-tech-cs-u02-l03,ma-g4-tech-cs,4,technology,2,9,3,Guided practice,Guided practice: storage and memory basics
ma-g4-tech-cs-u02-l04,ma-g4-tech-cs,4,technology,2,10,4,Application or project,Application or project: common problems and fixes
ma-g4-tech-cs-u02-l05,ma-g4-tech-cs,4,technology,2,11,5,Mastery check,Mastery check: safe basic troubleshooting steps
ma-g4-tech-cs-u02-l06,ma-g4-tech-cs,4,technology,2,12,6,Correction and reflection,Correction and reflection: keeping devices organized
ma-g4-tech-cs-u03-l01,ma-g4-tech-cs,4,technology,3,13,1,Launch and diagnostic,Launch and diagnostic: efficient typing practice
ma-g4-tech-cs-u03-l02,ma-g4-tech-cs,4,technology,3,14,2,Explicit model,Explicit model: formatting a document
ma-g4-tech-cs-u03-l03,ma-g4-tech-cs,4,technology,3,15,3,Guided practice,Guided practice: building a simple slide
ma-g4-tech-cs-u03-l04,ma-g4-tech-cs,4,technology,3,16,4,Application or project,Application or project: using accessibility features
ma-g4-tech-cs-u03-l05,ma-g4-tech-cs,4,technology,3,17,5,Mastery check,Mastery check: adding a comment or suggestion
ma-g4-tech-cs-u03-l06,ma-g4-tech-cs,4,technology,3,18,6,Correction and reflection,Correction and reflection: keeping file versions organized
ma-g4-tech-cs-u04-l01,ma-g4-tech-cs,4,technology,4,19,1,Launch and diagnostic,Launch and diagnostic: sequence review
ma-g4-tech-cs-u04-l02,ma-g4-tech-cs,4,technology,4,20,2,Explicit model,Explicit model: events
ma-g4-tech-cs-u04-l03,ma-g4-tech-cs,4,technology,4,21,3,Guided practice,Guided practice: loops and repeats
ma-g4-tech-cs-u04-l04,ma-g4-tech-cs,4,technology,4,22,4,Application or project,Application or project: conditionals: if-then
ma-g4-tech-cs-u04-l05,ma-g4-tech-cs,4,technology,4,23,5,Mastery check,Mastery check: simple variables
ma-g4-tech-cs-u04-l06,ma-g4-tech-cs,4,technology,4,24,6,Correction and reflection,Correction and reflection: testing and debugging a program
ma-g4-tech-cs-u05-l01,ma-g4-tech-cs,4,technology,5,25,1,Launch and diagnostic,Launch and diagnostic: collecting simple data
ma-g4-tech-cs-u05-l02,ma-g4-tech-cs,4,technology,5,26,2,Explicit model,Explicit model: making tables and charts
ma-g4-tech-cs-u05-l03,ma-g4-tech-cs,4,technology,5,27,3,Guided practice,Guided practice: image and media rights basics
ma-g4-tech-cs-u05-l04,ma-g4-tech-cs,4,technology,5,28,4,Application or project,Application or project: search strategies
ma-g4-tech-cs-u05-l05,ma-g4-tech-cs,4,technology,5,29,5,Mastery check,Mastery check: judging source credibility
ma-g4-tech-cs-u05-l06,ma-g4-tech-cs,4,technology,5,30,6,Correction and reflection,Correction and reflection: checking AI-generated content
ma-g4-tech-cs-u06-l01,ma-g4-tech-cs,4,technology,6,31,1,Launch and diagnostic,Launch and diagnostic: identifying user needs
ma-g4-tech-cs-u06-l02,ma-g4-tech-cs,4,technology,6,32,2,Explicit model,Explicit model: requirements and constraints
ma-g4-tech-cs-u06-l03,ma-g4-tech-cs,4,technology,6,33,3,Guided practice,Guided practice: building a prototype
ma-g4-tech-cs-u06-l04,ma-g4-tech-cs,4,technology,6,34,4,Application or project,Application or project: gathering feedback
ma-g4-tech-cs-u06-l05,ma-g4-tech-cs,4,technology,6,35,5,Mastery check,Mastery check: iterating on a design
ma-g4-tech-cs-u06-l06,ma-g4-tech-cs,4,technology,6,36,6,Correction and reflection,Correction and reflection: accessibility and inclusion in design
ma-g4-arts-music-u01-l01,ma-g4-arts-music,4,arts-and-music,1,1,1,Launch and diagnostic,Launch and diagnostic: line shape and color
ma-g4-arts-music-u01-l02,ma-g4-arts-music,4,arts-and-music,1,2,2,Concept model A,Concept model A: texture and value
ma-g4-arts-music-u01-l03,ma-g4-arts-music,4,arts-and-music,1,3,3,Guided practice A,Guided practice A: space and composition
ma-g4-arts-music-u01-l04,ma-g4-arts-music,4,arts-and-music,1,4,4,Independent application A,Independent application A: steady beat and rhythm
ma-g4-arts-music-u01-l05,ma-g4-arts-music,4,arts-and-music,1,5,5,Concept model B,Concept model B: melody and pitch
ma-g4-arts-music-u01-l06,ma-g4-arts-music,4,arts-and-music,1,6,6,Guided practice B,Guided practice B: dynamics and tempo
ma-g4-arts-music-u01-l07,ma-g4-arts-music,4,arts-and-music,1,7,7,Investigation or close reading,Investigation or close reading: line shape and color
ma-g4-arts-music-u01-l08,ma-g4-arts-music,4,arts-and-music,1,8,8,Reteach and varied practice,Reteach and varied practice: texture and value
ma-g4-arts-music-u01-l09,ma-g4-arts-music,4,arts-and-music,1,9,9,Performance task build,Performance task build: space and composition
ma-g4-arts-music-u01-l10,ma-g4-arts-music,4,arts-and-music,1,10,10,Synthesis and review,Synthesis and review: steady beat and rhythm
ma-g4-arts-music-u01-l11,ma-g4-arts-music,4,arts-and-music,1,11,11,Unit assessment,Unit assessment: melody and pitch
ma-g4-arts-music-u01-l12,ma-g4-arts-music,4,arts-and-music,1,12,12,Correction and reflection,Correction and reflection: dynamics and tempo
ma-g4-arts-music-u02-l01,ma-g4-arts-music,4,arts-and-music,2,13,1,Launch and diagnostic,Launch and diagnostic: drawing techniques
ma-g4-arts-music-u02-l02,ma-g4-arts-music,4,arts-and-music,2,14,2,Concept model A,Concept model A: paint or color media
ma-g4-arts-music-u02-l03,ma-g4-arts-music,4,arts-and-music,2,15,3,Guided practice A,Guided practice A: collage and printmaking
ma-g4-arts-music-u02-l04,ma-g4-arts-music,4,arts-and-music,2,16,4,Independent application A,Independent application A: three-dimensional construction
ma-g4-arts-music-u02-l05,ma-g4-arts-music,4,arts-and-music,2,17,5,Concept model B,Concept model B: craftsmanship and safety
ma-g4-arts-music-u02-l06,ma-g4-arts-music,4,arts-and-music,2,18,6,Guided practice B,Guided practice B: revision
ma-g4-arts-music-u02-l07,ma-g4-arts-music,4,arts-and-music,2,19,7,Investigation or close reading,Investigation or close reading: drawing techniques
ma-g4-arts-music-u02-l08,ma-g4-arts-music,4,arts-and-music,2,20,8,Reteach and varied practice,Reteach and varied practice: paint or color media
ma-g4-arts-music-u02-l09,ma-g4-arts-music,4,arts-and-music,2,21,9,Performance task build,Performance task build: collage and printmaking
ma-g4-arts-music-u02-l10,ma-g4-arts-music,4,arts-and-music,2,22,10,Synthesis and review,Synthesis and review: three-dimensional construction
ma-g4-arts-music-u02-l11,ma-g4-arts-music,4,arts-and-music,2,23,11,Unit assessment,Unit assessment: craftsmanship and safety
ma-g4-arts-music-u02-l12,ma-g4-arts-music,4,arts-and-music,2,24,12,Correction and reflection,Correction and reflection: revision
ma-g4-arts-music-u03-l01,ma-g4-arts-music,4,arts-and-music,3,25,1,Launch and diagnostic,Launch and diagnostic: steady beat and rhythm
ma-g4-arts-music-u03-l02,ma-g4-arts-music,4,arts-and-music,3,26,2,Concept model A,Concept model A: pitch and melody
ma-g4-arts-music-u03-l03,ma-g4-arts-music,4,arts-and-music,3,27,3,Guided practice A,Guided practice A: dynamics and tempo
ma-g4-arts-music-u03-l04,ma-g4-arts-music,4,arts-and-music,3,28,4,Independent application A,Independent application A: musical form
ma-g4-arts-music-u03-l05,ma-g4-arts-music,4,arts-and-music,3,29,5,Concept model B,Concept model B: instrument families and voices
ma-g4-arts-music-u03-l06,ma-g4-arts-music,4,arts-and-music,3,30,6,Guided practice B,Guided practice B: active listening
ma-g4-arts-music-u03-l07,ma-g4-arts-music,4,arts-and-music,3,31,7,Investigation or close reading,Investigation or close reading: steady beat and rhythm
ma-g4-arts-music-u03-l08,ma-g4-arts-music,4,arts-and-music,3,32,8,Reteach and varied practice,Reteach and varied practice: pitch and melody
ma-g4-arts-music-u03-l09,ma-g4-arts-music,4,arts-and-music,3,33,9,Performance task build,Performance task build: dynamics and tempo
ma-g4-arts-music-u03-l10,ma-g4-arts-music,4,arts-and-music,3,34,10,Synthesis and review,Synthesis and review: musical form
ma-g4-arts-music-u03-l11,ma-g4-arts-music,4,arts-and-music,3,35,11,Unit assessment,Unit assessment: instrument families and voices
ma-g4-arts-music-u03-l12,ma-g4-arts-music,4,arts-and-music,3,36,12,Correction and reflection,Correction and reflection: active listening
ma-g4-arts-music-u04-l01,ma-g4-arts-music,4,arts-and-music,4,37,1,Launch and diagnostic,Launch and diagnostic: character and objective
ma-g4-arts-music-u04-l02,ma-g4-arts-music,4,arts-and-music,4,38,2,Concept model A,Concept model A: voice and gesture
ma-g4-arts-music-u04-l03,ma-g4-arts-music,4,arts-and-music,4,39,3,Guided practice A,Guided practice A: scene structure
ma-g4-arts-music-u04-l04,ma-g4-arts-music,4,arts-and-music,4,40,4,Independent application A,Independent application A: improvisation boundaries
ma-g4-arts-music-u04-l05,ma-g4-arts-music,4,arts-and-music,4,41,5,Concept model B,Concept model B: movement sequence
ma-g4-arts-music-u04-l06,ma-g4-arts-music,4,arts-and-music,4,42,6,Guided practice B,Guided practice B: audience awareness
ma-g4-arts-music-u04-l07,ma-g4-arts-music,4,arts-and-music,4,43,7,Investigation or close reading,Investigation or close reading: character and objective
ma-g4-arts-music-u04-l08,ma-g4-arts-music,4,arts-and-music,4,44,8,Reteach and varied practice,Reteach and varied practice: voice and gesture
ma-g4-arts-music-u04-l09,ma-g4-arts-music,4,arts-and-music,4,45,9,Performance task build,Performance task build: scene structure
ma-g4-arts-music-u04-l10,ma-g4-arts-music,4,arts-and-music,4,46,10,Synthesis and review,Synthesis and review: improvisation boundaries
ma-g4-arts-music-u04-l11,ma-g4-arts-music,4,arts-and-music,4,47,11,Unit assessment,Unit assessment: movement sequence
ma-g4-arts-music-u04-l12,ma-g4-arts-music,4,arts-and-music,4,48,12,Correction and reflection,Correction and reflection: audience awareness
ma-g4-arts-music-u05-l01,ma-g4-arts-music,4,arts-and-music,5,49,1,Launch and diagnostic,Launch and diagnostic: art as communication
ma-g4-arts-music-u05-l02,ma-g4-arts-music,4,arts-and-music,5,50,2,Concept model A,Concept model A: community traditions
ma-g4-arts-music-u05-l03,ma-g4-arts-music,4,arts-and-music,5,51,3,Guided practice A,Guided practice A: artist context
ma-g4-arts-music-u05-l04,ma-g4-arts-music,4,arts-and-music,5,52,4,Independent application A,Independent application A: respectful cultural learning
ma-g4-arts-music-u05-l05,ma-g4-arts-music,4,arts-and-music,5,53,5,Concept model B,Concept model B: copyright and attribution
ma-g4-arts-music-u05-l06,ma-g4-arts-music,4,arts-and-music,5,54,6,Guided practice B,Guided practice B: comparison across forms
ma-g4-arts-music-u05-l07,ma-g4-arts-music,4,arts-and-music,5,55,7,Investigation or close reading,Investigation or close reading: art as communication
ma-g4-arts-music-u05-l08,ma-g4-arts-music,4,arts-and-music,5,56,8,Reteach and varied practice,Reteach and varied practice: community traditions
ma-g4-arts-music-u05-l09,ma-g4-arts-music,4,arts-and-music,5,57,9,Performance task build,Performance task build: artist context
ma-g4-arts-music-u05-l10,ma-g4-arts-music,4,arts-and-music,5,58,10,Synthesis and review,Synthesis and review: respectful cultural learning
ma-g4-arts-music-u05-l11,ma-g4-arts-music,4,arts-and-music,5,59,11,Unit assessment,Unit assessment: copyright and attribution
ma-g4-arts-music-u05-l12,ma-g4-arts-music,4,arts-and-music,5,60,12,Correction and reflection,Correction and reflection: comparison across forms
ma-g4-arts-music-u06-l01,ma-g4-arts-music,4,arts-and-music,6,61,1,Launch and diagnostic,Launch and diagnostic: selecting work
ma-g4-arts-music-u06-l02,ma-g4-arts-music,4,arts-and-music,6,62,2,Concept model A,Concept model A: artist statements
ma-g4-arts-music-u06-l03,ma-g4-arts-music,4,arts-and-music,6,63,3,Guided practice A,Guided practice A: rehearsal plans
ma-g4-arts-music-u06-l04,ma-g4-arts-music,4,arts-and-music,6,64,4,Independent application A,Independent application A: peer feedback
ma-g4-arts-music-u06-l05,ma-g4-arts-music,4,arts-and-music,6,65,5,Concept model B,Concept model B: revision
ma-g4-arts-music-u06-l06,ma-g4-arts-music,4,arts-and-music,6,66,6,Guided practice B,Guided practice B: presentation and reflection
ma-g4-arts-music-u06-l07,ma-g4-arts-music,4,arts-and-music,6,67,7,Investigation or close reading,Investigation or close reading: selecting work
ma-g4-arts-music-u06-l08,ma-g4-arts-music,4,arts-and-music,6,68,8,Reteach and varied practice,Reteach and varied practice: artist statements
ma-g4-arts-music-u06-l09,ma-g4-arts-music,4,arts-and-music,6,69,9,Performance task build,Performance task build: rehearsal plans
ma-g4-arts-music-u06-l10,ma-g4-arts-music,4,arts-and-music,6,70,10,Synthesis and review,Synthesis and review: peer feedback
ma-g4-arts-music-u06-l11,ma-g4-arts-music,4,arts-and-music,6,71,11,Unit assessment,Unit assessment: revision
ma-g4-arts-music-u06-l12,ma-g4-arts-music,4,arts-and-music,6,72,12,Correction and reflection,Correction and reflection: presentation and reflection
ma-g4-financial-literacy-u01-l01,ma-g4-financial-literacy,4,financial-literacy,1,1,1,Launch and diagnostic,"Launch and diagnostic: needs, wants, and priorities"
ma-g4-financial-literacy-u01-l02,ma-g4-financial-literacy,4,financial-literacy,1,2,2,Explicit model,Explicit model: scarcity and tradeoffs
ma-g4-financial-literacy-u01-l03,ma-g4-financial-literacy,4,financial-literacy,1,3,3,Guided practice,Guided practice: what a choice costs us
ma-g4-financial-literacy-u01-l04,ma-g4-financial-literacy,4,financial-literacy,1,4,4,Application or project,Application or project: money as a tool
ma-g4-financial-literacy-u01-l05,ma-g4-financial-literacy,4,financial-literacy,1,5,5,Mastery check,Mastery check: a four-step decision routine
ma-g4-financial-literacy-u01-l06,ma-g4-financial-literacy,4,financial-literacy,1,6,6,Correction and reflection,Correction and reflection: family differences and dignity
ma-g4-financial-literacy-u02-l01,ma-g4-financial-literacy,4,financial-literacy,2,7,1,Launch and diagnostic,Launch and diagnostic: ways people earn income
ma-g4-financial-literacy-u02-l02,ma-g4-financial-literacy,4,financial-literacy,2,8,2,Explicit model,"Explicit model: skills, training, and practice"
ma-g4-financial-literacy-u02-l03,ma-g4-financial-literacy,4,financial-literacy,2,9,3,Guided practice,Guided practice: simulated pay and set-asides
ma-g4-financial-literacy-u02-l04,ma-g4-financial-literacy,4,financial-literacy,2,10,4,Application or project,Application or project: small business ideas
ma-g4-financial-literacy-u02-l05,ma-g4-financial-literacy,4,financial-literacy,2,11,5,Mastery check,Mastery check: unpaid family and community work
ma-g4-financial-literacy-u02-l06,ma-g4-financial-literacy,4,financial-literacy,2,12,6,Correction and reflection,Correction and reflection: responsibility and fairness at work
ma-g4-financial-literacy-u03-l01,ma-g4-financial-literacy,4,financial-literacy,3,13,1,Launch and diagnostic,Launch and diagnostic: unit price and comparing
ma-g4-financial-literacy-u03-l02,ma-g4-financial-literacy,4,financial-literacy,3,14,2,Explicit model,Explicit model: comparison shopping steps
ma-g4-financial-literacy-u03-l03,ma-g4-financial-literacy,4,financial-literacy,3,15,3,Guided practice,Guided practice: a simple simulated tax add-on
ma-g4-financial-literacy-u03-l04,ma-g4-financial-literacy,4,financial-literacy,3,16,4,Application or project,Application or project: fixed and flexible categories
ma-g4-financial-literacy-u03-l05,ma-g4-financial-literacy,4,financial-literacy,3,17,5,Mastery check,Mastery check: a one-week simulated budget
ma-g4-financial-literacy-u03-l06,ma-g4-financial-literacy,4,financial-literacy,3,18,6,Correction and reflection,Correction and reflection: checking totals and fixing errors
ma-g4-financial-literacy-u04-l01,ma-g4-financial-literacy,4,financial-literacy,4,19,1,Launch and diagnostic,Launch and diagnostic: short-term and long-term goals
ma-g4-financial-literacy-u04-l02,ma-g4-financial-literacy,4,financial-literacy,4,20,2,Explicit model,Explicit model: a simulated savings plan
ma-g4-financial-literacy-u04-l03,ma-g4-financial-literacy,4,financial-literacy,4,21,3,Guided practice,Guided practice: what banks and credit unions do
ma-g4-financial-literacy-u04-l04,ma-g4-financial-literacy,4,financial-literacy,4,22,4,Application or project,Application or project: interest as a simple idea
ma-g4-financial-literacy-u04-l05,ma-g4-financial-literacy,4,financial-literacy,4,23,5,Mastery check,Mastery check: keeping money information private
ma-g4-financial-literacy-u04-l06,ma-g4-financial-literacy,4,financial-literacy,4,24,6,Correction and reflection,Correction and reflection: identifying a trusted adult
ma-g4-financial-literacy-u05-l01,ma-g4-financial-literacy,4,financial-literacy,5,25,1,Launch and diagnostic,Launch and diagnostic: how advertising works
ma-g4-financial-literacy-u05-l02,ma-g4-financial-literacy,4,financial-literacy,5,26,2,Explicit model,Explicit model: persuasion techniques
ma-g4-financial-literacy-u05-l03,ma-g4-financial-literacy,4,financial-literacy,5,27,3,Guided practice,Guided practice: borrowing and paying back
ma-g4-financial-literacy-u05-l04,ma-g4-financial-literacy,4,financial-literacy,5,28,4,Application or project,Application or project: interest as the cost of borrowing
ma-g4-financial-literacy-u05-l05,ma-g4-financial-literacy,4,financial-literacy,5,29,5,Mastery check,Mastery check: recognizing scams and pressure
ma-g4-financial-literacy-u05-l06,ma-g4-financial-literacy,4,financial-literacy,5,30,6,Correction and reflection,Correction and reflection: giving and community support
ma-g4-financial-literacy-u06-l01,ma-g4-financial-literacy,4,financial-literacy,6,31,1,Launch and diagnostic,Launch and diagnostic: a product or service idea
ma-g4-financial-literacy-u06-l02,ma-g4-financial-literacy,4,financial-literacy,6,32,2,Explicit model,Explicit model: simulated costs and pricing
ma-g4-financial-literacy-u06-l03,ma-g4-financial-literacy,4,financial-literacy,6,33,3,Guided practice,Guided practice: a simulated operating budget
ma-g4-financial-literacy-u06-l04,ma-g4-financial-literacy,4,financial-literacy,6,34,4,Application or project,Application or project: telling customers the truth
ma-g4-financial-literacy-u06-l05,ma-g4-financial-literacy,4,financial-literacy,6,35,5,Mastery check,Mastery check: keeping simulated records
ma-g4-financial-literacy-u06-l06,ma-g4-financial-literacy,4,financial-literacy,6,36,6,Correction and reflection,Correction and reflection: reflection and a giving choice
