lesson_id,course_id,grade,subject,course_day,unit_number,unit_title,day_in_unit,title,phase,focus,standards
ma-g9-social-studies-u01-l01,ma-g9-social-studies,9,social-studies,1,1,Foundations of High School United States History and Geography,1,Launch and diagnostic: historical and geographic inquiry,Launch and diagnostic,historical and geographic inquiry,USHG F1.1;USHG F1.2;USHG F1.3;P1;P2
ma-g9-social-studies-u01-l02,ma-g9-social-studies,9,social-studies,2,1,Foundations of High School United States History and Geography,2,Concept model A: core ideals in founding documents,Concept model A,core ideals in founding documents,USHG F1.1;USHG F1.2;USHG F1.3;P1;P2
ma-g9-social-studies-u01-l03,ma-g9-social-studies,9,social-studies,3,1,Foundations of High School United States History and Geography,3,Guided practice A: change and continuity to 1877,Guided practice A,change and continuity to 1877,USHG F1.1;USHG F1.2;USHG F1.3;P1;P2
ma-g9-social-studies-u01-l04,ma-g9-social-studies,9,social-studies,4,1,Foundations of High School United States History and Geography,4,Independent application A: sourcing and corroboration,Independent application A,sourcing and corroboration,USHG F1.1;USHG F1.2;USHG F1.3;P1;P2
ma-g9-social-studies-u01-l05,ma-g9-social-studies,9,social-studies,5,1,Foundations of High School United States History and Geography,5,Concept model B: spatial reasoning with maps,Concept model B,spatial reasoning with maps,USHG F1.1;USHG F1.2;USHG F1.3;P1;P2
ma-g9-social-studies-u01-l06,ma-g9-social-studies,9,social-studies,6,1,Foundations of High School United States History and Geography,6,Guided practice B: argument from evidence,Guided practice B,argument from evidence,USHG F1.1;USHG F1.2;USHG F1.3;P1;P2
ma-g9-social-studies-u01-l07,ma-g9-social-studies,9,social-studies,7,1,Foundations of High School United States History and Geography,7,Investigation or close reading: historical and geographic inquiry,Investigation or close reading,historical and geographic inquiry,USHG F1.1;USHG F1.2;USHG F1.3;P1;P2
ma-g9-social-studies-u01-l08,ma-g9-social-studies,9,social-studies,8,1,Foundations of High School United States History and Geography,8,Reteach and varied practice: core ideals in founding documents,Reteach and varied practice,core ideals in founding documents,USHG F1.1;USHG F1.2;USHG F1.3;P1;P2
ma-g9-social-studies-u01-l09,ma-g9-social-studies,9,social-studies,9,1,Foundations of High School United States History and Geography,9,Performance task build: change and continuity to 1877,Performance task build,change and continuity to 1877,USHG F1.1;USHG F1.2;USHG F1.3;P1;P2
ma-g9-social-studies-u01-l10,ma-g9-social-studies,9,social-studies,10,1,Foundations of High School United States History and Geography,10,Synthesis and review: sourcing and corroboration,Synthesis and review,sourcing and corroboration,USHG F1.1;USHG F1.2;USHG F1.3;P1;P2
ma-g9-social-studies-u01-l11,ma-g9-social-studies,9,social-studies,11,1,Foundations of High School United States History and Geography,11,Unit assessment: spatial reasoning with maps,Unit assessment,spatial reasoning with maps,USHG F1.1;USHG F1.2;USHG F1.3;P1;P2
ma-g9-social-studies-u01-l12,ma-g9-social-studies,9,social-studies,12,1,Foundations of High School United States History and Geography,12,Correction and reflection: argument from evidence,Correction and reflection,argument from evidence,USHG F1.1;USHG F1.2;USHG F1.3;P1;P2
ma-g9-social-studies-u02-l01,ma-g9-social-studies,9,social-studies,13,2,"Industrial and Urban America, 1870-1900",1,Launch and diagnostic: the Second Industrial Revolution,Launch and diagnostic,the Second Industrial Revolution,USHG 6.1.1;USHG 6.1.2;USHG 6.1.3;USHG 6.1.4;P2
ma-g9-social-studies-u02-l02,ma-g9-social-studies,9,social-studies,14,2,"Industrial and Urban America, 1870-1900",2,Concept model A: labor's response to industrial growth,Concept model A,labor's response to industrial growth,USHG 6.1.1;USHG 6.1.2;USHG 6.1.3;USHG 6.1.4;P2
ma-g9-social-studies-u02-l03,ma-g9-social-studies,9,social-studies,15,2,"Industrial and Urban America, 1870-1900",3,Guided practice A: urbanization,Guided practice A,urbanization,USHG 6.1.1;USHG 6.1.2;USHG 6.1.3;USHG 6.1.4;P2
ma-g9-social-studies-u02-l04,ma-g9-social-studies,9,social-studies,16,2,"Industrial and Urban America, 1870-1900",4,Independent application A: immigration and internal migration,Independent application A,immigration and internal migration,USHG 6.1.1;USHG 6.1.2;USHG 6.1.3;USHG 6.1.4;P2
ma-g9-social-studies-u02-l05,ma-g9-social-studies,9,social-studies,17,2,"Industrial and Urban America, 1870-1900",5,Concept model B: western settlement and federal Indian policy,Concept model B,western settlement and federal Indian policy,USHG 6.1.1;USHG 6.1.2;USHG 6.1.3;USHG 6.1.4;P2
ma-g9-social-studies-u02-l06,ma-g9-social-studies,9,social-studies,18,2,"Industrial and Urban America, 1870-1900",6,Guided practice B: social and cultural change,Guided practice B,social and cultural change,USHG 6.1.1;USHG 6.1.2;USHG 6.1.3;USHG 6.1.4;P2
ma-g9-social-studies-u02-l07,ma-g9-social-studies,9,social-studies,19,2,"Industrial and Urban America, 1870-1900",7,Investigation or close reading: the Second Industrial Revolution,Investigation or close reading,the Second Industrial Revolution,USHG 6.1.1;USHG 6.1.2;USHG 6.1.3;USHG 6.1.4;P2
ma-g9-social-studies-u02-l08,ma-g9-social-studies,9,social-studies,20,2,"Industrial and Urban America, 1870-1900",8,Reteach and varied practice: labor's response to industrial growth,Reteach and varied practice,labor's response to industrial growth,USHG 6.1.1;USHG 6.1.2;USHG 6.1.3;USHG 6.1.4;P2
ma-g9-social-studies-u02-l09,ma-g9-social-studies,9,social-studies,21,2,"Industrial and Urban America, 1870-1900",9,Performance task build: urbanization,Performance task build,urbanization,USHG 6.1.1;USHG 6.1.2;USHG 6.1.3;USHG 6.1.4;P2
ma-g9-social-studies-u02-l10,ma-g9-social-studies,9,social-studies,22,2,"Industrial and Urban America, 1870-1900",10,Synthesis and review: immigration and internal migration,Synthesis and review,immigration and internal migration,USHG 6.1.1;USHG 6.1.2;USHG 6.1.3;USHG 6.1.4;P2
ma-g9-social-studies-u02-l11,ma-g9-social-studies,9,social-studies,23,2,"Industrial and Urban America, 1870-1900",11,Unit assessment: western settlement and federal Indian policy,Unit assessment,western settlement and federal Indian policy,USHG 6.1.1;USHG 6.1.2;USHG 6.1.3;USHG 6.1.4;P2
ma-g9-social-studies-u02-l12,ma-g9-social-studies,9,social-studies,24,2,"Industrial and Urban America, 1870-1900",12,Correction and reflection: social and cultural change,Correction and reflection,social and cultural change,USHG 6.1.1;USHG 6.1.2;USHG 6.1.3;USHG 6.1.4;P2
ma-g9-social-studies-u03-l01,ma-g9-social-studies,9,social-studies,25,3,Becoming a World Power and World War I,1,Launch and diagnostic: growth of United States global power,Launch and diagnostic,growth of United States global power,USHG 6.2.1;USHG 6.2.2;USHG 6.2.3;USHG 6.2.4;P3
ma-g9-social-studies-u03-l02,ma-g9-social-studies,9,social-studies,26,3,Becoming a World Power and World War I,2,Concept model A: causes of World War I and American entry,Concept model A,causes of World War I and American entry,USHG 6.2.1;USHG 6.2.2;USHG 6.2.3;USHG 6.2.4;P3
ma-g9-social-studies-u03-l03,ma-g9-social-studies,9,social-studies,27,3,Becoming a World Power and World War I,3,Guided practice A: the domestic impact of World War I,Guided practice A,the domestic impact of World War I,USHG 6.2.1;USHG 6.2.2;USHG 6.2.3;USHG 6.2.4;P3
ma-g9-social-studies-u03-l04,ma-g9-social-studies,9,social-studies,28,3,Becoming a World Power and World War I,4,Independent application A: wartime civil liberties and dissent,Independent application A,wartime civil liberties and dissent,USHG 6.2.1;USHG 6.2.2;USHG 6.2.3;USHG 6.2.4;P3
ma-g9-social-studies-u03-l05,ma-g9-social-studies,9,social-studies,29,3,Becoming a World Power and World War I,5,Concept model B: the Fourteen Points and the peace settlement,Concept model B,the Fourteen Points and the peace settlement,USHG 6.2.1;USHG 6.2.2;USHG 6.2.3;USHG 6.2.4;P3
ma-g9-social-studies-u03-l06,ma-g9-social-studies,9,social-studies,30,3,Becoming a World Power and World War I,6,Guided practice B: the League of Nations debate,Guided practice B,the League of Nations debate,USHG 6.2.1;USHG 6.2.2;USHG 6.2.3;USHG 6.2.4;P3
ma-g9-social-studies-u03-l07,ma-g9-social-studies,9,social-studies,31,3,Becoming a World Power and World War I,7,Investigation or close reading: growth of United States global power,Investigation or close reading,growth of United States global power,USHG 6.2.1;USHG 6.2.2;USHG 6.2.3;USHG 6.2.4;P3
ma-g9-social-studies-u03-l08,ma-g9-social-studies,9,social-studies,32,3,Becoming a World Power and World War I,8,Reteach and varied practice: causes of World War I and American entry,Reteach and varied practice,causes of World War I and American entry,USHG 6.2.1;USHG 6.2.2;USHG 6.2.3;USHG 6.2.4;P3
ma-g9-social-studies-u03-l09,ma-g9-social-studies,9,social-studies,33,3,Becoming a World Power and World War I,9,Performance task build: the domestic impact of World War I,Performance task build,the domestic impact of World War I,USHG 6.2.1;USHG 6.2.2;USHG 6.2.3;USHG 6.2.4;P3
ma-g9-social-studies-u03-l10,ma-g9-social-studies,9,social-studies,34,3,Becoming a World Power and World War I,10,Synthesis and review: wartime civil liberties and dissent,Synthesis and review,wartime civil liberties and dissent,USHG 6.2.1;USHG 6.2.2;USHG 6.2.3;USHG 6.2.4;P3
ma-g9-social-studies-u03-l11,ma-g9-social-studies,9,social-studies,35,3,Becoming a World Power and World War I,11,Unit assessment: the Fourteen Points and the peace settlement,Unit assessment,the Fourteen Points and the peace settlement,USHG 6.2.1;USHG 6.2.2;USHG 6.2.3;USHG 6.2.4;P3
ma-g9-social-studies-u03-l12,ma-g9-social-studies,9,social-studies,36,3,Becoming a World Power and World War I,12,Correction and reflection: the League of Nations debate,Correction and reflection,the League of Nations debate,USHG 6.2.1;USHG 6.2.2;USHG 6.2.3;USHG 6.2.4;P3
ma-g9-social-studies-u04-l01,ma-g9-social-studies,9,social-studies,37,4,The Progressive Era,1,Launch and diagnostic: conditions that prompted reform,Launch and diagnostic,conditions that prompted reform,USHG 6.3.1;USHG 6.3.2;USHG 6.3.3;USHG 6.3.4;P4
ma-g9-social-studies-u04-l02,ma-g9-social-studies,9,social-studies,38,4,The Progressive Era,2,Concept model A: Progressive social and political reform,Concept model A,Progressive social and political reform,USHG 6.3.1;USHG 6.3.2;USHG 6.3.3;USHG 6.3.4;P4
ma-g9-social-studies-u04-l03,ma-g9-social-studies,9,social-studies,39,4,The Progressive Era,3,Guided practice A: regulation and the role of government,Guided practice A,regulation and the role of government,USHG 6.3.1;USHG 6.3.2;USHG 6.3.3;USHG 6.3.4;P4
ma-g9-social-studies-u04-l04,ma-g9-social-studies,9,social-studies,40,4,The Progressive Era,4,Independent application A: women's suffrage,Independent application A,women's suffrage,USHG 6.3.1;USHG 6.3.2;USHG 6.3.3;USHG 6.3.4;P4
ma-g9-social-studies-u04-l05,ma-g9-social-studies,9,social-studies,41,4,The Progressive Era,5,Concept model B: exclusions and limits of Progressive reform,Concept model B,exclusions and limits of Progressive reform,USHG 6.3.1;USHG 6.3.2;USHG 6.3.3;USHG 6.3.4;P4
ma-g9-social-studies-u04-l06,ma-g9-social-studies,9,social-studies,42,4,The Progressive Era,6,Guided practice B: evaluating reform outcomes,Guided practice B,evaluating reform outcomes,USHG 6.3.1;USHG 6.3.2;USHG 6.3.3;USHG 6.3.4;P4
ma-g9-social-studies-u04-l07,ma-g9-social-studies,9,social-studies,43,4,The Progressive Era,7,Investigation or close reading: conditions that prompted reform,Investigation or close reading,conditions that prompted reform,USHG 6.3.1;USHG 6.3.2;USHG 6.3.3;USHG 6.3.4;P4
ma-g9-social-studies-u04-l08,ma-g9-social-studies,9,social-studies,44,4,The Progressive Era,8,Reteach and varied practice: Progressive social and political reform,Reteach and varied practice,Progressive social and political reform,USHG 6.3.1;USHG 6.3.2;USHG 6.3.3;USHG 6.3.4;P4
ma-g9-social-studies-u04-l09,ma-g9-social-studies,9,social-studies,45,4,The Progressive Era,9,Performance task build: regulation and the role of government,Performance task build,regulation and the role of government,USHG 6.3.1;USHG 6.3.2;USHG 6.3.3;USHG 6.3.4;P4
ma-g9-social-studies-u04-l10,ma-g9-social-studies,9,social-studies,46,4,The Progressive Era,10,Synthesis and review: women's suffrage,Synthesis and review,women's suffrage,USHG 6.3.1;USHG 6.3.2;USHG 6.3.3;USHG 6.3.4;P4
ma-g9-social-studies-u04-l11,ma-g9-social-studies,9,social-studies,47,4,The Progressive Era,11,Unit assessment: exclusions and limits of Progressive reform,Unit assessment,exclusions and limits of Progressive reform,USHG 6.3.1;USHG 6.3.2;USHG 6.3.3;USHG 6.3.4;P4
ma-g9-social-studies-u04-l12,ma-g9-social-studies,9,social-studies,48,4,The Progressive Era,12,Correction and reflection: evaluating reform outcomes,Correction and reflection,evaluating reform outcomes,USHG 6.3.1;USHG 6.3.2;USHG 6.3.3;USHG 6.3.4;P4
ma-g9-social-studies-u05-l01,ma-g9-social-studies,9,social-studies,49,5,"Boom, Depression, and the New Deal",1,Launch and diagnostic: social and cultural change in the 1920s,Launch and diagnostic,social and cultural change in the 1920s,USHG 7.1.1;USHG 7.1.2;USHG 7.1.3;P2
ma-g9-social-studies-u05-l02,ma-g9-social-studies,9,social-studies,50,5,"Boom, Depression, and the New Deal",2,Concept model A: causes of the Great Depression,Concept model A,causes of the Great Depression,USHG 7.1.1;USHG 7.1.2;USHG 7.1.3;P2
ma-g9-social-studies-u05-l03,ma-g9-social-studies,9,social-studies,51,5,"Boom, Depression, and the New Deal",3,Guided practice A: human consequences of the Depression,Guided practice A,human consequences of the Depression,USHG 7.1.1;USHG 7.1.2;USHG 7.1.3;P2
ma-g9-social-studies-u05-l04,ma-g9-social-studies,9,social-studies,52,5,"Boom, Depression, and the New Deal",4,Independent application A: New Deal programs and coalitions,Independent application A,New Deal programs and coalitions,USHG 7.1.1;USHG 7.1.2;USHG 7.1.3;P2
ma-g9-social-studies-u05-l05,ma-g9-social-studies,9,social-studies,53,5,"Boom, Depression, and the New Deal",5,Concept model B: debates over New Deal effects,Concept model B,debates over New Deal effects,USHG 7.1.1;USHG 7.1.2;USHG 7.1.3;P2
ma-g9-social-studies-u05-l06,ma-g9-social-studies,9,social-studies,54,5,"Boom, Depression, and the New Deal",6,Guided practice B: the changing role of the federal government,Guided practice B,the changing role of the federal government,USHG 7.1.1;USHG 7.1.2;USHG 7.1.3;P2
ma-g9-social-studies-u05-l07,ma-g9-social-studies,9,social-studies,55,5,"Boom, Depression, and the New Deal",7,Investigation or close reading: social and cultural change in the 1920s,Investigation or close reading,social and cultural change in the 1920s,USHG 7.1.1;USHG 7.1.2;USHG 7.1.3;P2
ma-g9-social-studies-u05-l08,ma-g9-social-studies,9,social-studies,56,5,"Boom, Depression, and the New Deal",8,Reteach and varied practice: causes of the Great Depression,Reteach and varied practice,causes of the Great Depression,USHG 7.1.1;USHG 7.1.2;USHG 7.1.3;P2
ma-g9-social-studies-u05-l09,ma-g9-social-studies,9,social-studies,57,5,"Boom, Depression, and the New Deal",9,Performance task build: human consequences of the Depression,Performance task build,human consequences of the Depression,USHG 7.1.1;USHG 7.1.2;USHG 7.1.3;P2
ma-g9-social-studies-u05-l10,ma-g9-social-studies,9,social-studies,58,5,"Boom, Depression, and the New Deal",10,Synthesis and review: New Deal programs and coalitions,Synthesis and review,New Deal programs and coalitions,USHG 7.1.1;USHG 7.1.2;USHG 7.1.3;P2
ma-g9-social-studies-u05-l11,ma-g9-social-studies,9,social-studies,59,5,"Boom, Depression, and the New Deal",11,Unit assessment: debates over New Deal effects,Unit assessment,debates over New Deal effects,USHG 7.1.1;USHG 7.1.2;USHG 7.1.3;P2
ma-g9-social-studies-u05-l12,ma-g9-social-studies,9,social-studies,60,5,"Boom, Depression, and the New Deal",12,Correction and reflection: the changing role of the federal government,Correction and reflection,the changing role of the federal government,USHG 7.1.1;USHG 7.1.2;USHG 7.1.3;P2
ma-g9-social-studies-u06-l01,ma-g9-social-studies,9,social-studies,61,6,World War II,1,Launch and diagnostic: origins of American involvement,Launch and diagnostic,origins of American involvement,USHG 7.2.1;USHG 7.2.2;USHG 7.2.3;USHG 7.2.4;P1
ma-g9-social-studies-u06-l02,ma-g9-social-studies,9,social-studies,62,6,World War II,2,Concept model A: mobilization and the home front,Concept model A,mobilization and the home front,USHG 7.2.1;USHG 7.2.2;USHG 7.2.3;USHG 7.2.4;P1
ma-g9-social-studies-u06-l03,ma-g9-social-studies,9,social-studies,63,6,World War II,3,Guided practice A: Japanese American incarceration,Guided practice A,Japanese American incarceration,USHG 7.2.1;USHG 7.2.2;USHG 7.2.3;USHG 7.2.4;P1
ma-g9-social-studies-u06-l04,ma-g9-social-studies,9,social-studies,64,6,World War II,4,Independent application A: the geography and course of the war,Independent application A,the geography and course of the war,USHG 7.2.1;USHG 7.2.2;USHG 7.2.3;USHG 7.2.4;P1
ma-g9-social-studies-u06-l05,ma-g9-social-studies,9,social-studies,65,6,World War II,5,Concept model B: the Holocaust and the American response,Concept model B,the Holocaust and the American response,USHG 7.2.1;USHG 7.2.2;USHG 7.2.3;USHG 7.2.4;P1
ma-g9-social-studies-u06-l06,ma-g9-social-studies,9,social-studies,66,6,World War II,6,Guided practice B: the war's end and atomic weapons,Guided practice B,the war's end and atomic weapons,USHG 7.2.1;USHG 7.2.2;USHG 7.2.3;USHG 7.2.4;P1
ma-g9-social-studies-u06-l07,ma-g9-social-studies,9,social-studies,67,6,World War II,7,Investigation or close reading: origins of American involvement,Investigation or close reading,origins of American involvement,USHG 7.2.1;USHG 7.2.2;USHG 7.2.3;USHG 7.2.4;P1
ma-g9-social-studies-u06-l08,ma-g9-social-studies,9,social-studies,68,6,World War II,8,Reteach and varied practice: mobilization and the home front,Reteach and varied practice,mobilization and the home front,USHG 7.2.1;USHG 7.2.2;USHG 7.2.3;USHG 7.2.4;P1
ma-g9-social-studies-u06-l09,ma-g9-social-studies,9,social-studies,69,6,World War II,9,Performance task build: Japanese American incarceration,Performance task build,Japanese American incarceration,USHG 7.2.1;USHG 7.2.2;USHG 7.2.3;USHG 7.2.4;P1
ma-g9-social-studies-u06-l10,ma-g9-social-studies,9,social-studies,70,6,World War II,10,Synthesis and review: the geography and course of the war,Synthesis and review,the geography and course of the war,USHG 7.2.1;USHG 7.2.2;USHG 7.2.3;USHG 7.2.4;P1
ma-g9-social-studies-u06-l11,ma-g9-social-studies,9,social-studies,71,6,World War II,11,Unit assessment: the Holocaust and the American response,Unit assessment,the Holocaust and the American response,USHG 7.2.1;USHG 7.2.2;USHG 7.2.3;USHG 7.2.4;P1
ma-g9-social-studies-u06-l12,ma-g9-social-studies,9,social-studies,72,6,World War II,12,Correction and reflection: the war's end and atomic weapons,Correction and reflection,the war's end and atomic weapons,USHG 7.2.1;USHG 7.2.2;USHG 7.2.3;USHG 7.2.4;P1
ma-g9-social-studies-u07-l01,ma-g9-social-studies,9,social-studies,73,7,Cold War and Postwar America,1,Launch and diagnostic: origins of the Cold War,Launch and diagnostic,origins of the Cold War,USHG 8.1.1;USHG 8.1.2;USHG 8.1.3;USHG 8.2.1;USHG 8.2.2;USHG 8.2.3;USHG 8.2.4;P2
ma-g9-social-studies-u07-l02,ma-g9-social-studies,9,social-studies,74,7,Cold War and Postwar America,2,Concept model A: containment and global conflicts,Concept model A,containment and global conflicts,USHG 8.1.1;USHG 8.1.2;USHG 8.1.3;USHG 8.2.1;USHG 8.2.2;USHG 8.2.3;USHG 8.2.4;P2
ma-g9-social-studies-u07-l03,ma-g9-social-studies,9,social-studies,75,7,Cold War and Postwar America,3,Guided practice A: anticommunism at home,Guided practice A,anticommunism at home,USHG 8.1.1;USHG 8.1.2;USHG 8.1.3;USHG 8.2.1;USHG 8.2.2;USHG 8.2.3;USHG 8.2.4;P2
ma-g9-social-studies-u07-l04,ma-g9-social-studies,9,social-studies,76,7,Cold War and Postwar America,4,Independent application A: postwar prosperity and suburbanization,Independent application A,postwar prosperity and suburbanization,USHG 8.1.1;USHG 8.1.2;USHG 8.1.3;USHG 8.2.1;USHG 8.2.2;USHG 8.2.3;USHG 8.2.4;P2
ma-g9-social-studies-u07-l05,ma-g9-social-studies,9,social-studies,77,7,Cold War and Postwar America,5,Concept model B: demographic and economic change,Concept model B,demographic and economic change,USHG 8.1.1;USHG 8.1.2;USHG 8.1.3;USHG 8.2.1;USHG 8.2.2;USHG 8.2.3;USHG 8.2.4;P2
ma-g9-social-studies-u07-l06,ma-g9-social-studies,9,social-studies,78,7,Cold War and Postwar America,6,"Guided practice B: the Great Society, Vietnam-era controversies, Watergate, and the environmental movement",Guided practice B,"the Great Society, Vietnam-era controversies, Watergate, and the environmental movement",USHG 8.1.1;USHG 8.1.2;USHG 8.1.3;USHG 8.2.1;USHG 8.2.2;USHG 8.2.3;USHG 8.2.4;P2
ma-g9-social-studies-u07-l07,ma-g9-social-studies,9,social-studies,79,7,Cold War and Postwar America,7,Investigation or close reading: origins of the Cold War,Investigation or close reading,origins of the Cold War,USHG 8.1.1;USHG 8.1.2;USHG 8.1.3;USHG 8.2.1;USHG 8.2.2;USHG 8.2.3;USHG 8.2.4;P2
ma-g9-social-studies-u07-l08,ma-g9-social-studies,9,social-studies,80,7,Cold War and Postwar America,8,Reteach and varied practice: containment and global conflicts,Reteach and varied practice,containment and global conflicts,USHG 8.1.1;USHG 8.1.2;USHG 8.1.3;USHG 8.2.1;USHG 8.2.2;USHG 8.2.3;USHG 8.2.4;P2
ma-g9-social-studies-u07-l09,ma-g9-social-studies,9,social-studies,81,7,Cold War and Postwar America,9,Performance task build: anticommunism at home,Performance task build,anticommunism at home,USHG 8.1.1;USHG 8.1.2;USHG 8.1.3;USHG 8.2.1;USHG 8.2.2;USHG 8.2.3;USHG 8.2.4;P2
ma-g9-social-studies-u07-l10,ma-g9-social-studies,9,social-studies,82,7,Cold War and Postwar America,10,Synthesis and review: postwar prosperity and suburbanization,Synthesis and review,postwar prosperity and suburbanization,USHG 8.1.1;USHG 8.1.2;USHG 8.1.3;USHG 8.2.1;USHG 8.2.2;USHG 8.2.3;USHG 8.2.4;P2
ma-g9-social-studies-u07-l11,ma-g9-social-studies,9,social-studies,83,7,Cold War and Postwar America,11,Unit assessment: demographic and economic change,Unit assessment,demographic and economic change,USHG 8.1.1;USHG 8.1.2;USHG 8.1.3;USHG 8.2.1;USHG 8.2.2;USHG 8.2.3;USHG 8.2.4;P2
ma-g9-social-studies-u07-l12,ma-g9-social-studies,9,social-studies,84,7,Cold War and Postwar America,12,"Correction and reflection: the Great Society, Vietnam-era controversies, Watergate, and the environmental movement",Correction and reflection,"the Great Society, Vietnam-era controversies, Watergate, and the environmental movement",USHG 8.1.1;USHG 8.1.2;USHG 8.1.3;USHG 8.2.1;USHG 8.2.2;USHG 8.2.3;USHG 8.2.4;P2
ma-g9-social-studies-u08-l01,ma-g9-social-studies,9,social-studies,85,8,Civil Rights in the Post-World War II Era,1,Launch and diagnostic: origins of the civil rights movement,Launch and diagnostic,origins of the civil rights movement,USHG 8.3.1;USHG 8.3.2;USHG 8.3.3;USHG 8.3.4;USHG 8.3.5;P3
ma-g9-social-studies-u08-l02,ma-g9-social-studies,9,social-studies,86,8,Civil Rights in the Post-World War II Era,2,"Concept model A: law, courts, and desegregation",Concept model A,"law, courts, and desegregation",USHG 8.3.1;USHG 8.3.2;USHG 8.3.3;USHG 8.3.4;USHG 8.3.5;P3
ma-g9-social-studies-u08-l03,ma-g9-social-studies,9,social-studies,87,8,Civil Rights in the Post-World War II Era,3,"Guided practice A: organizing, protest, and strategy",Guided practice A,"organizing, protest, and strategy",USHG 8.3.1;USHG 8.3.2;USHG 8.3.3;USHG 8.3.4;USHG 8.3.5;P3
ma-g9-social-studies-u08-l04,ma-g9-social-studies,9,social-studies,88,8,Civil Rights in the Post-World War II Era,4,Independent application A: federal civil rights legislation,Independent application A,federal civil rights legislation,USHG 8.3.1;USHG 8.3.2;USHG 8.3.3;USHG 8.3.4;USHG 8.3.5;P3
ma-g9-social-studies-u08-l05,ma-g9-social-studies,9,social-studies,89,8,Civil Rights in the Post-World War II Era,5,Concept model B: expanding movements for rights,Concept model B,expanding movements for rights,USHG 8.3.1;USHG 8.3.2;USHG 8.3.3;USHG 8.3.4;USHG 8.3.5;P3
ma-g9-social-studies-u08-l06,ma-g9-social-studies,9,social-studies,90,8,Civil Rights in the Post-World War II Era,6,Guided practice B: contested legacies and continuing debates,Guided practice B,contested legacies and continuing debates,USHG 8.3.1;USHG 8.3.2;USHG 8.3.3;USHG 8.3.4;USHG 8.3.5;P3
ma-g9-social-studies-u08-l07,ma-g9-social-studies,9,social-studies,91,8,Civil Rights in the Post-World War II Era,7,Investigation or close reading: origins of the civil rights movement,Investigation or close reading,origins of the civil rights movement,USHG 8.3.1;USHG 8.3.2;USHG 8.3.3;USHG 8.3.4;USHG 8.3.5;P3
ma-g9-social-studies-u08-l08,ma-g9-social-studies,9,social-studies,92,8,Civil Rights in the Post-World War II Era,8,"Reteach and varied practice: law, courts, and desegregation",Reteach and varied practice,"law, courts, and desegregation",USHG 8.3.1;USHG 8.3.2;USHG 8.3.3;USHG 8.3.4;USHG 8.3.5;P3
ma-g9-social-studies-u08-l09,ma-g9-social-studies,9,social-studies,93,8,Civil Rights in the Post-World War II Era,9,"Performance task build: organizing, protest, and strategy",Performance task build,"organizing, protest, and strategy",USHG 8.3.1;USHG 8.3.2;USHG 8.3.3;USHG 8.3.4;USHG 8.3.5;P3
ma-g9-social-studies-u08-l10,ma-g9-social-studies,9,social-studies,94,8,Civil Rights in the Post-World War II Era,10,Synthesis and review: federal civil rights legislation,Synthesis and review,federal civil rights legislation,USHG 8.3.1;USHG 8.3.2;USHG 8.3.3;USHG 8.3.4;USHG 8.3.5;P3
ma-g9-social-studies-u08-l11,ma-g9-social-studies,9,social-studies,95,8,Civil Rights in the Post-World War II Era,11,Unit assessment: expanding movements for rights,Unit assessment,expanding movements for rights,USHG 8.3.1;USHG 8.3.2;USHG 8.3.3;USHG 8.3.4;USHG 8.3.5;P3
ma-g9-social-studies-u08-l12,ma-g9-social-studies,9,social-studies,96,8,Civil Rights in the Post-World War II Era,12,Correction and reflection: contested legacies and continuing debates,Correction and reflection,contested legacies and continuing debates,USHG 8.3.1;USHG 8.3.2;USHG 8.3.3;USHG 8.3.4;USHG 8.3.5;P3
ma-g9-social-studies-u09-l01,ma-g9-social-studies,9,social-studies,97,9,America in a New Global Age,1,Launch and diagnostic: globalization and the United States economy,Launch and diagnostic,globalization and the United States economy,USHG 9.1.1;USHG 9.1.2;USHG 9.2.1;USHG 9.2.2;USHG 9.3.1;P3;P4
ma-g9-social-studies-u09-l02,ma-g9-social-studies,9,social-studies,98,9,America in a New Global Age,2,"Concept model A: domestic political realignment, religion in politics, and partisanship",Concept model A,"domestic political realignment, religion in politics, and partisanship",USHG 9.1.1;USHG 9.1.2;USHG 9.2.1;USHG 9.2.2;USHG 9.3.1;P3;P4
ma-g9-social-studies-u09-l03,ma-g9-social-studies,9,social-studies,99,9,America in a New Global Age,3,Guided practice A: America's changing role in the world after the Cold War,Guided practice A,America's changing role in the world after the Cold War,USHG 9.1.1;USHG 9.1.2;USHG 9.2.1;USHG 9.2.2;USHG 9.3.1;P3;P4
ma-g9-social-studies-u09-l04,ma-g9-social-studies,9,social-studies,100,9,America in a New Global Age,4,"Independent application A: September 11, 2001 and responses to terrorism",Independent application A,"September 11, 2001 and responses to terrorism",USHG 9.1.1;USHG 9.1.2;USHG 9.2.1;USHG 9.2.2;USHG 9.3.1;P3;P4
ma-g9-social-studies-u09-l05,ma-g9-social-studies,9,social-studies,101,9,America in a New Global Age,5,Concept model B: contemporary policy debates,Concept model B,contemporary policy debates,USHG 9.1.1;USHG 9.1.2;USHG 9.2.1;USHG 9.2.2;USHG 9.3.1;P3;P4
ma-g9-social-studies-u09-l06,ma-g9-social-studies,9,social-studies,102,9,America in a New Global Age,6,Guided practice B: historical argument and public issues,Guided practice B,historical argument and public issues,USHG 9.1.1;USHG 9.1.2;USHG 9.2.1;USHG 9.2.2;USHG 9.3.1;P3;P4
ma-g9-social-studies-u09-l07,ma-g9-social-studies,9,social-studies,103,9,America in a New Global Age,7,Investigation or close reading: globalization and the United States economy,Investigation or close reading,globalization and the United States economy,USHG 9.1.1;USHG 9.1.2;USHG 9.2.1;USHG 9.2.2;USHG 9.3.1;P3;P4
ma-g9-social-studies-u09-l08,ma-g9-social-studies,9,social-studies,104,9,America in a New Global Age,8,"Reteach and varied practice: domestic political realignment, religion in politics, and partisanship",Reteach and varied practice,"domestic political realignment, religion in politics, and partisanship",USHG 9.1.1;USHG 9.1.2;USHG 9.2.1;USHG 9.2.2;USHG 9.3.1;P3;P4
ma-g9-social-studies-u09-l09,ma-g9-social-studies,9,social-studies,105,9,America in a New Global Age,9,Performance task build: America's changing role in the world after the Cold War,Performance task build,America's changing role in the world after the Cold War,USHG 9.1.1;USHG 9.1.2;USHG 9.2.1;USHG 9.2.2;USHG 9.3.1;P3;P4
ma-g9-social-studies-u09-l10,ma-g9-social-studies,9,social-studies,106,9,America in a New Global Age,10,"Synthesis and review: September 11, 2001 and responses to terrorism",Synthesis and review,"September 11, 2001 and responses to terrorism",USHG 9.1.1;USHG 9.1.2;USHG 9.2.1;USHG 9.2.2;USHG 9.3.1;P3;P4
ma-g9-social-studies-u09-l11,ma-g9-social-studies,9,social-studies,107,9,America in a New Global Age,11,Unit assessment: contemporary policy debates,Unit assessment,contemporary policy debates,USHG 9.1.1;USHG 9.1.2;USHG 9.2.1;USHG 9.2.2;USHG 9.3.1;P3;P4
ma-g9-social-studies-u09-l12,ma-g9-social-studies,9,social-studies,108,9,America in a New Global Age,12,Correction and reflection: historical argument and public issues,Correction and reflection,historical argument and public issues,USHG 9.1.1;USHG 9.1.2;USHG 9.2.1;USHG 9.2.2;USHG 9.3.1;P3;P4
ma-g10-social-studies-u01-l01,ma-g10-social-studies,10,social-studies,1,1,Foundations of World Historical and Geographical Inquiry,1,Launch and diagnostic: framing questions and historical significance,Launch and diagnostic,framing questions and historical significance,WHG F1;P1;P2
ma-g10-social-studies-u01-l02,ma-g10-social-studies,10,social-studies,2,1,Foundations of World Historical and Geographical Inquiry,2,Concept model A: periodization schemes,Concept model A,periodization schemes,WHG F1;P1;P2
ma-g10-social-studies-u01-l03,ma-g10-social-studies,10,social-studies,3,1,Foundations of World Historical and Geographical Inquiry,3,Guided practice A: spatial frames and scale,Guided practice A,spatial frames and scale,WHG F1;P1;P2
ma-g10-social-studies-u01-l04,ma-g10-social-studies,10,social-studies,4,1,Foundations of World Historical and Geographical Inquiry,4,"Independent application A: change, continuity, and causation",Independent application A,"change, continuity, and causation",WHG F1;P1;P2
ma-g10-social-studies-u01-l05,ma-g10-social-studies,10,social-studies,5,1,Foundations of World Historical and Geographical Inquiry,5,Concept model B: sourcing and corroboration,Concept model B,sourcing and corroboration,WHG F1;P1;P2
ma-g10-social-studies-u01-l06,ma-g10-social-studies,10,social-studies,6,1,Foundations of World Historical and Geographical Inquiry,6,"Guided practice B: maps, graphs, and large-scale patterns",Guided practice B,"maps, graphs, and large-scale patterns",WHG F1;P1;P2
ma-g10-social-studies-u01-l07,ma-g10-social-studies,10,social-studies,7,1,Foundations of World Historical and Geographical Inquiry,7,Investigation or close reading: framing questions and historical significance,Investigation or close reading,framing questions and historical significance,WHG F1;P1;P2
ma-g10-social-studies-u01-l08,ma-g10-social-studies,10,social-studies,8,1,Foundations of World Historical and Geographical Inquiry,8,Reteach and varied practice: periodization schemes,Reteach and varied practice,periodization schemes,WHG F1;P1;P2
ma-g10-social-studies-u01-l09,ma-g10-social-studies,10,social-studies,9,1,Foundations of World Historical and Geographical Inquiry,9,Performance task build: spatial frames and scale,Performance task build,spatial frames and scale,WHG F1;P1;P2
ma-g10-social-studies-u01-l10,ma-g10-social-studies,10,social-studies,10,1,Foundations of World Historical and Geographical Inquiry,10,"Synthesis and review: change, continuity, and causation",Synthesis and review,"change, continuity, and causation",WHG F1;P1;P2
ma-g10-social-studies-u01-l11,ma-g10-social-studies,10,social-studies,11,1,Foundations of World Historical and Geographical Inquiry,11,Unit assessment: sourcing and corroboration,Unit assessment,sourcing and corroboration,WHG F1;P1;P2
ma-g10-social-studies-u01-l12,ma-g10-social-studies,10,social-studies,12,1,Foundations of World Historical and Geographical Inquiry,12,"Correction and reflection: maps, graphs, and large-scale patterns",Correction and reflection,"maps, graphs, and large-scale patterns",WHG F1;P1;P2
ma-g10-social-studies-u02-l01,ma-g10-social-studies,10,social-studies,13,2,"Hemispheric Interactions: World Religions and Trade Networks, 300-1500 CE",1,Launch and diagnostic: growth and interactions of world religions,Launch and diagnostic,growth and interactions of world religions,WHG 4.1.1;WHG 4.1.2;P2
ma-g10-social-studies-u02-l02,ma-g10-social-studies,10,social-studies,14,2,"Hemispheric Interactions: World Religions and Trade Networks, 300-1500 CE",2,Concept model A: intensifying trade networks and contacts,Concept model A,intensifying trade networks and contacts,WHG 4.1.1;WHG 4.1.2;P2
ma-g10-social-studies-u02-l03,ma-g10-social-studies,10,social-studies,15,2,"Hemispheric Interactions: World Religions and Trade Networks, 300-1500 CE",3,Guided practice A: cross-cultural contact and exchange,Guided practice A,cross-cultural contact and exchange,WHG 4.1.1;WHG 4.1.2;P2
ma-g10-social-studies-u02-l04,ma-g10-social-studies,10,social-studies,16,2,"Hemispheric Interactions: World Religions and Trade Networks, 300-1500 CE",4,Independent application A: movement of ideas and technologies,Independent application A,movement of ideas and technologies,WHG 4.1.1;WHG 4.1.2;P2
ma-g10-social-studies-u02-l05,ma-g10-social-studies,10,social-studies,17,2,"Hemispheric Interactions: World Religions and Trade Networks, 300-1500 CE",5,"Concept model B: disease, environment, and society",Concept model B,"disease, environment, and society",WHG 4.1.1;WHG 4.1.2;P2
ma-g10-social-studies-u02-l06,ma-g10-social-studies,10,social-studies,18,2,"Hemispheric Interactions: World Religions and Trade Networks, 300-1500 CE",6,Guided practice B: comparing regional responses,Guided practice B,comparing regional responses,WHG 4.1.1;WHG 4.1.2;P2
ma-g10-social-studies-u02-l07,ma-g10-social-studies,10,social-studies,19,2,"Hemispheric Interactions: World Religions and Trade Networks, 300-1500 CE",7,Investigation or close reading: growth and interactions of world religions,Investigation or close reading,growth and interactions of world religions,WHG 4.1.1;WHG 4.1.2;P2
ma-g10-social-studies-u02-l08,ma-g10-social-studies,10,social-studies,20,2,"Hemispheric Interactions: World Religions and Trade Networks, 300-1500 CE",8,Reteach and varied practice: intensifying trade networks and contacts,Reteach and varied practice,intensifying trade networks and contacts,WHG 4.1.1;WHG 4.1.2;P2
ma-g10-social-studies-u02-l09,ma-g10-social-studies,10,social-studies,21,2,"Hemispheric Interactions: World Religions and Trade Networks, 300-1500 CE",9,Performance task build: cross-cultural contact and exchange,Performance task build,cross-cultural contact and exchange,WHG 4.1.1;WHG 4.1.2;P2
ma-g10-social-studies-u02-l10,ma-g10-social-studies,10,social-studies,22,2,"Hemispheric Interactions: World Religions and Trade Networks, 300-1500 CE",10,Synthesis and review: movement of ideas and technologies,Synthesis and review,movement of ideas and technologies,WHG 4.1.1;WHG 4.1.2;P2
ma-g10-social-studies-u02-l11,ma-g10-social-studies,10,social-studies,23,2,"Hemispheric Interactions: World Religions and Trade Networks, 300-1500 CE",11,"Unit assessment: disease, environment, and society",Unit assessment,"disease, environment, and society",WHG 4.1.1;WHG 4.1.2;P2
ma-g10-social-studies-u02-l12,ma-g10-social-studies,10,social-studies,24,2,"Hemispheric Interactions: World Religions and Trade Networks, 300-1500 CE",12,Correction and reflection: comparing regional responses,Correction and reflection,comparing regional responses,WHG 4.1.1;WHG 4.1.2;P2
ma-g10-social-studies-u03-l01,ma-g10-social-studies,10,social-studies,25,3,"Dar al-Islam, the Mongols, and the Americas",1,Launch and diagnostic: growth of Islam and Dar al-Islam,Launch and diagnostic,growth of Islam and Dar al-Islam,WHG 4.2.1;WHG 4.2.2;WHG 4.2.3;P1
ma-g10-social-studies-u03-l02,ma-g10-social-studies,10,social-studies,26,3,"Dar al-Islam, the Mongols, and the Americas",2,Concept model A: Mongol unification of Eurasia,Concept model A,Mongol unification of Eurasia,WHG 4.2.1;WHG 4.2.2;WHG 4.2.3;P1
ma-g10-social-studies-u03-l03,ma-g10-social-studies,10,social-studies,27,3,"Dar al-Islam, the Mongols, and the Americas",3,Guided practice A: spheres of interaction in the Americas,Guided practice A,spheres of interaction in the Americas,WHG 4.2.1;WHG 4.2.2;WHG 4.2.3;P1
ma-g10-social-studies-u03-l04,ma-g10-social-studies,10,social-studies,28,3,"Dar al-Islam, the Mongols, and the Americas",4,"Independent application A: states, cities, and political organization",Independent application A,"states, cities, and political organization",WHG 4.2.1;WHG 4.2.2;WHG 4.2.3;P1
ma-g10-social-studies-u03-l05,ma-g10-social-studies,10,social-studies,29,3,"Dar al-Islam, the Mongols, and the Americas",5,Concept model B: interregional exchange and its limits,Concept model B,interregional exchange and its limits,WHG 4.2.1;WHG 4.2.2;WHG 4.2.3;P1
ma-g10-social-studies-u03-l06,ma-g10-social-studies,10,social-studies,30,3,"Dar al-Islam, the Mongols, and the Americas",6,Guided practice B: comparing empires and networks,Guided practice B,comparing empires and networks,WHG 4.2.1;WHG 4.2.2;WHG 4.2.3;P1
ma-g10-social-studies-u03-l07,ma-g10-social-studies,10,social-studies,31,3,"Dar al-Islam, the Mongols, and the Americas",7,Investigation or close reading: growth of Islam and Dar al-Islam,Investigation or close reading,growth of Islam and Dar al-Islam,WHG 4.2.1;WHG 4.2.2;WHG 4.2.3;P1
ma-g10-social-studies-u03-l08,ma-g10-social-studies,10,social-studies,32,3,"Dar al-Islam, the Mongols, and the Americas",8,Reteach and varied practice: Mongol unification of Eurasia,Reteach and varied practice,Mongol unification of Eurasia,WHG 4.2.1;WHG 4.2.2;WHG 4.2.3;P1
ma-g10-social-studies-u03-l09,ma-g10-social-studies,10,social-studies,33,3,"Dar al-Islam, the Mongols, and the Americas",9,Performance task build: spheres of interaction in the Americas,Performance task build,spheres of interaction in the Americas,WHG 4.2.1;WHG 4.2.2;WHG 4.2.3;P1
ma-g10-social-studies-u03-l10,ma-g10-social-studies,10,social-studies,34,3,"Dar al-Islam, the Mongols, and the Americas",10,"Synthesis and review: states, cities, and political organization",Synthesis and review,"states, cities, and political organization",WHG 4.2.1;WHG 4.2.2;WHG 4.2.3;P1
ma-g10-social-studies-u03-l11,ma-g10-social-studies,10,social-studies,35,3,"Dar al-Islam, the Mongols, and the Americas",11,Unit assessment: interregional exchange and its limits,Unit assessment,interregional exchange and its limits,WHG 4.2.1;WHG 4.2.2;WHG 4.2.3;P1
ma-g10-social-studies-u03-l12,ma-g10-social-studies,10,social-studies,36,3,"Dar al-Islam, the Mongols, and the Americas",12,Correction and reflection: comparing empires and networks,Correction and reflection,comparing empires and networks,WHG 4.2.1;WHG 4.2.2;WHG 4.2.3;P1
ma-g10-social-studies-u04-l01,ma-g10-social-studies,10,social-studies,37,4,The Emergence of the First Global Age,1,Launch and diagnostic: emerging global systems of trade,Launch and diagnostic,emerging global systems of trade,WHG 5.1.1;WHG 5.1.2;P2
ma-g10-social-studies-u04-l02,ma-g10-social-studies,10,social-studies,38,4,The Emergence of the First Global Age,2,Concept model A: diffusion of world religions,Concept model A,diffusion of world religions,WHG 5.1.1;WHG 5.1.2;P2
ma-g10-social-studies-u04-l03,ma-g10-social-studies,10,social-studies,39,4,The Emergence of the First Global Age,3,Guided practice A: maritime technology and navigation,Guided practice A,maritime technology and navigation,WHG 5.1.1;WHG 5.1.2;P2
ma-g10-social-studies-u04-l04,ma-g10-social-studies,10,social-studies,40,4,The Emergence of the First Global Age,4,Independent application A: new maritime trade routes and commercial networks,Independent application A,new maritime trade routes and commercial networks,WHG 5.1.1;WHG 5.1.2;P2
ma-g10-social-studies-u04-l05,ma-g10-social-studies,10,social-studies,41,4,The Emergence of the First Global Age,5,Concept model B: changing patterns of power,Concept model B,changing patterns of power,WHG 5.1.1;WHG 5.1.2;P2
ma-g10-social-studies-u04-l06,ma-g10-social-studies,10,social-studies,42,4,The Emergence of the First Global Age,6,Guided practice B: global connections and regional change,Guided practice B,global connections and regional change,WHG 5.1.1;WHG 5.1.2;P2
ma-g10-social-studies-u04-l07,ma-g10-social-studies,10,social-studies,43,4,The Emergence of the First Global Age,7,Investigation or close reading: emerging global systems of trade,Investigation or close reading,emerging global systems of trade,WHG 5.1.1;WHG 5.1.2;P2
ma-g10-social-studies-u04-l08,ma-g10-social-studies,10,social-studies,44,4,The Emergence of the First Global Age,8,Reteach and varied practice: diffusion of world religions,Reteach and varied practice,diffusion of world religions,WHG 5.1.1;WHG 5.1.2;P2
ma-g10-social-studies-u04-l09,ma-g10-social-studies,10,social-studies,45,4,The Emergence of the First Global Age,9,Performance task build: maritime technology and navigation,Performance task build,maritime technology and navigation,WHG 5.1.1;WHG 5.1.2;P2
ma-g10-social-studies-u04-l10,ma-g10-social-studies,10,social-studies,46,4,The Emergence of the First Global Age,10,Synthesis and review: new maritime trade routes and commercial networks,Synthesis and review,new maritime trade routes and commercial networks,WHG 5.1.1;WHG 5.1.2;P2
ma-g10-social-studies-u04-l11,ma-g10-social-studies,10,social-studies,47,4,The Emergence of the First Global Age,11,Unit assessment: changing patterns of power,Unit assessment,changing patterns of power,WHG 5.1.1;WHG 5.1.2;P2
ma-g10-social-studies-u04-l12,ma-g10-social-studies,10,social-studies,48,4,The Emergence of the First Global Age,12,Correction and reflection: global connections and regional change,Correction and reflection,global connections and regional change,WHG 5.1.1;WHG 5.1.2;P2
ma-g10-social-studies-u05-l01,ma-g10-social-studies,10,social-studies,49,5,"Cultural Encounters, the Columbian Exchange, and the Trans-Atlantic Slave Trade",1,Launch and diagnostic: cultural encounters and conquest,Launch and diagnostic,cultural encounters and conquest,WHG 5.2.1;WHG 5.2.2;WHG 5.2.3;P1;P3
ma-g10-social-studies-u05-l02,ma-g10-social-studies,10,social-studies,50,5,"Cultural Encounters, the Columbian Exchange, and the Trans-Atlantic Slave Trade",2,Concept model A: the Columbian Exchange,Concept model A,the Columbian Exchange,WHG 5.2.1;WHG 5.2.2;WHG 5.2.3;P1;P3
ma-g10-social-studies-u05-l03,ma-g10-social-studies,10,social-studies,51,5,"Cultural Encounters, the Columbian Exchange, and the Trans-Atlantic Slave Trade",3,Guided practice A: the trans-Atlantic slave trade,Guided practice A,the trans-Atlantic slave trade,WHG 5.2.1;WHG 5.2.2;WHG 5.2.3;P1;P3
ma-g10-social-studies-u05-l04,ma-g10-social-studies,10,social-studies,52,5,"Cultural Encounters, the Columbian Exchange, and the Trans-Atlantic Slave Trade",4,Independent application A: demographic and environmental consequences,Independent application A,demographic and environmental consequences,WHG 5.2.1;WHG 5.2.2;WHG 5.2.3;P1;P3
ma-g10-social-studies-u05-l05,ma-g10-social-studies,10,social-studies,53,5,"Cultural Encounters, the Columbian Exchange, and the Trans-Atlantic Slave Trade",5,Concept model B: resistance and survival,Concept model B,resistance and survival,WHG 5.2.1;WHG 5.2.2;WHG 5.2.3;P1;P3
ma-g10-social-studies-u05-l06,ma-g10-social-studies,10,social-studies,54,5,"Cultural Encounters, the Columbian Exchange, and the Trans-Atlantic Slave Trade",6,Guided practice B: Afro-Eurasian empires compared,Guided practice B,Afro-Eurasian empires compared,WHG 5.2.1;WHG 5.2.2;WHG 5.2.3;P1;P3
ma-g10-social-studies-u05-l07,ma-g10-social-studies,10,social-studies,55,5,"Cultural Encounters, the Columbian Exchange, and the Trans-Atlantic Slave Trade",7,Investigation or close reading: cultural encounters and conquest,Investigation or close reading,cultural encounters and conquest,WHG 5.2.1;WHG 5.2.2;WHG 5.2.3;P1;P3
ma-g10-social-studies-u05-l08,ma-g10-social-studies,10,social-studies,56,5,"Cultural Encounters, the Columbian Exchange, and the Trans-Atlantic Slave Trade",8,Reteach and varied practice: the Columbian Exchange,Reteach and varied practice,the Columbian Exchange,WHG 5.2.1;WHG 5.2.2;WHG 5.2.3;P1;P3
ma-g10-social-studies-u05-l09,ma-g10-social-studies,10,social-studies,57,5,"Cultural Encounters, the Columbian Exchange, and the Trans-Atlantic Slave Trade",9,Performance task build: the trans-Atlantic slave trade,Performance task build,the trans-Atlantic slave trade,WHG 5.2.1;WHG 5.2.2;WHG 5.2.3;P1;P3
ma-g10-social-studies-u05-l10,ma-g10-social-studies,10,social-studies,58,5,"Cultural Encounters, the Columbian Exchange, and the Trans-Atlantic Slave Trade",10,Synthesis and review: demographic and environmental consequences,Synthesis and review,demographic and environmental consequences,WHG 5.2.1;WHG 5.2.2;WHG 5.2.3;P1;P3
ma-g10-social-studies-u05-l11,ma-g10-social-studies,10,social-studies,59,5,"Cultural Encounters, the Columbian Exchange, and the Trans-Atlantic Slave Trade",11,Unit assessment: resistance and survival,Unit assessment,resistance and survival,WHG 5.2.1;WHG 5.2.2;WHG 5.2.3;P1;P3
ma-g10-social-studies-u05-l12,ma-g10-social-studies,10,social-studies,60,5,"Cultural Encounters, the Columbian Exchange, and the Trans-Atlantic Slave Trade",12,Correction and reflection: Afro-Eurasian empires compared,Correction and reflection,Afro-Eurasian empires compared,WHG 5.2.1;WHG 5.2.2;WHG 5.2.3;P1;P3
ma-g10-social-studies-u06-l01,ma-g10-social-studies,10,social-studies,61,6,"Global Revolutions, Migration, and Interconnection",1,Launch and diagnostic: characteristics and extent of global revolutions,Launch and diagnostic,characteristics and extent of global revolutions,WHG 6.1.1;WHG 6.1.2;WHG 6.1.3;P2
ma-g10-social-studies-u06-l02,ma-g10-social-studies,10,social-studies,62,6,"Global Revolutions, Migration, and Interconnection",2,Concept model A: worldwide migrations,Concept model A,worldwide migrations,WHG 6.1.1;WHG 6.1.2;WHG 6.1.3;P2
ma-g10-social-studies-u06-l03,ma-g10-social-studies,10,social-studies,63,6,"Global Revolutions, Migration, and Interconnection",3,Guided practice A: population change,Guided practice A,population change,WHG 6.1.1;WHG 6.1.2;WHG 6.1.3;P2
ma-g10-social-studies-u06-l04,ma-g10-social-studies,10,social-studies,64,6,"Global Revolutions, Migration, and Interconnection",4,Independent application A: increasing global interconnection,Independent application A,increasing global interconnection,WHG 6.1.1;WHG 6.1.2;WHG 6.1.3;P2
ma-g10-social-studies-u06-l05,ma-g10-social-studies,10,social-studies,65,6,"Global Revolutions, Migration, and Interconnection",5,Concept model B: technology and communication,Concept model B,technology and communication,WHG 6.1.1;WHG 6.1.2;WHG 6.1.3;P2
ma-g10-social-studies-u06-l06,ma-g10-social-studies,10,social-studies,66,6,"Global Revolutions, Migration, and Interconnection",6,Guided practice B: regional variation in change,Guided practice B,regional variation in change,WHG 6.1.1;WHG 6.1.2;WHG 6.1.3;P2
ma-g10-social-studies-u06-l07,ma-g10-social-studies,10,social-studies,67,6,"Global Revolutions, Migration, and Interconnection",7,Investigation or close reading: characteristics and extent of global revolutions,Investigation or close reading,characteristics and extent of global revolutions,WHG 6.1.1;WHG 6.1.2;WHG 6.1.3;P2
ma-g10-social-studies-u06-l08,ma-g10-social-studies,10,social-studies,68,6,"Global Revolutions, Migration, and Interconnection",8,Reteach and varied practice: worldwide migrations,Reteach and varied practice,worldwide migrations,WHG 6.1.1;WHG 6.1.2;WHG 6.1.3;P2
ma-g10-social-studies-u06-l09,ma-g10-social-studies,10,social-studies,69,6,"Global Revolutions, Migration, and Interconnection",9,Performance task build: population change,Performance task build,population change,WHG 6.1.1;WHG 6.1.2;WHG 6.1.3;P2
ma-g10-social-studies-u06-l10,ma-g10-social-studies,10,social-studies,70,6,"Global Revolutions, Migration, and Interconnection",10,Synthesis and review: increasing global interconnection,Synthesis and review,increasing global interconnection,WHG 6.1.1;WHG 6.1.2;WHG 6.1.3;P2
ma-g10-social-studies-u06-l11,ma-g10-social-studies,10,social-studies,71,6,"Global Revolutions, Migration, and Interconnection",11,Unit assessment: technology and communication,Unit assessment,technology and communication,WHG 6.1.1;WHG 6.1.2;WHG 6.1.3;P2
ma-g10-social-studies-u06-l12,ma-g10-social-studies,10,social-studies,72,6,"Global Revolutions, Migration, and Interconnection",12,Correction and reflection: regional variation in change,Correction and reflection,regional variation in change,WHG 6.1.1;WHG 6.1.2;WHG 6.1.3;P2
ma-g10-social-studies-u07-l01,ma-g10-social-studies,10,social-studies,73,7,"Nationalism, Industrialization, and Imperialism Compared",1,Launch and diagnostic: comparing political revolutions and independence movements,Launch and diagnostic,comparing political revolutions and independence movements,WHG 6.2.1;WHG 6.2.2;WHG 6.2.3;WHG 6.2.4;P3
ma-g10-social-studies-u07-l02,ma-g10-social-studies,10,social-studies,74,7,"Nationalism, Industrialization, and Imperialism Compared",2,Concept model A: growth of nationalism and nation-states,Concept model A,growth of nationalism and nation-states,WHG 6.2.1;WHG 6.2.2;WHG 6.2.3;WHG 6.2.4;P3
ma-g10-social-studies-u07-l03,ma-g10-social-studies,10,social-studies,75,7,"Nationalism, Industrialization, and Imperialism Compared",3,Guided practice A: causes and consequences of industrialization,Guided practice A,causes and consequences of industrialization,WHG 6.2.1;WHG 6.2.2;WHG 6.2.3;WHG 6.2.4;P3
ma-g10-social-studies-u07-l04,ma-g10-social-studies,10,social-studies,76,7,"Nationalism, Industrialization, and Imperialism Compared",4,Independent application A: imperialism and its justifications,Independent application A,imperialism and its justifications,WHG 6.2.1;WHG 6.2.2;WHG 6.2.3;WHG 6.2.4;P3
ma-g10-social-studies-u07-l05,ma-g10-social-studies,10,social-studies,77,7,"Nationalism, Industrialization, and Imperialism Compared",5,Concept model B: resistance to imperial rule,Concept model B,resistance to imperial rule,WHG 6.2.1;WHG 6.2.2;WHG 6.2.3;WHG 6.2.4;P3
ma-g10-social-studies-u07-l06,ma-g10-social-studies,10,social-studies,78,7,"Nationalism, Industrialization, and Imperialism Compared",6,Guided practice B: comparing outcomes across regions,Guided practice B,comparing outcomes across regions,WHG 6.2.1;WHG 6.2.2;WHG 6.2.3;WHG 6.2.4;P3
ma-g10-social-studies-u07-l07,ma-g10-social-studies,10,social-studies,79,7,"Nationalism, Industrialization, and Imperialism Compared",7,Investigation or close reading: comparing political revolutions and independence movements,Investigation or close reading,comparing political revolutions and independence movements,WHG 6.2.1;WHG 6.2.2;WHG 6.2.3;WHG 6.2.4;P3
ma-g10-social-studies-u07-l08,ma-g10-social-studies,10,social-studies,80,7,"Nationalism, Industrialization, and Imperialism Compared",8,Reteach and varied practice: growth of nationalism and nation-states,Reteach and varied practice,growth of nationalism and nation-states,WHG 6.2.1;WHG 6.2.2;WHG 6.2.3;WHG 6.2.4;P3
ma-g10-social-studies-u07-l09,ma-g10-social-studies,10,social-studies,81,7,"Nationalism, Industrialization, and Imperialism Compared",9,Performance task build: causes and consequences of industrialization,Performance task build,causes and consequences of industrialization,WHG 6.2.1;WHG 6.2.2;WHG 6.2.3;WHG 6.2.4;P3
ma-g10-social-studies-u07-l10,ma-g10-social-studies,10,social-studies,82,7,"Nationalism, Industrialization, and Imperialism Compared",10,Synthesis and review: imperialism and its justifications,Synthesis and review,imperialism and its justifications,WHG 6.2.1;WHG 6.2.2;WHG 6.2.3;WHG 6.2.4;P3
ma-g10-social-studies-u07-l11,ma-g10-social-studies,10,social-studies,83,7,"Nationalism, Industrialization, and Imperialism Compared",11,Unit assessment: resistance to imperial rule,Unit assessment,resistance to imperial rule,WHG 6.2.1;WHG 6.2.2;WHG 6.2.3;WHG 6.2.4;P3
ma-g10-social-studies-u07-l12,ma-g10-social-studies,10,social-studies,84,7,"Nationalism, Industrialization, and Imperialism Compared",12,Correction and reflection: comparing outcomes across regions,Correction and reflection,comparing outcomes across regions,WHG 6.2.1;WHG 6.2.2;WHG 6.2.3;WHG 6.2.4;P3
ma-g10-social-studies-u08-l01,ma-g10-social-studies,10,social-studies,85,8,"Global Crisis and Achievement, 1900-Present",1,"Launch and diagnostic: power, resistance, and the changing nature of global conflict",Launch and diagnostic,"power, resistance, and the changing nature of global conflict",WHG 7.1.1;WHG 7.1.2;WHG 7.1.3;WHG 7.1.4;WHG 7.2.1;WHG 7.2.2;WHG 7.2.3;WHG 7.2.4;WHG 7.2.5;WHG 7.2.6;P1
ma-g10-social-studies-u08-l02,ma-g10-social-studies,10,social-studies,86,8,"Global Crisis and Achievement, 1900-Present",2,Concept model A: World War I and the interwar period,Concept model A,World War I and the interwar period,WHG 7.1.1;WHG 7.1.2;WHG 7.1.3;WHG 7.1.4;WHG 7.2.1;WHG 7.2.2;WHG 7.2.3;WHG 7.2.4;WHG 7.2.5;WHG 7.2.6;P1
ma-g10-social-studies-u08-l03,ma-g10-social-studies,10,social-studies,87,8,"Global Crisis and Achievement, 1900-Present",3,Guided practice A: World War II and its global course,Guided practice A,World War II and its global course,WHG 7.1.1;WHG 7.1.2;WHG 7.1.3;WHG 7.1.4;WHG 7.2.1;WHG 7.2.2;WHG 7.2.3;WHG 7.2.4;WHG 7.2.5;WHG 7.2.6;P1
ma-g10-social-studies-u08-l04,ma-g10-social-studies,10,social-studies,88,8,"Global Crisis and Achievement, 1900-Present",4,Independent application A: genocide in the twentieth century,Independent application A,genocide in the twentieth century,WHG 7.1.1;WHG 7.1.2;WHG 7.1.3;WHG 7.1.4;WHG 7.2.1;WHG 7.2.2;WHG 7.2.3;WHG 7.2.4;WHG 7.2.5;WHG 7.2.6;P1
ma-g10-social-studies-u08-l05,ma-g10-social-studies,10,social-studies,89,8,"Global Crisis and Achievement, 1900-Present",5,Concept model B: Cold War conflicts and decolonization,Concept model B,Cold War conflicts and decolonization,WHG 7.1.1;WHG 7.1.2;WHG 7.1.3;WHG 7.1.4;WHG 7.2.1;WHG 7.2.2;WHG 7.2.3;WHG 7.2.4;WHG 7.2.5;WHG 7.2.6;P1
ma-g10-social-studies-u08-l06,ma-g10-social-studies,10,social-studies,90,8,"Global Crisis and Achievement, 1900-Present",6,"Guided practice B: technological, scientific, and cultural exchange",Guided practice B,"technological, scientific, and cultural exchange",WHG 7.1.1;WHG 7.1.2;WHG 7.1.3;WHG 7.1.4;WHG 7.2.1;WHG 7.2.2;WHG 7.2.3;WHG 7.2.4;WHG 7.2.5;WHG 7.2.6;P1
ma-g10-social-studies-u08-l07,ma-g10-social-studies,10,social-studies,91,8,"Global Crisis and Achievement, 1900-Present",7,"Investigation or close reading: power, resistance, and the changing nature of global conflict",Investigation or close reading,"power, resistance, and the changing nature of global conflict",WHG 7.1.1;WHG 7.1.2;WHG 7.1.3;WHG 7.1.4;WHG 7.2.1;WHG 7.2.2;WHG 7.2.3;WHG 7.2.4;WHG 7.2.5;WHG 7.2.6;P1
ma-g10-social-studies-u08-l08,ma-g10-social-studies,10,social-studies,92,8,"Global Crisis and Achievement, 1900-Present",8,Reteach and varied practice: World War I and the interwar period,Reteach and varied practice,World War I and the interwar period,WHG 7.1.1;WHG 7.1.2;WHG 7.1.3;WHG 7.1.4;WHG 7.2.1;WHG 7.2.2;WHG 7.2.3;WHG 7.2.4;WHG 7.2.5;WHG 7.2.6;P1
ma-g10-social-studies-u08-l09,ma-g10-social-studies,10,social-studies,93,8,"Global Crisis and Achievement, 1900-Present",9,Performance task build: World War II and its global course,Performance task build,World War II and its global course,WHG 7.1.1;WHG 7.1.2;WHG 7.1.3;WHG 7.1.4;WHG 7.2.1;WHG 7.2.2;WHG 7.2.3;WHG 7.2.4;WHG 7.2.5;WHG 7.2.6;P1
ma-g10-social-studies-u08-l10,ma-g10-social-studies,10,social-studies,94,8,"Global Crisis and Achievement, 1900-Present",10,Synthesis and review: genocide in the twentieth century,Synthesis and review,genocide in the twentieth century,WHG 7.1.1;WHG 7.1.2;WHG 7.1.3;WHG 7.1.4;WHG 7.2.1;WHG 7.2.2;WHG 7.2.3;WHG 7.2.4;WHG 7.2.5;WHG 7.2.6;P1
ma-g10-social-studies-u08-l11,ma-g10-social-studies,10,social-studies,95,8,"Global Crisis and Achievement, 1900-Present",11,Unit assessment: Cold War conflicts and decolonization,Unit assessment,Cold War conflicts and decolonization,WHG 7.1.1;WHG 7.1.2;WHG 7.1.3;WHG 7.1.4;WHG 7.2.1;WHG 7.2.2;WHG 7.2.3;WHG 7.2.4;WHG 7.2.5;WHG 7.2.6;P1
ma-g10-social-studies-u08-l12,ma-g10-social-studies,10,social-studies,96,8,"Global Crisis and Achievement, 1900-Present",12,"Correction and reflection: technological, scientific, and cultural exchange",Correction and reflection,"technological, scientific, and cultural exchange",WHG 7.1.1;WHG 7.1.2;WHG 7.1.3;WHG 7.1.4;WHG 7.2.1;WHG 7.2.2;WHG 7.2.3;WHG 7.2.4;WHG 7.2.5;WHG 7.2.6;P1
ma-g10-social-studies-u09-l01,ma-g10-social-studies,10,social-studies,97,9,Contemporary Global Issues,1,Launch and diagnostic: population change and distribution,Launch and diagnostic,population change and distribution,WHG CG1;WHG CG2;WHG CG3;WHG CG4;P3;P4
ma-g10-social-studies-u09-l02,ma-g10-social-studies,10,social-studies,98,9,Contemporary Global Issues,2,Concept model A: natural resources and sustainability,Concept model A,natural resources and sustainability,WHG CG1;WHG CG2;WHG CG3;WHG CG4;P3;P4
ma-g10-social-studies-u09-l03,ma-g10-social-studies,10,social-studies,99,9,Contemporary Global Issues,3,Guided practice A: patterns of global interaction,Guided practice A,patterns of global interaction,WHG CG1;WHG CG2;WHG CG3;WHG CG4;P3;P4
ma-g10-social-studies-u09-l04,ma-g10-social-studies,10,social-studies,100,9,Contemporary Global Issues,4,"Independent application A: conflict, cooperation, and security",Independent application A,"conflict, cooperation, and security",WHG CG1;WHG CG2;WHG CG3;WHG CG4;P3;P4
ma-g10-social-studies-u09-l05,ma-g10-social-studies,10,social-studies,101,9,Contemporary Global Issues,5,Concept model B: global institutions and governance,Concept model B,global institutions and governance,WHG CG1;WHG CG2;WHG CG3;WHG CG4;P3;P4
ma-g10-social-studies-u09-l06,ma-g10-social-studies,10,social-studies,102,9,Contemporary Global Issues,6,Guided practice B: connecting historical patterns to present issues,Guided practice B,connecting historical patterns to present issues,WHG CG1;WHG CG2;WHG CG3;WHG CG4;P3;P4
ma-g10-social-studies-u09-l07,ma-g10-social-studies,10,social-studies,103,9,Contemporary Global Issues,7,Investigation or close reading: population change and distribution,Investigation or close reading,population change and distribution,WHG CG1;WHG CG2;WHG CG3;WHG CG4;P3;P4
ma-g10-social-studies-u09-l08,ma-g10-social-studies,10,social-studies,104,9,Contemporary Global Issues,8,Reteach and varied practice: natural resources and sustainability,Reteach and varied practice,natural resources and sustainability,WHG CG1;WHG CG2;WHG CG3;WHG CG4;P3;P4
ma-g10-social-studies-u09-l09,ma-g10-social-studies,10,social-studies,105,9,Contemporary Global Issues,9,Performance task build: patterns of global interaction,Performance task build,patterns of global interaction,WHG CG1;WHG CG2;WHG CG3;WHG CG4;P3;P4
ma-g10-social-studies-u09-l10,ma-g10-social-studies,10,social-studies,106,9,Contemporary Global Issues,10,"Synthesis and review: conflict, cooperation, and security",Synthesis and review,"conflict, cooperation, and security",WHG CG1;WHG CG2;WHG CG3;WHG CG4;P3;P4
ma-g10-social-studies-u09-l11,ma-g10-social-studies,10,social-studies,107,9,Contemporary Global Issues,11,Unit assessment: global institutions and governance,Unit assessment,global institutions and governance,WHG CG1;WHG CG2;WHG CG3;WHG CG4;P3;P4
ma-g10-social-studies-u09-l12,ma-g10-social-studies,10,social-studies,108,9,Contemporary Global Issues,12,Correction and reflection: connecting historical patterns to present issues,Correction and reflection,connecting historical patterns to present issues,WHG CG1;WHG CG2;WHG CG3;WHG CG4;P3;P4
ma-g11-social-studies-u01-l01,ma-g11-social-studies,11,social-studies,1,1,Philosophical Foundations of Civic Society and Government,1,Launch and diagnostic: purposes of government,Launch and diagnostic,purposes of government,Civics C1.1.1;Civics C1.1.2;Civics C1.1.3;Civics C1.1.4;P1
ma-g11-social-studies-u01-l02,ma-g11-social-studies,11,social-studies,2,1,Philosophical Foundations of Civic Society and Government,2,Concept model A: competing theories of civic society,Concept model A,competing theories of civic society,Civics C1.1.1;Civics C1.1.2;Civics C1.1.3;Civics C1.1.4;P1
ma-g11-social-studies-u01-l03,ma-g11-social-studies,11,social-studies,3,1,Philosophical Foundations of Civic Society and Government,3,Guided practice A: unalienable rights and the common good,Guided practice A,unalienable rights and the common good,Civics C1.1.1;Civics C1.1.2;Civics C1.1.3;Civics C1.1.4;P1
ma-g11-social-studies-u01-l04,ma-g11-social-studies,11,social-studies,4,1,Philosophical Foundations of Civic Society and Government,4,Independent application A: forms and limits of political authority,Independent application A,forms and limits of political authority,Civics C1.1.1;Civics C1.1.2;Civics C1.1.3;Civics C1.1.4;P1
ma-g11-social-studies-u01-l05,ma-g11-social-studies,11,social-studies,5,1,Philosophical Foundations of Civic Society and Government,5,Concept model B: social contract and consent,Concept model B,social contract and consent,Civics C1.1.1;Civics C1.1.2;Civics C1.1.3;Civics C1.1.4;P1
ma-g11-social-studies-u01-l06,ma-g11-social-studies,11,social-studies,6,1,Philosophical Foundations of Civic Society and Government,6,Guided practice B: evaluating governance arrangements,Guided practice B,evaluating governance arrangements,Civics C1.1.1;Civics C1.1.2;Civics C1.1.3;Civics C1.1.4;P1
ma-g11-social-studies-u01-l07,ma-g11-social-studies,11,social-studies,7,1,Philosophical Foundations of Civic Society and Government,7,Investigation or close reading: purposes of government,Investigation or close reading,purposes of government,Civics C1.1.1;Civics C1.1.2;Civics C1.1.3;Civics C1.1.4;P1
ma-g11-social-studies-u01-l08,ma-g11-social-studies,11,social-studies,8,1,Philosophical Foundations of Civic Society and Government,8,Reteach and varied practice: competing theories of civic society,Reteach and varied practice,competing theories of civic society,Civics C1.1.1;Civics C1.1.2;Civics C1.1.3;Civics C1.1.4;P1
ma-g11-social-studies-u01-l09,ma-g11-social-studies,11,social-studies,9,1,Philosophical Foundations of Civic Society and Government,9,Performance task build: unalienable rights and the common good,Performance task build,unalienable rights and the common good,Civics C1.1.1;Civics C1.1.2;Civics C1.1.3;Civics C1.1.4;P1
ma-g11-social-studies-u01-l10,ma-g11-social-studies,11,social-studies,10,1,Philosophical Foundations of Civic Society and Government,10,Synthesis and review: forms and limits of political authority,Synthesis and review,forms and limits of political authority,Civics C1.1.1;Civics C1.1.2;Civics C1.1.3;Civics C1.1.4;P1
ma-g11-social-studies-u01-l11,ma-g11-social-studies,11,social-studies,11,1,Philosophical Foundations of Civic Society and Government,11,Unit assessment: social contract and consent,Unit assessment,social contract and consent,Civics C1.1.1;Civics C1.1.2;Civics C1.1.3;Civics C1.1.4;P1
ma-g11-social-studies-u01-l12,ma-g11-social-studies,11,social-studies,12,1,Philosophical Foundations of Civic Society and Government,12,Correction and reflection: evaluating governance arrangements,Correction and reflection,evaluating governance arrangements,Civics C1.1.1;Civics C1.1.2;Civics C1.1.3;Civics C1.1.4;P1
ma-g11-social-studies-u02-l01,ma-g11-social-studies,11,social-studies,13,2,Founding and Development of American Government,1,Launch and diagnostic: origins of American constitutional government,Launch and diagnostic,origins of American constitutional government,Civics C2.1.1;Civics C2.1.2;Civics C2.1.3;Civics C2.2.1;Civics C2.2.2;Civics C2.2.3;P2
ma-g11-social-studies-u02-l02,ma-g11-social-studies,11,social-studies,14,2,Founding and Development of American Government,2,Concept model A: drafting and ratification debates,Concept model A,drafting and ratification debates,Civics C2.1.1;Civics C2.1.2;Civics C2.1.3;Civics C2.2.1;Civics C2.2.2;Civics C2.2.3;P2
ma-g11-social-studies-u02-l03,ma-g11-social-studies,11,social-studies,15,2,Founding and Development of American Government,3,Guided practice A: Democratic Values and Constitutional Principles,Guided practice A,Democratic Values and Constitutional Principles,Civics C2.1.1;Civics C2.1.2;Civics C2.1.3;Civics C2.2.1;Civics C2.2.2;Civics C2.2.3;P2
ma-g11-social-studies-u02-l04,ma-g11-social-studies,11,social-studies,16,2,Founding and Development of American Government,4,Independent application A: relationships between values and principles,Independent application A,relationships between values and principles,Civics C2.1.1;Civics C2.1.2;Civics C2.1.3;Civics C2.2.1;Civics C2.2.2;Civics C2.2.3;P2
ma-g11-social-studies-u02-l05,ma-g11-social-studies,11,social-studies,17,2,Founding and Development of American Government,5,"Concept model B: influential speeches, writings, cases, and laws",Concept model B,"influential speeches, writings, cases, and laws",Civics C2.1.1;Civics C2.1.2;Civics C2.1.3;Civics C2.2.1;Civics C2.2.2;Civics C2.2.3;P2
ma-g11-social-studies-u02-l06,ma-g11-social-studies,11,social-studies,18,2,Founding and Development of American Government,6,Guided practice B: disagreement when principles are applied,Guided practice B,disagreement when principles are applied,Civics C2.1.1;Civics C2.1.2;Civics C2.1.3;Civics C2.2.1;Civics C2.2.2;Civics C2.2.3;P2
ma-g11-social-studies-u02-l07,ma-g11-social-studies,11,social-studies,19,2,Founding and Development of American Government,7,Investigation or close reading: origins of American constitutional government,Investigation or close reading,origins of American constitutional government,Civics C2.1.1;Civics C2.1.2;Civics C2.1.3;Civics C2.2.1;Civics C2.2.2;Civics C2.2.3;P2
ma-g11-social-studies-u02-l08,ma-g11-social-studies,11,social-studies,20,2,Founding and Development of American Government,8,Reteach and varied practice: drafting and ratification debates,Reteach and varied practice,drafting and ratification debates,Civics C2.1.1;Civics C2.1.2;Civics C2.1.3;Civics C2.2.1;Civics C2.2.2;Civics C2.2.3;P2
ma-g11-social-studies-u02-l09,ma-g11-social-studies,11,social-studies,21,2,Founding and Development of American Government,9,Performance task build: Democratic Values and Constitutional Principles,Performance task build,Democratic Values and Constitutional Principles,Civics C2.1.1;Civics C2.1.2;Civics C2.1.3;Civics C2.2.1;Civics C2.2.2;Civics C2.2.3;P2
ma-g11-social-studies-u02-l10,ma-g11-social-studies,11,social-studies,22,2,Founding and Development of American Government,10,Synthesis and review: relationships between values and principles,Synthesis and review,relationships between values and principles,Civics C2.1.1;Civics C2.1.2;Civics C2.1.3;Civics C2.2.1;Civics C2.2.2;Civics C2.2.3;P2
ma-g11-social-studies-u02-l11,ma-g11-social-studies,11,social-studies,23,2,Founding and Development of American Government,11,"Unit assessment: influential speeches, writings, cases, and laws",Unit assessment,"influential speeches, writings, cases, and laws",Civics C2.1.1;Civics C2.1.2;Civics C2.1.3;Civics C2.2.1;Civics C2.2.2;Civics C2.2.3;P2
ma-g11-social-studies-u02-l12,ma-g11-social-studies,11,social-studies,24,2,Founding and Development of American Government,12,Correction and reflection: disagreement when principles are applied,Correction and reflection,disagreement when principles are applied,Civics C2.1.1;Civics C2.1.2;Civics C2.1.3;Civics C2.2.1;Civics C2.2.2;Civics C2.2.3;P2
ma-g11-social-studies-u03-l01,ma-g11-social-studies,11,social-studies,25,3,Structure and Function of Governments in the United States,1,Launch and diagnostic: the legislative branch and the power of the purse,Launch and diagnostic,the legislative branch and the power of the purse,Civics C3.1.1;Civics C3.1.2;Civics C3.1.3;Civics C3.1.4;Civics C3.1.5;Civics C3.1.6;Civics C3.1.7;Civics C3.2.1;Civics C3.2.2;Civics C3.2.3;Civics C3.2.4;Civics C3.2.5;Civics C3.2.6;Civics C3.3.1;Civics C3.3.2;Civics C3.3.3;Civics C3.3.4;Civics C3.3.5;Civics C3.3.6;Civics C3.3.7;P2
ma-g11-social-studies-u03-l02,ma-g11-social-studies,11,social-studies,26,3,Structure and Function of Governments in the United States,2,Concept model A: the executive branch and the federal bureaucracy,Concept model A,the executive branch and the federal bureaucracy,Civics C3.1.1;Civics C3.1.2;Civics C3.1.3;Civics C3.1.4;Civics C3.1.5;Civics C3.1.6;Civics C3.1.7;Civics C3.2.1;Civics C3.2.2;Civics C3.2.3;Civics C3.2.4;Civics C3.2.5;Civics C3.2.6;Civics C3.3.1;Civics C3.3.2;Civics C3.3.3;Civics C3.3.4;Civics C3.3.5;Civics C3.3.6;Civics C3.3.7;P2
ma-g11-social-studies-u03-l03,ma-g11-social-studies,11,social-studies,27,3,Structure and Function of Governments in the United States,3,Guided practice A: the judicial branch and judicial review,Guided practice A,the judicial branch and judicial review,Civics C3.1.1;Civics C3.1.2;Civics C3.1.3;Civics C3.1.4;Civics C3.1.5;Civics C3.1.6;Civics C3.1.7;Civics C3.2.1;Civics C3.2.2;Civics C3.2.3;Civics C3.2.4;Civics C3.2.5;Civics C3.2.6;Civics C3.3.1;Civics C3.3.2;Civics C3.3.3;Civics C3.3.4;Civics C3.3.5;Civics C3.3.6;Civics C3.3.7;P2
ma-g11-social-studies-u03-l04,ma-g11-social-studies,11,social-studies,28,3,Structure and Function of Governments in the United States,4,Independent application A: federalism and the division of powers,Independent application A,federalism and the division of powers,Civics C3.1.1;Civics C3.1.2;Civics C3.1.3;Civics C3.1.4;Civics C3.1.5;Civics C3.1.6;Civics C3.1.7;Civics C3.2.1;Civics C3.2.2;Civics C3.2.3;Civics C3.2.4;Civics C3.2.5;Civics C3.2.6;Civics C3.3.1;Civics C3.3.2;Civics C3.3.3;Civics C3.3.4;Civics C3.3.5;Civics C3.3.6;Civics C3.3.7;P2
ma-g11-social-studies-u03-l05,ma-g11-social-studies,11,social-studies,29,3,Structure and Function of Governments in the United States,5,"Concept model B: state, local, and tribal governments, revenue, and direct democracy",Concept model B,"state, local, and tribal governments, revenue, and direct democracy",Civics C3.1.1;Civics C3.1.2;Civics C3.1.3;Civics C3.1.4;Civics C3.1.5;Civics C3.1.6;Civics C3.1.7;Civics C3.2.1;Civics C3.2.2;Civics C3.2.3;Civics C3.2.4;Civics C3.2.5;Civics C3.2.6;Civics C3.3.1;Civics C3.3.2;Civics C3.3.3;Civics C3.3.4;Civics C3.3.5;Civics C3.3.6;Civics C3.3.7;P2
ma-g11-social-studies-u03-l06,ma-g11-social-studies,11,social-studies,30,3,Structure and Function of Governments in the United States,6,"Guided practice B: parties, media, interest groups, and other civic actors",Guided practice B,"parties, media, interest groups, and other civic actors",Civics C3.1.1;Civics C3.1.2;Civics C3.1.3;Civics C3.1.4;Civics C3.1.5;Civics C3.1.6;Civics C3.1.7;Civics C3.2.1;Civics C3.2.2;Civics C3.2.3;Civics C3.2.4;Civics C3.2.5;Civics C3.2.6;Civics C3.3.1;Civics C3.3.2;Civics C3.3.3;Civics C3.3.4;Civics C3.3.5;Civics C3.3.6;Civics C3.3.7;P2
ma-g11-social-studies-u03-l07,ma-g11-social-studies,11,social-studies,31,3,Structure and Function of Governments in the United States,7,Investigation or close reading: the legislative branch and the power of the purse,Investigation or close reading,the legislative branch and the power of the purse,Civics C3.1.1;Civics C3.1.2;Civics C3.1.3;Civics C3.1.4;Civics C3.1.5;Civics C3.1.6;Civics C3.1.7;Civics C3.2.1;Civics C3.2.2;Civics C3.2.3;Civics C3.2.4;Civics C3.2.5;Civics C3.2.6;Civics C3.3.1;Civics C3.3.2;Civics C3.3.3;Civics C3.3.4;Civics C3.3.5;Civics C3.3.6;Civics C3.3.7;P2
ma-g11-social-studies-u03-l08,ma-g11-social-studies,11,social-studies,32,3,Structure and Function of Governments in the United States,8,Reteach and varied practice: the executive branch and the federal bureaucracy,Reteach and varied practice,the executive branch and the federal bureaucracy,Civics C3.1.1;Civics C3.1.2;Civics C3.1.3;Civics C3.1.4;Civics C3.1.5;Civics C3.1.6;Civics C3.1.7;Civics C3.2.1;Civics C3.2.2;Civics C3.2.3;Civics C3.2.4;Civics C3.2.5;Civics C3.2.6;Civics C3.3.1;Civics C3.3.2;Civics C3.3.3;Civics C3.3.4;Civics C3.3.5;Civics C3.3.6;Civics C3.3.7;P2
ma-g11-social-studies-u03-l09,ma-g11-social-studies,11,social-studies,33,3,Structure and Function of Governments in the United States,9,Performance task build: the judicial branch and judicial review,Performance task build,the judicial branch and judicial review,Civics C3.1.1;Civics C3.1.2;Civics C3.1.3;Civics C3.1.4;Civics C3.1.5;Civics C3.1.6;Civics C3.1.7;Civics C3.2.1;Civics C3.2.2;Civics C3.2.3;Civics C3.2.4;Civics C3.2.5;Civics C3.2.6;Civics C3.3.1;Civics C3.3.2;Civics C3.3.3;Civics C3.3.4;Civics C3.3.5;Civics C3.3.6;Civics C3.3.7;P2
ma-g11-social-studies-u03-l10,ma-g11-social-studies,11,social-studies,34,3,Structure and Function of Governments in the United States,10,Synthesis and review: federalism and the division of powers,Synthesis and review,federalism and the division of powers,Civics C3.1.1;Civics C3.1.2;Civics C3.1.3;Civics C3.1.4;Civics C3.1.5;Civics C3.1.6;Civics C3.1.7;Civics C3.2.1;Civics C3.2.2;Civics C3.2.3;Civics C3.2.4;Civics C3.2.5;Civics C3.2.6;Civics C3.3.1;Civics C3.3.2;Civics C3.3.3;Civics C3.3.4;Civics C3.3.5;Civics C3.3.6;Civics C3.3.7;P2
ma-g11-social-studies-u03-l11,ma-g11-social-studies,11,social-studies,35,3,Structure and Function of Governments in the United States,11,"Unit assessment: state, local, and tribal governments, revenue, and direct democracy",Unit assessment,"state, local, and tribal governments, revenue, and direct democracy",Civics C3.1.1;Civics C3.1.2;Civics C3.1.3;Civics C3.1.4;Civics C3.1.5;Civics C3.1.6;Civics C3.1.7;Civics C3.2.1;Civics C3.2.2;Civics C3.2.3;Civics C3.2.4;Civics C3.2.5;Civics C3.2.6;Civics C3.3.1;Civics C3.3.2;Civics C3.3.3;Civics C3.3.4;Civics C3.3.5;Civics C3.3.6;Civics C3.3.7;P2
ma-g11-social-studies-u03-l12,ma-g11-social-studies,11,social-studies,36,3,Structure and Function of Governments in the United States,12,"Correction and reflection: parties, media, interest groups, and other civic actors",Correction and reflection,"parties, media, interest groups, and other civic actors",Civics C3.1.1;Civics C3.1.2;Civics C3.1.3;Civics C3.1.4;Civics C3.1.5;Civics C3.1.6;Civics C3.1.7;Civics C3.2.1;Civics C3.2.2;Civics C3.2.3;Civics C3.2.4;Civics C3.2.5;Civics C3.2.6;Civics C3.3.1;Civics C3.3.2;Civics C3.3.3;Civics C3.3.4;Civics C3.3.5;Civics C3.3.6;Civics C3.3.7;P2
ma-g11-social-studies-u04-l01,ma-g11-social-studies,11,social-studies,37,4,Rights and Liberties in the United States,1,Launch and diagnostic: application of the Bill of Rights,Launch and diagnostic,application of the Bill of Rights,Civics C4.1.1;Civics C4.1.2;Civics C4.2.1;Civics C4.2.2;Civics C4.2.3;Civics C4.3.1;Civics C4.3.2;P3
ma-g11-social-studies-u04-l02,ma-g11-social-studies,11,social-studies,38,4,Rights and Liberties in the United States,2,Concept model A: incorporation and the Fourteenth Amendment,Concept model A,incorporation and the Fourteenth Amendment,Civics C4.1.1;Civics C4.1.2;Civics C4.2.1;Civics C4.2.2;Civics C4.2.3;Civics C4.3.1;Civics C4.3.2;P3
ma-g11-social-studies-u04-l03,ma-g11-social-studies,11,social-studies,39,4,Rights and Liberties in the United States,3,Guided practice A: extensions of civil rights and civil liberties,Guided practice A,extensions of civil rights and civil liberties,Civics C4.1.1;Civics C4.1.2;Civics C4.2.1;Civics C4.2.2;Civics C4.2.3;Civics C4.3.1;Civics C4.3.2;P3
ma-g11-social-studies-u04-l04,ma-g11-social-studies,11,social-studies,40,4,Rights and Liberties in the United States,4,Independent application A: landmark cases and their reasoning,Independent application A,landmark cases and their reasoning,Civics C4.1.1;Civics C4.1.2;Civics C4.2.1;Civics C4.2.2;Civics C4.2.3;Civics C4.3.1;Civics C4.3.2;P3
ma-g11-social-studies-u04-l05,ma-g11-social-studies,11,social-studies,41,4,Rights and Liberties in the United States,5,"Concept model B: tensions among liberty, order, and equality",Concept model B,"tensions among liberty, order, and equality",Civics C4.1.1;Civics C4.1.2;Civics C4.2.1;Civics C4.2.2;Civics C4.2.3;Civics C4.3.1;Civics C4.3.2;P3
ma-g11-social-studies-u04-l06,ma-g11-social-studies,11,social-studies,42,4,Rights and Liberties in the United States,6,Guided practice B: limits on rights and their justification,Guided practice B,limits on rights and their justification,Civics C4.1.1;Civics C4.1.2;Civics C4.2.1;Civics C4.2.2;Civics C4.2.3;Civics C4.3.1;Civics C4.3.2;P3
ma-g11-social-studies-u04-l07,ma-g11-social-studies,11,social-studies,43,4,Rights and Liberties in the United States,7,Investigation or close reading: application of the Bill of Rights,Investigation or close reading,application of the Bill of Rights,Civics C4.1.1;Civics C4.1.2;Civics C4.2.1;Civics C4.2.2;Civics C4.2.3;Civics C4.3.1;Civics C4.3.2;P3
ma-g11-social-studies-u04-l08,ma-g11-social-studies,11,social-studies,44,4,Rights and Liberties in the United States,8,Reteach and varied practice: incorporation and the Fourteenth Amendment,Reteach and varied practice,incorporation and the Fourteenth Amendment,Civics C4.1.1;Civics C4.1.2;Civics C4.2.1;Civics C4.2.2;Civics C4.2.3;Civics C4.3.1;Civics C4.3.2;P3
ma-g11-social-studies-u04-l09,ma-g11-social-studies,11,social-studies,45,4,Rights and Liberties in the United States,9,Performance task build: extensions of civil rights and civil liberties,Performance task build,extensions of civil rights and civil liberties,Civics C4.1.1;Civics C4.1.2;Civics C4.2.1;Civics C4.2.2;Civics C4.2.3;Civics C4.3.1;Civics C4.3.2;P3
ma-g11-social-studies-u04-l10,ma-g11-social-studies,11,social-studies,46,4,Rights and Liberties in the United States,10,Synthesis and review: landmark cases and their reasoning,Synthesis and review,landmark cases and their reasoning,Civics C4.1.1;Civics C4.1.2;Civics C4.2.1;Civics C4.2.2;Civics C4.2.3;Civics C4.3.1;Civics C4.3.2;P3
ma-g11-social-studies-u04-l11,ma-g11-social-studies,11,social-studies,47,4,Rights and Liberties in the United States,11,"Unit assessment: tensions among liberty, order, and equality",Unit assessment,"tensions among liberty, order, and equality",Civics C4.1.1;Civics C4.1.2;Civics C4.2.1;Civics C4.2.2;Civics C4.2.3;Civics C4.3.1;Civics C4.3.2;P3
ma-g11-social-studies-u04-l12,ma-g11-social-studies,11,social-studies,48,4,Rights and Liberties in the United States,12,Correction and reflection: limits on rights and their justification,Correction and reflection,limits on rights and their justification,Civics C4.1.1;Civics C4.1.2;Civics C4.2.1;Civics C4.2.2;Civics C4.2.3;Civics C4.3.1;Civics C4.3.2;P3
ma-g11-social-studies-u05-l01,ma-g11-social-studies,11,social-studies,49,5,The United States in World Affairs and Citizenship in Action,1,Launch and diagnostic: formation and implementation of United States foreign policy,Launch and diagnostic,formation and implementation of United States foreign policy,Civics C5.1.1;Civics C5.1.2;Civics C5.1.3;Civics C5.2.1;Civics C5.2.2;Civics C5.2.3;Civics C5.2.4;Civics C6.1.1;Civics C6.1.2;Civics C6.1.3;Civics C6.2.1;Civics C6.3.1;Civics C6.3.2;Civics C6.4.1;Civics C6.4.2;Civics C6.4.3;Civics C6.4.4;P4
ma-g11-social-studies-u05-l02,ma-g11-social-studies,11,social-studies,50,5,The United States in World Affairs and Citizenship in Action,2,Concept model A: the United States role in international institutions and affairs,Concept model A,the United States role in international institutions and affairs,Civics C5.1.1;Civics C5.1.2;Civics C5.1.3;Civics C5.2.1;Civics C5.2.2;Civics C5.2.3;Civics C5.2.4;Civics C6.1.1;Civics C6.1.2;Civics C6.1.3;Civics C6.2.1;Civics C6.3.1;Civics C6.3.2;Civics C6.4.1;Civics C6.4.2;Civics C6.4.3;Civics C6.4.4;P4
ma-g11-social-studies-u05-l03,ma-g11-social-studies,11,social-studies,51,5,The United States in World Affairs and Citizenship in Action,3,"Guided practice A: citizenship, naturalization, and status",Guided practice A,"citizenship, naturalization, and status",Civics C5.1.1;Civics C5.1.2;Civics C5.1.3;Civics C5.2.1;Civics C5.2.2;Civics C5.2.3;Civics C5.2.4;Civics C6.1.1;Civics C6.1.2;Civics C6.1.3;Civics C6.2.1;Civics C6.3.1;Civics C6.3.2;Civics C6.4.1;Civics C6.4.2;Civics C6.4.3;Civics C6.4.4;P4
ma-g11-social-studies-u05-l04,ma-g11-social-studies,11,social-studies,52,5,The United States in World Affairs and Citizenship in Action,4,Independent application A: rights and responsibilities in civic society,Independent application A,rights and responsibilities in civic society,Civics C5.1.1;Civics C5.1.2;Civics C5.1.3;Civics C5.2.1;Civics C5.2.2;Civics C5.2.3;Civics C5.2.4;Civics C6.1.1;Civics C6.1.2;Civics C6.1.3;Civics C6.2.1;Civics C6.3.1;Civics C6.3.2;Civics C6.4.1;Civics C6.4.2;Civics C6.4.3;Civics C6.4.4;P4
ma-g11-social-studies-u05-l05,ma-g11-social-studies,11,social-studies,53,5,The United States in World Affairs and Citizenship in Action,5,Concept model B: dispositions for civic participation,Concept model B,dispositions for civic participation,Civics C5.1.1;Civics C5.1.2;Civics C5.1.3;Civics C5.2.1;Civics C5.2.2;Civics C5.2.3;Civics C5.2.4;Civics C6.1.1;Civics C6.1.2;Civics C6.1.3;Civics C6.2.1;Civics C6.3.1;Civics C6.3.2;Civics C6.4.1;Civics C6.4.2;Civics C6.4.3;Civics C6.4.4;P4
ma-g11-social-studies-u05-l06,ma-g11-social-studies,11,social-studies,54,5,The United States in World Affairs and Citizenship in Action,6,"Guided practice B: civic inquiry, public policy, civic action, and public discourse",Guided practice B,"civic inquiry, public policy, civic action, and public discourse",Civics C5.1.1;Civics C5.1.2;Civics C5.1.3;Civics C5.2.1;Civics C5.2.2;Civics C5.2.3;Civics C5.2.4;Civics C6.1.1;Civics C6.1.2;Civics C6.1.3;Civics C6.2.1;Civics C6.3.1;Civics C6.3.2;Civics C6.4.1;Civics C6.4.2;Civics C6.4.3;Civics C6.4.4;P4
ma-g11-social-studies-u05-l07,ma-g11-social-studies,11,social-studies,55,5,The United States in World Affairs and Citizenship in Action,7,Investigation or close reading: formation and implementation of United States foreign policy,Investigation or close reading,formation and implementation of United States foreign policy,Civics C5.1.1;Civics C5.1.2;Civics C5.1.3;Civics C5.2.1;Civics C5.2.2;Civics C5.2.3;Civics C5.2.4;Civics C6.1.1;Civics C6.1.2;Civics C6.1.3;Civics C6.2.1;Civics C6.3.1;Civics C6.3.2;Civics C6.4.1;Civics C6.4.2;Civics C6.4.3;Civics C6.4.4;P4
ma-g11-social-studies-u05-l08,ma-g11-social-studies,11,social-studies,56,5,The United States in World Affairs and Citizenship in Action,8,Reteach and varied practice: the United States role in international institutions and affairs,Reteach and varied practice,the United States role in international institutions and affairs,Civics C5.1.1;Civics C5.1.2;Civics C5.1.3;Civics C5.2.1;Civics C5.2.2;Civics C5.2.3;Civics C5.2.4;Civics C6.1.1;Civics C6.1.2;Civics C6.1.3;Civics C6.2.1;Civics C6.3.1;Civics C6.3.2;Civics C6.4.1;Civics C6.4.2;Civics C6.4.3;Civics C6.4.4;P4
ma-g11-social-studies-u05-l09,ma-g11-social-studies,11,social-studies,57,5,The United States in World Affairs and Citizenship in Action,9,"Performance task build: citizenship, naturalization, and status",Performance task build,"citizenship, naturalization, and status",Civics C5.1.1;Civics C5.1.2;Civics C5.1.3;Civics C5.2.1;Civics C5.2.2;Civics C5.2.3;Civics C5.2.4;Civics C6.1.1;Civics C6.1.2;Civics C6.1.3;Civics C6.2.1;Civics C6.3.1;Civics C6.3.2;Civics C6.4.1;Civics C6.4.2;Civics C6.4.3;Civics C6.4.4;P4
ma-g11-social-studies-u05-l10,ma-g11-social-studies,11,social-studies,58,5,The United States in World Affairs and Citizenship in Action,10,Synthesis and review: rights and responsibilities in civic society,Synthesis and review,rights and responsibilities in civic society,Civics C5.1.1;Civics C5.1.2;Civics C5.1.3;Civics C5.2.1;Civics C5.2.2;Civics C5.2.3;Civics C5.2.4;Civics C6.1.1;Civics C6.1.2;Civics C6.1.3;Civics C6.2.1;Civics C6.3.1;Civics C6.3.2;Civics C6.4.1;Civics C6.4.2;Civics C6.4.3;Civics C6.4.4;P4
ma-g11-social-studies-u05-l11,ma-g11-social-studies,11,social-studies,59,5,The United States in World Affairs and Citizenship in Action,11,Unit assessment: dispositions for civic participation,Unit assessment,dispositions for civic participation,Civics C5.1.1;Civics C5.1.2;Civics C5.1.3;Civics C5.2.1;Civics C5.2.2;Civics C5.2.3;Civics C5.2.4;Civics C6.1.1;Civics C6.1.2;Civics C6.1.3;Civics C6.2.1;Civics C6.3.1;Civics C6.3.2;Civics C6.4.1;Civics C6.4.2;Civics C6.4.3;Civics C6.4.4;P4
ma-g11-social-studies-u05-l12,ma-g11-social-studies,11,social-studies,60,5,The United States in World Affairs and Citizenship in Action,12,"Correction and reflection: civic inquiry, public policy, civic action, and public discourse",Correction and reflection,"civic inquiry, public policy, civic action, and public discourse",Civics C5.1.1;Civics C5.1.2;Civics C5.1.3;Civics C5.2.1;Civics C5.2.2;Civics C5.2.3;Civics C5.2.4;Civics C6.1.1;Civics C6.1.2;Civics C6.1.3;Civics C6.2.1;Civics C6.3.1;Civics C6.3.2;Civics C6.4.1;Civics C6.4.2;Civics C6.4.3;Civics C6.4.4;P4
ma-g11-social-studies-u06-l01,ma-g11-social-studies,11,social-studies,61,6,"The Market Economy: Scarcity, Decisions, and Competition",1,"Launch and diagnostic: scarcity, choice, and opportunity cost",Launch and diagnostic,"scarcity, choice, and opportunity cost",Economics E1.1.1;Economics E1.1.2;Economics E1.1.3;Economics E1.2.1;Economics E1.2.2;P2
ma-g11-social-studies-u06-l02,ma-g11-social-studies,11,social-studies,62,6,"The Market Economy: Scarcity, Decisions, and Competition",2,Concept model A: incentives and decision making,Concept model A,incentives and decision making,Economics E1.1.1;Economics E1.1.2;Economics E1.1.3;Economics E1.2.1;Economics E1.2.2;P2
ma-g11-social-studies-u06-l03,ma-g11-social-studies,11,social-studies,63,6,"The Market Economy: Scarcity, Decisions, and Competition",3,Guided practice A: entrepreneurship and risk,Guided practice A,entrepreneurship and risk,Economics E1.1.1;Economics E1.1.2;Economics E1.1.3;Economics E1.2.1;Economics E1.2.2;P2
ma-g11-social-studies-u06-l04,ma-g11-social-studies,11,social-studies,64,6,"The Market Economy: Scarcity, Decisions, and Competition",4,Independent application A: marginal analysis,Independent application A,marginal analysis,Economics E1.1.1;Economics E1.1.2;Economics E1.1.3;Economics E1.2.1;Economics E1.2.2;P2
ma-g11-social-studies-u06-l05,ma-g11-social-studies,11,social-studies,65,6,"The Market Economy: Scarcity, Decisions, and Competition",5,Concept model B: economic institutions,Concept model B,economic institutions,Economics E1.1.1;Economics E1.1.2;Economics E1.1.3;Economics E1.2.1;Economics E1.2.2;P2
ma-g11-social-studies-u06-l06,ma-g11-social-studies,11,social-studies,66,6,"The Market Economy: Scarcity, Decisions, and Competition",6,Guided practice B: market structures and competition,Guided practice B,market structures and competition,Economics E1.1.1;Economics E1.1.2;Economics E1.1.3;Economics E1.2.1;Economics E1.2.2;P2
ma-g11-social-studies-u06-l07,ma-g11-social-studies,11,social-studies,67,6,"The Market Economy: Scarcity, Decisions, and Competition",7,"Investigation or close reading: scarcity, choice, and opportunity cost",Investigation or close reading,"scarcity, choice, and opportunity cost",Economics E1.1.1;Economics E1.1.2;Economics E1.1.3;Economics E1.2.1;Economics E1.2.2;P2
ma-g11-social-studies-u06-l08,ma-g11-social-studies,11,social-studies,68,6,"The Market Economy: Scarcity, Decisions, and Competition",8,Reteach and varied practice: incentives and decision making,Reteach and varied practice,incentives and decision making,Economics E1.1.1;Economics E1.1.2;Economics E1.1.3;Economics E1.2.1;Economics E1.2.2;P2
ma-g11-social-studies-u06-l09,ma-g11-social-studies,11,social-studies,69,6,"The Market Economy: Scarcity, Decisions, and Competition",9,Performance task build: entrepreneurship and risk,Performance task build,entrepreneurship and risk,Economics E1.1.1;Economics E1.1.2;Economics E1.1.3;Economics E1.2.1;Economics E1.2.2;P2
ma-g11-social-studies-u06-l10,ma-g11-social-studies,11,social-studies,70,6,"The Market Economy: Scarcity, Decisions, and Competition",10,Synthesis and review: marginal analysis,Synthesis and review,marginal analysis,Economics E1.1.1;Economics E1.1.2;Economics E1.1.3;Economics E1.2.1;Economics E1.2.2;P2
ma-g11-social-studies-u06-l11,ma-g11-social-studies,11,social-studies,71,6,"The Market Economy: Scarcity, Decisions, and Competition",11,Unit assessment: economic institutions,Unit assessment,economic institutions,Economics E1.1.1;Economics E1.1.2;Economics E1.1.3;Economics E1.2.1;Economics E1.2.2;P2
ma-g11-social-studies-u06-l12,ma-g11-social-studies,11,social-studies,72,6,"The Market Economy: Scarcity, Decisions, and Competition",12,Correction and reflection: market structures and competition,Correction and reflection,market structures and competition,Economics E1.1.1;Economics E1.1.2;Economics E1.1.3;Economics E1.2.1;Economics E1.2.2;P2
ma-g11-social-studies-u07-l01,ma-g11-social-studies,11,social-studies,73,7,"Prices, Markets, and the Role of Government",1,Launch and diagnostic: supply and demand,Launch and diagnostic,supply and demand,Economics E1.3.1;Economics E1.3.2;Economics E1.4.1;Economics E1.4.2;Economics E1.4.3;Economics E1.4.4;Economics E1.4.5;Economics E1.4.6;P2
ma-g11-social-studies-u07-l02,ma-g11-social-studies,11,social-studies,74,7,"Prices, Markets, and the Role of Government",2,Concept model A: price as a market signal,Concept model A,price as a market signal,Economics E1.3.1;Economics E1.3.2;Economics E1.4.1;Economics E1.4.2;Economics E1.4.3;Economics E1.4.4;Economics E1.4.5;Economics E1.4.6;P2
ma-g11-social-studies-u07-l03,ma-g11-social-studies,11,social-studies,75,7,"Prices, Markets, and the Role of Government",3,"Guided practice A: market equilibrium, shortages, and surpluses",Guided practice A,"market equilibrium, shortages, and surpluses",Economics E1.3.1;Economics E1.3.2;Economics E1.4.1;Economics E1.4.2;Economics E1.4.3;Economics E1.4.4;Economics E1.4.5;Economics E1.4.6;P2
ma-g11-social-studies-u07-l04,ma-g11-social-studies,11,social-studies,76,7,"Prices, Markets, and the Role of Government",4,Independent application A: public goods and externalities,Independent application A,public goods and externalities,Economics E1.3.1;Economics E1.3.2;Economics E1.4.1;Economics E1.4.2;Economics E1.4.3;Economics E1.4.4;Economics E1.4.5;Economics E1.4.6;P2
ma-g11-social-studies-u07-l05,ma-g11-social-studies,11,social-studies,77,7,"Prices, Markets, and the Role of Government",5,Concept model B: taxation and its incidence,Concept model B,taxation and its incidence,Economics E1.3.1;Economics E1.3.2;Economics E1.4.1;Economics E1.4.2;Economics E1.4.3;Economics E1.4.4;Economics E1.4.5;Economics E1.4.6;P2
ma-g11-social-studies-u07-l06,ma-g11-social-studies,11,social-studies,78,7,"Prices, Markets, and the Role of Government",6,"Guided practice B: regulation, subsidies, and market failure",Guided practice B,"regulation, subsidies, and market failure",Economics E1.3.1;Economics E1.3.2;Economics E1.4.1;Economics E1.4.2;Economics E1.4.3;Economics E1.4.4;Economics E1.4.5;Economics E1.4.6;P2
ma-g11-social-studies-u07-l07,ma-g11-social-studies,11,social-studies,79,7,"Prices, Markets, and the Role of Government",7,Investigation or close reading: supply and demand,Investigation or close reading,supply and demand,Economics E1.3.1;Economics E1.3.2;Economics E1.4.1;Economics E1.4.2;Economics E1.4.3;Economics E1.4.4;Economics E1.4.5;Economics E1.4.6;P2
ma-g11-social-studies-u07-l08,ma-g11-social-studies,11,social-studies,80,7,"Prices, Markets, and the Role of Government",8,Reteach and varied practice: price as a market signal,Reteach and varied practice,price as a market signal,Economics E1.3.1;Economics E1.3.2;Economics E1.4.1;Economics E1.4.2;Economics E1.4.3;Economics E1.4.4;Economics E1.4.5;Economics E1.4.6;P2
ma-g11-social-studies-u07-l09,ma-g11-social-studies,11,social-studies,81,7,"Prices, Markets, and the Role of Government",9,"Performance task build: market equilibrium, shortages, and surpluses",Performance task build,"market equilibrium, shortages, and surpluses",Economics E1.3.1;Economics E1.3.2;Economics E1.4.1;Economics E1.4.2;Economics E1.4.3;Economics E1.4.4;Economics E1.4.5;Economics E1.4.6;P2
ma-g11-social-studies-u07-l10,ma-g11-social-studies,11,social-studies,82,7,"Prices, Markets, and the Role of Government",10,Synthesis and review: public goods and externalities,Synthesis and review,public goods and externalities,Economics E1.3.1;Economics E1.3.2;Economics E1.4.1;Economics E1.4.2;Economics E1.4.3;Economics E1.4.4;Economics E1.4.5;Economics E1.4.6;P2
ma-g11-social-studies-u07-l11,ma-g11-social-studies,11,social-studies,83,7,"Prices, Markets, and the Role of Government",11,Unit assessment: taxation and its incidence,Unit assessment,taxation and its incidence,Economics E1.3.1;Economics E1.3.2;Economics E1.4.1;Economics E1.4.2;Economics E1.4.3;Economics E1.4.4;Economics E1.4.5;Economics E1.4.6;P2
ma-g11-social-studies-u07-l12,ma-g11-social-studies,11,social-studies,84,7,"Prices, Markets, and the Role of Government",12,"Correction and reflection: regulation, subsidies, and market failure",Correction and reflection,"regulation, subsidies, and market failure",Economics E1.3.1;Economics E1.3.2;Economics E1.4.1;Economics E1.4.2;Economics E1.4.3;Economics E1.4.4;Economics E1.4.5;Economics E1.4.6;P2
ma-g11-social-studies-u08-l01,ma-g11-social-studies,11,social-studies,85,8,The National Economy,1,Launch and diagnostic: national markets and aggregate measures,Launch and diagnostic,national markets and aggregate measures,Economics E2.1.1;Economics E2.1.2;Economics E2.2.1;Economics E2.2.2;Economics E2.2.3;Economics E2.2.4;P2
ma-g11-social-studies-u08-l02,ma-g11-social-studies,11,social-studies,86,8,The National Economy,2,Concept model A: economic indicators,Concept model A,economic indicators,Economics E2.1.1;Economics E2.1.2;Economics E2.2.1;Economics E2.2.2;Economics E2.2.3;Economics E2.2.4;P2
ma-g11-social-studies-u08-l03,ma-g11-social-studies,11,social-studies,87,8,The National Economy,3,Guided practice A: unemployment and inflation,Guided practice A,unemployment and inflation,Economics E2.1.1;Economics E2.1.2;Economics E2.2.1;Economics E2.2.2;Economics E2.2.3;Economics E2.2.4;P2
ma-g11-social-studies-u08-l04,ma-g11-social-studies,11,social-studies,88,8,The National Economy,4,Independent application A: fiscal policy,Independent application A,fiscal policy,Economics E2.1.1;Economics E2.1.2;Economics E2.2.1;Economics E2.2.2;Economics E2.2.3;Economics E2.2.4;P2
ma-g11-social-studies-u08-l05,ma-g11-social-studies,11,social-studies,89,8,The National Economy,5,"Concept model B: money, banking, and monetary policy",Concept model B,"money, banking, and monetary policy",Economics E2.1.1;Economics E2.1.2;Economics E2.2.1;Economics E2.2.2;Economics E2.2.3;Economics E2.2.4;P2
ma-g11-social-studies-u08-l06,ma-g11-social-studies,11,social-studies,90,8,The National Economy,6,Guided practice B: evaluating national economic conditions,Guided practice B,evaluating national economic conditions,Economics E2.1.1;Economics E2.1.2;Economics E2.2.1;Economics E2.2.2;Economics E2.2.3;Economics E2.2.4;P2
ma-g11-social-studies-u08-l07,ma-g11-social-studies,11,social-studies,91,8,The National Economy,7,Investigation or close reading: national markets and aggregate measures,Investigation or close reading,national markets and aggregate measures,Economics E2.1.1;Economics E2.1.2;Economics E2.2.1;Economics E2.2.2;Economics E2.2.3;Economics E2.2.4;P2
ma-g11-social-studies-u08-l08,ma-g11-social-studies,11,social-studies,92,8,The National Economy,8,Reteach and varied practice: economic indicators,Reteach and varied practice,economic indicators,Economics E2.1.1;Economics E2.1.2;Economics E2.2.1;Economics E2.2.2;Economics E2.2.3;Economics E2.2.4;P2
ma-g11-social-studies-u08-l09,ma-g11-social-studies,11,social-studies,93,8,The National Economy,9,Performance task build: unemployment and inflation,Performance task build,unemployment and inflation,Economics E2.1.1;Economics E2.1.2;Economics E2.2.1;Economics E2.2.2;Economics E2.2.3;Economics E2.2.4;P2
ma-g11-social-studies-u08-l10,ma-g11-social-studies,11,social-studies,94,8,The National Economy,10,Synthesis and review: fiscal policy,Synthesis and review,fiscal policy,Economics E2.1.1;Economics E2.1.2;Economics E2.2.1;Economics E2.2.2;Economics E2.2.3;Economics E2.2.4;P2
ma-g11-social-studies-u08-l11,ma-g11-social-studies,11,social-studies,95,8,The National Economy,11,"Unit assessment: money, banking, and monetary policy",Unit assessment,"money, banking, and monetary policy",Economics E2.1.1;Economics E2.1.2;Economics E2.2.1;Economics E2.2.2;Economics E2.2.3;Economics E2.2.4;P2
ma-g11-social-studies-u08-l12,ma-g11-social-studies,11,social-studies,96,8,The National Economy,12,Correction and reflection: evaluating national economic conditions,Correction and reflection,evaluating national economic conditions,Economics E2.1.1;Economics E2.1.2;Economics E2.2.1;Economics E2.2.2;Economics E2.2.3;Economics E2.2.4;P2
ma-g11-social-studies-u09-l01,ma-g11-social-studies,11,social-studies,97,9,The International Economy and Personal Finance,1,Launch and diagnostic: comparing economic systems,Launch and diagnostic,comparing economic systems,Economics E3.1.1;Economics E3.1.2;Economics E3.1.3;Economics E3.1.4;Economics E3.2.1;Economics E3.2.2;Economics E3.2.3;Economics E3.2.4;Economics E4.1.1;Economics E4.1.2;Economics E4.1.3;Economics E4.1.4;Economics E4.1.5;Economics E4.1.6;P3
ma-g11-social-studies-u09-l02,ma-g11-social-studies,11,social-studies,98,9,The International Economy and Personal Finance,2,"Concept model A: trade, specialization, and comparative advantage",Concept model A,"trade, specialization, and comparative advantage",Economics E3.1.1;Economics E3.1.2;Economics E3.1.3;Economics E3.1.4;Economics E3.2.1;Economics E3.2.2;Economics E3.2.3;Economics E3.2.4;Economics E4.1.1;Economics E4.1.2;Economics E4.1.3;Economics E4.1.4;Economics E4.1.5;Economics E4.1.6;P3
ma-g11-social-studies-u09-l03,ma-g11-social-studies,11,social-studies,99,9,The International Economy and Personal Finance,3,"Guided practice A: exchange rates, tariffs, and trade barriers",Guided practice A,"exchange rates, tariffs, and trade barriers",Economics E3.1.1;Economics E3.1.2;Economics E3.1.3;Economics E3.1.4;Economics E3.2.1;Economics E3.2.2;Economics E3.2.3;Economics E3.2.4;Economics E4.1.1;Economics E4.1.2;Economics E4.1.3;Economics E4.1.4;Economics E4.1.5;Economics E4.1.6;P3
ma-g11-social-studies-u09-l04,ma-g11-social-studies,11,social-studies,100,9,The International Economy and Personal Finance,4,Independent application A: global interdependence,Independent application A,global interdependence,Economics E3.1.1;Economics E3.1.2;Economics E3.1.3;Economics E3.1.4;Economics E3.2.1;Economics E3.2.2;Economics E3.2.3;Economics E3.2.4;Economics E4.1.1;Economics E4.1.2;Economics E4.1.3;Economics E4.1.4;Economics E4.1.5;Economics E4.1.6;P3
ma-g11-social-studies-u09-l05,ma-g11-social-studies,11,social-studies,101,9,The International Economy and Personal Finance,5,Concept model B: personal financial decision making,Concept model B,personal financial decision making,Economics E3.1.1;Economics E3.1.2;Economics E3.1.3;Economics E3.1.4;Economics E3.2.1;Economics E3.2.2;Economics E3.2.3;Economics E3.2.4;Economics E4.1.1;Economics E4.1.2;Economics E4.1.3;Economics E4.1.4;Economics E4.1.5;Economics E4.1.6;P3
ma-g11-social-studies-u09-l06,ma-g11-social-studies,11,social-studies,102,9,The International Economy and Personal Finance,6,"Guided practice B: credit, saving, investing, and risk",Guided practice B,"credit, saving, investing, and risk",Economics E3.1.1;Economics E3.1.2;Economics E3.1.3;Economics E3.1.4;Economics E3.2.1;Economics E3.2.2;Economics E3.2.3;Economics E3.2.4;Economics E4.1.1;Economics E4.1.2;Economics E4.1.3;Economics E4.1.4;Economics E4.1.5;Economics E4.1.6;P3
ma-g11-social-studies-u09-l07,ma-g11-social-studies,11,social-studies,103,9,The International Economy and Personal Finance,7,Investigation or close reading: comparing economic systems,Investigation or close reading,comparing economic systems,Economics E3.1.1;Economics E3.1.2;Economics E3.1.3;Economics E3.1.4;Economics E3.2.1;Economics E3.2.2;Economics E3.2.3;Economics E3.2.4;Economics E4.1.1;Economics E4.1.2;Economics E4.1.3;Economics E4.1.4;Economics E4.1.5;Economics E4.1.6;P3
ma-g11-social-studies-u09-l08,ma-g11-social-studies,11,social-studies,104,9,The International Economy and Personal Finance,8,"Reteach and varied practice: trade, specialization, and comparative advantage",Reteach and varied practice,"trade, specialization, and comparative advantage",Economics E3.1.1;Economics E3.1.2;Economics E3.1.3;Economics E3.1.4;Economics E3.2.1;Economics E3.2.2;Economics E3.2.3;Economics E3.2.4;Economics E4.1.1;Economics E4.1.2;Economics E4.1.3;Economics E4.1.4;Economics E4.1.5;Economics E4.1.6;P3
ma-g11-social-studies-u09-l09,ma-g11-social-studies,11,social-studies,105,9,The International Economy and Personal Finance,9,"Performance task build: exchange rates, tariffs, and trade barriers",Performance task build,"exchange rates, tariffs, and trade barriers",Economics E3.1.1;Economics E3.1.2;Economics E3.1.3;Economics E3.1.4;Economics E3.2.1;Economics E3.2.2;Economics E3.2.3;Economics E3.2.4;Economics E4.1.1;Economics E4.1.2;Economics E4.1.3;Economics E4.1.4;Economics E4.1.5;Economics E4.1.6;P3
ma-g11-social-studies-u09-l10,ma-g11-social-studies,11,social-studies,106,9,The International Economy and Personal Finance,10,Synthesis and review: global interdependence,Synthesis and review,global interdependence,Economics E3.1.1;Economics E3.1.2;Economics E3.1.3;Economics E3.1.4;Economics E3.2.1;Economics E3.2.2;Economics E3.2.3;Economics E3.2.4;Economics E4.1.1;Economics E4.1.2;Economics E4.1.3;Economics E4.1.4;Economics E4.1.5;Economics E4.1.6;P3
ma-g11-social-studies-u09-l11,ma-g11-social-studies,11,social-studies,107,9,The International Economy and Personal Finance,11,Unit assessment: personal financial decision making,Unit assessment,personal financial decision making,Economics E3.1.1;Economics E3.1.2;Economics E3.1.3;Economics E3.1.4;Economics E3.2.1;Economics E3.2.2;Economics E3.2.3;Economics E3.2.4;Economics E4.1.1;Economics E4.1.2;Economics E4.1.3;Economics E4.1.4;Economics E4.1.5;Economics E4.1.6;P3
ma-g11-social-studies-u09-l12,ma-g11-social-studies,11,social-studies,108,9,The International Economy and Personal Finance,12,"Correction and reflection: credit, saving, investing, and risk",Correction and reflection,"credit, saving, investing, and risk",Economics E3.1.1;Economics E3.1.2;Economics E3.1.3;Economics E3.1.4;Economics E3.2.1;Economics E3.2.2;Economics E3.2.3;Economics E3.2.4;Economics E4.1.1;Economics E4.1.2;Economics E4.1.3;Economics E4.1.4;Economics E4.1.5;Economics E4.1.6;P3
ma-g12-social-studies-u01-l01,ma-g12-social-studies,12,social-studies,1,1,Research Design and the Arc of Inquiry,1,Launch and diagnostic: compelling and supporting questions,Launch and diagnostic,compelling and supporting questions,P1;P2;Civics C6.4.1;Civics C6.4.2
ma-g12-social-studies-u01-l02,ma-g12-social-studies,12,social-studies,2,1,Research Design and the Arc of Inquiry,2,Concept model A: research design and feasibility,Concept model A,research design and feasibility,P1;P2;Civics C6.4.1;Civics C6.4.2
ma-g12-social-studies-u01-l03,ma-g12-social-studies,12,social-studies,3,1,Research Design and the Arc of Inquiry,3,Guided practice A: research ethics and consent,Guided practice A,research ethics and consent,P1;P2;Civics C6.4.1;Civics C6.4.2
ma-g12-social-studies-u01-l04,ma-g12-social-studies,12,social-studies,4,1,Research Design and the Arc of Inquiry,4,Independent application A: literature and source surveys,Independent application A,literature and source surveys,P1;P2;Civics C6.4.1;Civics C6.4.2
ma-g12-social-studies-u01-l05,ma-g12-social-studies,12,social-studies,5,1,Research Design and the Arc of Inquiry,5,Concept model B: documenting a research plan,Concept model B,documenting a research plan,P1;P2;Civics C6.4.1;Civics C6.4.2
ma-g12-social-studies-u01-l06,ma-g12-social-studies,12,social-studies,6,1,Research Design and the Arc of Inquiry,6,Guided practice B: peer critique of research design,Guided practice B,peer critique of research design,P1;P2;Civics C6.4.1;Civics C6.4.2
ma-g12-social-studies-u01-l07,ma-g12-social-studies,12,social-studies,7,1,Research Design and the Arc of Inquiry,7,Investigation or close reading: compelling and supporting questions,Investigation or close reading,compelling and supporting questions,P1;P2;Civics C6.4.1;Civics C6.4.2
ma-g12-social-studies-u01-l08,ma-g12-social-studies,12,social-studies,8,1,Research Design and the Arc of Inquiry,8,Reteach and varied practice: research design and feasibility,Reteach and varied practice,research design and feasibility,P1;P2;Civics C6.4.1;Civics C6.4.2
ma-g12-social-studies-u01-l09,ma-g12-social-studies,12,social-studies,9,1,Research Design and the Arc of Inquiry,9,Performance task build: research ethics and consent,Performance task build,research ethics and consent,P1;P2;Civics C6.4.1;Civics C6.4.2
ma-g12-social-studies-u01-l10,ma-g12-social-studies,12,social-studies,10,1,Research Design and the Arc of Inquiry,10,Synthesis and review: literature and source surveys,Synthesis and review,literature and source surveys,P1;P2;Civics C6.4.1;Civics C6.4.2
ma-g12-social-studies-u01-l11,ma-g12-social-studies,12,social-studies,11,1,Research Design and the Arc of Inquiry,11,Unit assessment: documenting a research plan,Unit assessment,documenting a research plan,P1;P2;Civics C6.4.1;Civics C6.4.2
ma-g12-social-studies-u01-l12,ma-g12-social-studies,12,social-studies,12,1,Research Design and the Arc of Inquiry,12,Correction and reflection: peer critique of research design,Correction and reflection,peer critique of research design,P1;P2;Civics C6.4.1;Civics C6.4.2
ma-g12-social-studies-u02-l01,ma-g12-social-studies,12,social-studies,13,2,Historiography and Contested Interpretation,1,Launch and diagnostic: how interpretations change over time,Launch and diagnostic,how interpretations change over time,P1;P2;WHG F1
ma-g12-social-studies-u02-l02,ma-g12-social-studies,12,social-studies,14,2,Historiography and Contested Interpretation,2,Concept model A: schools of historical interpretation,Concept model A,schools of historical interpretation,P1;P2;WHG F1
ma-g12-social-studies-u02-l03,ma-g12-social-studies,12,social-studies,15,2,Historiography and Contested Interpretation,3,Guided practice A: identifying an author's argument and evidence,Guided practice A,identifying an author's argument and evidence,P1;P2;WHG F1
ma-g12-social-studies-u02-l04,ma-g12-social-studies,12,social-studies,16,2,Historiography and Contested Interpretation,4,Independent application A: comparing competing accounts of one event,Independent application A,comparing competing accounts of one event,P1;P2;WHG F1
ma-g12-social-studies-u02-l05,ma-g12-social-studies,12,social-studies,17,2,Historiography and Contested Interpretation,5,Concept model B: structuring a historiographic essay,Concept model B,structuring a historiographic essay,P1;P2;WHG F1
ma-g12-social-studies-u02-l06,ma-g12-social-studies,12,social-studies,18,2,Historiography and Contested Interpretation,6,Guided practice B: evaluating interpretive claims,Guided practice B,evaluating interpretive claims,P1;P2;WHG F1
ma-g12-social-studies-u02-l07,ma-g12-social-studies,12,social-studies,19,2,Historiography and Contested Interpretation,7,Investigation or close reading: how interpretations change over time,Investigation or close reading,how interpretations change over time,P1;P2;WHG F1
ma-g12-social-studies-u02-l08,ma-g12-social-studies,12,social-studies,20,2,Historiography and Contested Interpretation,8,Reteach and varied practice: schools of historical interpretation,Reteach and varied practice,schools of historical interpretation,P1;P2;WHG F1
ma-g12-social-studies-u02-l09,ma-g12-social-studies,12,social-studies,21,2,Historiography and Contested Interpretation,9,Performance task build: identifying an author's argument and evidence,Performance task build,identifying an author's argument and evidence,P1;P2;WHG F1
ma-g12-social-studies-u02-l10,ma-g12-social-studies,12,social-studies,22,2,Historiography and Contested Interpretation,10,Synthesis and review: comparing competing accounts of one event,Synthesis and review,comparing competing accounts of one event,P1;P2;WHG F1
ma-g12-social-studies-u02-l11,ma-g12-social-studies,12,social-studies,23,2,Historiography and Contested Interpretation,11,Unit assessment: structuring a historiographic essay,Unit assessment,structuring a historiographic essay,P1;P2;WHG F1
ma-g12-social-studies-u02-l12,ma-g12-social-studies,12,social-studies,24,2,Historiography and Contested Interpretation,12,Correction and reflection: evaluating interpretive claims,Correction and reflection,evaluating interpretive claims,P1;P2;WHG F1
ma-g12-social-studies-u03-l01,ma-g12-social-studies,12,social-studies,25,3,Advanced Source Criticism and Evidence Standards,1,Launch and diagnostic: provenance and chain of custody,Launch and diagnostic,provenance and chain of custody,P1;P2;Civics C6.4.3
ma-g12-social-studies-u03-l02,ma-g12-social-studies,12,social-studies,26,3,Advanced Source Criticism and Evidence Standards,2,Concept model A: distinguishing primary and secondary sources at scale,Concept model A,distinguishing primary and secondary sources at scale,P1;P2;Civics C6.4.3
ma-g12-social-studies-u03-l03,ma-g12-social-studies,12,social-studies,27,3,Advanced Source Criticism and Evidence Standards,3,Guided practice A: corroboration and triangulation,Guided practice A,corroboration and triangulation,P1;P2;Civics C6.4.3
ma-g12-social-studies-u03-l04,ma-g12-social-studies,12,social-studies,28,3,Advanced Source Criticism and Evidence Standards,4,"Independent application A: bias, perspective, and reliability",Independent application A,"bias, perspective, and reliability",P1;P2;Civics C6.4.3
ma-g12-social-studies-u03-l05,ma-g12-social-studies,12,social-studies,29,3,Advanced Source Criticism and Evidence Standards,5,Concept model B: verifying digital and synthetic media,Concept model B,verifying digital and synthetic media,P1;P2;Civics C6.4.3
ma-g12-social-studies-u03-l06,ma-g12-social-studies,12,social-studies,30,3,Advanced Source Criticism and Evidence Standards,6,Guided practice B: citation standards and academic integrity,Guided practice B,citation standards and academic integrity,P1;P2;Civics C6.4.3
ma-g12-social-studies-u03-l07,ma-g12-social-studies,12,social-studies,31,3,Advanced Source Criticism and Evidence Standards,7,Investigation or close reading: provenance and chain of custody,Investigation or close reading,provenance and chain of custody,P1;P2;Civics C6.4.3
ma-g12-social-studies-u03-l08,ma-g12-social-studies,12,social-studies,32,3,Advanced Source Criticism and Evidence Standards,8,Reteach and varied practice: distinguishing primary and secondary sources at scale,Reteach and varied practice,distinguishing primary and secondary sources at scale,P1;P2;Civics C6.4.3
ma-g12-social-studies-u03-l09,ma-g12-social-studies,12,social-studies,33,3,Advanced Source Criticism and Evidence Standards,9,Performance task build: corroboration and triangulation,Performance task build,corroboration and triangulation,P1;P2;Civics C6.4.3
ma-g12-social-studies-u03-l10,ma-g12-social-studies,12,social-studies,34,3,Advanced Source Criticism and Evidence Standards,10,"Synthesis and review: bias, perspective, and reliability",Synthesis and review,"bias, perspective, and reliability",P1;P2;Civics C6.4.3
ma-g12-social-studies-u03-l11,ma-g12-social-studies,12,social-studies,35,3,Advanced Source Criticism and Evidence Standards,11,Unit assessment: verifying digital and synthetic media,Unit assessment,verifying digital and synthetic media,P1;P2;Civics C6.4.3
ma-g12-social-studies-u03-l12,ma-g12-social-studies,12,social-studies,36,3,Advanced Source Criticism and Evidence Standards,12,Correction and reflection: citation standards and academic integrity,Correction and reflection,citation standards and academic integrity,P1;P2;Civics C6.4.3
ma-g12-social-studies-u04-l01,ma-g12-social-studies,12,social-studies,37,4,Comparative Government and Constitutional Design,1,Launch and diagnostic: comparing constitutional systems,Launch and diagnostic,comparing constitutional systems,Civics C1.1.3;Civics C1.1.4;Civics C3.1.1;Civics C5.2.1;WHG 6.2.2;P2
ma-g12-social-studies-u04-l02,ma-g12-social-studies,12,social-studies,38,4,Comparative Government and Constitutional Design,2,Concept model A: electoral systems and representation,Concept model A,electoral systems and representation,Civics C1.1.3;Civics C1.1.4;Civics C3.1.1;Civics C5.2.1;WHG 6.2.2;P2
ma-g12-social-studies-u04-l03,ma-g12-social-studies,12,social-studies,39,4,Comparative Government and Constitutional Design,3,"Guided practice A: federal, unitary, and confederal arrangements",Guided practice A,"federal, unitary, and confederal arrangements",Civics C1.1.3;Civics C1.1.4;Civics C3.1.1;Civics C5.2.1;WHG 6.2.2;P2
ma-g12-social-studies-u04-l04,ma-g12-social-studies,12,social-studies,40,4,Comparative Government and Constitutional Design,4,Independent application A: judicial review across systems,Independent application A,judicial review across systems,Civics C1.1.3;Civics C1.1.4;Civics C3.1.1;Civics C5.2.1;WHG 6.2.2;P2
ma-g12-social-studies-u04-l05,ma-g12-social-studies,12,social-studies,41,4,Comparative Government and Constitutional Design,5,Concept model B: measuring governmental performance,Concept model B,measuring governmental performance,Civics C1.1.3;Civics C1.1.4;Civics C3.1.1;Civics C5.2.1;WHG 6.2.2;P2
ma-g12-social-studies-u04-l06,ma-g12-social-studies,12,social-studies,42,4,Comparative Government and Constitutional Design,6,Guided practice B: evaluating institutional tradeoffs,Guided practice B,evaluating institutional tradeoffs,Civics C1.1.3;Civics C1.1.4;Civics C3.1.1;Civics C5.2.1;WHG 6.2.2;P2
ma-g12-social-studies-u04-l07,ma-g12-social-studies,12,social-studies,43,4,Comparative Government and Constitutional Design,7,Investigation or close reading: comparing constitutional systems,Investigation or close reading,comparing constitutional systems,Civics C1.1.3;Civics C1.1.4;Civics C3.1.1;Civics C5.2.1;WHG 6.2.2;P2
ma-g12-social-studies-u04-l08,ma-g12-social-studies,12,social-studies,44,4,Comparative Government and Constitutional Design,8,Reteach and varied practice: electoral systems and representation,Reteach and varied practice,electoral systems and representation,Civics C1.1.3;Civics C1.1.4;Civics C3.1.1;Civics C5.2.1;WHG 6.2.2;P2
ma-g12-social-studies-u04-l09,ma-g12-social-studies,12,social-studies,45,4,Comparative Government and Constitutional Design,9,"Performance task build: federal, unitary, and confederal arrangements",Performance task build,"federal, unitary, and confederal arrangements",Civics C1.1.3;Civics C1.1.4;Civics C3.1.1;Civics C5.2.1;WHG 6.2.2;P2
ma-g12-social-studies-u04-l10,ma-g12-social-studies,12,social-studies,46,4,Comparative Government and Constitutional Design,10,Synthesis and review: judicial review across systems,Synthesis and review,judicial review across systems,Civics C1.1.3;Civics C1.1.4;Civics C3.1.1;Civics C5.2.1;WHG 6.2.2;P2
ma-g12-social-studies-u04-l11,ma-g12-social-studies,12,social-studies,47,4,Comparative Government and Constitutional Design,11,Unit assessment: measuring governmental performance,Unit assessment,measuring governmental performance,Civics C1.1.3;Civics C1.1.4;Civics C3.1.1;Civics C5.2.1;WHG 6.2.2;P2
ma-g12-social-studies-u04-l12,ma-g12-social-studies,12,social-studies,48,4,Comparative Government and Constitutional Design,12,Correction and reflection: evaluating institutional tradeoffs,Correction and reflection,evaluating institutional tradeoffs,Civics C1.1.3;Civics C1.1.4;Civics C3.1.1;Civics C5.2.1;WHG 6.2.2;P2
ma-g12-social-studies-u05-l01,ma-g12-social-studies,12,social-studies,49,5,Geospatial and Quantitative Analysis for Social Science,1,Launch and diagnostic: reading and building thematic maps,Launch and diagnostic,reading and building thematic maps,P2;WHG CG1;WHG CG2;Economics E2.1.2
ma-g12-social-studies-u05-l02,ma-g12-social-studies,12,social-studies,50,5,Geospatial and Quantitative Analysis for Social Science,2,Concept model A: spatial patterns and scale effects,Concept model A,spatial patterns and scale effects,P2;WHG CG1;WHG CG2;Economics E2.1.2
ma-g12-social-studies-u05-l03,ma-g12-social-studies,12,social-studies,51,5,Geospatial and Quantitative Analysis for Social Science,3,Guided practice A: descriptive statistics for social data,Guided practice A,descriptive statistics for social data,P2;WHG CG1;WHG CG2;Economics E2.1.2
ma-g12-social-studies-u05-l04,ma-g12-social-studies,12,social-studies,52,5,Geospatial and Quantitative Analysis for Social Science,4,"Independent application A: correlation, causation, and confounding",Independent application A,"correlation, causation, and confounding",P2;WHG CG1;WHG CG2;Economics E2.1.2
ma-g12-social-studies-u05-l05,ma-g12-social-studies,12,social-studies,53,5,Geospatial and Quantitative Analysis for Social Science,5,Concept model B: data visualization and honest representation,Concept model B,data visualization and honest representation,P2;WHG CG1;WHG CG2;Economics E2.1.2
ma-g12-social-studies-u05-l06,ma-g12-social-studies,12,social-studies,54,5,Geospatial and Quantitative Analysis for Social Science,6,Guided practice B: limitations and uncertainty in data,Guided practice B,limitations and uncertainty in data,P2;WHG CG1;WHG CG2;Economics E2.1.2
ma-g12-social-studies-u05-l07,ma-g12-social-studies,12,social-studies,55,5,Geospatial and Quantitative Analysis for Social Science,7,Investigation or close reading: reading and building thematic maps,Investigation or close reading,reading and building thematic maps,P2;WHG CG1;WHG CG2;Economics E2.1.2
ma-g12-social-studies-u05-l08,ma-g12-social-studies,12,social-studies,56,5,Geospatial and Quantitative Analysis for Social Science,8,Reteach and varied practice: spatial patterns and scale effects,Reteach and varied practice,spatial patterns and scale effects,P2;WHG CG1;WHG CG2;Economics E2.1.2
ma-g12-social-studies-u05-l09,ma-g12-social-studies,12,social-studies,57,5,Geospatial and Quantitative Analysis for Social Science,9,Performance task build: descriptive statistics for social data,Performance task build,descriptive statistics for social data,P2;WHG CG1;WHG CG2;Economics E2.1.2
ma-g12-social-studies-u05-l10,ma-g12-social-studies,12,social-studies,58,5,Geospatial and Quantitative Analysis for Social Science,10,"Synthesis and review: correlation, causation, and confounding",Synthesis and review,"correlation, causation, and confounding",P2;WHG CG1;WHG CG2;Economics E2.1.2
ma-g12-social-studies-u05-l11,ma-g12-social-studies,12,social-studies,59,5,Geospatial and Quantitative Analysis for Social Science,11,Unit assessment: data visualization and honest representation,Unit assessment,data visualization and honest representation,P2;WHG CG1;WHG CG2;Economics E2.1.2
ma-g12-social-studies-u05-l12,ma-g12-social-studies,12,social-studies,60,5,Geospatial and Quantitative Analysis for Social Science,12,Correction and reflection: limitations and uncertainty in data,Correction and reflection,limitations and uncertainty in data,P2;WHG CG1;WHG CG2;Economics E2.1.2
ma-g12-social-studies-u06-l01,ma-g12-social-studies,12,social-studies,61,6,Applied Economics and Policy Analysis,1,Launch and diagnostic: defining a policy problem,Launch and diagnostic,defining a policy problem,Economics E1.4.5;Economics E2.2.1;USHG 9.3.1;P3
ma-g12-social-studies-u06-l02,ma-g12-social-studies,12,social-studies,62,6,Applied Economics and Policy Analysis,2,Concept model A: cost-benefit and tradeoff analysis,Concept model A,cost-benefit and tradeoff analysis,Economics E1.4.5;Economics E2.2.1;USHG 9.3.1;P3
ma-g12-social-studies-u06-l03,ma-g12-social-studies,12,social-studies,63,6,Applied Economics and Policy Analysis,3,Guided practice A: incidence and distributional effects,Guided practice A,incidence and distributional effects,Economics E1.4.5;Economics E2.2.1;USHG 9.3.1;P3
ma-g12-social-studies-u06-l04,ma-g12-social-studies,12,social-studies,64,6,Applied Economics and Policy Analysis,4,Independent application A: unintended consequences,Independent application A,unintended consequences,Economics E1.4.5;Economics E2.2.1;USHG 9.3.1;P3
ma-g12-social-studies-u06-l05,ma-g12-social-studies,12,social-studies,65,6,Applied Economics and Policy Analysis,5,Concept model B: comparing policy alternatives,Concept model B,comparing policy alternatives,Economics E1.4.5;Economics E2.2.1;USHG 9.3.1;P3
ma-g12-social-studies-u06-l06,ma-g12-social-studies,12,social-studies,66,6,Applied Economics and Policy Analysis,6,Guided practice B: writing a policy memo,Guided practice B,writing a policy memo,Economics E1.4.5;Economics E2.2.1;USHG 9.3.1;P3
ma-g12-social-studies-u06-l07,ma-g12-social-studies,12,social-studies,67,6,Applied Economics and Policy Analysis,7,Investigation or close reading: defining a policy problem,Investigation or close reading,defining a policy problem,Economics E1.4.5;Economics E2.2.1;USHG 9.3.1;P3
ma-g12-social-studies-u06-l08,ma-g12-social-studies,12,social-studies,68,6,Applied Economics and Policy Analysis,8,Reteach and varied practice: cost-benefit and tradeoff analysis,Reteach and varied practice,cost-benefit and tradeoff analysis,Economics E1.4.5;Economics E2.2.1;USHG 9.3.1;P3
ma-g12-social-studies-u06-l09,ma-g12-social-studies,12,social-studies,69,6,Applied Economics and Policy Analysis,9,Performance task build: incidence and distributional effects,Performance task build,incidence and distributional effects,Economics E1.4.5;Economics E2.2.1;USHG 9.3.1;P3
ma-g12-social-studies-u06-l10,ma-g12-social-studies,12,social-studies,70,6,Applied Economics and Policy Analysis,10,Synthesis and review: unintended consequences,Synthesis and review,unintended consequences,Economics E1.4.5;Economics E2.2.1;USHG 9.3.1;P3
ma-g12-social-studies-u06-l11,ma-g12-social-studies,12,social-studies,71,6,Applied Economics and Policy Analysis,11,Unit assessment: comparing policy alternatives,Unit assessment,comparing policy alternatives,Economics E1.4.5;Economics E2.2.1;USHG 9.3.1;P3
ma-g12-social-studies-u06-l12,ma-g12-social-studies,12,social-studies,72,6,Applied Economics and Policy Analysis,12,Correction and reflection: writing a policy memo,Correction and reflection,writing a policy memo,Economics E1.4.5;Economics E2.2.1;USHG 9.3.1;P3
ma-g12-social-studies-u07-l01,ma-g12-social-studies,12,social-studies,73,7,Scoping the Capstone Issue: Contemporary Global and National Investigation,1,Launch and diagnostic: identifying a researchable contemporary issue,Launch and diagnostic,identifying a researchable contemporary issue,WHG CG3;WHG CG4;USHG 9.1.1;USHG 9.2.1;P2
ma-g12-social-studies-u07-l02,ma-g12-social-studies,12,social-studies,74,7,Scoping the Capstone Issue: Contemporary Global and National Investigation,2,Concept model A: historical roots of a current issue,Concept model A,historical roots of a current issue,WHG CG3;WHG CG4;USHG 9.1.1;USHG 9.2.1;P2
ma-g12-social-studies-u07-l03,ma-g12-social-studies,12,social-studies,75,7,Scoping the Capstone Issue: Contemporary Global and National Investigation,3,Guided practice A: multiple national and global perspectives,Guided practice A,multiple national and global perspectives,WHG CG3;WHG CG4;USHG 9.1.1;USHG 9.2.1;P2
ma-g12-social-studies-u07-l04,ma-g12-social-studies,12,social-studies,76,7,Scoping the Capstone Issue: Contemporary Global and National Investigation,4,Independent application A: competing values within an issue,Independent application A,competing values within an issue,WHG CG3;WHG CG4;USHG 9.1.1;USHG 9.2.1;P2
ma-g12-social-studies-u07-l05,ma-g12-social-studies,12,social-studies,77,7,Scoping the Capstone Issue: Contemporary Global and National Investigation,5,Concept model B: evidence gaps and open questions,Concept model B,evidence gaps and open questions,WHG CG3;WHG CG4;USHG 9.1.1;USHG 9.2.1;P2
ma-g12-social-studies-u07-l06,ma-g12-social-studies,12,social-studies,78,7,Scoping the Capstone Issue: Contemporary Global and National Investigation,6,Guided practice B: scoping a defensible investigation,Guided practice B,scoping a defensible investigation,WHG CG3;WHG CG4;USHG 9.1.1;USHG 9.2.1;P2
ma-g12-social-studies-u07-l07,ma-g12-social-studies,12,social-studies,79,7,Scoping the Capstone Issue: Contemporary Global and National Investigation,7,Investigation or close reading: identifying a researchable contemporary issue,Investigation or close reading,identifying a researchable contemporary issue,WHG CG3;WHG CG4;USHG 9.1.1;USHG 9.2.1;P2
ma-g12-social-studies-u07-l08,ma-g12-social-studies,12,social-studies,80,7,Scoping the Capstone Issue: Contemporary Global and National Investigation,8,Reteach and varied practice: historical roots of a current issue,Reteach and varied practice,historical roots of a current issue,WHG CG3;WHG CG4;USHG 9.1.1;USHG 9.2.1;P2
ma-g12-social-studies-u07-l09,ma-g12-social-studies,12,social-studies,81,7,Scoping the Capstone Issue: Contemporary Global and National Investigation,9,Performance task build: multiple national and global perspectives,Performance task build,multiple national and global perspectives,WHG CG3;WHG CG4;USHG 9.1.1;USHG 9.2.1;P2
ma-g12-social-studies-u07-l10,ma-g12-social-studies,12,social-studies,82,7,Scoping the Capstone Issue: Contemporary Global and National Investigation,10,Synthesis and review: competing values within an issue,Synthesis and review,competing values within an issue,WHG CG3;WHG CG4;USHG 9.1.1;USHG 9.2.1;P2
ma-g12-social-studies-u07-l11,ma-g12-social-studies,12,social-studies,83,7,Scoping the Capstone Issue: Contemporary Global and National Investigation,11,Unit assessment: evidence gaps and open questions,Unit assessment,evidence gaps and open questions,WHG CG3;WHG CG4;USHG 9.1.1;USHG 9.2.1;P2
ma-g12-social-studies-u07-l12,ma-g12-social-studies,12,social-studies,84,7,Scoping the Capstone Issue: Contemporary Global and National Investigation,12,Correction and reflection: scoping a defensible investigation,Correction and reflection,scoping a defensible investigation,WHG CG3;WHG CG4;USHG 9.1.1;USHG 9.2.1;P2
ma-g12-social-studies-u08-l01,ma-g12-social-studies,12,social-studies,85,8,"Public Discourse, Deliberation, and Argument from Evidence",1,Launch and diagnostic: structured academic controversy,Launch and diagnostic,structured academic controversy,P3;Civics C6.2.1;Civics C6.3.1;Civics C6.3.2
ma-g12-social-studies-u08-l02,ma-g12-social-studies,12,social-studies,86,8,"Public Discourse, Deliberation, and Argument from Evidence",2,Concept model A: representing opposing positions at their strongest,Concept model A,representing opposing positions at their strongest,P3;Civics C6.2.1;Civics C6.3.1;Civics C6.3.2
ma-g12-social-studies-u08-l03,ma-g12-social-studies,12,social-studies,87,8,"Public Discourse, Deliberation, and Argument from Evidence",3,Guided practice A: rules of evidence in public debate,Guided practice A,rules of evidence in public debate,P3;Civics C6.2.1;Civics C6.3.1;Civics C6.3.2
ma-g12-social-studies-u08-l04,ma-g12-social-studies,12,social-studies,88,8,"Public Discourse, Deliberation, and Argument from Evidence",4,"Independent application A: civility, dissent, and disagreement",Independent application A,"civility, dissent, and disagreement",P3;Civics C6.2.1;Civics C6.3.1;Civics C6.3.2
ma-g12-social-studies-u08-l05,ma-g12-social-studies,12,social-studies,89,8,"Public Discourse, Deliberation, and Argument from Evidence",5,Concept model B: responding to counterargument,Concept model B,responding to counterargument,P3;Civics C6.2.1;Civics C6.3.1;Civics C6.3.2
ma-g12-social-studies-u08-l06,ma-g12-social-studies,12,social-studies,90,8,"Public Discourse, Deliberation, and Argument from Evidence",6,Guided practice B: revising a position under new evidence,Guided practice B,revising a position under new evidence,P3;Civics C6.2.1;Civics C6.3.1;Civics C6.3.2
ma-g12-social-studies-u08-l07,ma-g12-social-studies,12,social-studies,91,8,"Public Discourse, Deliberation, and Argument from Evidence",7,Investigation or close reading: structured academic controversy,Investigation or close reading,structured academic controversy,P3;Civics C6.2.1;Civics C6.3.1;Civics C6.3.2
ma-g12-social-studies-u08-l08,ma-g12-social-studies,12,social-studies,92,8,"Public Discourse, Deliberation, and Argument from Evidence",8,Reteach and varied practice: representing opposing positions at their strongest,Reteach and varied practice,representing opposing positions at their strongest,P3;Civics C6.2.1;Civics C6.3.1;Civics C6.3.2
ma-g12-social-studies-u08-l09,ma-g12-social-studies,12,social-studies,93,8,"Public Discourse, Deliberation, and Argument from Evidence",9,Performance task build: rules of evidence in public debate,Performance task build,rules of evidence in public debate,P3;Civics C6.2.1;Civics C6.3.1;Civics C6.3.2
ma-g12-social-studies-u08-l10,ma-g12-social-studies,12,social-studies,94,8,"Public Discourse, Deliberation, and Argument from Evidence",10,"Synthesis and review: civility, dissent, and disagreement",Synthesis and review,"civility, dissent, and disagreement",P3;Civics C6.2.1;Civics C6.3.1;Civics C6.3.2
ma-g12-social-studies-u08-l11,ma-g12-social-studies,12,social-studies,95,8,"Public Discourse, Deliberation, and Argument from Evidence",11,Unit assessment: responding to counterargument,Unit assessment,responding to counterargument,P3;Civics C6.2.1;Civics C6.3.1;Civics C6.3.2
ma-g12-social-studies-u08-l12,ma-g12-social-studies,12,social-studies,96,8,"Public Discourse, Deliberation, and Argument from Evidence",12,Correction and reflection: revising a position under new evidence,Correction and reflection,revising a position under new evidence,P3;Civics C6.2.1;Civics C6.3.1;Civics C6.3.2
ma-g12-social-studies-u09-l01,ma-g12-social-studies,12,social-studies,97,9,"Capstone: Independent Research, Civic Action, and Public Defense",1,Launch and diagnostic: assembling the research argument,Launch and diagnostic,assembling the research argument,P1;P2;P3;P4;Civics C6.4.1;Civics C6.4.2;Civics C6.4.3;Civics C6.4.4
ma-g12-social-studies-u09-l02,ma-g12-social-studies,12,social-studies,98,9,"Capstone: Independent Research, Civic Action, and Public Defense",2,Concept model A: evidence audit and revision,Concept model A,evidence audit and revision,P1;P2;P3;P4;Civics C6.4.1;Civics C6.4.2;Civics C6.4.3;Civics C6.4.4
ma-g12-social-studies-u09-l03,ma-g12-social-studies,12,social-studies,99,9,"Capstone: Independent Research, Civic Action, and Public Defense",3,Guided practice A: lawful and feasible civic action,Guided practice A,lawful and feasible civic action,P1;P2;P3;P4;Civics C6.4.1;Civics C6.4.2;Civics C6.4.3;Civics C6.4.4
ma-g12-social-studies-u09-l04,ma-g12-social-studies,12,social-studies,100,9,"Capstone: Independent Research, Civic Action, and Public Defense",4,Independent application A: documenting action and outcomes,Independent application A,documenting action and outcomes,P1;P2;P3;P4;Civics C6.4.1;Civics C6.4.2;Civics C6.4.3;Civics C6.4.4
ma-g12-social-studies-u09-l05,ma-g12-social-studies,12,social-studies,101,9,"Capstone: Independent Research, Civic Action, and Public Defense",5,Concept model B: preparing the public defense,Concept model B,preparing the public defense,P1;P2;P3;P4;Civics C6.4.1;Civics C6.4.2;Civics C6.4.3;Civics C6.4.4
ma-g12-social-studies-u09-l06,ma-g12-social-studies,12,social-studies,102,9,"Capstone: Independent Research, Civic Action, and Public Defense",6,Guided practice B: reflection and transfer beyond the course,Guided practice B,reflection and transfer beyond the course,P1;P2;P3;P4;Civics C6.4.1;Civics C6.4.2;Civics C6.4.3;Civics C6.4.4
ma-g12-social-studies-u09-l07,ma-g12-social-studies,12,social-studies,103,9,"Capstone: Independent Research, Civic Action, and Public Defense",7,Investigation or close reading: assembling the research argument,Investigation or close reading,assembling the research argument,P1;P2;P3;P4;Civics C6.4.1;Civics C6.4.2;Civics C6.4.3;Civics C6.4.4
ma-g12-social-studies-u09-l08,ma-g12-social-studies,12,social-studies,104,9,"Capstone: Independent Research, Civic Action, and Public Defense",8,Reteach and varied practice: evidence audit and revision,Reteach and varied practice,evidence audit and revision,P1;P2;P3;P4;Civics C6.4.1;Civics C6.4.2;Civics C6.4.3;Civics C6.4.4
ma-g12-social-studies-u09-l09,ma-g12-social-studies,12,social-studies,105,9,"Capstone: Independent Research, Civic Action, and Public Defense",9,Performance task build: lawful and feasible civic action,Performance task build,lawful and feasible civic action,P1;P2;P3;P4;Civics C6.4.1;Civics C6.4.2;Civics C6.4.3;Civics C6.4.4
ma-g12-social-studies-u09-l10,ma-g12-social-studies,12,social-studies,106,9,"Capstone: Independent Research, Civic Action, and Public Defense",10,Synthesis and review: documenting action and outcomes,Synthesis and review,documenting action and outcomes,P1;P2;P3;P4;Civics C6.4.1;Civics C6.4.2;Civics C6.4.3;Civics C6.4.4
ma-g12-social-studies-u09-l11,ma-g12-social-studies,12,social-studies,107,9,"Capstone: Independent Research, Civic Action, and Public Defense",11,Unit assessment: preparing the public defense,Unit assessment,preparing the public defense,P1;P2;P3;P4;Civics C6.4.1;Civics C6.4.2;Civics C6.4.3;Civics C6.4.4
ma-g12-social-studies-u09-l12,ma-g12-social-studies,12,social-studies,108,9,"Capstone: Independent Research, Civic Action, and Public Defense",12,Correction and reflection: reflection and transfer beyond the course,Correction and reflection,reflection and transfer beyond the course,P1;P2;P3;P4;Civics C6.4.1;Civics C6.4.2;Civics C6.4.3;Civics C6.4.4
